date,game,is_show,ac_ids,count,titles
,Run！！,False,3395507,1,女流-Run！！
,几何冲冲冲刺！,False,3521607,1,女流-几何冲冲冲刺！
,在京都-day1,False,3295639,1,女流-在京都-day1
,王者守墓人,False,3289865,1,女流-王者守墓人
,瘟疫传说,False,10245512,1,女流-2019.522-瘟疫传说
,转眼已6年,False,22620101,1,女流-2021.21-转眼已6年
2016-04-29,黑暗之魂3第一天,False,2731728,1,4-29黑暗之魂3第一天-高清
2016-04-30,黑暗之魂3第二天,False,2726616,1,4-30黑暗之魂3第二天-高清
2016-05-02,黑暗之魂3第三天,False,2726626,1,5-2黑暗之魂3第三天-高清
2016-05-03,黑暗之魂3第四天,False,2726624,1,5-3黑暗之魂3第四天-高清
2016-05-04,黑暗之魂3第五天,False,2731730,1,5-4黑暗之魂3第五天-高清
2016-05-05,黑暗之魂3第六天,False,2731736,1,5-5黑暗之魂3第六天-高清
2016-05-06,黑暗之魂3第七天,False,2731789,1,5-6黑暗之魂3第七天-高清
2016-05-08,8日,False,2734298,1,66的每周日心灵砒霜-5月8日
2016-05-08,黑暗之魂3第八天,False,2729380,1,5-8黑暗之魂3第八天-高清
2016-05-09,黑暗之魂3第九天-完结,False,2731879,2729717,2,5-9黑暗之魂3第九天-完结-高清 | 5-9黑暗之魂3第九天-完结-高清
2016-05-10,DQ建造者,False,2734541,1,女流-5.10-DQ建造者-day1
2016-05-11,DQ建造者,False,2735016,1,女流-5.11-DQ建造者-day2
2016-05-16,DQ建造者,False,2747170,1,女流-5.16-DQ建造者-day3
2016-05-17,DQ建造者,False,2749217,1,女流-5.17-DQ建造者-day4
2016-05-19,DQ建造者,False,2754485,1,女流-5.19-DQ建造者-day5
2016-05-20,DQ建造者,False,2757146,1,女流-5.20-DQ建造者-day6
2016-05-22,22日,False,2762062,1,66的每周日心灵砒霜-5月22日
2016-05-23,DQ建造者,False,2764008,1,女流-5.23-DQ建造者-day7
2016-05-24,DQ建造者,False,2768116,1,女流-5.24-DQ建造者-day8
2016-05-25,宝宝生病了,False,2768648,1,女流-5.25-宝宝生病了
2016-05-26,DQ建造者,False,2771725,1,女流-5.26-DQ建造者-day9
2016-05-27,DQ建造者,False,2774058,1,女流-5.27-DQ建造者-day10-完结
2016-05-31,逆袭,False,2783777,1,女流-5.31-逆袭-dayX
2016-06-01,9小时9个人9之门,False,2785333,1,女流-6.1-9小时9个人9之门-day1
2016-06-01,逆袭,False,2785322,1,女流-6.1-逆袭-dayX+1
2016-06-02,Little Inferno,False,2788082,1,女流-6.2-Little Inferno
2016-06-02,Once Upon A Time,False,2787997,1,女流-6.2-Once Upon A Time
2016-06-02,怒海求生,False,2787920,1,女流-6.2-怒海求生
2016-06-03,小小地狱之火(Little Inferno),False,2791321,1,女流-6.3-小小地狱之火(Little Inferno)-Day2
2016-06-04,几何冲刺,False,2792700,1,女流-6.4-几何冲刺
2016-06-04,盐与避难所,False,2793187,1,女流-6.4-盐与避难所-Day1
2016-06-05,5日,False,2795451,1,66的每周日心灵砒霜-6月5日
2016-08-07,心灵砒霜,True,3004568,1,女流-8.7-心灵砒霜
2016-08-08,DOTA2,False,3006501,1,女流-8.8-DOTA2
2016-08-09,无人深空,False,3009606,1,女流-8.9-无人深空
2016-08-10,逆转裁判6,False,3012359,1,女流-8.10-逆转裁判6-day1
2016-08-12,逆转裁判6,False,3017376,1,女流-8.12-逆转裁判6-day2
2016-08-16,逆转裁判6,False,3027438,1,女流-8.16-逆转裁判6-day3
2016-08-17,守望先锋,False,3029731,1,女流-8.17-P4P5守望先锋
2016-08-17,星界边境(starbound),False,3029701,1,女流-8.17-P2P3-星界边境(starbound)
2016-08-17,难死塔(Tricky Towers),False,3029684,1,女流-8.17-P1-难死塔(Tricky Towers)
2016-08-19,石油骚动(turmoil),False,3035804,1,女流-8.19-石油骚动(turmoil)
2016-08-22,心灵砒霜,True,3042155,1,女流-8.22-P1P2P3心灵砒霜
2016-08-22,魂斗罗,False,3042164,1,女流-8.22-P4P5魂斗罗
2016-08-23,魂斗罗,False,3045395,1,女流-8.23-魂斗罗-雪人兄弟
2016-08-24,百战天虫,False,3050901,1,女流-8.24-百战天虫
2016-08-25,百战天虫,False,3050922,1,女流-8.25-百战天虫
2016-08-26,逆转裁判6,False,3053918,1,女流-8.26-逆转裁判6-day4
2016-08-28,心灵砒霜,True,3057784,1,女流-8.28-心灵砒霜
2016-08-29,逆转裁判6,False,3060766,1,女流-8.29-逆转裁判6-day5
2016-08-30,逆转裁判6,False,3063305,1,女流-8.30-逆转裁判6-day6
2016-09-07,请个假,False,3086697,1,女流-9.7-请个假
2016-09-11,心灵砒霜,True,3097354,1,女流-9.11-心灵砒霜
2016-09-12,逆袭dayX+4,False,3100227,1,女流-9.12-P1逆袭dayX+4
2016-09-12,逆转裁判6,False,3100224,1,女流-9.12-P2P3逆转裁判6-day7
2016-09-13,逆转裁判6,False,3102878,1,女流-9.13-逆转裁判6-day8
2016-09-14,逆转裁判6,False,3105090,1,女流-9.14-逆转裁判6-day9
2016-09-15,MC建筑大赛,False,3107263,1,女流-9.15-MC建筑大赛
2016-09-16,加油向未来,False,3109297,1,女流-9.16-加油向未来
2016-09-16,逆转裁判6,False,3110151,1,女流-9.16-逆转裁判6-day10
2016-09-18,心灵砒霜,True,3115391,1,女流-9.18-心灵砒霜
2016-09-19,百战天虫,False,3118204,1,女流-9.19-百战天虫
2016-09-21,逆转裁判6,False,3123322,1,女流-9.21-逆转裁判6-day11
2016-09-22,逆转裁判6,False,3126317,1,女流-9.22-逆转裁判6-day12-完结
2016-09-24,马不停蹄来拍照,False,3130573,1,女流-9.24-马不停蹄来拍照
2016-09-25,心灵砒霜,True,3132575,1,女流-9.25-心灵砒霜
2016-09-26,trueorfalse,False,3135402,1,女流-9.26-trueorfalse
2016-09-27,突然有事请假一天,False,3137428,1,女流-9.27-突然有事请假一天
2016-09-28,广州户外,False,3141395,3141285,2,女流-9.28-广州户外-再补一段 | 女流-9.28-广州户外
2016-10-03,生日特辑,False,3154320,1,女流-10.3-生日特辑
2016-10-04,煮糊了(overcooked),False,3154403,1,女流-10.4-煮糊了(overcooked)
2016-10-05,煮糊了(overcooked),False,3157494,1,女流-10.5-煮糊了(overcooked)
2016-10-06,煮糊了(overcooked),False,3158187,1,女流-10.6-煮糊了(overcooked)
2016-10-07,战斗方块剧场,False,3160298,1,女流-10.7-战斗方块剧场
2016-10-09,心灵砒霜,True,3164916,1,女流-10.9-心灵砒霜
2016-10-13,PlayStation VR中国新品发布会,False,3175879,1,女流-10.13-PlayStation VR中国新品发布会
2016-10-14,仙剑奇侠传3D回合,False,3178955,1,女流-10.14-仙剑奇侠传3D回合
2016-10-16,心灵砒霜,True,3183453,1,女流-10.16-心灵砒霜
2016-10-20,做头发,False,3193762,1,女流-10.20-做头发
2016-10-20,聊天,True,3193768,1,女流-10.20-聊天
2016-10-21,生锈小湖,False,3196655,1,女流-10.21-生锈小湖
2016-10-23,心灵砒霜,True,3200852,1,女流-10.23-心灵砒霜
2016-10-24,后宫三千人P0P1,False,3204283,1,女流-10.24-后宫三千人P0P1
2016-10-24,后宫三千人P2P3,False,3203589,1,女流-10.24-后宫三千人P2P3
2016-10-25,微博峰会,False,3205854,1,女流-10.25-微博峰会
2016-10-26,VR体验拍摄,False,3209456,1,女流-10.26-VR体验拍摄
2016-10-27,后宫三千人P1P3P4,False,3210928,1,女流-10.27-后宫三千人P1P3P4
2016-10-27,后宫三千人P2,False,3211585,1,女流-10.27-后宫三千人P2
2016-10-28,后宫三千人,False,3214138,1,女流-10.28-后宫三千人-day3-完结-皇后篇伪结局
2016-10-30,心灵砒霜,True,3219712,3218018,2,女流-10.30-心灵砒霜-弹幕版 | 女流-10.30-心灵砒霜
2016-11-06,心灵砒霜,True,3237639,3235414,2,女流-11.6-心灵砒霜-弹幕版 | 女流-11.6-心灵砒霜
2016-11-07,女流教你如何练习劈叉神功！,False,3237732,1,女流-11.7-女流教你如何练习劈叉神功！
2016-11-08,我的电台inside my radio,False,3240551,1,女流-11.8-我的电台inside my radio
2016-11-09,松鼠大作战,False,3242894,1,女流-11.9-松鼠大作战
2016-11-11,战斗方块剧场,False,3248717,1,女流-11.11-战斗方块剧场
2016-11-12,女流歌友会谁是真正电音之王！,False,3250678,1,女流-11.12-女流歌友会谁是真正电音之王！
2016-11-13,学霸是如何炼成的,False,3254280,3252326,2,女流-11.13-学霸是如何炼成的 | 女流-11.13-学霸是如何炼成的
2016-11-14,Things change，roll with it,False,3254432,1,女流-11.14-Things change，roll with it
2016-11-15,百战天虫,False,3257419,1,女流-11.15-百战天虫
2016-11-16,大厦管理者,False,3259813,1,女流-11.16-大厦管理者
2016-11-17,节奏天国,False,3262194,1,女流-11.17-节奏天国
2016-11-18,这是警察,False,3265237,1,女流-11.18-这是警察
2016-11-19,极限竞速：地平线 3,False,3267468,1,女流-11.19-极限竞速：地平线 3
2016-11-20,心灵砒霜,True,3269864,3269665,2,女流-11.20-心灵砒霜-弹幕版 | 女流-11.20-心灵砒霜
2016-11-21,黑魂3DLC,False,3272324,1,女流-11.21-黑魂3DLC-day1
2016-11-22,黑魂3DLC,False,3274811,1,女流-11.22-黑魂3DLC-day2
2016-11-23,黑暗之魂3DLC,False,3277637,1,女流-11.23-黑暗之魂3DLC-day3
2016-11-24,黑暗之魂3DLC,False,3280444,1,女流-11.24-黑暗之魂3DLC-day4
2016-11-25,黑暗之魂3DLC,False,3283032,1,女流-11.25-黑暗之魂3DLC-day5
2016-11-26,健身,True,3285025,1,女流-11.26-健身
2016-11-26,战斗方块剧场,False,3287740,3284988,2,女流-11.26-战斗方块剧场 | 女流-11.26-战斗方块剧场
2016-11-27,心灵砒霜,True,3289507,3287282,2,女流-11.27-心灵砒霜-弹幕版 | 女流-11.27-心灵砒霜
2016-11-29,在京都,False,3297657,1,女流-11.29-在京都-day2-part2
2016-12-03,王府井,False,3302357,1,女流-12.3-王府井
2016-12-04,心灵砒霜,True,3305136,3304385,2,女流-12.4-心灵砒霜-弹幕版 | 女流-12.4-心灵砒霜
2016-12-05,最终幻想15,False,3307418,1,女流-12.5-最终幻想15
2016-12-07,吃火锅？！,False,3312290,1,女流-12.7-吃火锅？！
2016-12-07,最后的守护者,False,3312391,1,女流-12.7-最后的守护者
2016-12-08,最后的守护者,False,3315291,1,女流-12.8-最后的守护者
2016-12-09,最后的守护者,False,3317908,1,女流-12.9-最后的守护者-完结
2016-12-10,健身,True,3320202,1,女流-12.10-健身
2016-12-10,煮糊了(overcooked),False,3320199,1,女流-12.10-煮糊了(overcooked)
2016-12-11,心灵砒霜,True,3324519,3322063,2,女流-12.11-心灵砒霜-弹幕版 | 女流-12.11-心灵砒霜
2016-12-12,手机直播,False,3324711,1,女流-12.12-手机直播
2016-12-12,零号事件(event[0]),False,3324703,1,女流-12.12-零号事件(event[0])
2016-12-14,出门溜达溜达憋坏啦,False,3329447,1,女流-12.14-出门溜达溜达憋坏啦
2016-12-16,微软活动,False,3334394,1,女流-12.16-微软活动
2016-12-17,健身,True,3337282,1,女流-12.17-健身
2016-12-17,战斗方块剧场,False,3337283,1,女流-12.17-战斗方块剧场
2016-12-19,心灵砒霜,True,3343783,3341691,2,女流-12.19-心灵砒霜-弹幕版 | 女流-12.19-心灵砒霜
2016-12-21,魔兽RPG,False,3347021,1,女流-12.21-魔兽RPG
2016-12-23,猫头鹰男孩(Owlboy),False,3352127,1,女流-12.23-猫头鹰男孩(Owlboy)
2016-12-24,MC建筑大赛,False,3354442,1,女流-12.24-MC建筑大赛
2016-12-25,Xbox One S国行拆箱,True,3356095,1,女流-12.25-Xbox One S国行拆箱
2016-12-25,心灵砒霜,True,3358586,3356465,2,女流-12.25-心灵砒霜-弹幕版 | 女流-12.25-心灵砒霜
2016-12-27,猫头鹰男孩(Owlboy),False,3361334,1,女流-12.27-猫头鹰男孩(Owlboy)
2016-12-28,健身,True,3364670,1,女流-12.28-健身
2016-12-28,猫头鹰男孩(Owlboy),False,3364645,1,女流-12.28-猫头鹰男孩(Owlboy)
2016-12-30,猫头鹰男孩(Owlboy),False,3369385,1,女流-12.30-猫头鹰男孩(Owlboy)-完结
2016-12-31,聊天,True,3371728,1,女流-12.31-聊天
2017-01-01,英雄联盟之我家又爆炸啦！~,False,3373572,1,女流-1.1-英雄联盟之我家又爆炸啦！~
2017-01-02,心灵砒霜,True,3378069,3375352,2,女流-1.2-心灵砒霜-弹幕版 | 女流-1.2-心灵砒霜
2017-01-03,盛世天下·媚娘篇,False,3378212,1,女流-1.3-盛世天下·媚娘篇
2017-01-04,盛世天下·媚娘篇,False,3380641,1,女流-1.4-盛世天下·媚娘篇
2017-01-07,英雄联盟,False,3388459,1,女流-1.7-英雄联盟
2017-01-10,炒饭聊天,True,3395388,1,女流-1.10-炒饭聊天
2017-01-10,黑暗之魂3,False,3395343,1,女流-1.10-黑暗之魂3-为2周目做准备
2017-01-11,快快好起来啊！,False,3398386,1,女流-1.11-快快好起来啊！
2017-01-12,英雄联盟,False,3400771,1,女流-1.12-英雄联盟
2017-01-12,黑暗之魂3,False,3400881,1,女流-1.12-黑暗之魂3-2周目-day1
2017-01-13,A站年会,False,3403380,1,女流-1.13-A站年会
2017-01-13,年会,False,3405022,3404474,2,女流-1.13-年会-part1 | 女流-1.13-年会-part2
2017-01-15,心灵砒霜,True,3410716,3407191,2,女流-1.15-心灵砒霜-弹幕版 | 女流-1.15-心灵砒霜
2017-01-16,Move or Die,False,3409502,1,女流-1.16-Move or Die
2017-01-17,战斗方块剧场,False,3412287,1,女流-1.17-战斗方块剧场
2017-01-18,几何冲刺,False,3415692,1,女流-1.18-几何冲刺
2017-01-18,王权,False,3415701,1,女流-1.18-王权
2017-01-20,两周年彩排？！,False,3422132,3420412,2,女流-1.20-两周年彩排？！-弹幕版 | 女流-1.20-两周年彩排？！
2017-01-21,直播2周年,False,3422739,3422592,2,女流-1.21-直播2周年-英雄联盟-part2 | 女流-1.21-直播2周年-英雄联盟-part1
2017-01-22,心灵砒霜,True,3429201,3424548,2,女流-1.22-心灵砒霜-弹幕版 | 女流-1.22-心灵砒霜
2017-01-25,事已至此案发现场？！,False,3431422,1,女流-1.25-事已至此案发现场？！
2017-01-26,可乐鸡翅,False,3432913,1,女流-1.26-可乐鸡翅
2017-01-26,维尼噗,False,3432740,1,女流-1.26-维尼噗
2017-01-27,我画你猜,False,3435002,1,女流-1.27-我画你猜
2017-01-29,82年的雪碧会上头,False,3437161,1,女流-1.29-82年的雪碧会上头
2017-02-04,春节期间不定期直播,False,3447881,1,女流-2.4-春节期间不定期直播
2017-02-05,大明塔,False,3449327,1,女流-2.5-大明塔
2017-02-06,汗蒸的时候不要喝菊花茶,False,3452264,1,女流-2.6-汗蒸的时候不要喝菊花茶
2017-02-08,小猫钓鱼(Cat Goes Fishing),False,3457776,1,女流-2.8-小猫钓鱼(Cat Goes Fishing)
2017-02-08,黑暗之魂3,False,3457748,1,女流-2.8-黑暗之魂3-PVP
2017-02-09,小猫钓鱼(Cat Goes Fishing),False,3460648,1,女流-2.9-小猫钓鱼(Cat Goes Fishing)
2017-02-09,心灵砒霜,True,3467198,3460649,2,女流-2.9-心灵砒霜-弹幕版 | 女流-2.9-心灵砒霜
2017-02-10,小猫钓鱼(Cat Goes Fishing),False,3462913,1,女流-2.10-小猫钓鱼(Cat Goes Fishing)
2017-02-11,小猫钓鱼(Cat Goes Fishing),False,3464926,1,女流-2.11-小猫钓鱼(Cat Goes Fishing)
2017-02-13,科目2练习day,False,3468648,1,女流-2.13-科目2练习day-1
2017-02-14,科目2练习day,False,3471359,1,女流-2.14-科目2练习day-2
2017-02-16,几何冲刺(Geometry Dash),False,3478890,1,女流-2.16-几何冲刺(Geometry Dash)
2017-02-17,没错还是几何冲刺(Geometry Dash),False,3481423,1,女流-2.17-没错还是几何冲刺(Geometry Dash)
2017-02-18,Kalimba 和 The Vanishing of Ethan Carter,False,3484443,1,女流-2.18-Kalimba 和 The Vanishing of Ethan Carter
2017-02-20,心灵砒霜,True,3491948,3489721,2,女流-2.20-心灵砒霜-弹幕版 | 女流-2.20-心灵砒霜
2017-02-21,上高铁前在猴山,False,3491355,1,女流-2.21-上高铁前在猴山
2017-02-22,短暂的2月啊,False,3493972,1,女流-2.22-短暂的2月啊
2017-02-23,做头发,False,3497214,1,女流-2.23-做头发
2017-03-01,伊森卡特的消失,False,3514575,3512563,2,女流-3.1-伊森卡特的消失-完结篇 | 女流-3.1-伊森卡特的消失
2017-03-03,Hidden Folks,False,3518038,1,女流-3.3-Hidden Folks
2017-03-04,热血物语：地下世界,False,3520053,1,女流-3.4-热血物语：地下世界
2017-03-05,心灵砒霜,True,3526345,3521571,2,女流-3.5-心灵砒霜-弹幕版 | 女流-3.5-心灵砒霜
2017-03-07,塞尔达传说,False,3526301,1,女流-3.7-塞尔达传说-荒野之息
2017-03-13,塞尔达传说,False,3545359,1,女流-3.13-塞尔达传说-荒野之息
2017-03-14,塞尔达传说,False,3547680,3547651,2,女流-3.14-塞尔达传说-荒野之息-晚上 | 女流-3.14-塞尔达传说-荒野之息
2017-03-15,chi66诞生记？！,False,3550581,1,女流-3.15-chi66诞生记？！
2017-03-15,塞尔达传说,False,3550686,1,女流-3.15-塞尔达传说
2017-03-16,塞尔达传说+LOL,False,3553718,1,女流-3.16-塞尔达传说+LOL
2017-03-17,塞尔达传说,False,3555112,1,女流-3.17-塞尔达传说
2017-03-18,塞尔达传说,False,3563645,1,女流-3.18-塞尔达传说
2017-03-19,1，2switch,False,3561618,1,女流-3.19-1，2switch
2017-03-20,户外直播,False,3564094,1,女流-3.20-户外直播
2017-03-22,砒霜兼索尼2周年户外~,False,3566723,1,女流-3.22-砒霜兼索尼2周年户外~
2017-03-24,rusty lake新章节和塞尔达,False,3572214,1,女流-3.24-rusty lake新章节和塞尔达
2017-03-25,塞尔达传说,False,3574522,1,女流-3.25-塞尔达传说
2017-03-26,心灵砒霜,True,3584867,3576613,2,女流-3.26-心灵砒霜-弹幕版 | 女流-3.26-心灵砒霜
2017-03-29,黑暗之魂3DLC2,False,3587442,1,女流-3.29-黑暗之魂3DLC2
2017-03-30,黑暗之魂3DLC2,False,3591061,3590477,2,女流-3.30-黑暗之魂3DLC2-part2 | 女流-3.30-黑暗之魂3DLC2-part1
2017-04-01,剪剪世界,False,3593776,1,女流-4.1-剪剪世界
2017-04-02,12switch,False,3595208,1,女流-4.2-12switch
2017-04-02,噗哟噗哟VS俄罗斯方块,False,3595184,1,女流-4.2-噗哟噗哟VS俄罗斯方块
2017-04-02,塞尔达传说,False,3595183,1,女流-4.2-塞尔达传说
2017-04-03,塞尔达传说,False,3597706,1,女流-4.3-塞尔达传说
2017-04-04,12switch,False,3601502,1,女流-4.4-12switch
2017-04-04,塞尔达传说,False,3601510,1,女流-4.4-塞尔达传说
2017-04-04,超级炸弹人R,False,3601511,1,女流-4.4-超级炸弹人R
2017-04-05,塞尔达传说,False,3601688,1,女流-4.5-塞尔达传说
2017-04-06,冒险岛2,False,3611999,1,女流-4.6-冒险岛2
2017-04-06,心灵砒霜,True,3607602,3607601,2,女流-4.6-心灵砒霜-弹幕版 | 女流-4.6-心灵砒霜
2017-04-10,塞尔达传说荒野之息,False,3617769,1,女流-4.10-塞尔达传说荒野之息
2017-04-11,塞尔达传说荒野之息,False,3620435,1,女流-4.11-塞尔达传说荒野之息
2017-04-12,血源诅咒,False,3623220,1,女流-4.12-血源诅咒-day1
2017-04-14,盛世天下之女帝篇,False,3627063,1,女流-4.14-盛世天下之女帝篇
2017-04-15,武则天盛世天下,False,3629867,1,女流-4.15-武则天盛世天下-狼人杀
2017-04-16,心灵砒霜,True,3638083,3632502,2,女流-4.16-心灵砒霜-弹幕版 | 女流-4.16-心灵砒霜
2017-04-16,盛世天下之女帝篇,False,3632501,1,女流-4.16-盛世天下之女帝篇
2017-04-17,星露谷物语,False,3633932,1,女流-4.17-星露谷物语
2017-04-18,俄罗斯方块大战噗呦噗呦,False,3638192,1,女流-4.18-俄罗斯方块大战噗呦噗呦-神奇男孩3龙之陷阱
2017-04-19,神奇男孩3,False,3640849,1,女流-4.19-神奇男孩3-龙之陷阱
2017-04-21,神奇男孩3,False,3643728,1,女流-4.21-神奇男孩3-龙之陷阱
2017-04-23,心灵砒霜,True,3648161,1,女流-4.23-心灵砒霜-弹幕版
2017-04-24,剪剪世界,False,3650804,1,女流-4.24-剪剪世界
2017-05-02,大周，还好么,False,3671580,1,女流-5.2-大周，还好么
2017-05-03,你写我猜,False,3674258,1,女流-5.3-你写我猜-渣哥作死队中的急先锋
2017-05-04,今天不休息,False,3677150,1,女流-5.4-今天不休息
2017-05-05,马里奥赛车,False,3677716,1,女流-5.5-马里奥赛车
2017-05-06,小小噩梦,False,3679707,1,女流-5.6-小小噩梦
2017-05-07,心灵砒霜,True,3686402,3681056,2,女流-5.7-心灵砒霜-弹幕版 | 女流-5.7-心灵砒霜
2017-05-09,汐,False,3688984,1,女流-5.9-汐
2017-05-12,艾迪芬奇的记忆（What Remains of Edith Finch）,False,3694238,1,女流-5.12-艾迪芬奇的记忆（What Remains of Edith Finch）
2017-05-13,final station,False,3696258,1,女流-5.13-final station
2017-05-14,心灵砒霜,True,3701247,3697957,2,女流-5.14-心灵砒霜-弹幕版 | 女流-5.14-心灵砒霜
2017-05-15,final station,False,3701252,1,女流-5.15-final station
2017-05-16,final station,False,3703278,1,女流-5.16-final station
2017-05-17,死亡细胞(Dead Cells）,False,3706532,1,女流-5.17-死亡细胞(Dead Cells）
2017-05-19,死亡细胞(Dead Cells）,False,3711692,1,女流-5.19-死亡细胞(Dead Cells）
2017-05-20,核聚变2017电游嘉年华,False,3713948,1,女流-5.20-核聚变2017电游嘉年华
2017-05-21,心灵砒霜,True,3718887,3715897,2,女流-5.21-心灵砒霜弹幕版 | 女流-5.21-心灵砒霜
2017-05-22,吕牛随缘演唱会,False,3724175,1,女流-5.22-吕牛随缘演唱会
2017-05-22,缺氧（Oxygen Not Included）,False,3719014,1,女流-5.22-缺氧（Oxygen Not Included）
2017-05-23,缺氧（Oxygen Not Included）,False,3755487,1,女流-5.23-缺氧（Oxygen Not Included）
2017-05-24,见证者（The Witness）,False,3740355,1,女流-5.24-见证者（The Witness）
2017-05-29,2017斗鱼嘉年华（武汉）,False,3740240,1,女流-5.29-2017斗鱼嘉年华（武汉）
2017-06-01,见证者（The Witness）,False,3744524,1,女流-6.1-见证者（The Witness）
2017-06-02,见证者（The Witness）,False,3747426,1,女流-6.2-见证者（The Witness）
2017-06-03,见证者（The Witness）,False,3750370,1,女流-6.3-见证者（The Witness）
2017-06-04,心灵砒霜,True,3760083,3751615,2,女流-6.4-心灵砒霜-弹幕版 | 女流-6.4-心灵砒霜
2017-06-05,Switch小游戏,False,3754354,1,女流-6.5-Switch小游戏
2017-06-06,大周庆典特辑,False,3757948,1,女流-6.6-大周庆典特辑
2017-06-08,守望先锋,False,3764055,1,女流-6.8-守望先锋
2017-06-10,LOL英雄联盟,False,3768873,1,女流-6.10-LOL英雄联盟
2017-06-12,洛杉矶之行,False,3773619,1,女流-6.12-洛杉矶之行-发布会之前休整
2017-06-13,育碧发布会,False,3776237,1,女流-6.13-育碧发布会
2017-06-13,酒店休闲时光,False,3776236,1,女流-6.13-酒店休闲时光
2017-06-14,E3展会第一天,False,3780006,1,女流-6.14-E3展会第一天
2017-06-14,任天堂游戏发布会视频,False,3777372,1,女流-6.14-任天堂游戏发布会视频
2017-06-15,E3展会第二天,False,3780119,1,女流-6.15-E3展会第二天
2017-06-15,半夜不睡觉,False,3783663,1,女流-6.15-半夜不睡觉
2017-06-18,心灵砒霜,True,3792599,3789838,2,女流-6.18-心灵砒霜-弹幕版 | 女流-6.18-心灵砒霜
2017-06-20,ARMS,False,3798171,1,女流-6.20-ARMS
2017-06-21,RIME,False,3798217,1,女流-6.21-RIME
2017-06-23,RIME,False,3806231,1,女流-6.23-RIME
2017-06-23,公益项目拍摄现场,False,3806230,1,女流-6.23-公益项目拍摄现场
2017-06-24,KALIMBA（克林巴）,False,3806751,1,女流-6.24-KALIMBA（克林巴）
2017-06-25,心灵砒霜,True,3809425,3808448,2,女流-6.25-心灵砒霜-弹幕版 | 女流-6.25-心灵砒霜
2017-06-26,六酱萌妹的日常,False,3811659,1,女流-6.26-六酱萌妹的日常
2017-06-26,有顶天家族2圣地巡礼,False,3810969,1,女流-6.26-有顶天家族2圣地巡礼
2017-06-27,森见登美彦专访,False,3813739,1,女流-6.27-森见登美彦专访
2017-06-28,下鸭神社&六道珍皇寺之旅,False,3816288,1,女流-6.28-下鸭神社&六道珍皇寺之旅
2017-06-28,星野晚餐,False,3817325,1,女流-6.28-星野晚餐
2017-06-29,吉原正行专访（有顶天家族2导演）,False,3819521,1,女流-6.29-吉原正行专访（有顶天家族2导演）
2017-06-30,回国之前剪个头,False,3822160,1,女流-6.30-回国之前剪个头
2017-07-01,唱亿首歌,False,3824379,1,女流-7.1-唱亿首歌
2017-07-01,空洞骑士,False,3824362,1,女流-7.1-空洞骑士
2017-07-04,ibb & obb,False,3831751,1,女流-7.4-ibb & obb
2017-07-06,Move or Die,False,3840960,1,女流-7.6-Move or Die
2017-07-07,小小噩梦DLC,False,3839485,1,女流-7.7-小小噩梦DLC
2017-07-08,今天聊60块钱的,False,3841142,1,女流-7.8-今天聊60块钱的
2017-07-09,心灵砒霜,True,3842844,1,女流-7.9-心灵砒霜
2017-07-09,心灵砒霜&抽奖,True,3845194,1,女流-7.9-心灵砒霜&抽奖-弹幕版
2017-07-10,组装小书架,False,3845192,1,女流-7.10-组装小书架
2017-07-11,Night in the Woods夭折改播守望先锋,False,3848060,1,女流-7.11-Night in the Woods夭折改播守望先锋
2017-07-15,设备调试，直播随缘,False,3857560,1,女流-7.15-设备调试，直播随缘
2017-07-16,泡泡来做客，六酱掌勺,False,3860856,1,女流-7.16-泡泡来做客，六酱掌勺
2017-07-17,心灵砒霜,True,3862468,3860922,2,女流-7.17-心灵砒霜-弹幕版 | 女流-7.17-心灵砒霜
2017-07-18,我的世界,False,3863109,1,女流-7.18-我的世界
2017-07-21,我的世界,False,3870123,1,女流-7.21-我的世界
2017-07-22,我的世界,False,3871741,1,女流-7.22-我的世界
2017-07-23,你说我猜,False,3875204,1,女流-7.23-你说我猜
2017-07-23,心灵砒霜,True,3873035,1,女流-7.23-心灵砒霜
2017-07-26,PlayStation 中国发布会,False,3880329,1,女流-7.26-PlayStation 中国发布会
2017-07-28,与武人叔畅聊主机游戏的那些事儿,False,3884995,1,女流-7.28-与武人叔畅聊主机游戏的那些事儿
2017-07-28,首次直播试玩真三国无双8,False,3884994,1,女流-7.28-首次直播试玩真三国无双8
2017-07-29,狼叔说游戏——专访女流&壮壮,False,3886534,1,女流-7.29-狼叔说游戏——专访女流&壮壮
2017-08-01,我的世界,False,3891890,1,女流-8.1-我的世界
2017-08-02,我的世界,False,3896510,1,女流-8.2-我的世界
2017-08-04,大周MC第八天：末影龙,False,3899264,1,女流-8.4-大周MC第八天：末影龙
2017-08-05,绝地求生,False,3900684,1,女流-8.5-绝地求生
2017-08-07,大周MC第九天：末地之城,False,3904373,1,女流-8.7-大周MC第九天：末地之城
2017-08-08,半夜不睡觉聊一聊,False,3904704,1,女流-8.8-半夜不睡觉聊一聊
2017-08-08,大周MC第十天：建筑大赛,False,3906556,1,女流-8.8-大周MC第十天：建筑大赛
2017-08-09,大周有嘻哈,False,3908573,1,女流-8.9-大周有嘻哈
2017-08-11,我的世界中国版PC不限号,False,3913398,1,女流-8.11-我的世界中国版PC不限号
2017-08-12,大周MC之竞选武状元,False,3915556,1,女流-8.12-大周MC之竞选武状元
2017-08-13,心灵砒霜,True,3918562,1,女流-8.13-心灵砒霜-弹幕版
2017-08-13,心灵砒霜21,True,3916709,1,女流-8.13-心灵砒霜21
2017-08-14,大周好声音,False,3930608,3918665,2,女流-8.14-大周好声音弹幕版 | 女流-8.14-大周好声音
2017-08-19,尼德霍格+吃鸡,False,3929159,1,女流-8.19-尼德霍格+吃鸡
2017-08-20,心灵砒霜,True,3932607,3930436,2,女流-8.20-心灵砒霜-弹幕版 | 女流-8.20-心灵砒霜
2017-08-21,人力资源机器,False,3932798,1,女流-8.21-人力资源机器
2017-08-22,绝地求生,False,3934836,1,女流-8.22-绝地求生
2017-08-23,百战天虫W.M.D,False,3936778,1,女流-8.23-百战天虫W.M.D
2017-08-25,缺氧,False,3941729,1,女流-8.25-缺氧
2017-08-26,缺氧再试水,False,3942686,1,女流-8.26-缺氧再试水
2017-08-27,心灵砒霜,True,3946059,3943791,2,女流-8.27-心灵砒霜弹幕版 | 女流-8.27-心灵砒霜
2017-08-29,大周MC第15天：七夕过后建筑大赛,False,3948001,1,女流-8.29-大周MC第15天：七夕过后建筑大赛
2017-08-30,相扑人(Sumoman),False,3950282,1,女流-8.30-相扑人(Sumoman)
2017-09-02,啪嗒砰,False,3955661,1,女流-9.2-啪嗒砰
2017-09-04,地平线零之曙光体验会（PS4国际影院派对）,False,3959411,1,女流-9.4-地平线零之曙光体验会（PS4国际影院派对）
2017-09-06,啪嗒砰,False,3963530,1,女流-9.6-啪嗒砰
2017-09-07,绝地求生,False,3965707,1,女流-9.7-绝地求生
2017-09-08,啪嗒砰,False,3967886,1,女流-9.8-啪嗒砰
2017-09-09,尬聊,False,3969217,1,女流-9.9-尬聊
2017-09-10,心灵砒霜,True,3971648,1,女流-9.10-心灵砒霜-弹幕版（无聊天部分）
2017-09-10,心灵砒霜（无聊天部分）,True,3970580,1,女流-9.10-心灵砒霜（无聊天部分）
2017-09-11,马里奥疯兔,False,3972500,1,女流-9.11-马里奥疯兔
2017-09-13,马里奥疯兔,False,3976769,1,女流-9.13-马里奥疯兔
2017-09-14,广州一日吃,False,3979127,1,女流-9.14-广州一日吃
2017-09-15,《我的世界》手游上线,False,3981639,1,女流-9.15-《我的世界》手游上线
2017-09-16,大吉大利今晚吃鸡,False,3982859,1,女流-9.16-大吉大利今晚吃鸡
2017-09-17,心灵砒霜,True,3986027,3983735,2,女流-9.17-心灵砒霜-弹幕版 | 女流-9.17-心灵砒霜
2017-09-18,CookServeDelicious,False,3985929,1,女流-9.18-CookServeDelicious
2017-09-19,CookServeDelicious,False,3987863,1,女流-9.19-CookServeDelicious
2017-09-20,欧洲卡车模拟2,False,3989684,1,女流-9.20-欧洲卡车模拟2
2017-09-21,第二代Mazda CX,False,3991814,1,女流-9.21-第二代Mazda CX-5上市直播
2017-09-22,欧洲卡车模拟2,False,3994050,1,女流-9.22-欧洲卡车模拟2
2017-09-23,欧洲卡车模拟2,False,3995750,1,女流-9.23-欧洲卡车模拟2
2017-09-25,心灵砒霜,True,3998899,3998651,2,女流-9.25-心灵砒霜-弹幕版 | 女流-9.25-心灵砒霜
2017-09-27,欧洲卡车模拟2,False,4002694,1,女流-9.27-欧洲卡车模拟2
2017-09-28,姐弟双排吃鸡,False,4008312,1,女流-9.28-姐弟双排吃鸡
2017-09-30,茶杯头cuphead,False,4008554,1,女流-9.30-茶杯头cuphead
2017-10-01,心灵砒霜,True,4009606,1,女流-10.1-心灵砒霜
2017-10-01,茶杯头cuphead,False,4009664,1,女流-10.1-茶杯头cuphead
2017-10-02,茶杯头cuphead,False,4010656,1,女流-10.2-茶杯头cuphead
2017-10-03,大周歌会,False,4011690,1,女流-10.3-大周歌会
2017-10-05,和豆豆的美好时光,False,4013663,1,女流-10.5-和豆豆的美好时光
2017-10-06,悠闲时刻,False,4014819,1,女流-10.6-悠闲时刻
2017-10-07,cosplay？,False,4015990,1,女流-10.7-cosplay？
2017-10-08,在家闲逛,False,4017197,1,女流-10.8-在家闲逛
2017-10-10,THE AMAZING FROG,False,4021156,1,女流-10.10-THE AMAZING FROG
2017-10-11,Don t cut your hand & 欧洲卡车模拟2,False,4022934,1,女流-10.11-Don t cut your hand   &    欧洲卡车模拟2
2017-10-13,绝地求生,False,4026757,1,女流-10.13-绝地求生
2017-10-14,Youtubers Life,False,4028303,1,女流-10.14-Youtubers Life
2017-10-15,心灵砒霜,True,4030901,4029370,2,女流-10.15-心灵砒霜-弹幕版 | 女流-10.15-心灵砒霜
2017-10-17,Linelight 光线,False,4033439,1,女流-10.17-Linelight 光线
2017-10-18,GT sport 线下活动,False,4035201,1,女流-10.18-GT sport  线下活动
2017-10-18,石六六个人演唱会,False,4035279,1,女流-10.18-石六六个人演唱会
2017-10-20,Stickman,False,4039445,1,女流-10.20-Stickman
2017-10-20,大周好声音,False,4039443,1,女流-10.20-大周好声音
2017-10-21,stickman火柴人大乱斗,False,4040822,1,女流-10.21-stickman火柴人大乱斗
2017-10-22,心灵砒霜,True,4043890,1,女流-10.22-心灵砒霜-弹幕版
2017-10-23,Rusty Lake,False,4043809,1,女流-10.23-Rusty Lake
2017-10-24,Rusty Lake,False,4045812,1,女流-10.24-Rusty Lake
2017-10-25,Rusty Lake,False,4047769,1,女琉-10.25-Rusty Lake
2017-10-26,Rusty Lake,False,4049650,1,女流-10.26-Rusty Lake
2017-10-27,大周网吧正式开业（绝地求生）,False,4051917,1,女流-10.27-大周网吧正式开业（绝地求生）
2017-10-28,宝藏世界,False,4053275,1,女流-10.28-宝藏世界
2017-10-29,心灵砒霜,True,4054991,4054365,2,女流-10.29-心灵砒霜-弹幕版 | 女流-10.29-心灵砒霜
2017-10-30,欢乐斗地主专场,False,4056313,1,女流-10.30-欢乐斗地主专场
2017-11-04,小猫钓鱼,False,4066447,1,女流-11.4-小猫钓鱼
2017-11-05,Castle Crusher 城堡毁灭者,False,4067788,1,女流-11.5-Castle Crusher 城堡毁灭者
2017-11-05,心灵砒霜,True,4069473,4067795,2,女流-11.5-心灵砒霜-弹幕版 | 女流-11.5-心灵砒霜
2017-11-06,66约冷冷双排吃鸡,False,4069742,1,女流-11.6-66约冷冷双排吃鸡
2017-11-07,超级马里奥,False,4072119,1,女流-11.7-超级马里奥-奥德赛
2017-11-10,绝地求生& 超级马里奥,False,4078341,1,女流-11.10-绝地求生& 超级马里奥-奥德赛
2017-11-11,绝地求生&超级马里奥,False,4079503,1,女流-11.11-绝地求生&超级马里奥-奥德赛
2017-11-12,心灵砒霜,True,4080881,4080551,2,女流-11.12-心灵砒霜-弹幕版 | 女流-11.12-心灵砒霜
2017-11-13,超级马里奥,False,4082621,1,女流-11.13-超级马里奥-奥德赛
2017-11-14,和班尼特福迪一起攻克难关,False,4084862,1,女流-11.14-和班尼特福迪一起攻克难关
2017-11-15,超级马里奥,False,4086833,1,女流-11.15-超级马里奥-奥德赛
2017-11-17,和班尼特福迪一起攻克难关&超级马里奥,False,4091308,1,女流-11.17-和班尼特福迪一起攻克难关&超级马里奥-奥德赛
2017-11-18,超级马里奥,False,4093091,1,女流-11.18-超级马里奥-奥德赛
2017-11-19,心灵砒霜,True,4094419,4094201,2,女流-11.19-心灵砒霜-弹幕版 | 女流-11.19-心灵砒霜
2017-11-21,超级马里奥,False,4098179,1,女流-11.21-超级马里奥-奥德赛
2017-11-22,兔宝宝历险记&超级马里奥,False,4100187,1,女流-11.22-兔宝宝历险记&超级马里奥-奥德赛
2017-11-23,超级马里奥,False,4102271,1,女流-11.23-超级马里奥-奥德赛
2017-11-24,超级马里奥,False,4107292,1,女流-11.24-超级马里奥-奥德赛
2017-11-25,超级马里奥,False,4107286,1,女流-11.25-超级马里奥-奥德赛
2017-11-26,心灵砒霜,True,4107290,4107240,2,女流-11.26-心灵砒霜-弹幕版 | 女流-11.26-心灵砒霜
2017-12-02,Ice Lakes 冰湖,False,4114988,1,女流-12.2-Ice Lakes 冰湖
2017-12-04,钓鱼大赛（Ice Lakes）,False,4118007,1,女流-12.4-钓鱼大赛（Ice Lakes）
2017-12-05,肯·福莱特的《圣殿春秋》：死灰复燃（第一卷第1,False,4120105,1,女流-12.5-肯·福莱特的《圣殿春秋》：死灰复燃（第一卷第1-7章）
2017-12-06,【吃鸡佳缘】第一期,True,4125032,1,女流-12.6-【吃鸡佳缘】第一期弹幕版
2017-12-06,吃鸡佳缘第一期,True,4122087,1,女流-12.6-吃鸡佳缘第一期
2017-12-08,钓会儿鱼，开会儿火车，吃会儿鸡,False,4126689,1,女流-12.8-钓会儿鱼，开会儿火车，吃会儿鸡
2017-12-09,人气独立续作《王权：女王陛下》& 谋杀之谜,False,4128003,1,女流-12.9-人气独立续作《王权：女王陛下》& 谋杀之谜
2017-12-10,心灵砒霜,True,4129454,4129116,2,女流-12.10-心灵砒霜-透明弹幕版 | 女流-12.10-心灵砒霜
2017-12-11,我是大老板,False,4131089,1,女流-12.11- 我是大老板
2017-12-12,K歌不停歇,False,4134496,4133109,2,女流-12.12-K歌不停歇-弹幕版 | 女流-12.12-K歌不停歇
2017-12-13,和YJJ双排吃鸡 & 漫漫长夜,False,4135224,1,女流-12.13-和YJJ双排吃鸡 & 漫漫长夜
2017-12-15,GOROGOA 画中世界,False,4139436,1,女流12.15-GOROGOA  画中世界
2017-12-15,【吃鸡佳缘】第二期,True,4140602,1,女流-12.15-【吃鸡佳缘】第二期 弹幕版
2017-12-15,【吃鸡佳缘】第二期 2017.12.15,True,4140326,1,女流-【吃鸡佳缘】第二期 2017.12.15
2017-12-16,《去月球》续作《寻找天堂》,False,4140972,1,女流12.16-《去月球》续作《寻找天堂》
2017-12-17,看着豆豆和壮壮滑雪，女皇只能羡慕嫉妒恨了,False,4142321,1,女流-12.17-看着豆豆和壮壮滑雪，女皇只能羡慕嫉妒恨了
2017-12-18,Death Coming 死神来了,False,4144095,1,女流-12.18-Death Coming 死神来了
2017-12-20,MONOPOLY PLUS 大富翁,False,4148109,1,女流-12.20-MONOPOLY PLUS 大富翁
2017-12-21,大周桌面展,False,4150104,1,女流-12.21-大周桌面展
2017-12-23,【吃鸡佳缘】第三期,True,4154223,4153403,2,女流-12.23-【吃鸡佳缘】第三期-弹幕版 | 女流-12.23-【吃鸡佳缘】第三期
2017-12-24,心灵砒霜,True,4154898,4154416,2,女流-12.24-心灵砒霜-弹幕版 | 女流-12.24-心灵砒霜
2017-12-25,大周MC圣诞专场,False,4156666,1,女流-12.25-大周MC圣诞专场
2017-12-26,青蛙爆破者(Kero Blaster),False,4158411,1,女流-12.26-青蛙爆破者(Kero Blaster)
2017-12-27,青蛙爆破者,False,4160261,1,女流-12.27-青蛙爆破者
2017-12-29,欢迎关注颜值主播6酱,False,4164567,1,女流-12.29-欢迎关注颜值主播6酱
2017-12-30,【吃鸡佳缘】第四期,True,4166010,4165578,2,女流-12.30-【吃鸡佳缘】第四期-弹幕版 | 女流-12.30-【吃鸡佳缘】第四期
2017-12-31,心灵砒霜,True,4166820,1,女流-12.31-心灵砒霜
2018-01-02,《传送门：桥梁构造者》(Bridge Constructor Portal),False,4169872,1,女流-1.2-《传送门：桥梁构造者》(Bridge Constructor Portal)
2018-01-03,《传送门：桥梁构造者》(Bridge Constructor Portal),False,4171880,1,女流-1.3-《传送门：桥梁构造者》(Bridge Constructor Portal)
2018-01-05,《传送门：桥梁构造者》(Bridge Constructor Portal),False,4176059,1,女流1.5-《传送门：桥梁构造者》(Bridge Constructor Portal)
2018-01-06,女流66开年Party约战SHIELD马力欧,False,4177609,1,女流-1.6-女流66开年Party约战SHIELD马力欧
2018-01-07,心灵砒霜,True,4179221,4178726,2,女流-2018.1.7-心灵砒霜-弹幕版 | 女流-2018.1.7-心灵砒霜
2018-01-08,人类一败涂地 Human Fall Flat,False,4180732,1,女流-2018.1.8-人类一败涂地 Human Fall Flat
2018-01-09,人类一败涂地 Human Fall Flat,False,4182682,1,女流-1.9-人类一败涂地 Human Fall Flat
2018-01-10,《传送门：桥梁构造者》,False,4184762,1,女流-2018.1.10-《传送门：桥梁构造者》
2018-01-12,Rusty Lake 锈湖,False,4188857,1,女流-2018.1.12-Rusty Lake 锈湖
2018-01-13,鱼乐盛典,True,4190883,1,女流-1.13-鱼乐盛典
2018-01-14,心灵砒霜虎扑特别版,True,4193694,4191440,2,女流-2018.1.14-心灵砒霜虎扑特别版-弹幕版 | 女流-2018.1.14-心灵砒霜虎扑特别版
2018-01-15,Just Shapes & Beats,False,4400022,1,女流-2018.1.15-Just Shapes & Beats
2018-01-15,Rusty Lake Paradise 锈湖天堂岛,False,4193508,1,女流-2018.1.15-Rusty Lake Paradise 锈湖天堂岛
2018-01-15,心灵砒霜,True,10010771,1,女流-2018.1.15-心灵砒霜
2018-01-15,戏说聊斋第四期,True,4314841,1,女流-2018.1.15-戏说聊斋第四期
2018-01-15,疑案追声中元节特别版&牧场物语,False,10746697,1,女流-2018.1.15-疑案追声中元节特别版&牧场物语
2018-01-16,66、炮炮、壮壮、维乐一起吃鸡,False,4195599,1,女流-2018.1.16-66、炮炮、壮壮、维乐一起吃鸡
2018-01-17,大周MC第四目：第六天之七夕建筑大赛&无人深空,False,4528865,1,女流-2018.1.17-大周MC第四目：第六天之七夕建筑大赛&无人深空
2018-01-17,调酒师的生活 VA,False,4197468,1,女流-2018.1.17- 调酒师的生活 VA-11 HALL-A
2018-01-19,调酒师的生活 VA,False,4201748,1,女流-2018.1.19- 调酒师的生活 VA-11 HALL-A
2018-01-20,乞丐模拟器 Hobo Tough Life,False,4203116,1,女流-2018.1.20-乞丐模拟器 Hobo Tough Life
2018-01-21,Just The Way 6 Are（Themysc1ra）,False,4204292,1,女流-2018.1.21-Just The Way 6 Are（Themysc1ra）
2018-01-21,三周年GIF（黄图哥）,False,4204299,1,女流-2018.1.21-三周年GIF（黄图哥）
2018-01-21,三周年盛典,True,4205249,1,女流-2018.1.21-三周年盛典-弹幕版
2018-01-21,三周年祝福（木由叶&播音彬）,False,4204306,1,女流-2018.1.21-三周年祝福（木由叶&播音彬）
2018-01-21,大周三周年盛典,True,4204275,1,女流-2018.1.21-大周三周年盛典
2018-01-21,大周女皇最牛逼（月野兔Usagi）,False,4204294,1,女流-2018.1.21-大周女皇最牛逼（月野兔Usagi）
2018-01-21,女流直播三周年（010）,False,4204297,1,女流-2018.1.21-女流直播三周年（010）
2018-01-21,搞事部集体出品,False,4204301,1,女流-2018.1.21-搞事部集体出品
2018-01-21,追光者（明筱岩）,False,4204314,1,女流-2018.1.21-追光者（明筱岩）
2018-01-22,乞丐模拟器 Hobo Tough Life,False,4206352,1,女流-2018.1.22-乞丐模拟器 Hobo Tough Life
2018-01-24,6酱音乐专辑第三波,False,4209093,1,女流-2018.1.24-6酱音乐专辑第三波
2018-01-24,Stick Fight ：The Game 坚持战斗：游戏,False,4210340,1,女流-2018.1.24-Stick Fight ：The Game  坚持战斗：游戏
2018-01-24,相声专场《看病》,False,4215902,1,女流-2018.1.24-相声专场《看病》- 弹幕版
2018-01-25,带赵鑫小姐姐参加2017直播行业精英会,False,4212224,1,女流-2018.1.25-带赵鑫小姐姐参加2017直播行业精英会
2018-01-26,怪物猎人：世界,False,4214322,1,女流-2018.1.26-怪物猎人：世界
2018-01-28,心灵砒霜,True,4217185,4216938,2,女流-2018.1.28-心灵砒霜-弹幕版 | 女流-2018.1.28-心灵砒霜
2018-01-29,真·三国无双8体验会,False,4218475,1,女流-2018.1.29-真·三国无双8体验会
2018-01-30,勇者斗恶龙创世小玩家2,False,4909237,1,女流-2018.1.30-勇者斗恶龙创世小玩家2
2018-01-30,怪物猎人：世界,False,4220976,1,女流-2018.1.30-怪物猎人：世界
2018-01-31,怪物猎人：世界,False,4222978,1,女流-2018.1.31-怪物猎人：世界
2018-02-01,怪物猎人：世界,False,4224979,1,女流-2018.2.1-怪物猎人：世界
2018-02-12,心灵砒霜,True,4226692,4226290,2,女流-2018.2.12-心灵砒霜 弹幕版 | 女流-2018.2.12-心灵砒霜
2018-02-15,6酱携家眷给大家来拜年啦,False,4230662,1,女流-2018.2.15-6酱携家眷给大家来拜年啦
2018-02-15,放飞风筝，对你没看错是“放飞”,False,4231402,1,女流-2018.2.15-放飞风筝，对你没看错是“放飞”
2018-02-18,吃一个新年第一鸡&欢迎来到乐高拼图世界,False,4232934,1,女流-2018.2.18-吃一个新年第一鸡&欢迎来到乐高拼图世界
2018-02-19,亲爱的小鲜肉,False,4233671,1,女流-2018.2.19-亲爱的小鲜肉
2018-02-22,石圆圆带你骑马、溜冰,False,4236604,1,女流-2018.2.22-石圆圆带你骑马、溜冰
2018-02-23,欢迎来到乐高拼图世界,False,4238071,1,女流-2018.2.23-欢迎来到乐高拼图世界
2018-02-24,亲爱的小鲜肉,False,4239579,1,女流-2018.2.24-亲爱的小鲜肉
2018-02-25,狗年第一碗砒霜，干了,False,4241145,4240652,2,女流-2018.2.25-狗年第一碗砒霜，干了-弹幕版 | 女流-2018.2.25-狗年第一碗砒霜，干了
2018-02-26,亲爱的小鲜肉,False,4242185,1,女流-2018.2.26-亲爱的小鲜肉
2018-02-27,亲爱的小鲜肉,False,4243754,1,女流-2018.2.27-亲爱的小鲜肉
2018-02-28,咱们女队（66、维乐、炮炮、壮壮）今天吃鸡,False,4245242,1,女流-2018.2.28-咱们女队（66、维乐、炮炮、壮壮）今天吃鸡
2018-03-03,弹丸论破：希望的学园和绝望高中生,False,4249674,1,女流-2018.3.3-弹丸论破：希望的学园和绝望高中生
2018-03-03,程序员升职记,False,4249664,1,女流-2018.3.3-程序员升职记
2018-03-04,心灵砒霜,True,4250978,4250668,2,女流-2018.3.4-心灵砒霜-弹幕版 | 女流-2018.3.4-心灵砒霜
2018-03-05,弹丸论破：希望的学园和绝望高中生,False,4252211,1,女流-2018.3.5-弹丸论破：希望的学园和绝望高中生
2018-03-07,弹丸论破：希望的学园和绝望高中生,False,4255227,1,女流-2018.3.7-弹丸论破：希望的学园和绝望高中生
2018-03-08,弹丸论破：希望的学园和绝望高中生,False,4256834,1,女流-2018.3.8-弹丸论破：希望的学园和绝望高中生
2018-03-09,弹丸论破：希望的学园和绝望高中生,False,4258348,1,女流-2018.3.9-弹丸论破：希望的学园和绝望高中生-大结局
2018-03-11,心灵砒霜,True,4260758,4260496,2,女流-2018.3.11-心灵砒霜-弹幕版 | 女流-2018.3.11-心灵砒霜
2018-03-14,SKY光遇,False,4271558,1,女流-2018.3.14-SKY光遇-女流精华版
2018-03-14,蔚蓝Celeste,False,4265243,1,女流-2018.3.14-蔚蓝Celeste
2018-03-14,陈星汉《Sky光·遇》,False,4265234,1,女流-2018.3.14-陈星汉《Sky光·遇》
2018-03-16,蔚蓝 Celeste,False,4268478,1,女流-2018.3.16-蔚蓝 Celeste
2018-03-17,蔚蓝 Celeste,False,4269624,1,女流-2018.3.17-蔚蓝 Celeste
2018-03-18,心灵砒霜,True,4271395,4270603,2,女流-2018.3.18-心灵砒霜-弹幕版 | 女流-2018.3.18-心灵砒霜
2018-03-21,海盗之海 Sea of Theives,False,4275592,1,女流-2018.3.21-海盗之海 Sea of Theives
2018-03-22,海盗之海 & 绝地求生,False,4277158,1,女流-2018.3.22-海盗之海 & 绝地求生
2018-03-24,没人会被炸掉 Keep Talking and Nobody Explodes,False,4280005,1,女流-18.3.24-没人会被炸掉 Keep Talking and Nobody Explodes
2018-03-25,戏说聊斋 & 超级兔子人,True,4281019,1,女流-2018.3.25-戏说聊斋 & 超级兔子人
2018-03-26,女流戏说聊斋,True,4281402,1,女流-2018.3.26-女流戏说聊斋-弹幕版-重转码
2018-03-26,没人会被炸掉 Keep Talking and Nobody Explodes,False,4282625,1,女流-18.3.26-没人会被炸掉 Keep Talking and Nobody Explodes
2018-03-27,拆弹姐弟继续,False,4284201,1,女流-2018.3.27-拆弹姐弟继续
2018-03-28,UNO益智桌游,False,4285875,1,女流-2018.3.28-UNO益智桌游
2018-03-30,星之卡比 新星同盟,False,4289259,1,女流-2018.3.30-星之卡比 新星同盟
2018-03-31,黑脸先生 & 妈妈把我的游戏藏起来了,False,4290285,1,女流-2018.3.31-黑脸先生 & 妈妈把我的游戏藏起来了
2018-04-01,戏说聊斋 & 心灵砒霜,True,4291800,4291454,2,女流-2018.4.1-戏说聊斋 & 心灵砒霜 -弹幕版 | 女流-2018.4.1-戏说聊斋 & 心灵砒霜
2018-04-02,噗哟噗哟vs俄罗斯方块S,False,4292873,1,女流-2018.4.2-噗哟噗哟vs俄罗斯方块S
2018-04-03,噗哟噗哟vs俄罗斯方块S & 洞窟物语,False,4294449,1,女流-2018.4.3-噗哟噗哟vs俄罗斯方块S & 洞窟物语
2018-04-04,专属鼠标垫 & 童年动漫歌曲了解一下,False,4295971,1,女流-2018.4.4-专属鼠标垫 & 童年动漫歌曲了解一下
2018-04-06,豆6组合了解一下,False,4298460,1,女流-2018.4.6-豆6组合了解一下
2018-04-06,豆豆来啦,False,4298163,1,女流-2018.4.6- 豆豆来啦
2018-04-07,户外之跑跑卡丁车,False,4299386,1,女流-2018.4.7-户外之跑跑卡丁车
2018-04-08,到底怎么了,False,4300876,1,女流-2018.4.8-到底怎么了
2018-04-11,节奏天国,False,4305998,1,女流-2018.4.11-节奏天国
2018-04-12,欢迎丁丁张老师做客156277,False,4325869,1,女流-2018.4.12-欢迎丁丁张老师做客156277
2018-04-13,回忆之旅 & 众生,False,4309315,1,女流-2018.4.13-回忆之旅 &  众生
2018-04-15,女流戏说聊斋第三期,True,4311550,1,女流-2018.4.15-女流戏说聊斋第三期
2018-04-15,心灵砒霜,True,4311945,4311554,2,女流-2018.4.15-心灵砒霜-弹幕版 | 女流-2018.4.15-心灵砒霜
2018-04-15,戏说聊斋,True,4311943,1,女流-2018.4.15-戏说聊斋-弹幕版
2018-04-16,冒险岛,False,4313461,1,女流-2018.4.16-冒险岛
2018-04-17,堡垒之夜（Fortnite）,False,4314886,1,女流-2018.4.17-堡垒之夜（Fortnite）
2018-04-20,战神 （God of War ）,False,4319752,1,女流-2018.4.20-战神 （God of  War ）
2018-04-21,战神 （God of War ）,False,4321083,1,女流-2018.4.21-战神 （God of  War ）
2018-04-22,冒险岛,False,4321955,1,女流-2018.4.22-冒险岛
2018-04-22,心灵砒霜,True,4322255,4321977,2,女流-2018.4.22-心灵砒霜-弹幕版 | 女流-2018.4.22-心灵砒霜
2018-04-23,堡垒之夜第三赛季,False,4323634,1,女流-2018.4.23-堡垒之夜第三赛季-Chi66队
2018-04-23,戏说聊斋第五期,True,4323551,1,女流-2018.4.23-戏说聊斋第五期
2018-04-23,战神（God of War）,False,4323624,1,女流-2018.4.23-战神（God of  War）
2018-04-25,Play Station 媒体体验会,False,4326732,1,女流-2018.4.25-Play Station 媒体体验会
2018-04-25,堡垒之夜主播擂台赛,False,4326869,1,女流-2018.4.25-堡垒之夜主播擂台赛-Chi66战队
2018-04-26,堡垒之夜主播擂台赛,False,4328697,1,女流-2018.4.26-堡垒之夜主播擂台赛-决赛
2018-04-27,战神 God of War,False,4330195,1,女流-2018.4.27-战神 God of War
2018-04-30,大周聚餐暨女流水友交流会,False,4334406,1,女流-2018.4.30-大周聚餐暨女流水友交流会
2018-05-01,与长安福特翼搏同游嘉年华,False,4335284,1,女流-2018.5.1-与长安福特翼搏同游嘉年华
2018-05-03,任天堂labo了解一下,False,4338655,1,女流-2018.5.3-任天堂labo了解一下
2018-05-04,任天堂Labo继续了解一下,False,4340289,1,女流-2018.5.4-任天堂Labo继续了解一下
2018-05-05,核聚变,False,4341540,1,女流-2018.5.5-核聚变
2018-05-06,心灵砒霜,True,4343089,4342616,2,女流-2018.5.6-心灵砒霜-弹幕版 | 女流-2018.5.6-心灵砒霜
2018-05-08,杀戮尖塔,False,4346066,1,女流-2018.5.8-杀戮尖塔
2018-05-09,Ylands,False,4347722,1,女流-2018.5.9-Ylands
2018-05-10,试试VR的感觉,False,4349631,1,女流-2018.5.10-试试VR的感觉
2018-05-11,Unity 开发者大会现场,False,4351221,1,女流-2018.5.11-Unity 开发者大会现场
2018-05-12,VR 健身，Best 健身,True,4352519,1,女流-2018.5.12-VR 健身，Best 健身
2018-05-13,心灵砒霜,True,4354154,4353706,2,女流-2018.5.13-心灵砒霜-弹幕版 | 女流-2018.5.13-心灵砒霜
2018-05-14,戏说聊斋第六期&K歌,True,4355310,1,女流-2018.5.14-戏说聊斋第六期&K歌
2018-05-16,We were here too,False,4358956,1,女流-2018.5.16-We were here too
2018-05-18,传奇巫师（Wizard of Legend）,False,4362514,1,女流-2018.5.18-传奇巫师（Wizard of  Legend）
2018-05-20,胃肠炎不舒服，就和大家聊会天吧,False,4364978,1,女流-2018.5.20-胃肠炎不舒服，就和大家聊会天吧
2018-05-21,传奇巫师（Wizard of Legend）,False,4366902,1,女流-2018.5.21-传奇巫师（Wizard of  Legend）
2018-05-22,房产达人 ( House Flipper ),False,4368621,1,女流-2018.5.22-房产达人 ( House Flipper )
2018-05-24,黑暗之魂1重置版,False,4372502,1,女流-2018.5.24-黑暗之魂1重置版
2018-05-25,黑暗之魂1重置版,False,4374120,1,女流-2018.5.25-黑暗之魂1重置版
2018-05-27,心灵砒霜,True,4377300,4376834,2,女流-2018.5.27-心灵砒霜-弹幕版 | 女流-2018.5.27-心灵砒霜
2018-05-27,戏说聊斋第七期,True,4377237,4376830,2,女流-2018.5.27-戏说聊斋第七期-弹幕版 | 女流-2018.5.27-戏说聊斋第七期
2018-05-28,黑暗之魂1重置版,False,4378669,1,女流-2018.5.28-黑暗之魂1重置版
2018-05-29,黑暗之魂1重置版,False,4380521,1,女流-2018.5.29-黑暗之魂1重置版
2018-05-30,女巫来了（Witch It）,False,4382292,1,女流-2018.5.30-女巫来了（Witch It）
2018-05-31,木筏生存（Raft）,False,4384209,1,女流-2018.5.31-木筏生存（Raft）
2018-06-01,木筏生存（Raft）,False,4386027,1,女流-2018.6.1-木筏生存（Raft）
2018-06-03,心灵砒霜,True,4388515,4388248,2,女流-2018.6.3-心灵砒霜-弹幕版 | 女流-2018.6.3-心灵砒霜
2018-06-03,戏说聊斋第八期,True,4388411,4388213,2,女流-2018.6.3-戏说聊斋第八期-弹幕版 | 女流-2018.6.3-戏说聊斋第八期
2018-06-05,孤帆远航 ( FAR： Lone Sails ),False,4392023,1,女流-2018.6.5-孤帆远航 ( FAR： Lone Sails )
2018-06-06,大周庆典,False,4394310,4394026,2,女流-2018.6.6-大周庆典-弹幕版 | 女流-2018.6.6-大周庆典
2018-06-07,战斗厨师旅团(Battle Chef Brigade),False,4396310,1,女流-2018.6.7-战斗厨师旅团(Battle Chef Brigade)
2018-06-08,间谍派对（Spy Party）,False,4398551,1,女流-2018.6.8-间谍派对（Spy Party）
2018-06-11,E3之行，倒倒时差聊聊天,True,4403239,1,女流-2018.6.11-E3之行，倒倒时差聊聊天
2018-06-12,E3索尼发布会现场,False,4404472,1,女流-2018.6.12-E3索尼发布会现场
2018-06-12,E3育碧发布会现场,False,4404006,1,女流-2018.6.12-E3育碧发布会现场
2018-06-13,E3展会第一天,False,4406087,1,女流-2018.6.13-E3展会第一天
2018-06-16,Golf with your friends,False,4412722,1,女流-2018.6.16-Golf with your friends
2018-06-17,心灵砒霜,True,4414660,4414045,2,女流-2018.6.17-心灵砒霜-弹幕版 | 女流-2018.6.17-心灵砒霜
2018-06-17,戏说聊斋第九期,True,4414648,4414044,2,女流-2018.6.17-戏说聊斋第九期-弹幕版 | 女流-2018.6.17-戏说聊斋第九期
2018-06-20,Chi66了解一下,False,4419621,1,女流-2018.6.20-Chi66了解一下
2018-06-21,我的童年,False,4421625,1,女流-2018.6.21-我的童年
2018-06-22,Comedy Night & Hand Simulator,False,4423742,1,女流-2018.6.22-Comedy Night & Hand Simulator
2018-06-23,VR健身Best健身,True,4425426,1,女流-2018.6.23-VR健身Best健身
2018-06-24,心灵砒霜,True,4427739,4426825,2,女流-2018.6.24-心灵砒霜-弹幕版 | 女流-2018.6.24-心灵砒霜
2018-06-24,戏说聊斋第十期,True,4427671,4426816,2,女流-2018.6.24-戏说聊斋第十期-弹幕版 | 女流-2018.6.24-戏说聊斋第十期
2018-06-25,Farm Together,False,4429168,1,女流-2018.6.25-Farm Together
2018-06-26,大周农场第二天（Farm Together）,False,4431089,1,女流-2018.6.26-大周农场第二天（Farm Together）
2018-06-27,Farm Together,False,4433532,1,女流-2018.6.27-Farm Together
2018-06-29,Farm Together,False,4437404,1,女流-2018.6.29-Farm Together
2018-06-30,Farm Together & 逆水寒,False,4439116,1,女流-2018.6.30-Farm Together & 逆水寒
2018-07-01,心灵砒霜,True,4440588,4440329,2,女流-2018.7.1-心灵砒霜-弹幕版 | 女流-2018.7.1-心灵砒霜
2018-07-01,戏说聊斋第十一期,True,4440576,4440315,2,女流-2018.7.1-戏说聊斋第十一期-弹幕版 | 女流-2018.7.1-戏说聊斋第十一期
2018-07-02,VR乒乓了解一下,False,4441949,1,女流-2018.7.2-VR乒乓了解一下
2018-07-06,蒸汽世界 Steam World Dig,False,4449957,1,女流-2018.7.6-蒸汽世界 Steam World Dig
2018-07-07,蒸汽世界&极限巅峰&逆水寒,False,4451378,1,女流-2018.7.7-蒸汽世界&极限巅峰&逆水寒
2018-07-08,心灵砒霜 & 戏说聊斋第十二期,True,4452475,1,女流-2018.7.8-心灵砒霜 & 戏说聊斋第十二期
2018-07-08,心灵砒霜&戏说聊斋第十二期,True,4452632,1,女流-2018.7.8-心灵砒霜&戏说聊斋第十二期-弹幕版
2018-07-10,极限巅峰 （Steep）,False,4456409,1,女流-2018.7.10-极限巅峰 （Steep）
2018-07-11,我被男神捅死了,False,4458161,1,女流-2018.7.11-我被男神捅死了
2018-07-13,我被男神捅死了,False,4461994,1,女流-2018.7.13-我被男神捅死了
2018-07-14,来访者,False,4463451,1,女流-2018.7.14-来访者
2018-07-15,戏说聊斋第十三期&心灵砒霜,True,4464939,4464688,2,女流-2018.7.15-戏说聊斋第十三期&心灵砒霜-弹幕版 | 女流-2018.7.15-戏说聊斋第十三期&心灵砒霜
2018-07-17,八方旅人（Octopath Traveler）,False,4468653,1,女流-2018.7.17-八方旅人（Octopath Traveler）
2018-07-18,八方旅人（Octopath Traveler）,False,4470628,1,女流-2018.7.18-八方旅人（Octopath Traveler）
2018-07-19,八方旅人（Octopath Traveler）,False,4472749,1,女流-2018.7.19-八方旅人（Octopath Traveler）
2018-07-20,八方旅人（Octopath Traveler）,False,4474728,1,女流-2018.7.20-八方旅人（Octopath Traveler）
2018-07-21,八方旅人& 绝地求生,False,4476097,1,女流-2018.7.21-八方旅人& 绝地求生
2018-07-22,心灵砒霜&戏说聊斋第十四期,True,4478022,4477345,2,女流-2018.7.22-心灵砒霜&戏说聊斋第十四期-弹幕版 | 女流-2018.7.22-心灵砒霜&戏说聊斋第十四期
2018-07-23,八方旅人（Octopath Traveler）,False,4479395,1,女流-2018.7.23-八方旅人（Octopath Traveler）
2018-07-24,八方旅人（Octopath Traveler）,False,4481661,1,女流-2018.7.24-八方旅人（Octopath Traveler）
2018-07-25,八方旅人（Octopath Traveler）,False,4483445,1,女流-2018.7.25-八方旅人（Octopath Traveler）
2018-07-26,八方旅人（Octopath Traveler）,False,4485376,1,女流-2018.7.26-八方旅人（Octopath Traveler）
2018-07-27,太鼓达人,False,4487651,1,女流-2018.7.27-太鼓达人
2018-07-28,炸弹鸡(Bomb Chicken),False,4488998,1,女流-2018.7.28-炸弹鸡(Bomb Chicken)
2018-07-29,心灵砒霜&说聊斋第十五期,True,4490868,4490244,2,女流-2018.7.29-心灵砒霜&说聊斋第十五期 - 弹幕版 | 女流-2018.7.29-心灵砒霜&说聊斋第十五期
2018-07-30,波西亚时光,False,4492025,1,女流-2018.7.30-波西亚时光
2018-07-31,炸弹鸡&逆水寒,False,4494319,1,女流-2018.7.31-炸弹鸡&逆水寒
2018-08-02,playstation发布会,False,4498195,1,女流-2018.8.2-playstation发布会
2018-08-06,无人深空,False,4505280,1,女流-2018.8.6-无人深空
2018-08-08,Overcooked 2,False,4509318,1,女流-2018.8.8-Overcooked 2
2018-08-09,Overcooked 2&One Hand Clapping,False,4511477,1,女流-2018.8.9-Overcooked 2&One Hand Clapping
2018-08-12,心灵砒霜&戏说聊斋第十六期,True,4520222,4518059,2,女流-2018.8.12-心灵砒霜&戏说聊斋第十六期-弹幕版 | 女流-2018.8.12-心灵砒霜&戏说聊斋第十六期
2018-08-14,大周MC第四目：第四天之建设城市,False,4521994,1,2018.8.14- 大周MC第四目：第四天之建设城市
2018-08-15,大周MC第四目：第五天之MC水上乐园,False,4524053,1,女流-2018.8.15- 大周MC第四目：第五天之MC水上乐园
2018-08-15,幸福列车关注留守儿童,False,4524101,1,女流-2018.8.15-幸福列车关注留守儿童
2018-08-18,大周MC第四目：第七天之大周MC歌会,False,4530216,1,女流-2018.8.18-大周MC第四目：第七天之大周MC歌会
2018-08-19,心灵砒霜&戏说聊斋第十七期,True,4531874,4531638,2,女流-2018.8.19-心灵砒霜&戏说聊斋第十七期-弹幕版 | 女流-2018.8.19-心灵砒霜&戏说聊斋第十七期
2018-08-20,星界边境(Starbound),False,4533725,1,女流-2018.8.20-星界边境(Starbound)
2018-08-21,大周MC第四目：第八天之拯救K神前的准备&星界边境(Starbound),False,4536156,1,女流-2018.8.21-大周MC第四目：第八天之拯救K神前的准备&星界边境(Starbou
2018-08-22,过山车之星,False,4538344,1,女流-2018.8.22-过山车之星
2018-08-24,大周MC第四目：第九天之继续拯救我的世界,False,4542816,1,女流-2018.8.24-大周MC第四目：第九天之继续拯救我的世界
2018-08-24,流星蝴蝶剑,False,4542811,1,女流-2018.8.24-流星蝴蝶剑
2018-08-25,大周MC第四目：最终回,False,4544463,1,女流-2018.8.25-大周MC第四目：最终回
2018-08-26,心灵砒霜,True,4546325,4545940,2,女流-2018.8.26-心灵砒霜-弹幕版 | 女流-2018.8.26-心灵砒霜
2018-08-27,5亿台纪念限定PS4pro开箱,False,4548052,1,女流-2018.8.27-5亿台纪念限定PS4pro开箱
2018-09-05,Two Point Hospital,False,4567379,1,女流-2018.9.5-Two Point Hospital
2018-09-06,Data 2,False,4569103,1,女流-2018.9.6-Data 2
2018-09-08,Donut County,False,4572853,1,女流-2018.9.8-Donut County
2018-09-09,戏说聊斋第十八期&心灵砒霜,True,4574749,1,女流-2018.9.9-戏说聊斋第十八期&心灵砒霜-弹幕版
2018-09-11,过山车之星,False,4578858,1,女流-2018.9.11-过山车之星
2018-09-12,极限巅峰(Steep),False,4580885,1,女流-2018.9.12-极限巅峰(Steep)
2018-09-13,Strange Brigade,False,4583069,1,女流-2018.9.13-Strange Brigade
2018-09-14,Strange Brigade,False,4585388,1,女流-2018.9.14-Strange Brigade
2018-09-15,Strange Brigade,False,4586843,1,女流-2018.9.15-Strange Brigade
2018-09-16,心灵砒霜,True,4588929,4588323,2,女流-2018.9.16-心灵砒霜-弹幕版 | 女流-2018.9.16-心灵砒霜
2018-09-17,Witch It &39天到火星,False,4590602,1,女流-2018.9.17-Witch It &39天到火星
2018-09-18,武汉校招宣讲会之学霸驾到,False,4612888,1,女流-2018.9.18-武汉校招宣讲会之学霸驾到
2018-09-21,Rusty Lake Paradox（《锈湖》新作《悖论》）,False,4599258,1,女流-2018.9.21-Rusty Lake Paradox（《锈湖》新作《悖论》）
2018-09-22,终极钓鱼模拟器(Ultimate Fishing Simulator),False,4601198,1,女流-2018.9.22-终极钓鱼模拟器(Ultimate Fishing Simulator)
2018-09-23,心灵砒霜,True,4603370,4602626,2,女流-2018.9.23-心灵砒霜-弹幕版 | 女流-2018.9.23-心灵砒霜
2018-09-26,终极钓鱼模拟器(Ultimate Fishing Simulator),False,4608456,1,女流-2018.9.26-终极钓鱼模拟器(Ultimate Fishing Simulator)
2018-09-27,恐龙公园Parkasaurus,False,4610364,1,女流-2018.9.27-恐龙公园Parkasaurus
2018-09-28,中国式家长,False,4612623,1,女流-2018.9.28-中国式家长
2018-09-29,中国式家长,False,4614712,1,女流-2018.9.29-中国式家长
2018-09-30,心灵砒霜&戏说聊斋第十九期,True,4617033,4616400,2,女流-2018.9.30-心灵砒霜&戏说聊斋第十九期-弹幕版 | 女流-2018.9.30-心灵砒霜&戏说聊斋第十九期
2018-10-02,Jalopy（老爷车）,False,4619001,1,女流-2018.10.2-Jalopy（老爷车）
2018-10-03,女流66生日快乐,False,4621569,4620313,2,女流-2018.10.3-女流66生日快乐-弹幕版 | 女流-2018.10.3-女流66生日快乐
2018-10-03,女流66生日特辑（来自各个分部）,False,4620323,1,女流-2018.10.3-女流66生日特辑（来自各个分部）
2018-10-05,Jalopy（老爷车）,False,4623186,1,女流-2018.10.5-Jalopy（老爷车）
2018-10-06,Hue,False,4624907,1,女流-2018.10.6-Hue
2018-10-07,心灵砒霜,True,4626249,4625918,2,女流-2018.10.7-心灵砒霜弹幕版 | 女流-2018.10.7-心灵砒霜
2018-10-08,拣爱&Old School Musical,False,4627904,1,女流-2018.10.8-拣爱&Old School Musical
2018-10-10,超级马里奥派对,False,4632146,1,女流-2018.10.10-超级马里奥派对
2018-10-11,阳光路，关爱自闭症儿童,False,4634790,1,女流-2018.10.11-阳光路，关爱自闭症儿童
2018-10-12,超级马里奥派对,False,4637755,1,女流-2018.10.12-超级马里奥派对
2018-10-14,心灵砒霜,True,4644188,4642339,2,女流-2018.10.14-心灵砒霜-弹幕版 | 女流-2018.10.14-心灵砒霜
2018-10-16,超级马里奥派对,False,4648180,1,女流-2018.10.16-超级马里奥派对
2018-10-19,Sheltered（庇护所）,False,4657003,1,女流-2018.10.19-Sheltered（庇护所）
2018-10-20,Sheltered（庇护所）,False,4659464,1,女流-2018.10.20-Sheltered（庇护所）
2018-10-21,三周年游戏混剪（007）,True,4204303,1,女流-2018.10.21-三周年游戏混剪（007）
2018-10-23,Breathedge（呼吸边缘）,False,4666674,1,女流-2018.10.23-Breathedge（呼吸边缘）
2018-10-24,冰火王权Regins,False,4668945,1,女流-2018.10.24-冰火王权Regins
2018-10-26,荒野大镖客：救赎2,False,4674387,1,女流-2018.10.26-荒野大镖客：救赎2
2018-10-27,荒野大镖客2,False,4676355,1,女流-2018.10.27-荒野大镖客2
2018-10-28,荒野大镖客：救赎2,False,4678152,1,女流-2018.10.28-荒野大镖客：救赎2
2018-10-29,荒野大镖客：救赎2,False,4680667,1,女流-2018.10.29-荒野大镖客：救赎2
2018-10-30,荒野大镖客：救赎2,False,4683270,1,女流-2018.10.30-荒野大镖客：救赎2
2018-10-31,荒野大镖客：救赎2,False,4685350,1,女流-2018.10.31-荒野大镖客：救赎2
2018-11-02,明日之后+荒野大镖客：救赎2,False,4691398,1,女流-2018.11.2-明日之后+荒野大镖客：救赎2
2018-11-04,心灵砒霜,True,4695275,4694449,2,女流-2018.11.4-心灵砒霜-弹幕版 | 女流-2018.11.4-心灵砒霜
2018-11-05,荒野大镖客：救赎2,False,4696762,1,女流-2018.11.5-荒野大镖客：救赎2
2018-11-06,荒野大镖客：救赎2,False,4699126,1,女流-2018.11.6-荒野大镖客：救赎2
2018-11-08,荒野大镖客2：救赎,False,4704054,1,女流-2018.11.8-荒野大镖客2：救赎
2018-11-09,荒野大镖客：救赎2,False,4706494,1,女流-2018.11.9-荒野大镖客：救赎2
2018-11-10,荒野大镖客：救赎2,False,4708260,1,女流-2018.11.10-荒野大镖客：救赎2
2018-11-12,荒野大镖客：救赎2,False,4712729,1,女流-2018.11.12-荒野大镖客：救赎2
2018-11-13,荒野大镖客：救赎2,False,4715092,1,女流-2018.11.13-荒野大镖客：救赎2
2018-11-14,欢迎BBC来到女流直播间,False,4716083,1,女流-2018.11.14-欢迎BBC来到女流直播间
2018-11-14,荒野大镖客：救赎2,False,4717409,1,女流-2018.11.14-荒野大镖客：救赎2
2018-11-16,超级马里奥派对&荒野大镖客：救赎2,False,4722896,1,女流-2018.11.16-超级马里奥派对&荒野大镖客：救赎2
2018-11-17,Earthworms（蚯蚓）,False,4724575,1,女流-2018.11.17-Earthworms（蚯蚓）
2018-11-18,心灵砒霜,True,4726594,4726115,2,女流-2018.11.18-心灵砒霜-弹幕版 | 女流-2018.11.18-心灵砒霜
2018-11-20,Do Not Feed the Monkeys,False,4730727,1,女流-2018.11.20-Do Not Feed the Monkeys
2018-11-21,Do Not Feed the Monkeys,False,4732922,1,女流-2018.11.21-Do Not Feed the Monkeys
2018-11-23,中国青年好网民（P3有66呦）,False,4737904,1,女流-2018.11.23-中国青年好网民（P3有66呦）
2018-11-25,心灵砒霜,True,4741571,4741507,2,女流-2018.11.25-心灵砒霜-弹幕版 | 女流-2018.11.25-心灵砒霜
2018-11-26,古剑奇谭,False,4743699,1,女流-2018.11.26-古剑奇谭
2018-11-27,户外聊一小会儿,False,4746405,1,女流-2018.11.27-户外聊一小会儿
2018-11-28,古剑奇谭,False,4753179,1,女流-2018.11.28-古剑奇谭
2018-11-29,不可思议之梦蝶,False,4751526,1,女流-2018.11.29-不可思议之梦蝶
2018-11-29,古剑奇谭,False,4753948,1,女流-2018.11.29-古剑奇谭
2018-12-01,欢乐斗地主&古剑奇谭,False,4755826,1,女流-2018.12.1-欢乐斗地主&古剑奇谭
2018-12-02,心灵砒霜,True,4759318,4757048,2,女流-2018.12.2-心灵砒霜-弹幕版 | 女流-2018.12.2-心灵砒霜
2018-12-02,请叫我女流55,False,4756910,1,女流-2018.12.2-请叫我女流55
2018-12-03,古剑奇谭,False,4759690,1,女流-2018.12.3-古剑奇谭
2018-12-04,古剑奇谭,False,4762377,1,女流-2018.12.4-古剑奇谭
2018-12-06,古剑奇谭,False,4767323,1,女流-2018.12.6-古剑奇谭
2018-12-07,古剑奇谭,False,4770094,1,女流-2018.12.7-古剑奇谭
2018-12-08,任天堂明星大乱斗特别版,False,4772330,1,女流-2018.12.8-任天堂明星大乱斗特别版
2018-12-08,古剑奇谭,False,4772541,1,女流-2018.12.8-古剑奇谭
2018-12-09,心灵砒霜,True,4773762,1,女流-2018.12.9-心灵砒霜
2018-12-10,彩虹坠入(Iris.Fall),False,4776091,1,女流-2018.12.10-彩虹坠入(Iris.Fall)
2018-12-11,任天堂明星大乱斗特别版,False,4778405,1,女流-2018.12.11-任天堂明星大乱斗特别版
2018-12-14,Farm Simulator 19,False,4786386,1,女流-2018.12.14-Farm Simulator 19
2018-12-14,斗地主之神表演赛,False,4786031,1,女流-2018.12.14-斗地主之神表演赛
2018-12-15,Farm Simulator 19,False,4787968,1,女流-2018.12.15-Farm Simulator 19
2018-12-16,心灵砒霜,True,4790314,4789620,2,女流-2018.12.16-心灵砒霜-弹幕版 | 女流-2018.12.16-心灵砒霜
2018-12-17,模拟农场19,False,4792138,1,女流-2018.12.17-模拟农场19
2018-12-18,幽林怪谈,False,4795387,1,女流-2018.12.18-幽林怪谈
2018-12-19,GRIS,False,4797700,1,女流-2018.12.19-GRIS
2018-12-21,Treasure Hunter Simulator（宝藏猎人模拟器）,False,4803056,1,女流-2018.12.21-Treasure Hunter Simulator（宝藏猎人模拟器）
2018-12-22,Return of the Obra Dinn(奥布拉丁恩的回归),False,4805171,1,女流-2018.12.22-Return of the Obra Dinn(奥布拉丁恩的回归)
2018-12-23,心灵砒霜,True,4807883,4806986,2,女流-2018.12.23-心灵砒霜-弹幕版 | 女流-2018.12.23-心灵砒霜
2018-12-24,Return of the Obra Dinn(奥布拉丁恩的回归),False,4810142,1,女流-2018.12.24-Return of the Obra Dinn(奥布拉丁恩的回归)
2018-12-25,Kingdom Rush Origins（王国保卫战起源）,False,4812563,1,女流-2018.12.25-Kingdom Rush Origins（王国保卫战起源）
2018-12-26,Pummel Party（揍击派对）,False,4815317,1,女流-2018.12.26-Pummel Party（揍击派对）
2018-12-28,Parkitect(游乐园建造师),False,4820550,1,女流-2018.12.28-Parkitect(游乐园建造师)
2018-12-31,156277明天会更好,False,4828112,1,女流-2018.12.31-156277明天会更好
2018-12-31,2017感谢有你,False,4167422,1,女流-12.31-2017感谢有你
2018-12-31,大周脚展,False,4167402,1,女流-12.31-大周脚展-弹幕版
2018-12-31,心灵砒霜,True,4167351,1,女流-12.31-心灵砒霜-弹幕版
2019-01-01,Life Goes On（生生不息）,False,4829319,1,女流-2019.1.1-Life Goes On（生生不息）
2019-01-02,The Room Three (未上锁的房间3),False,4831809,1,女流-2019.1.2-The Room Three (未上锁的房间3)
2019-01-03,The Room Three (未上锁的房间3),False,4834376,1,女流-2019.1.3-The Room Three (未上锁的房间3)
2019-01-04,Equilinox（自然生态）,False,4837321,1,女流-2019.1.4-Equilinox（自然生态）
2019-01-06,心灵砒霜,True,4842351,4841608,2,女流-2019.1.6-心灵砒霜-弹幕版 | 女流-2019.1.6-心灵砒霜
2019-01-07,Human Fall Falt & Equilinox,False,4844762,1,女流-2019.1.7-Human Fall Falt & Equilinox
2019-01-08,奇妙探险队,False,4847291,1,女流-2019.1.8-奇妙探险队
2019-01-09,奇妙探险队,False,4850598,1,女流-2019.1.9-奇妙探险队
2019-01-11,了不起的修仙模拟器,False,4856613,1,女流-2019.1.11-了不起的修仙模拟器
2019-01-12,了不起的修仙模拟器,False,4859355,1,女流-2019.1.12-了不起的修仙模拟器
2019-01-13,心灵砒霜,True,4861698,4861283,2,女流-2019.1.13-心灵砒霜-弹幕版 | 女流-2019.1.13-心灵砒霜
2019-01-14,了不起的修仙模拟器,False,4864624,1,女流-2019.1.14-了不起的修仙模拟器
2019-01-15,Yoku s Island Express（尤库的小岛速递）,False,4867181,1,女流-2019.1.15-Yoku s Island Express（尤库的小岛速递）
2019-01-16,波西亚时光,False,4869936,1,女流-2019.1.16-波西亚时光
2019-01-18,Rakuen(乐园),False,4876456,1,女流-2019.1.18-Rakuen(乐园)
2019-01-20,乐园&心灵砒霜,True,4881886,1,女流-2019.1.20-乐园&心灵砒霜
2019-01-20,心灵砒霜,True,4882221,1,女流-2019.1.20-心灵砒霜-弹幕版
2019-01-21,四周年各部视频合集,False,4885083,1,女流-2019.1.21-四周年各部视频合集
2019-01-21,四年了，感谢有你,False,4887470,4884596,2,女流-2019.1.21-四年了，感谢有你-弹幕版 | 女流-2019.1.21-四年了，感谢有你
2019-01-23,Dig or Die,False,4891228,1,女流-2019.1.23-Dig or Die
2019-01-24,勇者斗恶龙创世小玩家2,False,4894180,1,女流-2019.1.24-勇者斗恶龙创世小玩家2
2019-01-25,勇者斗恶龙创世小玩家2,False,4897438,1,女流-2019.1.25-勇者斗恶龙创世小玩家2
2019-01-26,勇者斗恶龙创世小玩家2,False,4899266,1,女流-2019.1.26-勇者斗恶龙创世小玩家2
2019-01-27,心灵砒霜,True,4901810,1,女流-2019.1.27-心灵砒霜
2019-01-31,勇者斗恶龙创世小玩家2,False,4911437,1,女流-2019.1.31-勇者斗恶龙创世小玩家2
2019-02-01,勇者斗恶龙创世小玩家2,False,4913929,1,女流-2019.2.1-勇者斗恶龙创世小玩家2
2019-02-02,勇者斗恶龙创世小玩家2,False,4916200,1,女流-2019.2.2-勇者斗恶龙创世小玩家2
2019-02-03,勇者斗恶龙创世小玩家2,False,4918410,1,女流-2019.2.3-勇者斗恶龙创世小玩家2
2019-02-04,回内蒙过年啦，大家新年快乐,False,4920485,1,女流-2019.2.4-回内蒙过年啦，大家新年快乐
2019-02-14,勇者斗恶龙创世小玩家2,False,4941391,1,女流-2019.2.14-勇者斗恶龙创世小玩家2
2019-02-15,勇者斗恶龙创世小玩家2,False,4944335,1,女流-2019.2.15-勇者斗恶龙创世小玩家2
2019-02-16,勇者斗恶龙创世小玩家2,False,4946823,1,女流-2019.2.16-勇者斗恶龙创世小玩家2
2019-02-17,心灵砒霜,True,4949318,1,女流-2019.2.17-心灵砒霜-弹幕版
2019-02-18,勇者斗恶龙创世小玩家2,False,4951652,1,女流-2019.2.18-勇者斗恶龙创世小玩家2
2019-02-21,勇者斗恶龙创世小玩家2,False,4961883,1,女流-2019.2.21-勇者斗恶龙创世小玩家2
2019-02-23,勇者斗恶龙创世小玩家2,False,4968033,1,女流-2019.2.23-勇者斗恶龙创世小玩家2
2019-02-24,心灵砒霜,True,4970765,4970086,2,女流-2019.2.24-心灵砒霜-弹幕版 | 女流-2019.2.24-心灵砒霜
2019-02-25,6酱又来唱歌啦,False,4973310,1,女流-2019.2.25-6酱又来唱歌啦
2019-02-27,Mages of Mystralia （秘奥法师）,False,4979288,1,女流-2019.2.27- Mages of Mystralia （秘奥法师）
2019-03-01,特技摩托：崛起&秘奥法师,False,4985423,1,女流-2019.3.1-特技摩托：崛起&秘奥法师
2019-03-02,Mages of Mystralia （秘奥法师）&特技摩托：崛起,False,4987876,1,女流-2019.3.2-Mages of Mystralia （秘奥法师）&特技摩托：崛起
2019-03-03,心灵砒霜,True,4991712,1,女流-2019.3.3-心灵砒霜-弹幕版
2019-03-03,心灵砒霜&特技摩托：崛起,True,4989814,1,女流-2019.3.3-心灵砒霜&特技摩托：崛起
2019-03-04,嗜血印&特技摩托：崛起,False,4992698,1,女流-2019.3.4-嗜血印&特技摩托：崛起
2019-03-06,探班 From Software 隻狼,False,4998782,1,女流-2019.3.6-探班 From Software  隻狼
2019-03-07,鬼泣5发布会后台（画质感人敬请谅解）,False,5002265,1,女流-2019.3.7-鬼泣5发布会后台（画质感人敬请谅解）
2019-03-09,Devi May Cry 5 《鬼泣5》,False,5008935,1,女流-2019.3.9-Devi May Cry 5 《鬼泣5》
2019-03-10,Devi May Cry 5 《鬼泣5》,False,5011369,1,女流-2019.3.10-Devi May Cry 5 《鬼泣5》
2019-03-10,心灵砒霜,True,5012009,5011352,2,女流-2019.3.10-心灵砒霜-弹幕版 | 女流-2019.3.10-心灵砒霜
2019-03-13,Devi May Cry 5 《鬼泣5》,False,5020913,1,女流-2019.3.13-Devi May Cry 5 《鬼泣5》
2019-03-14,特技摩托：崛起,False,10002952,1,女流-2019.3.14-特技摩托：崛起
2019-03-15,Baba Is You,False,10006046,1,女流-2019.3.15-Baba Is You
2019-03-16,只狼&特技摩托：崛起,False,10008549,1,女流-2019.3.16-只狼&特技摩托：崛起
2019-03-18,心灵砒霜,True,10013069,1,女流-2019.3.18-心灵砒霜-弹幕版
2019-03-18,特技摩托：崛起,False,10014556,1,女流-2019.3.18-特技摩托：崛起
2019-03-19,猫里奥,False,10018970,1,女流-2019.3.19-猫里奥
2019-03-22,只狼,False,10036493,1,女流-2019.3.22-只狼
2019-03-23,只狼,False,10036198,1,女流-2019.3.23-只狼
2019-03-24,只狼,False,10039992,1,女流-2019.3.24-只狼
2019-03-25,只狼,False,10040545,1,女流-2019.3.25-只狼
2019-03-26,《只狼》媒体体验会,False,10043642,1,女流-2019.3.26-《只狼》媒体体验会
2019-03-29,只狼&疑案追声,False,10057218,1,女流-2019.3.29-只狼&疑案追声
2019-03-30,猫里奥,False,10060526,1,女流-2019.3.30-猫里奥
2019-04-02,新浪游戏年度盛典,True,10071047,1,女流-2019.04.02-新浪游戏年度盛典
2019-04-03,游请制作人,False,10075064,1,女流-2019.4.3-游请制作人
2019-04-05,雨中暴毙2,False,10082659,1,女流-2019.4.5-雨中暴毙2
2019-04-06,疑案追声&雨中暴毙2,False,10086101,1,女流-2019.4.6-疑案追声&雨中暴毙2
2019-04-07,心灵砒霜,True,10093198,10089007,2,女流-2019.4.7-心灵砒霜-弹幕版 | 女流-2019.4.7-心灵砒霜
2019-04-12,Supraland,False,10110418,1,女流-2019.4.12-Supraland
2019-04-13,Supraland,False,10113845,1,女流-2019.4.13-Supraland
2019-04-14,心灵砒霜,True,10117506,1,女流-2019.4.14-心灵砒霜
2019-04-19,浮岛物语,False,10137206,1,女流-2019.4.19-浮岛物语
2019-04-21,心灵砒霜,True,10143087,1,女流-2019.4.21-心灵砒霜
2019-04-21,戏说封神第1期,False,10157954,1,女流-2019.4.21-戏说封神第1期
2019-04-22,浮岛物语,False,10149668,1,女流-2019.4.22-浮岛物语
2019-04-23,心灵砒霜,True,10150917,1,女流-2019.4.23-心灵砒霜-弹幕版
2019-04-23,戏说封神第2期,False,10157993,1,女流-2019.4.23-戏说封神第2期
2019-04-23,武士零,False,10151288,1,女流-2019.4.23-武士零
2019-04-26,Hardware Engineers,False,10161622,1,女流-2019.04.26-Hardware Engineers
2019-04-26,戏说封神第3期,False,10161687,1,女流-2019.4.26-戏说封神第3期
2019-04-27,戏说封神,False,10164751,1,女流-2019.4.27-戏说封神
2019-04-27,聊天封神看电影,True,10164722,1,女流-2019.4.27-聊天封神看电影
2019-04-28,心灵砒霜,True,10171020,1,女流-2019.4.28-心灵砒霜-弹幕版
2019-04-29,Biped,False,10170959,1,女流-2019-4-29-Biped
2019-04-29,戏说封神第五期,False,10170970,1,女流-2019.4.29-戏说封神第五期
2019-04-30,戏说封神第六期,False,10174460,1,女流-2019.4.30-戏说封神第六期
2019-05-01,戏说封神第七期,False,10184445,1,女流-2019.5.1-戏说封神第七期
2019-05-01,迷雾侦探,False,10184551,1,女流-2019-5.1-迷雾侦探
2019-05-03,戏说封神第八期,False,10184427,1,女流-2019.5.3-戏说封神第八期
2019-05-03,迷雾侦探,False,10184490,1,女流-2019-5.3-迷雾侦探
2019-05-04,戏说封神第九期,False,10184747,1,女流-2019.5.4-戏说封神第九期
2019-05-04,迷雾侦探,False,10184723,1,女流-2019-5.4-迷雾侦探
2019-05-05,心灵砒霜,True,10188313,10187860,2,女流-2019.5.5-心灵砒霜-弹幕版 | 女流-2019.5.5-心灵砒霜
2019-05-06,戏说封神第十期,False,10190735,1,女流-2019.5.6-戏说封神第十期
2019-05-08,戏说封神第十一期,False,10197236,1,女流-2019.5.8-戏说封神第十一期
2019-05-10,戏说封神第十二期_1,False,10204101,1,女流-2019.5.10-戏说封神第十二期_1
2019-05-10,迷雾侦探&大富翁,False,10204199,1,女流-2019.5.10-迷雾侦探&大富翁
2019-05-11,北京核聚变现场,False,10207307,1,女流-2019.5.11-北京核聚变现场
2019-05-12,心灵砒霜,True,10214340,10210577,2,女流-2019.5.12-心灵砒霜-弹幕版 | 女流-2019.5.12-心灵砒霜
2019-05-12,戏说封神番外,False,10210502,1,女流-2019.5.12-戏说封神番外-土行孙和邓婵玉不得不说的故事
2019-05-14,Winkeltje&你点我唱,False,10218109,1,女流-2019.5.14-Winkeltje&你点我唱
2019-05-15,和老七玩玩丫嗦,False,10221373,1,女流-2019.5.15-和老七玩玩丫嗦
2019-05-15,戏说封神第十三期,False,10221262,1,女流-2019.5.15-戏说封神第十三期
2019-05-17,瘟疫传说,False,10228874,1,女流-2019.5.17-瘟疫传说
2019-05-19,心灵砒霜,True,10238504,10234602,2,女流-2019.5.19-心灵砒霜-弹幕版 | 女流-2019.5.19-心灵砒霜
2019-05-20,戏说封神第十五期,False,10238960,1,女流-2019.5.20-戏说封神第十五期
2019-05-20,瘟疫传说,False,10241474,1,女流-2019.5.20-瘟疫传说
2019-05-22,戏说封神第十六期,False,10245320,1,女流-2019.5.22-戏说封神第十六期
2019-05-24,王国之心,False,10252450,1,女流-2019.5.24-王国之心
2019-05-26,心灵砒霜,True,10260252,1,女流-2019.5.26-心灵砒霜-弹幕版
2019-05-26,戏说封神第十七期,False,10257517,1,女流-2019.5.26-戏说封神第十七期
2019-05-27,Sea of Thieves,False,10261079,1,女流-2019.5.27-Sea of Thieves
2019-05-28,Sea of Thieves,False,10264375,1,女流-2019.5.28-Sea of Thieves
2019-05-28,戏说封神第十八期,False,10271456,1,女流-2019.5.28-戏说封神第十八期
2019-05-29,Sea of Thieves,False,10267844,1,女流-2019.5.29-Sea of Thieves
2019-05-30,全面战争模拟器,False,10271184,1,女流-2019.5.30-全面战争模拟器
2019-06-01,猫和老鼠欢乐公测,False,10280867,1,女流-2019.6.1-猫和老鼠欢乐公测
2019-06-02,心灵砒霜,True,10280933,1,女流-2019.6.2-心灵砒霜
2019-06-03,Sea of Thieves,False,10284018,1,女流-2019.6.3-Sea of Thieves
2019-06-06,回家浪里个啷,False,10294033,1,女流-2019.6.6-回家浪里个啷
2019-06-08,Cooking Simulator,False,10299692,1,女流-2019.6.8-Cooking Simulator
2019-06-09,心灵砒霜,True,10304939,10302148,2,女流-2019.6.9-心灵砒霜-弹幕版 | 女流-2019.6.9-心灵砒霜
2019-06-10,Cooking Simulator&全面战争模拟器,False,10305540,1,女流-2019.6.10-Cooking Simulator&全面战争模拟器
2019-06-13,E3游戏展现场,False,10318866,1,女流-2019.6.13-E3游戏展现场
2019-06-16,心灵砒霜,True,10329225,10325904,2,女流-2019.6.16-心灵砒霜-弹幕版 | 女流-2019.6.16-心灵砒霜
2019-06-17,作业疯了,False,10330630,1,女流-2019.6.17-作业疯了
2019-06-18,疑案追声,False,10332690,1,女流-2019.6.18-疑案追声
2019-06-19,Pummel Party,False,10336144,1,女流-2019.6.19-Pummel Party
2019-06-21,游戏前聊10块钱的,True,10342995,1,女流-2019.6.21-游戏前聊10块钱的
2019-06-22,Sky光·遇&节奏海拉鲁,False,10346043,1,女流-2019.6.22-Sky光·遇&节奏海拉鲁
2019-06-23,心灵砒霜,True,10352132,10348682,2,女流-2019.6.23-心灵砒霜-弹幕版 | 女流-2019.6.23-心灵砒霜
2019-06-24,节奏海拉鲁,False,10352181,1,女流-2019.6.24-节奏海拉鲁
2019-06-25,圣书物语,False,10355697,1,女流-2019.6.25-圣书物语
2019-06-26,My Friend Pedro,False,10358736,1,女流-2019.6.26-My Friend Pedro
2019-06-28,19.6.28--HARDCORE MECHA,False,10366357,1,女流-2019.6.28--HARDCORE MECHA
2019-06-29,非常英雄,False,10369079,1,女流-2019.6.29-非常英雄
2019-06-30,心灵砒霜,True,10371823,1,女流-2019.6.30-心灵砒霜
2019-07-02,Bossgard,False,10379501,1,女流-2019.7.2-Bossgard
2019-07-07,戏说封神第二十一期,False,10398603,1,女流-2019.7.7-戏说封神第二十一期
2019-07-07,戏说封神第二十一期&心灵砒霜,True,10399675,1,女流-2019.7.7-戏说封神第二十一期&心灵砒霜-弹幕版
2019-07-10,Sky Noon &人类一败涂地,False,10411735,1,女流-2019.7.10-Sky Noon &人类一败涂地
2019-07-12,Northgard,False,10422318,1,女流-2019.7.12-Northgard
2019-07-14,心灵砒霜,True,10442583,10430739,2,女流-2019.7.14-心灵砒霜-弹幕版 | 女流-2019.7.14-心灵砒霜
2019-07-20,天下第一斗歌大会,False,10514048,1,女流-2019.7.20-天下第一斗歌大会
2019-07-21,天下第一斗歌大会,False,10513103,1,女流-2019.7.21-天下第一斗歌大会
2019-07-22,心灵砒霜,True,10518584,1,女流-2019.7.22-心灵砒霜
2019-07-26,2020东京奥运，66号选手请准备,False,10591122,1,女流-2019.7.26-2020东京奥运，66号选手请准备
2019-07-28,心灵砒霜,True,10613129,10607723,2,女流-2019.7.28-心灵砒霜-弹幕版 | 女流-2019.7.28-心灵砒霜
2019-07-29,天下第一斗歌大会,False,10634077,1,女流-2019.7.29-天下第一斗歌大会
2019-07-30,牧场物语，不种地是不可能的,False,10646808,1,女流-2019.7.30-牧场物语，不种地是不可能的
2019-08-02,女流带你走进2019ChinaJoy现场,False,10659369,1,女流-2019.8.2-女流带你走进2019ChinaJoy现场
2019-08-04,心灵砒霜,True,10678520,1,女流-2019.8.4-心灵砒霜-弹幕版
2019-08-07,Jump King,False,10678313,1,女流-2019.8.7-Jump King
2019-08-18,心灵砒霜,True,10777155,10767353,2,女流-2019.8.18-心灵砒霜弹幕版 | 女流-2019.8.18-心灵砒霜
2019-08-23,遗迹灰烬重生,False,10803804,1,女流-2019.8.23-遗迹灰烬重生
2019-08-25,心灵砒霜,True,10814645,10809369,2,女流-2019.8.25-心灵砒霜弹幕版 | 女流-2019.8.25-心灵砒霜
2019-08-30,Heave Ho&死神对决,False,10841151,1,女流-2019.8.30-Heave Ho&死神对决
2019-09-03,双人配合Heave Ho,False,10863183,1,女流-2019.9.3-双人配合Heave Ho
2019-09-05,大雄好久不见,False,10875058,1,女流-2019.9.5-大雄好久不见
2019-09-09,心灵砒霜,True,10905302,10898529,2,女流-2019.9.9-心灵砒霜-弹幕版 | 女流-2019.9.9-心灵砒霜
2019-09-10,怪物猎人：世界 冰原,False,10917297,1,女流 -2019.9.10-怪物猎人：世界 冰原
2019-09-14,怪物猎人：世界 冰原,False,10954601,1,女流-2019.9.14-怪物猎人：世界 冰原
2019-09-15,心灵砒霜,True,10968579,1,女流-2019.9.15-心灵砒霜
2019-09-23,塞尔达传说 织梦岛,False,11164528,1,女流-2019.09.23-塞尔达传说 织梦岛
2019-09-25,A Short Hike,False,11171141,1,女流-2019.9.25-A Short Hike
2019-09-28,Green Hell,False,11258173,1,女流-2019.09.28-Green Hell
2019-10-06,心灵砒霜,True,11303068,1,女流-2019.10.6-心灵砒霜
2019-10-13,心灵砒霜,True,11374339,11369531,2,女流-2019.10.13-心灵砒霜弹幕版 | 女流-2019.10.13-心灵砒霜
2019-10-16,《西游记之大圣归来》体验会,False,11387366,1,女流-2019-10-16-《西游记之大圣归来》体验会
2019-10-17,牧场物语：重聚矿石镇,False,11396528,1,女流-2019.10.17-牧场物语：重聚矿石镇
2019-10-18,健身环大冒险&牧场物语：重聚矿石镇,True,11405767,1,女流-2019.10.18-健身环大冒险&牧场物语：重聚矿石镇
2019-10-20,牧场物语：重聚矿石镇,False,11429287,1,女流-2019.10.20-牧场物语：重聚矿石镇
2019-10-21,牧场物语：重聚矿石镇,False,11442746,1,女流-2019.10.21-牧场物语：重聚矿石镇
2019-10-23,牧场物语：重聚矿石镇,False,11458641,1,女流-2019.10.23-牧场物语：重聚矿石镇
2019-10-27,心灵砒霜,True,11498226,11492960,2,女流-2019.10.27-心灵砒霜弹幕版 | 女流-2019.10.27-心灵砒霜
2019-11-03,心灵砒霜,True,11553091,1,女流-2019.11.3-心灵砒霜
2019-11-04,心灵砒霜,True,11561209,1,女流-2019.11.4-心灵砒霜弹幕版
2019-11-07,没有信号，主要靠听,False,11629299,1,女流-2019.11.7-没有信号，主要靠听
2019-11-09,死亡搁浅,False,11618768,1,女流-2019.11.9-死亡搁浅
2019-11-10,心灵砒霜,True,11629445,11623266,2,女流-2019.11.10-心灵砒霜-弹幕版 | 女流-2019.11.10-心灵砒霜
2019-11-13,死亡搁浅,False,11651121,1,女流-2019.11.13-死亡搁浅
2019-11-17,心灵砒霜,True,11689940,11679668,2,女流-2019.11.17-心灵砒霜-弹幕版 | 女流-2019.11.17-心灵砒霜
2019-11-20,We werehere together,False,11707262,1,女流-2019.11.20-We werehere together
2019-11-24,怪物猎人狩猎季,False,11740245,1,女流-2019.11.24-怪物猎人狩猎季
2019-11-26,Tangle Tower,False,11780573,1,女流-2019.11.26-Tangle Tower
2019-11-29,Farmers Dynasty,False,11786188,1,女流-2019.11.29-Farmers Dynasty
2019-12-01,心灵砒霜,True,11814290,11807532,2,女流-2019.12.1-心灵砒霜-弹幕版 | 女流-2019.12.1-心灵砒霜
2019-12-03,2019.12.3,False,11823157,1,2019.12.3-2019.12.3-系统认证的好听
2019-12-08,心灵砒霜,True,11889199,1,女流-2019.12.8-心灵砒霜
2019-12-09,佩奇的唱歌歌友会,False,11901272,1,女流-2019.12.9-佩奇的唱歌歌友会
2019-12-10,游戏前聊10块钱的,True,11901879,1,P1-2019.12.10-游戏前聊10块钱的
2019-12-13,Raft姐弟大海漂流记,False,11936638,1,女流-2019.12.13-Raft姐弟大海漂流记
2019-12-15,心灵砒霜,True,12027566,12025646,2,女流-2019.12.15-心灵砒霜弹幕版 | 女流-2019.12.15-心灵砒霜
2019-12-18,Raft,False,12045067,1,女流-2019.12.18-Raft
2019-12-20,Feel The Snow&Ashen,False,12115123,1,女流-2019.12.20-Feel The Snow&Ashen
2019-12-21,Ashen,False,12117242,1,女流-2019.12.21- Ashen
2019-12-22,心灵砒霜,True,12126748,1,女流-2019.12.22-心灵砒霜
2019-12-23,心灵砒霜,True,12132513,1,女流-2019.12.23-心灵砒霜-弹幕版
2019-12-27,你的脑年龄是几岁,False,12167053,1,女流-2019.12.27-你的脑年龄是几岁
2019-12-29,心灵砒霜,True,12201808,1,女流-2019.12.29-心灵砒霜
2020-01-01,新年快乐,False,12216546,1,女流-2020.1.1-新年快乐
2020-01-01,游戏前聊10块钱的,True,12228285,1,P1-2020.1.1-游戏前聊10块钱的
2020-01-02,莎木3,False,12228063,1,女流-2020.1.2-莎木3
2020-01-03,莎木3,False,12235973,1,女流-2020.1.3-莎木3
2020-01-05,心灵砒霜,True,12260389,12249405,2,女流-2020.1.5-心灵砒霜-弹幕版 | 女流-2020.1.5-心灵砒霜
2020-01-12,心灵砒霜,True,12384734,12377037,2,女流-2020.1.12-心灵砒霜弹幕版 | 女流-2020.1.12-心灵砒霜
2020-01-16,时光之帽,False,12451122,1,女流-2020.1.16-时光之帽
2020-01-19,心灵砒霜,True,12570465,12538378,2,女流-2020.1.19-心灵砒霜弹幕版 | 女流-2020.1.19-心灵砒霜
2020-02-04,符文工坊4模拟经营,False,12711755,12711385,12711102,3,女流-2020.2.4-符文工坊4模拟经营 | 女流-2020.2.4-符文工坊4模拟经营 | 女流-2020.2.4-符文工坊4模拟经营
2020-02-05,符文工坊4模拟经营,False,12723574,1,女流-2020.2.5-符文工坊4模拟经营
2020-02-07,符文工坊4模拟经营,False,12749038,1,女流-2020.2.7-符文工坊4模拟经营
2020-02-08,符文工坊4模拟经营,False,12792434,1,女流-2020.2.8-符文工坊4模拟经营
2020-02-12,符文工坊4模拟经营,False,12855194,12855002,2,女流-2020.2.12-符文工坊4模拟经营 | 女流-2020.2.12-符文工坊4模拟经营
2020-02-13,符文工坊4模拟经营,False,12914023,12905916,2,女流-2020.2.13-符文工坊4模拟经营 | 女流-2020.2.13-符文工坊4模拟经营
2020-02-15,游戏前聊10块钱的,True,12938585,1,P1-2020.2.15-游戏前聊10块钱的
2020-02-19,符文工坊4模拟经营,False,12997193,12996456,2,女流-2020.2.19-符文工坊4模拟经营 | 女流-2020.2.19-符文工坊4模拟经营
2020-02-20,符文工坊4模拟经营,False,13017787,1,女流-2020.2.20-符文工坊4模拟经营
2020-02-21,符文工坊4模拟经营,False,13046953,13046596,2,女流-2020.2.21-符文工坊4模拟经营 | 女流-2020.2.21-符文工坊4模拟经营
2020-02-23,符文工坊4模拟经营,False,13135544,1,女流-2020.2.23-符文工坊4模拟经营
2020-02-24,疫情防控知识问答,False,13171321,1,女流-2020.2.24-疫情防控知识问答
2020-02-25,聊一百块钱的,False,13207490,1,女流-2020.2.25-聊一百块钱的
2020-02-28,雀魂,False,13298989,13293030,2,女流-2020.2.28-雀魂 | 女流-2020.2.28-雀魂
2020-02-29,雀魂,False,13328079,1,女流-2020.2.29-雀魂
2020-03-02,陶艺大师,False,13362785,1,女流-2020.3.2-陶艺大师
2020-03-04,月影之塔,False,13514908,13513411,2,女流-2020.3.4-月影之塔 | 女流-2020.3.4-月影之塔
2020-03-06,吟诵者,False,13533751,1,女流-2020.03.6-吟诵者
2020-03-07,吟诵者,False,13576435,1,女流-2020.03.7-吟诵者
2020-03-10,吟诵者,False,13619965,13619182,2,女流-2020.3.10-吟诵者 | 女流-2020.3.10-吟诵者
2020-03-11,奥日2,False,13667371,13663922,2,女流-2020.3.11-奥日2 | 女流-2020.3.11-奥日2
2020-03-12,奥日2,False,13809459,1,女流-2020.3.12-奥日2
2020-03-13,奥日2&仁王2,False,13850617,1,女流-2020.3.13-奥日2&仁王2
2020-03-14,仁王2,False,13873032,13873711,2,女流-2020.3.14-仁王2 | 女流-2020.3.14-仁王2
2020-03-16,仁王2,False,13922064,13921910,2,女流-2020.3.16-仁王2 | 女流-2020.3.16-仁王2
2020-03-18,仁王2,False,13969834,13969689,2,女流-2020.3.18-仁王2 | 女流-2020.3.18-仁王2
2020-03-21,仁王2,False,14087923,14087782,2,女流-2020.3.21-仁王2 | 女流-2020.3.21-仁王2
2020-03-22,集合啦！动物森友会,False,14112830,1,女流-2020.3.22-集合啦！动物森友会
2020-03-23,集合啦！动物森友会,False,14141028,1,女流-2020.03.23-集合啦！动物森友会
2020-03-24,集合啦！动物森友会,False,14247807,14212691,14207117,3,女流-2020.03.24-集合啦！动物森友会 | 女流-2020.03.24-集合啦！动物森友会 | 女流-2020.03.24-集合啦！动物森友会
2020-03-25,集合啦！动物森友会,False,14250412,14250423,2,女流-2020.03.25-集合啦！动物森友会 | 女流-2020.03.25-集合啦！动物森友会
2020-03-26,集合啦！动物森友会,False,14278877,14278376,2,女流-2020.03.26-集合啦！动物森友会 | 女流-2020.03.26-集合啦！动物森友会
2020-03-27,只只大冒险,False,14279131,1,女流-2020.03.27-只只大冒险
2020-03-29,踩高跷stilt fella,False,14355451,14354636,2,女流-2020.3.29-踩高跷stilt fella | 女流-2020.3.29-踩高跷stilt fella
2020-04-01,踩高跷stilt fella,False,14407628,14407301,2,女流--2020.4.1-踩高跷stilt fella | 女流--2020.4.1-踩高跷stilt fella
2020-04-02,集合啦！动物森友会&察言观色,False,14432591,1,女流-2020.04.02-集合啦！动物森友会&察言观色
2020-04-03,用心组装&巨著,False,14460973,1,女流-2020.4.3-用心组装&巨著
2020-04-07,半衰期 Alyx,False,14530449,1,女流-2020.04.07-半衰期 Alyx
2020-04-08,逆转裁判,False,14556632,1,女流-2020.4.8-逆转裁判
2020-04-10,逆转裁判2 异议,False,14625206,1,女流-2020.04.10-逆转裁判2 异议
2020-04-12,逆转裁判3 异议,False,14686496,1,女流-2020.04.12-逆转裁判3 异议
2020-04-14,逆转裁判3，异议！,False,14739585,1,女流-2020.04.14-逆转裁判3，异议！
2020-04-15,佩奇又来了！！！,False,14767644,1,女流-2020.04.15-佩奇又来了！！！
2020-04-18,逆转裁判3，异议！,False,14883639,1,女流-2020.04.18-逆转裁判3，异议！
2020-04-19,逆转裁判3，异议！,False,14908138,1,女流-2020.04.19-逆转裁判3，异议！
2020-04-27,宝石商人桌游局,False,15184212,1,女流-2020.4.27-宝石商人桌游局
2020-04-29,胡闹搬家,False,15228923,1,女流-2020.4.29-胡闹搬家
2020-05-04,恶果之地,False,15347812,1,女流-2020.5.4-恶果之地
2020-05-07,周四休息，佩奇上,False,15404822,15399618,2,女流-2020.5.7-周四休息，佩奇上 | 女流-2020.5.7-周四休息，佩奇上
2020-05-08,十年,False,15435107,1,女流-2020.5.8-十年
2020-05-09,冒险公社,False,15451024,1,女流-2020.5.9-冒险公社
2020-05-09,冬日计划,False,15450853,1,女流-2020.5.9-冬日计划
2020-05-10,冰与火之舞,False,15470460,1,女流-2020.5.10-冰与火之舞
2020-05-11,冰与火之舞,False,15496084,1,女流-2020.5.11-冰与火之舞
2020-05-12,活着真好，美梦成真,False,15495211,1,女流-2020.5.12-活着真好，美梦成真
2020-05-15,Hydroneer,False,15555303,1,女流-2020.5.15-Hydroneer
2020-05-16,Hydroneer,False,15574903,1,女流-2020.5.16-Hydroneer
2020-05-17,久违的心灵砒霜,True,15617457,15595878,2,女流-2020.5.17-久违的心灵砒霜-弹幕版 | 女流-2020.5.17-久违的心灵砒霜
2020-05-19,云城朋克,False,15658758,1,女流-2020.5.19-云城朋克
2020-05-21,女流网课时间，敲黑板，认真听,False,15681795,1,女流-2020.5.21-女流网课时间，敲黑板，认真听
2020-05-22,Tsioque,False,15703417,1,女流-2020.5.22-Tsioque
2020-05-24,心灵砒霜,True,15758557,15747471,2,女流-2020.5.24-心灵砒霜弹幕版 | 女流-2020.5.24-心灵砒霜
2020-05-28,节奏快打,False,15833367,1,女流-2020.5.28-节奏快打
2020-05-30,Poly Bridge,False,15895043,1,女流-2020.5.30-Poly Bridge
2020-05-31,心灵砒霜,True,15918867,1,女流-2020.5.31-心灵砒霜
2020-06-01,Poly Bridge 2,False,15959411,1,女流-2020.6.1-Poly Bridge 2
2020-06-03,Poly Bridge 2,False,15979907,1,女流-2020.6.3-Poly Bridge 2
2020-06-05,Poly Bridge 2&怒之铁拳,False,16018989,1,女流-2020.6.5-Poly Bridge 2&怒之铁拳
2020-06-07,心灵砒霜,True,16077154,16059071,2,女流-2020.6.7-心灵砒霜弹幕版 | 女流-2020.6.7-心灵砒霜
2020-06-08,怒之铁拳,False,16079680,1,女流-2020.06.08-怒之铁拳
2020-06-12,世界游戏大全51&荒野乱斗,False,16155971,1,女流-2020.06.12-世界游戏大全51&荒野乱斗
2020-06-13,世界游戏大全51&梦幻西游三维版 家园,False,16174797,1,女流-2020.06.13-世界游戏大全51&梦幻西游三维版 家园
2020-06-14,心灵砒霜&,True,16213808,1,女流-2020.6.14-心灵砒霜&弹幕版
2020-06-16,佩奇不来66来,False,16230754,1,女流-2020.06.16-佩奇不来66来
2020-06-20,最后生还者2,False,16304104,16303767,2,女流-2020.06.20-最后生还者2 | 女流-2020.06.20-最后生还者2
2020-06-21,最后生还者2,False,16319443,16319677,2,女流-2020.06.21-最后生还者2 | 女流-2020.06.21-最后生还者2
2020-06-23,Timelie&最强蜗牛,False,16355924,1,女流-2020.06.23-Timelie&最强蜗牛
2020-06-24,Among Trees,False,16382093,1,女流-2020.06.24-Among Trees
2020-06-26,盗贼之海,False,16474608,1,女流-2020.06.26-盗贼之海
2020-06-27,盗贼之海,False,16490061,1,女流-2020.06.27-盗贼之海
2020-06-28,心灵砒霜,True,16509817,16509272,2,女流-2020.6.28-心灵砒霜弹幕版 | 女流-2020.6.28-心灵砒霜
2020-07-01,盗贼之海,False,16594590,1,女流-2020.07.01-盗贼之海
2020-07-02,盗贼之海,False,16594526,1,女流-2020.07.02-盗贼之海
2020-07-03,螺旋风暴,False,16611265,1,女流-2020.7.3-螺旋风暴
2020-07-04,世界游戏大全51&江南百景图,False,16657662,1,女流-2020.7.4-世界游戏大全51&江南百景图
2020-07-07,世界游戏大全51,False,16704479,1,女流-2020.7.7-世界游戏大全51
2020-07-07,对马岛之鬼(下部分）,False,16879036,1,女流-2020.7.7-对马岛之鬼(下部分）
2020-07-08,世界游戏大全51,False,16719249,1,女流-2020.7.8-世界游戏大全51
2020-07-09,世界游戏大全51,False,16746931,1,女流-2020.7.9-世界游戏大全51
2020-07-10,世界游戏大全51,False,16747453,1,女流-2020.7.10-世界游戏大全51
2020-07-14,世界游戏大全51,False,16830939,1,女流-2020.7.14-世界游戏大全51
2020-07-16,输掉的佩奇，悲伤的唱,False,16876378,1,女流-2020.7.16-输掉的佩奇，悲伤的唱
2020-07-18,对马岛之鬼,False,16894131,1,女流-2020.7.18-对马岛之鬼
2020-07-18,对马岛之鬼(下部分）,False,16894792,1,女流-2020.7.18-对马岛之鬼(下部分）
2020-07-19,对马岛之鬼,False,16909140,16909224,2,女流-2020.7.19-对马岛之鬼 | 女流-2020.7.19-对马岛之鬼
2020-07-20,对马岛之鬼,False,16923130,16923327,2,女流-2020.7.20-对马岛之鬼 | 女流-2020.7.20-对马岛之鬼
2020-07-21,对马岛之鬼,False,16938446,1,女流-2020.7.21-对马岛之鬼
2020-07-22,对马岛之鬼,False,16975617,1,女流-2020.7.22-对马岛之鬼
2020-07-24,对马岛之鬼,False,17006418,1,女流-2020.7.24-对马岛之鬼
2020-07-25,Superliminal&梦幻西游,False,17023955,1,女流-2020.7.25-Superliminal&梦幻西游
2020-07-26,怒海余生,False,17055755,1,女流-2020.7.26-怒海余生
2020-07-27,纸片马里奥,False,17057112,1,女流-2020.7.27-纸片马里奥
2020-08-01,纸片马里奥,False,17171064,1,女流-2020.8.1-纸片马里奥
2020-08-02,逛吃逛吃,False,17291974,1,女流-2020.8.2-逛吃逛吃
2020-08-03,20.8.3--纸片马里奥,False,17227286,1,女流-2020.8.3--纸片马里奥
2020-08-04,20.8.4--纸片马里奥,False,17227141,1,女流-2020.8.4--纸片马里奥
2020-08-05,纸片马里奥,False,17243005,1,女流-2020.8.5-纸片马里奥
2020-08-06,66来聊聊,False,17260074,1,女流-2020.8.6-66来聊聊
2020-08-07,纸片马里奥,False,17293939,1,女流-2020.8.7-纸片马里奥
2020-08-09,心灵砒霜,True,17325712,17307942,2,女流-2020.8.9-心灵砒霜弹幕版 | 女流-2020.08.9-心灵砒霜
2020-08-10,纸片马里奥&Fall Guys,False,17326766,1,女流-2020.8.10-纸片马里奥&Fall Guys
2020-08-11,Fall Guys&Grounded,False,17343071,1,女流-2020.8.11-Fall Guys&Grounded
2020-08-11,Thereis no game,False,17497100,1,女流-2020.8.11-Thereis no game
2020-08-12,Fall Guys,False,17360848,1,女流-2020.8.12-Fall Guys
2020-08-15,Avengers,False,17437382,1,女流-2020.8.15- Avengers
2020-08-16,心灵砒霜,True,17455160,17437113,2,女流-2020.8.16-心灵砒霜弹幕版 | 女流-2020.8.16-心灵砒霜
2020-08-20,Spiritfarer,False,17528113,1,女流-2020.8.20-Spiritfarer
2020-08-21,Spiritfarer&帕斯卡契约,False,17528771,1,女流-2020.8.21-Spiritfarer&帕斯卡契约
2020-08-22,Spiritfarer,False,17546172,1,女流-2020.8.22-Spiritfarer
2020-08-23,心灵砒霜,True,17579755,17560554,2,女流-2020.8.23-心灵砒霜-弹幕版 | 女流-2020.8.23-心灵砒霜
2020-08-24,Spiritfarer,False,17580808,1,女流-2020.8.24-Spiritfarer
2020-08-25,Spiritfarer,False,17597578,1,女流-2020.8.25-Spiritfarer
2020-08-26,Spiritfarer,False,17614575,1,女流-2020.8.26-Spiritfarer
2020-08-27,周四没66，有佩奇,False,17630928,1,女流-2020.8.27-周四没66，有佩奇
2020-08-29,Inmost,False,17669805,1,女流-2020.8.29-Inmost
2020-08-30,心灵砒霜,True,17701108,17685563,2,女流-2020.8.30-心灵砒霜-弹幕版 | 女流-2020.8.30-心灵砒霜
2020-08-31,Fall Guys,False,17727788,1,女流-2020.8.31-Fall Guys
2020-08-31,高殿战记,False,17701429,1,女流-2020.8.31-高殿战记
2020-09-02,火柴人亨利合集&魂斗罗,False,17727901,1,女流-2020.9.2-火柴人亨利合集&魂斗罗
2020-09-05,Fall Guys,False,17765445,1,女流-2020.9.5-Fall Guys
2020-09-06,人类一败涂地 &心灵砒霜,True,17777864,1,女流-2020.9.6-人类一败涂地 &心灵砒霜
2020-09-06,心灵砒霜,True,17788089,1,女流-2020.9.6-心灵砒霜弹幕版
2020-09-07,创世理想乡,False,17789392,1,女流-2020.9.7-创世理想乡
2020-09-08,创世理想乡,False,17802441,1,女流-2020.9.8-创世理想乡
2020-09-09,创世理想乡&魂斗罗,False,17817269,1,女流-2020.9.9-创世理想乡&魂斗罗
2020-09-12,Kill It With Fire,False,17863279,1,女流-2020.9.12-Kill It With Fire
2020-09-13,心灵砒霜,True,17892207,17878815,2,女流-2020.9.13-心灵砒霜弹幕版 | 女流-2020.9.13-心灵砒霜
2020-09-14,Pro Gymnast,False,17893978,1,女流-2020.9.14-Pro Gymnast
2020-09-18,Pro Gymnast&Fall Guys,False,17960927,1,女流-2020.9.18-Pro Gymnast&Fall Guys
2020-09-19,Fall Guys,False,17979028,1,女流-2020.9.19-Fall Guys
2020-09-20,新发型 美美哒,False,17996440,1,女流-2020.9.20-新发型 美美哒
2020-09-22,UnderMine,False,18037119,1,女流-2020.9.22-UnderMine
2020-09-23,UnderMine,False,18065077,1,女流-2020.9.23-UnderMine
2020-09-24,UnderMine,False,18093162,1,女流-2020.9.24-UnderMine
2020-09-25,UnderMine,False,18121202,1,女流-2020.9.25-UnderMine
2020-09-26,UnderMine&万国觉醒,False,18194859,1,女流-2020.9.26-UnderMine&万国觉醒
2020-09-27,心灵砒霜,True,18196273,18195009,2,女流-2020.9.27-心灵砒霜弹幕版 | 女流-2020.9.27-心灵砒霜
2020-09-28,When the Past was Around,False,18200756,1,女流-2020.9.28-When the Past was Around
2020-09-30,Phasmophobia,False,18340307,1,女流-2020.9.30-Phasmophobia
2020-10-02,Phasmophobia,False,18342452,1,女流-2020.10.2-Phasmophobia
2020-10-04,心灵砒霜,True,18399121,18397298,2,女流-2020.10.4-心灵砒霜弹幕版 | 女流-2020.10.4-心灵砒霜
2020-10-05,Party Animals,False,18398871,1,女流-2020.10.5-Party Animals
2020-10-06,art of rally&Fall Guys&F1 2020,False,18423949,1,女流-2020.10.6-art of rally&Fall Guys&F1 202
2020-10-12,中世纪王朝,False,18593394,1,女流-2020.10.12-中世纪王朝
2020-10-13,中世纪王朝&Party Animals,False,18620844,1,女流-2020.10.13-中世纪王朝&Party Animals
2020-10-14,中世纪王朝,False,18653394,1,女流-2020.10.14-中世纪王朝
2020-10-15,舞蹈迷藏&Fall Guys,False,18685618,1,女流-2020.10.15-舞蹈迷藏&Fall Guys
2020-10-16,不思议的皇冠,False,18717588,1,女流-2020.10.16-不思议的皇冠
2020-10-17,不思议的皇冠,False,18751857,1,女流-2020.10.17-不思议的皇冠
2020-10-18,心灵砒霜,True,18801851,18778678,2,女流-2020.10.18-心灵砒霜弹幕版 | 女流-2020.10.18-心灵砒霜
2020-10-19,儿时的游戏,False,18803859,1,女流-2020.10.19-儿时的游戏
2020-10-20,儿时的游戏,False,18837459,1,女流-2020.10.20-儿时的游戏
2020-10-23,儿时的游戏,False,18960227,1,女流-2020.10.23-儿时的游戏
2020-10-24,Manifold Garden,False,19004989,1,女流-2020.10.24-Manifold Garden
2020-10-25,心灵砒霜,True,19076724,19044072,2,女流-2020.10.25-心灵砒霜弹幕版 | 女流-2020.10.25-心灵砒霜
2020-10-26,Manifold Garden,False,19080895,1,女流-2020.10.26-Manifold Garden
2020-10-28,佩奇补场你补票,False,19146701,1,女流-2020.10.28-佩奇补场你补票
2020-10-29,轩辕剑7,False,19172801,1,女流-2020.10.29-轩辕剑7
2020-10-30,轩辕剑7,False,19197004,1,女流-2020.10.30-轩辕剑7
2020-10-31,轩辕剑7,False,19267803,19267934,2,女流-2020.10.31-轩辕剑7 | 女流-2020.10.31-轩辕剑7
2020-11-01,心灵砒霜,True,19288524,19270461,2,女流-2020.11.1-心灵砒霜弹幕版 | 女流-2020.11.1-心灵砒霜
2020-11-02,皮克敏3,False,19291782,1,P3-2020.11.2-皮克敏3
2020-11-03,皮克敏3,False,19318278,1,女流-2020.11.3-皮克敏3
2020-11-04,皮克敏3,False,19341793,1,女流-2020.11.4-皮克敏3
2020-11-06,只狼,False,19427375,1,女流-2020.11.6-只狼
2020-11-07,腾讯科学WE大会,False,19456271,1,女流-2020.11.7-腾讯科学WE大会
2020-11-08,心灵砒霜,True,19507225,19483590,2,女流-2020.11.08-心灵砒霜弹幕版 | 女流-2020.11.08-心灵砒霜
2020-11-09,Teardown,False,19510643,1,女流-2020.11.9-Teardown
2020-11-10,Teardown,False,19541827,1,女流-2020.11.10-Teardown
2020-11-11,天穗之咲稻姬,False,19571771,1,女流-2020.11.11-天穗之咲稻姬
2020-11-12,天穗之咲稻姬,False,19601862,1,女流-2020.11.12-天穗之咲稻姬
2020-11-13,宇宙机器人&麻布仔大冒险&天穗之咲稻姬,False,19650558,1,女流-2020.11.13-宇宙机器人&麻布仔大冒险&天穗之咲稻姬
2020-11-14,天穗之咲稻姬,False,19695177,1,女流-2020.11.14-天穗之咲稻姬
2020-11-15,心灵砒霜,True,19751235,19724913,2,女流-2020.11.15-心灵砒霜弹幕版 | 女流-2020.11.15-心灵砒霜
2020-11-16,天穗之咲稻姬,False,19753727,1,女流-2020.11.16-天穗之咲稻姬
2020-11-18,天穗之咲稻姬,False,19812004,1,女流-2020.11.18-天穗之咲稻姬
2020-11-20,恶魔之魂,False,19894789,1,女流-2020.11.20-恶魔之魂
2020-11-21,恶魔之魂,False,19935556,1,女流-2020.11.21-恶魔之魂
2020-11-22,心灵砒霜,True,20002665,19978319,2,女流-2020.11.22-心灵砒霜-弹幕版 | 女流-2020.11.22-心灵砒霜
2020-11-23,恶魔之魂,False,20004769,1,女流-2020.11.23-恶魔之魂
2020-11-24,恶魔之魂,False,20056799,20028351,2,女流-2020.11.24-恶魔之魂 | 女流-2020.11.24-恶魔之魂
2020-11-27,恶魔之魂&暗影国度,False,20120091,20119175,2,女流-2020.11.27-恶魔之魂&暗影国度-助唱艾泽拉斯 | 女流-2020.11.27-恶魔之魂&暗影国度-助唱艾泽拉斯
2020-11-28,恶魔之魂,False,20147922,20148404,2,女流-2020.11.28-恶魔之魂 | 女流-2020.11.28-恶魔之魂
2020-11-29,心灵砒霜,True,20203920,20171380,2,女流-2020.11.29-心灵砒霜弹幕版 | 女流-2020.11.29-心灵砒霜
2020-11-30,大周午夜音乐台,False,20235350,1,女流-2020.11.30-大周午夜音乐台
2020-12-01,恶魔之魂二周目,False,20239985,20238877,2,女流-2020.12.1-恶魔之魂二周目 | 女流-2020.12.1-恶魔之魂二周目
2020-12-02,恶魔之魂二周目,False,20271529,1,女流-2020.12.2-恶魔之魂二周目
2020-12-03,恶魔之魂三周目搞搞,False,20298711,1,女流-2020.12.3-恶魔之魂三周目搞搞
2020-12-06,心灵砒霜,True,20431312,20401557,20399669,3,女流-2020.12.6-心灵砒霜弹幕版 | 女流-2020.12.6-心灵砒霜 | 女流-2020.12.6-心灵砒霜
2020-12-08,谁是内鬼,False,20467396,1,女流-2020.12.8-谁是内鬼
2020-12-09,赛博朋克2077,False,20534676,20534446,2,女流-2020.12.9-赛博朋克2077 | 女流-2020.12.9-赛博朋克2077
2020-12-10,赛博朋克2077,False,20571499,20572438,20539178,3,女流-2020.12.10-赛博朋克2077 | 女流-2020.12.10-赛博朋克2077 | 女流-2020.12.10-赛博朋克2077
2020-12-12,赛博朋克2077,False,20602883,20603230,2,女流-2020.12.12-赛博朋克2077 | 女流-2020.12.12-赛博朋克2077
2020-12-13,心灵砒霜,True,20696024,20636556,2,女流-2020.12.13-心灵砒霜弹幕版 | 女流-2020.12.13-心灵砒霜
2020-12-15,赛博朋克2077,False,20732986,1,女流-2020.12.15-赛博朋克2077
2020-12-16,赛博朋克2077,False,20764711,20765419,2,女流-2020.12.16-赛博朋克2077 | 女流-2020.12.16-赛博朋克2077
2020-12-17,赛博朋克2077,False,20819562,1,女流-2020.12.17-赛博朋克2077
2020-12-18,赛博朋克2077&自由篮球,False,20831325,1,女流-2020.12.18-赛博朋克2077&自由篮球
2020-12-19,赛博朋克2077,False,20861912,1,女流-2020.12.19-赛博朋克2077
2020-12-20,心灵砒霜,True,20919614,20892946,2,女流-2020.12.20-心灵砒霜弹幕版 | 女流-2020.12.20-心灵砒霜
2020-12-21,赛博朋克2077,False,20922907,1,女流-2020.12.21-赛博朋克2077
2020-12-22,chi66女队再战糖豆人,False,20954758,1,女流-2020.12.22-chi66女队再战糖豆人
2020-12-23,佩奇来了，你呢,False,20984238,1,女流-2020.12.23-佩奇来了，你呢
2020-12-25,亚索我还是不玩了吧,False,21052271,1,女流-2020.12.25-亚索我还是不玩了吧
2020-12-26,经典就是经典呐,False,21084338,1,女流-2020.12.26-经典就是经典呐
2020-12-27,心灵砒霜,True,21136970,21109689,2,女流-2020.12.27-心灵砒霜弹幕版 | 女流-2020.12.27-心灵砒霜
2020-12-28,星露谷物语联机版,False,21138243,1,女流-2020.12.28-星露谷物语联机版
2020-12-29,星露谷物语联机版,False,21177812,21177041,2,女流-2020.12.29-星露谷物语联机版 | 女流-2020.12.29-星露谷物语联机版
2020-12-30,星露谷物语联机版,False,21212474,1,女流-2020.12.30-星露谷物语联机版
2020-12-31,跨年歌会一起跨年,False,21284409,1,女流-2020.12.31-跨年歌会一起跨年
2021-01-01,星露谷物语联机版,False,21287167,21286100,2,女流-2021.1.1-星露谷物语联机版 | 女流-2021.1.1-星露谷物语联机版
2021-01-02,星露谷物语联机版,False,21317278,1,女流-2021.1.2-星露谷物语联机版
2021-01-03,心灵砒霜,True,21385606,21348742,2,女流-2021.1.3-心灵砒霜弹幕版 | 女流-2021.1.3-心灵砒霜
2021-01-04,星露谷物语联机版,False,21396712,21397340,2,女流-2021.1.4-星露谷物语联机版 | 女流-2021.1.4-星露谷物语联机版
2021-01-05,星露谷物语联机版,False,21441992,21442219,2,女流-2021.1.5-星露谷物语联机版 | 女流-2021.1.5-星露谷物语联机版
2021-01-06,星露谷物语联机版,False,21478834,1,女流-2021.1.6-星露谷物语联机版
2021-01-07,星露谷物语联机版,False,21551022,1,女流-2021.1.7-星露谷物语联机版
2021-01-08,星露谷物语联机版&使命战场,False,21664877,1,女流-2021.1.8-星露谷物语联机版&使命战场
2021-01-10,心灵砒霜,True,21769028,21718332,2,女流-2021.1.10-心灵砒霜弹幕版 | 女流-2021.1.10-心灵砒霜
2021-01-11,星露谷物语继续耕耘,False,21776992,1,女流-2021.1.11-星露谷物语继续耕耘
2021-01-12,星露谷物语继续耕耘,False,21857452,1,女流-2021.1.12-星露谷物语继续耕耘
2021-01-13,星露谷物语继续耕耘,False,22027262,1,女流-2021.1.13-星露谷物语继续耕耘
2021-01-14,心灵砒霜,True,32128863,32127703,2,女流-2021.1.14-心灵砒霜弹幕版 | 女流-2021.1.14-心灵砒霜
2021-01-14,星露谷物语继续耕耘,False,22032474,1,女流-2021.1.14-星露谷物语继续耕耘
2021-01-15,仙剑奇侠传7试玩&星露谷物语&游戏王：决斗链接,False,22113044,1,女流-2021.1.15-仙剑奇侠传7试玩&星露谷物语&游戏王：决斗链接
2021-01-16,星露谷物语,False,22183924,1,女流-2021.1.16-星露谷物语
2021-01-17,心灵砒霜,True,22356133,22263081,2,女流-2021.1.17-心灵砒霜弹幕版 | 女流-2021.1.17-心灵砒霜
2021-01-18,星露谷物语,False,22364964,1,女流-2021.1.18-星露谷物语
2021-01-19,星露谷物语,False,22436407,1,女流-2021.1.19-星露谷物语
2021-01-20,星露谷物语全收集之路,False,22519025,1,女流-2021.1.20-星露谷物语全收集之路
2021-01-21,心灵砒霜,True,32434021,32432797,32432340,32431880,4,女流-2021.1.21-心灵砒霜弹幕版（下） | 女流-2021.1.21-心灵砒霜弹幕版（上） | 女流-2021.1.21-心灵砒霜（下） | 女流-2021.1.21-心灵砒霜（上）
2021-01-22,Shady Part of Me&归家异途2,False,22712405,1,女流-2021.1.22-Shady Part of Me&归家异途2
2021-01-24,心灵砒霜,True,22975377,22904778,2,女流-2021.1.24-心灵砒霜弹幕版 | 女流-2021.1.24-心灵砒霜
2021-01-25,Shady Part of Me&糖豆人&文明6,False,22986109,1,女流-2021.1.25-Shady Part of Me&糖豆人&文明6
2021-01-26,文明6,False,23080553,1,女流-2021.1.26-文明6
2021-01-27,文明6,False,23163357,1,女流-2021.1.27-文明6
2021-01-28,橙光 传闻中的女帝后宫,False,23259917,1,女流-2021.1.28-橙光 传闻中的女帝后宫
2021-01-29,高殿战记&橙光 传闻中的女帝后宫,False,23358929,1,女流-2021.1.29-高殿战记&橙光 传闻中的女帝后宫
2021-01-30,戴森球计划,False,23446918,1,女流-2021.1.30-戴森球计划
2021-01-31,心灵砒霜,True,23637191,23537068,2,女流-2021.1.31-心灵砒霜弹幕版 | 女流-2021.1.31-心灵砒霜
2021-01-31,戴森球计划,False,23644448,1,女流-2021.1.31-戴森球计划
2021-02-01,戴森球计划,False,23648475,1,女流-2021.2.1-戴森球计划
2021-02-02,戴森球计划,False,23730366,1,女流-2021.2.2-戴森球计划
2021-02-03,女巫来了&绝地求生&谁是内鬼,False,23824361,1,女流-2021.2.3-女巫来了&绝地求生&谁是内鬼
2021-02-04,戴森球计划,False,23907923,1,女流-2021.2.4-戴森球计划
2021-02-05,戴森球计划&明日之后,False,24004812,1,女流-2021.2.5-戴森球计划&明日之后
2021-02-07,心灵砒霜,True,24285697,24194463,2,女流-2021.2.7-心灵砒霜弹幕版 | 女流-2021.2.7-心灵砒霜
2021-02-08,烟火&一梦江湖,False,24290442,1,女流-2021.2.8-烟火&一梦江湖
2021-02-09,出门买个糖葫芦,False,24369028,1,女流-2021.2.9-出门买个糖葫芦
2021-02-11,小小梦魔2,False,24545907,1,女流-2021.2.11-小小梦魔2
2021-02-12,小小梦魇2,False,24641799,1,女流-2021.2.12-小小梦魇2
2021-02-13,马里奥3D世界NS版来啦,False,24733031,1,女流-2021.2.13-马里奥3D世界NS版来啦
2021-02-14,心灵砒霜,True,24912113,24832966,2,女流-2021.2.14-心灵砒霜弹幕版 | 女流-2021.2.14-心灵砒霜
2021-02-14,雀魂麻將,False,24914321,1,女流-2021.2.14-雀魂麻將
2021-02-16,大吉大利 今晚吃鸡,False,25093509,1,女流-2021.2.16-大吉大利 今晚吃鸡
2021-02-16,马里奥3d世界新DLC,False,25018032,25015484,2,女流-2021.2.16-马里奥3d世界新DLC | 女流-2021.2.16-马里奥3d世界新DLC
2021-02-17,马里奥3d世界+狂怒世界,False,25101273,25103817,2,女流-2021.2.17-马里奥3d世界+狂怒世界 | 女流-2021.2.17-马里奥3d世界+狂怒世界
2021-02-19,鬼谷八荒,False,25374839,25283260,2,女流-2021.2.19-鬼谷八荒 | 女流-2021.2.19-鬼谷八荒
2021-02-21,心灵砒霜,True,25570282,25462963,2,女流-2021.2.21-心灵砒霜弹幕版 | 女流-2021.2.21-心灵砒霜
2021-02-22,鬼谷八荒,False,25581655,1,女流-2021.2.22-鬼谷八荒
2021-02-23,鬼谷八荒,False,25663058,25664841,2,女流-2021.2.23-鬼谷八荒 | 女流-2021.2.23-鬼谷八荒
2021-02-24,痞子英雄,False,25772153,25773232,2,女流-2021.2.24-痞子英雄 | 女流-2021.2.24-痞子英雄
2021-02-25,牧场物语之橄榄镇与希望的大地,False,25859321,25857215,2,女流-2021.2.25-牧场物语之橄榄镇与希望的大地 | 女流-2021.2.25-牧场物语之橄榄镇与希望的大地
2021-02-27,节奏医生,False,26047503,26044334,2,女流-2021.2.27-节奏医生 | 女流-2021.2.27-节奏医生
2021-02-28,心灵砒霜,True,26081711,26076812,2,女流-2021.2.28-心灵砒霜弹幕版 | 女流-2021.2.28-心灵砒霜
2021-03-01,节奏医生,False,26103734,1,女流-2021.3.1-节奏医生
2021-03-02,鬼谷八荒,False,26178904,26177174,2,女流-2021.3.2-鬼谷八荒 | 女流-2021.3.2-鬼谷八荒
2021-03-03,ALTF4,False,26236002,1,女流-2021.3.3-ALTF4
2021-03-04,ALTF4,False,26297737,26299429,2,女流-2021.3.4-ALTF4 | 女流-2021.3.4-ALTF4
2021-03-05,节奏医生,False,26348917,26348258,2,女流-2021.3.5-节奏医生 | 女流-2021.3.5-节奏医生
2021-03-06,ALTF4,False,26366420,1,女流-2021.3.6-ALTF4
2021-03-06,节奏医生,False,26367245,1,女流-2021.3.6-节奏医生
2021-03-07,心灵砒霜,True,26408836,26386635,26386716,3,女流-2021.3.7-心灵砒霜弹幕版 | 女流-2021.3.7-心灵砒霜 | 女流-2021.3.7-心灵砒霜
2021-03-08,大富翁10,False,26425905,26419107,2,女流-2021.3.8-大富翁10 | 女流-2021.3.8-大富翁10
2021-03-09,Tiny Lands,False,26476396,1,女流-2021.3.9-Tiny Lands
2021-03-09,节奏医生,False,26478113,1,女流-2021.3.9-节奏医生
2021-03-11,阿尔芭与野生动物的故事,False,26630182,26628374,2,女流-2021.3.11-阿尔芭与野生动物的故事 | 女流-2021.3.11-阿尔芭与野生动物的故事
2021-03-12,CSGO,False,26691826,1,女流-2021.3.12-CSGO
2021-03-12,魔兽争霸rpg,False,26693309,1,女流-2021.3.12-魔兽争霸rpg
2021-03-13,雀魂,False,26761234,26759877,2,女流-2021.3.13-雀魂 | 女流-2021.3.13-雀魂
2021-03-14,心灵砒霜,True,26869011,26822949,26823649,3,女流-2021.3.14-心灵砒霜弹幕版 | 女流-2021.3.14-心灵砒霜 | 女流-2021.3.14-心灵砒霜
2021-03-15,Hades,False,26873129,26873498,2,女流-2021.3.15-Hades | 女流-2021.3.15-Hades
2021-03-16,Hades,False,26910411,26909178,2,女流-2021.3.16-Hades | 女流-2021.3.16-Hades
2021-03-17,Hades,False,26950397,26949574,2,女流-2021.3.17-Hades | 女流-2021.3.17-Hades
2021-03-18,Hades,False,26979859,26978543,2,女流-2021.3.18-Hades | 女流-2021.3.18-Hades
2021-03-18,The Room4,False,27004130,1,女流-2021.3.18-The Room4
2021-03-19,The Room4,False,27004224,1,女流-2021.3.19-The Room4
2021-03-20,战意,False,27028479,1,女流-2021.3.20-战意
2021-03-20,绝地求生,False,27028197,1,女流-2021.3.20-绝地求生
2021-03-21,心灵砒霜,True,27071329,27048107,2,女流-2021.3.21-心灵砒霜弹幕版 | 女流-2021.3.21-心灵砒霜
2021-03-21,极限竞速地平线4,False,27048216,1,女流-2021.3.21-极限竞速地平线4
2021-03-22,末日准备狂,False,27085144,27082686,2,女流-2021.3.22-末日准备狂 | 女流-2021.3.22-末日准备狂
2021-03-24,Puyo Puyo Tetris 2,False,27146913,1,女流-2021.3.24-Puyo Puyo Tetris 2
2021-03-25,Puyo Puyo Tetris 2,False,27179432,1,女流-2021.3.25-Puyo Puyo Tetris 2
2021-03-25,察言观色3部曲,False,27179430,1,女流-2021.3.25-察言观色3部曲
2021-03-26,1.怪物猎人 崛起,False,27236153,1,女流-2021.3.26-1.怪物猎人 崛起
2021-03-26,2.怪物猎人 崛起,False,27236154,1,女流-2021.3.26-2.怪物猎人 崛起
2021-03-26,坎公骑冠剑,False,27236155,1,女流-2021.3.26-坎公骑冠剑
2021-03-27,怪物猎人 弓箭手的修行,False,27238768,27238770,2,女流-2021.3.27-怪物猎人 弓箭手的修行（上） | 女流-2021.3.27-怪物猎人 弓箭手的修行（下）
2021-03-28,心灵砒霜,True,27281328,27256674,27256300,3,女流-2021.3.28-心灵砒霜弹幕版 | 女流-2021.3.28-心灵砒霜（下） | 女流-2021.3.28-心灵砒霜（上）
2021-03-29,It Takes Two,False,27288688,27288686,2,女流-2021.3.29-It Takes Two（上） | 女流-2021.3.29-It Takes Two（下）
2021-03-30,It Takes Two,False,27349793,27349790,2,女流-2021.3.30-It Takes Two（上） | 女流-2021.3.30-It Takes Two（下）
2021-04-06,打猎的日子不刮痧,False,27513425,1,女流-2021.4.6-打猎的日子不刮痧
2021-04-07,怪物猎人：崛起,False,27551106,27550993,2,女流-2021.4.7-怪物猎人：崛起（下） | 女流-2021.4.7-怪物猎人：崛起（上）
2021-04-08,怪物猎人：崛起,False,27573183,27573053,2,女流-2021.4.8-怪物猎人：崛起（下） | 女流-2021.4.8-怪物猎人：崛起（上）
2021-04-09,怪物猎人：崛起,False,27601702,27601608,2,女流-2021.4.9-怪物猎人：崛起（上） | 女流-2021.4.9-怪物猎人：崛起（下）
2021-04-10,怪物猎人：崛起,False,27620220,27620098,2,女流-2021.4.10-怪物猎人：崛起（上） | 女流-2021.4.10-怪物猎人：崛起（下）
2021-04-11,心灵砒霜,True,27672198,27640533,27640511,3,女流-2021.4.11-心灵砒霜弹幕版 | 女流-2021.4.11-心灵砒霜（上） | 女流-2021.4.11-心灵砒霜（下）
2021-04-13,Genesis Noir,False,27734800,27707306,2,P8-2021.4.13-Genesis Noir | 女流-2021.4.13-Genesis Noir  (上)
2021-04-14,鬼谷八荒,False,27737097,27736681,2,女流-2021.4.14-鬼谷八荒（上） | 女流-2021.4.14-鬼谷八荒（下）
2021-04-15,鬼谷八荒,False,27775135,27774951,2,女流-2021.4.15-鬼谷八荒（上） | 女流-2021.4.15-鬼谷八荒（下）
2021-04-16,鬼谷八荒,False,27852232,27851026,2,女流-2021.4.16-鬼谷八荒（上） | 女流-2021.4.16-鬼谷八荒（下）
2021-04-17,Hidden Through Time,False,27884083,1,女流-2021.4.17-Hidden Through Time
2021-04-17,鬼谷八荒,False,27884269,1,女流-2021.4.17-鬼谷八荒
2021-04-18,心灵砒霜,True,27932190,27900075,27899650,3,女流-2021.4.18-心灵砒霜弹幕版 | 女流-2021.4.18-心灵砒霜（上） | 女流-2021.4.18-心灵砒霜（下）
2021-04-19,佩奇的快乐你想象不到,False,28284810,28276775,28275193,3,女流-2021.4.19-佩奇的快乐你想象不到 | 女流-2021.4.19-佩奇的快乐你想象不到（上） | 女流-2021.4.19-佩奇的快乐你想象不到（下）
2021-04-20,Hidden Through Time,False,28001573,28001266,2,女流-2021.4.20-Hidden Through Time（上） | 女流-2021.4.20-Hidden Through Time（下）
2021-04-21,怪物男孩,False,28077546,28077075,2,女流-2021.4.21-怪物男孩（上） | 女流-2021.4.21-怪物男孩（下）
2021-04-22,怪物男孩,False,28080717,28080719,2,女流-2021.4.22-怪物男孩（上） | 女流-2021.4.22-怪物男孩（下）
2021-04-22,怪物男孩 夜间场,False,28111011,1,女流-2021.4.22-怪物男孩 夜间场
2021-04-23,怪物男孩,False,28153508,28122914,2,女流-2021.4.23-怪物男孩 | 女流-2021.4.23-怪物男孩（下）
2021-04-24,怪物男孩,False,28159371,1,女流-2021.4.24-怪物男孩
2021-04-24,怪物男孩&永劫无间,False,28159717,1,女流-2021.4.24-怪物男孩&永劫无间
2021-04-25,心灵砒霜,True,28231255,1,女流-2021.4.25-心灵砒霜（上）
2021-04-25,心灵砒霜&,True,28273471,1,女流-2021.4.25-心灵砒霜&弹幕版
2021-04-25,心灵砒霜（下 ）,True,28234389,1,女流-2021.4.25-心灵砒霜（下 ）
2021-04-26,21.4.26 天神镇物语试玩,False,28284808,1,女流-2021.4.26 天神镇物语试玩（下）
2021-04-27,世界游戏大全51&坎公骑冠剑,False,28310058,28309772,2,女流-2021.4.27-世界游戏大全51&坎公骑冠剑 | 女流-2021.4.27-世界游戏大全51&坎公骑冠剑
2021-04-30,PS发布会,False,28399662,1,女流-2021.4.30-PS发布会
2021-05-01,世界游戏大全51,False,28433673,1,女流-2021.5.1-世界游戏大全51
2021-05-01,超级马里欧派对,False,28432400,1,女流-2021.5.1-超级马里欧派对
2021-05-02,心灵砒霜,True,28479093,28479195,28433697,28433434,4,女流-2021.5.2-心灵砒霜弹幕版（上） | 女流-2021.5.2-心灵砒霜弹幕版（下） | 女流-2021.5.2-心灵砒霜（上） | 女流-2021.5.2-心灵砒霜（下）
2021-05-03,世界游戏大全51,False,28482826,28482825,2,女流-2021.5.3-世界游戏大全51（上） | 女流-2021.5.3-世界游戏大全51（下）
2021-05-04,世界游戏大全51&超级马里欧派对,False,28481259,1,女流-5.4-世界游戏大全51&超级马里欧派对（上）
2021-05-04,超级马里欧派对,False,28481360,1,女流-5.4-超级马里欧派对（下）
2021-05-06,神奇男孩 爱莎在怪物世界,False,28520506,28520367,2,女流-2021.5.6-神奇男孩 爱莎在怪物世界（上） | 女流-2021.5.6-神奇男孩 爱莎在怪物世界（下）
2021-05-07,生化危机8：村庄,False,28543727,28543731,2,女流-2021.5.7-生化危机8：村庄（上） | 女流-2021.5.7-生化危机8：村庄（下）
2021-05-08,生化危机8：村庄,False,28560944,28560452,2,女流-2021.5.8-生化危机8：村庄（下） | 女流-2021.5.8-生化危机8：村庄（上）
2021-05-09,生化危机8：村庄,False,28591116,28591039,2,女流-2021.5.9-生化危机8：村庄（下） | 女流-2021.5.9-生化危机8：村庄（上）
2021-05-10,出门前佩奇会儿,False,28613597,1,女流-2021.5.10-出门前佩奇会儿
2021-05-12,绿林侠盗,False,28687173,28686740,2,女流-2021.5.12-绿林侠盗（下） | 女流-2021.5.12-绿林侠盗（上）
2021-05-13,怪物男孩,False,28722583,28722548,2,女流-2021.5.13-怪物男孩(下) | 女流-2021.5.13-怪物男孩(上)
2021-05-16,心灵砒霜,True,28886182,28858051,2,女流-2021.5.16-心灵砒霜弹幕版 | 女流-2021.5.16-心灵砒霜
2021-05-18,无尽旅途,False,28925578,28925305,2,女流-2021.5.18-无尽旅途（下） | 女流-2021.5.18-无尽旅途（上）
2021-05-18,深海迷航,False,28949328,28949045,2,女流-2021.5.18-深海迷航 （下） | 女流-2021.5.18-深海迷航 （上）
2021-05-19,深海迷航,False,28979818,1,女流-2021.5.19-深海迷航
2021-05-20,深海迷航,False,29013227,29013234,2,女流-2021.5.20-深海迷航（下） | 女流-2021.5.20-深海迷航（上）
2021-05-21,深海迷航,False,29053665,1,女流-2021.5.21-深海迷航
2021-05-22,深海迷航,False,29116535,29076827,2,女流-2021.5.22-深海迷航 | 女流-2021.5.22-深海迷航
2021-05-25,Turnip Boy,False,29144375,1,女流-2021.5.25-Turnip Boy
2021-05-28,幸运房东,False,29245667,29245796,2,女流-2021.5.28-幸运房东（下） | 女流-2021.5.28-幸运房东（上）
2021-05-29,科学家面对面,False,29294635,1,女流-2021.5.29-科学家面对面
2021-06-01,下午茶时间,False,29390922,29390134,2,女流-2021.6.1-下午茶时间（下） | 女流-2021.6.1-下午茶时间（上）
2021-06-02,魔兽怀旧服,False,29430144,1,女流-2021.6.2-魔兽怀旧服
2021-06-03,魔兽怀旧服,False,29439384,1,女流-2021.6.3-魔兽怀旧服
2021-06-04,空洞骑士,False,29449434,1,女流-2021.6.4-空洞骑士
2021-06-05,空洞骑士,False,29458998,29458744,2,女流-2021.6.5-空洞骑士（下） | 女流-2021.6.5-空洞骑士（上）
2021-06-06,心灵砒霜,True,29493793,1,女流-2021.6.6-心灵砒霜弹幕版
2021-06-08,空洞骑士,False,29558922,1,女流--2021.6.8-空洞骑士
2021-06-09,空洞骑士,False,29625319,29623301,2,女流-6.9-空洞骑士（上） | 女流-6.9-空洞骑士（下）
2021-06-10,空洞骑士,False,29652965,29652168,2,女流-2021.6.10-空洞骑士(下) | 女流-2021.6.10-空洞骑士(上)
2021-06-11,你画我猜,False,29675884,1,女流-2021.6.11-你画我猜
2021-06-12,PowerWash Simulator,False,29698266,29698234,2,女流-2021.6.12-PowerWash Simulator（下） | 女流-2021.6.12-PowerWash Simulator（上）
2021-06-13,心灵砒霜,True,29740163,29719796,2,女流-2021.6.13-心灵砒霜弹幕版 | 女流-2021.6.13-心灵砒霜
2021-06-15,空洞骑士,False,29795203,29794635,2,女流-2021.6.15-空洞骑士（下） | 女流-2021.6.15-空洞骑士（上）
2021-06-15,空洞骑士（中）,False,29795099,1,女流-2021.6.15-空洞骑士（中）
2021-06-16,周三晚上66,False,29822588,29822573,2,女流-2021.6.16-周三晚上66（下） | 女流-2021.6.16-周三晚上66（上）
2021-06-17,永劫无间,False,29823979,29823978,2,女流-2021.6.17-永劫无间（下） | 女流-2021.6.17-永劫无间（上）
2021-06-18,永劫无间,False,29853069,29852646,2,女流-2021.6.18-永劫无间（下） | 女流-2021.6.18-永劫无间（上）
2021-06-19,永劫无间,False,29886242,29865974,2,女流-2021.6.19-永劫无间 | 女流-2021.6.19-永劫无间
2021-06-20,永劫无间,False,29885872,29885724,2,女流-2021.6.20-永劫无间（上） | 女流-2021.6.20-永劫无间（下）
2021-06-21,永劫无间,False,29909138,29909134,2,女流-2021.6.21-永劫无间（上） | 女流-2021.6.21-永劫无间（下）
2021-06-22,永劫无间,False,29949972,29949863,2,女流-2021.6.22-永劫无间（上） | 女流-2021.6.22-永劫无间（下）
2021-06-22,永劫无间（中）,False,29950812,1,女流-2021.6.22-永劫无间（中）
2021-06-27,心灵砒霜&,True,30088639,30088542,2,女流-2021.6.27-心灵砒霜&弹幕版（上） | 女流-2021.6.27-心灵砒霜&弹幕版（下）
2021-06-27,砒霜前聊10块钱的,True,30077895,1,P1-2021.6.27-砒霜前聊10块钱的
2021-06-28,迷宫大侦探,False,30090133,1,女流-2021.6.28-迷宫大侦探
2021-06-29,霓虹深渊,False,30100911,30100597,2,女流-2021.6.29-霓虹深渊（下） | 女流-2021.6.29-霓虹深渊（上）
2021-06-30,霓虹深渊,False,30109533,1,女流-2021.6.30-霓虹深渊
2021-07-02,霓虹深渊,False,30134539,30134499,2,女流-2021.7.2-霓虹深渊 | 女流-2021.7.2-霓虹深渊
2021-07-03,周六来个下午茶吧,False,30143440,1,女流-2021.7.3-周六来个下午茶吧
2021-07-04,心灵砒霜,True,30162195,30152539,2,女流-2021.7.4-心灵砒霜弹幕版 | 女流-2021.7.4-心灵砒霜
2021-07-05,出门走走逛逛,False,30162193,1,女流-2021.7.5-出门走走逛逛
2021-07-06,Creaks,False,30173210,30173099,2,女流-2021.7.6-Creaks（下） | 女流-2021.7.6-Creaks（上）
2021-07-07,空洞骑士,False,30183981,30184002,2,女流-2021.7.7-空洞骑士（下） | 女流-2021.7.7-空洞骑士（上）
2021-07-08,永劫无间,False,30194595,30194668,2,女流-2021.7.8-永劫无间（上） | 女流-2021.7.8-永劫无间（下）
2021-07-09,斩妖行,False,30206106,1,女流-2021.7.9-斩妖行
2021-07-10,Operation Tango,False,30216668,30216510,2,女流-2021.7.10-Operation Tango（下） | 女流-2021.7.10-Operation Tango（上）
2021-07-12,Pico Park,False,30236346,30235710,2,女流-2021.7.12-Pico Park（下） | 女流-2021.7.12-Pico Park（上）
2021-07-13,美好的下午时光,False,30249183,1,女流-2021.7.13-美好的下午时光
2021-07-14,怪物猎人物语2破灭之翼,False,30274620,30274537,30261858,3,女流-2021.7.14-怪物猎人物语2破灭之翼（下） | 女流-2021.7.14-怪物猎人物语2破灭之翼（上） | 女流-2021.7.14-怪物猎人物语2破灭之翼
2021-07-16,怪物猎人物语2破灭之翼,False,30285765,30285843,2,女流-2021.7.16-怪物猎人物语2破灭之翼（上） | 女流-2021.7.16-怪物猎人物语2破灭之翼（下）
2021-07-18,TapTap 游戏发布会,False,30317751,1,女流-2021.7.18-TapTap 游戏发布会
2021-07-18,周末的上海,False,30307409,1,女流-2021.7.18-周末的上海
2021-07-20,怪物猎人物语2破灭之翼,False,30331324,30330897,2,女流-2021.7.20-怪物猎人物语2破灭之翼（上） | 女流-2021.7.20-怪物猎人物语2破灭之翼（下）
2021-07-21,怪物猎人物语2破灭之翼,False,30344411,30343760,2,女流-2021.7.21-怪物猎人物语2破灭之翼(下) | 女流-2021.7.21-怪物猎人物语2破灭之翼(上)
2021-07-22,蛊婆,False,30369286,30367963,2,女流-2021.7.22-蛊婆（下） | 女流-2021.7.22-蛊婆（上）
2021-07-23,全明星娱乐赛,False,30369451,1,女流-2021.7.23-全明星娱乐赛
2021-07-24,永劫无间全明星,False,30390163,1,女流-2021.7.24-永劫无间全明星
2021-07-24,永劫无间全明星（x）,False,30389941,1,女流-2021.7.24-永劫无间全明星（x）
2021-07-25,心灵砒霜,True,30400928,30400743,30390689,3,女流-2021.7.25-心灵砒霜弹幕版（上） | 女流-2021.7.25-心灵砒霜弹幕版（下） | 女流-2021.7.25-心灵砒霜
2021-07-26,永劫无间,False,30411814,1,女流-2021.7.26-永劫无间
2021-07-27,永劫无间,False,30412901,1,女流-2021.7.27-永劫无间
2021-07-28,永劫无间,False,30427288,30426760,2,女流-2021.7.28-永劫无间（下） | 女流-2021.7.28-永劫无间（上）
2021-07-29,永劫无间,False,30452442,30452038,2,女流-2021.7.29-永劫无间（下） | 女流-2021.7.29-永劫无间（上）
2021-07-30,光遇&永劫无间,False,30457834,1,女流-2021.7.30-光遇&永劫无间
2021-07-30,永劫无间,False,30457279,1,女流-2021.7.30-永劫无间
2021-07-31,OneWay,False,30464385,30463981,2,女流-2021.7.31-OneWay（上） | 女流-2021.7.31-OneWay（下）
2021-08-01,心灵砒霜,True,30494403,30474516,2,女流-2021.8.1-心灵砒霜弹幕版（上） | 女流-2021.8.1-心灵砒霜
2021-08-01,心灵砒霜&,True,30494413,1,女流-2021.8.1-心灵砒霜&弹幕版（下）
2021-08-02,永劫无间,False,30494793,30494795,2,女流-2021.8.2-永劫无间（上） | 女流-2021.8.2-永劫无间（下）
2021-08-03,永劫无间,False,30508330,1,女流-2021.8.3-永劫无间
2021-08-04,数独&节奏医生&上古之魂,False,30523644,1,女流-2021.8.4-数独&节奏医生&上古之魂
2021-08-04,永劫无间,False,30523449,1,女流-2021.8.4-永劫无间
2021-08-05,上古之魂,False,30538781,30538572,2,女流-2021.8.5-上古之魂（下） | 女流-2021.8.5-上古之魂（上）
2021-08-06,上古之魂,False,30552665,1,女流-2021.8.6-上古之魂（上）
2021-08-06,上古之魂&永劫无间,False,30552893,1,女流-2021.8.6-上古之魂&永劫无间（下）
2021-08-07,明日之后,False,30566377,1,女流-2021.8.7-明日之后
2021-08-07,游戏之前有佩奇,False,30566750,1,女流-2021.8.7-游戏之前有佩奇
2021-08-08,心灵砒霜,True,30609039,30588239,2,女流-2021.8.8-心灵砒霜弹幕版 | 女流-2021.8.8-心灵砒霜
2021-08-08,永劫无间,False,30587140,1,女流-2021.8.8-永劫无间
2021-08-09,Toodee and Topdee,False,30651839,30651240,2,女流-2021.8.9-Toodee and Topdee（下） | 女流-2021.8.9-Toodee and Topdee（上）
2021-08-09,Toodee and Topdee（中）,False,30651837,1,女流-2021.8.9-Toodee and Topdee（中）
2021-08-10,黑暗侦探,False,30624156,1,女流-2021.8.10-黑暗侦探
2021-08-16,心灵砒霜,True,30704016,30703605,2,女流-2021.8.16-心灵砒霜弹幕版 | 女流-2021.8.16-心灵砒霜
2021-08-17,九十六号公路,False,30743712,30730723,2,女流-2021.8.17-九十六号公路（上） | 女流-2021.8.17-九十六号公路（下）
2021-08-18,GRIME,False,30757457,30756962,2,女流-2021.8.18-GRIME（上） | 女流-2021.8.18-GRIME（下）
2021-08-18,九十六号公路,False,30756071,1,女流-2021.8.18-九十六号公路
2021-08-19,GRIME,False,30768142,1,女流-2021.8.19-GRIME
2021-08-20,GRIME,False,30769978,30769302,2,女流-2021.8.20-GRIME（上） | 女流-2021.8.20-GRIME（下）
2021-08-22,桌游模拟《截码战》,False,30816729,1,女流-2021.8.22-桌游模拟《截码战》
2021-08-23,桌游模拟《截码战》,False,30836162,30836302,2,女流-2021.8.23-桌游模拟《截码战》（上） | 女流-2021.8.23-桌游模拟《截码战》（下）
2021-08-25,花之灵（Hoa）,False,30852788,1,女流-2021.8.25-花之灵（Hoa）
2021-08-26,对马岛之魂,False,30875727,30875724,2,女流-2021.8.26-对马岛之魂（上） | 女流-2021.8.26-对马岛之魂（下）
2021-08-27,对马岛之魂,False,30887698,30887602,2,女流-2021.8.27-对马岛之魂（下） | 女流-2021.8.27-对马岛之魂（上）
2021-08-28,Fling to the Finish,False,30896471,1,女流-2021.8.28-Fling to the Finish
2021-08-29,心灵砒霜,True,30913125,30913126,2,女流-2021.8.29-心灵砒霜 | 女流-2021.8.29-心灵砒霜
2021-08-29,心灵砒霜&,True,30922232,30922231,2,女流-2021.8.29-心灵砒霜&弹幕版（下） | 女流-2021.8.29-心灵砒霜&弹幕版（上）
2021-09-02,符文工厂5,False,30961552,30961346,2,女流-2021.9.2-符文工厂5（下） | 女流-2021.9.2-符文工厂5（上）
2021-09-03,符文工厂5,False,30973137,30972581,2,女流-2021.9.3-符文工厂5（下） | 女流-2021.9.3-符文工厂5（上）
2021-09-04,心灵砒霜,True,31007934,30984251,30984249,3,女流-2021.9.4-心灵砒霜弹幕版 | 女流-2021.9.4-心灵砒霜（下） | 女流-2021.9.4-心灵砒霜（上）
2021-09-09,暗影火炬城,False,31050416,31050123,2,女流-2021.9.9-暗影火炬城（下） | 女流-2021.9.9-暗影火炬城（上）
2021-09-10,暗影火炬城,False,31064318,31064351,2,女流-2021.9.10-暗影火炬城（上） | 女流-2021.9.10-暗影火炬城（下）
2021-09-11,暗影火炬城,False,31076461,31076205,2,女流-2021.9.11-暗影火炬城（下） | 女流-2021.9.11-暗影火炬城（上）
2021-09-12,心灵砒霜,True,31085992,31085882,31084158,31084150,4,女流-2021.9.12-心灵砒霜弹幕版（上） | 女流-2021.9.12-心灵砒霜弹幕版（下） | 女流-2021.9.12-心灵砒霜（上） | 女流-2021.9.12-心灵砒霜（下）
2021-09-14,山海旅人,False,31114927,31114851,2,女流-2021.9.14-山海旅人（下） | 女流-2021.9.14-山海旅人（上）
2021-09-16,风来之国,False,31124448,1,女流-2021.9.16-风来之国
2021-09-17,风来之国,False,31134904,31134905,2,女流-2021.9.17-风来之国（下） | 女流-2021.9.17-风来之国（上）
2021-09-18,风来之国,False,31144413,1,女流-2021.9.18-风来之国
2021-09-20,风来之国,False,31165587,31165507,2,女流-2021.9.20-风来之国(下) | 女流-2021.9.20-风来之国（上）
2021-09-22,风来之国,False,31183994,31183891,2,女流-2021.9.22-风来之国（下） | 女流-2021.9.22-风来之国（上）
2021-09-23,风来之国,False,31197074,31196981,2,女流-2021.9.23-风来之国（上） | 女流-2021.9.23-风来之国（下）
2021-09-29,审判之逝：湮灭的记忆,False,31261853,31261855,2,女流-2021.9.29-审判之逝：湮灭的记忆（上） | 女流-2021.9.29-审判之逝：湮灭的记忆（下）
2021-09-30,审判之逝：湮灭的记忆,False,31284041,31284134,2,女流-2021.9.30-审判之逝：湮灭的记忆（上） | 女流-2021.9.30-审判之逝：湮灭的记忆（下）
2021-10-01,审判之逝：湮灭的记忆,False,31325063,31325056,31285833,3,女流-2021.10.1-审判之逝：湮灭的记忆（下） | 女流-2021.10.1-审判之逝：湮灭的记忆（上） | 女流-2021.10.1-审判之逝：湮灭的记忆（下）
2021-10-02,审判之逝：湮灭的记忆,False,31326861,31325844,2,女流-2021.10.2-审判之逝：湮灭的记忆（下） | 女流-2021.10.2-审判之逝：湮灭的记忆（上）
2021-10-02,审判之逝：湮灭的记忆（中）,False,31326394,1,女流-2021.10.2-审判之逝：湮灭的记忆（中）
2021-10-03,心灵砒霜,True,31337723,31328751,31327277,31327279,4,女流-2021.10.3-心灵砒霜弹幕版（上） | 女流-2021.10.3-心灵砒霜弹幕版（下） | 女流-2021.10.3-心灵砒霜（上） | 女流-2021.10.3-心灵砒霜（下）
2021-10-04,审判之逝：湮灭的记忆,False,31339019,31338879,2,女流-2021.10.4-审判之逝：湮灭的记忆（下） | 女流-2021.10.4-审判之逝：湮灭的记忆（上）
2021-10-05,审判之逝：湮灭的记忆,False,31345657,31344951,2,女流-2021.10.5-审判之逝：湮灭的记忆（下） | 女流-2021.10.5-审判之逝：湮灭的记忆（上）
2021-10-07,审判之逝：湮灭的记忆,False,31348255,31348246,2,女流-2021.10.7-审判之逝：湮灭的记忆（上） | 女流-2021.10.7-审判之逝：湮灭的记忆（下）
2021-10-09,审判之逝：湮灭的记忆,False,31379105,31378828,2,女流-2021.10.9-审判之逝：湮灭的记忆（下） | 女流-2021.10.9-审判之逝：湮灭的记忆（上）
2021-10-12,审判之逝：湮灭的记忆,False,31420361,1,女流-2021.10.12-审判之逝：湮灭的记忆
2021-10-13,Back 4 Blood,False,31421854,1,女流-2021.10.13-Back 4 Blood
2021-10-14,Back 4 Blood,False,31421863,31421510,2,女流-2021.10.14-Back 4 Blood（上） | 女流-2021.10.14-Back 4 Blood（下）
2021-10-15,仙剑奇侠传七,False,31443068,1,女流-2021.10.15-仙剑奇侠传七
2021-10-16,仙剑奇侠传七,False,31443868,31443690,2,女流-2021.10.16-仙剑奇侠传七（上） | 女流-2021.10.16-仙剑奇侠传七（下）
2021-10-17,仙剑奇侠传七,False,31456225,1,女流-2021.10.17-仙剑奇侠传七
2021-10-17,心灵砒霜,True,31457467,31456835,2,女流-2021.10.17-心灵砒霜弹幕版 | 女流-2021.10.17-心灵砒霜
2021-10-18,仙剑奇侠传七,False,31465261,31465162,2,女流-2021.10.18-仙剑奇侠传七（上） | 女流-2021.10.18-仙剑奇侠传七（下）
2021-10-20,仙剑奇侠传七,False,31488255,31488077,2,女流-2021.10.20-仙剑奇侠传七（下） | 女流-2021.10.20-仙剑奇侠传七（上）
2021-10-21,影子工场,False,31503301,31503303,2,女流-2021.10.21-影子工场（上） | 女流-2021.10.21-影子工场（下）
2021-10-24,心灵砒霜,True,31545348,31545166,31544594,31544588,4,女流-2021.10.24-心灵砒霜弹幕版（上） | 女流-2021.10.24-心灵砒霜弹幕版（下） | 女流-2021.10.24-心灵砒霜（下） | 女流-2021.10.24-心灵砒霜（上）
2021-10-25,雀魂,False,31569672,31568892,2,女流-2021.10.25-雀魂（下） | 女流-2021.10.25-雀魂（上）
2021-10-27,墨影侠踪&文字游戏&落日山丘,False,31584429,1,女流-2021.10.27-墨影侠踪&文字游戏&落日山丘
2021-10-27,洞穴探险2,False,31584613,1,女流-2021.10.27-洞穴探险2
2021-10-29,马里奥派对 超级巨星,False,31610018,31609630,2,女流-2021.10.29-马里奥派对 超级巨星（下） | 女流-2021.10.29-马里奥派对 超级巨星（上）
2021-10-30,摄影冒险,False,31623392,31623341,2,女流-2021.10.30-摄影冒险（上） | 女流-2021.10.30-摄影冒险（下）
2021-11-02,马里奥派对 超级巨星,False,31665346,31664497,2,女流-2021.11.2-马里奥派对 超级巨星（下） | 女流-2021.11.2-马里奥派对 超级巨星（上）
2021-11-03,House Of Ashes,False,31696915,31695916,2,女流-2021.11.3-House Of Ashes（下） | 女流-2021.11.3-House Of Ashes（上）
2021-11-05,Unpacking,False,31765818,31765615,2,女流-2021.11.5-Unpacking（上） | 女流-2021.11.5-Unpacking（下）
2021-11-07,24,False,32492104,32492108,32490500,3,女流-2021.11.7-24-METROID DREAD（上） | 女流-2021.11.7-24-METROID DREAD（下） | 女流-2021.11.7-24-雀魂
2021-11-07,25,False,32549028,32549026,2,女流-2021.11.7-25-雀魂（下） | 女流-2021.11.7-25-雀魂（上）
2021-11-07,26,False,32564231,32564203,2,女流-2021.11.7-26-METROID DREAD（上） | 女流-2021.11.7-26-METROID DREAD（下）
2021-11-11,雀士,False,32057095,32057132,2,女流-2021.11.11-雀士（上） | 女流-2021.11.11-雀士（下）
2021-11-12,Phasmophobia,False,32072563,1,女流-2021.11.12-Phasmophobia
2021-11-12,黑魂4荒野之息,False,32072712,1,女流-2021.11.12-黑魂4荒野之息
2021-11-13,Elden Ring,False,32081571,1,女流-2021.11.13-Elden Ring
2021-11-14,Elden Ring,False,32127983,1,女流-2021.11.14-Elden Ring
2021-11-15,Elden Ring,False,32173345,1,女流-2021.11.15-Elden Ring
2021-11-16,佩奇一哈哈,False,32243778,32177329,2,女流-2021.11.16-佩奇一哈哈（上） | 女流-2021.11.16-佩奇一哈哈（下）
2021-11-17,ALTF4,False,32260925,1,女流-2021.11.17-ALTF4
2021-11-17,笼中窥梦,False,32260283,1,P1-2021.11.17-笼中窥梦
2021-11-18,ALTF4,False,32400395,32400060,2,女流-2021.11.18-ALTF4（下） | 女流-2021.11.18-ALTF4（上）
2021-11-27,雀圣,False,32574369,1,女流-2021.11.27-雀圣（下）
2021-11-28,心灵砒霜,True,32585614,32584409,2,女流-2021.11.28-心灵砒霜弹幕版 | 女流-2021.11.28-心灵砒霜
2021-11-28,雀圣,False,32584787,1,女流-2021.11.28-雀圣
2021-11-29,雀圣,False,32598175,32598135,2,女流-2021.11.29-雀圣（下） | 女流-2021.11.29-雀圣（上）
2021-11-31,心灵砒霜,True,31636579,31636608,31634428,31634445,4,女流-2021.11.31-心灵砒霜弹幕版（上） | 女流-2021.11.31-心灵砒霜弹幕版（下） | 女流-2021.11.31-心灵砒霜（上） | 女流-2021.11.31-心灵砒霜（下）
2021-12-01,雀魂麻将,False,32617279,32617169,2,女流-2021.12.1-雀魂麻将（上） | 女流-2021.12.1-雀魂麻将（下）
2021-12-05,心灵砒霜,True,32665720,32665719,32663176,32663166,4,女流-2021.12.5-心灵砒霜弹幕版（下） | 女流-2021.12.5-心灵砒霜弹幕版（上） | 女流-2021.12.5-心灵砒霜（下） | 女流-2021.12.5-心灵砒霜（上）
2021-12-06,灵活脑学院,False,32674421,1,女流-2021.12.6-灵活脑学院
2021-12-07,Propnight,False,32685623,32685626,2,女流-2021.12.7-Propnight（上） | 女流-2021.12.7-Propnight（下）
2021-12-08,ICARUS,False,32698234,32698235,2,女流-2021.12.8-ICARUS（下） | 女流-2021.12.8-ICARUS（上）
2021-12-09,ICARUS,False,32707433,1,女流-2021.12.9-ICARUS
2021-12-09,雀魂麻将,False,32707131,1,女流-2021.12.9-雀魂麻将
2021-12-11,Propnight,False,32733353,1,女流-2021.12.11-Propnight
2021-12-11,Rubber Bandits,False,32733243,1,女流-2021.12.11-Rubber Bandits
2021-12-12,心灵砒霜,True,32742525,32742526,32741150,32741146,4,女流-2021.12.12-心灵砒霜弹幕版（下） | 女流-2021.12.12-心灵砒霜弹幕版（上） | 女流-2021.12.12-心灵砒霜（下） | 女流-2021.12.12-心灵砒霜（上）
2021-12-13,精神之桥,False,32753161,1,女流-2021.12.13-精神之桥（下）
2021-12-17,精神之桥,False,32810759,32810669,2,女流-2021.12.17-精神之桥（下） | 女流-2021.12.17-精神之桥（上）
2021-12-19,心灵砒霜,True,32839159,32818904,2,女流-2021.12.19-心灵砒霜弹幕版 | 女流-2021.12.19-心灵砒霜
2021-12-21,密室逃脱模拟器,False,32851208,32851205,2,女流-2021.12.21-密室逃脱模拟器（下） | 女流-2021.12.21-密室逃脱模拟器（上）
2021-12-22,雀魂麻将,False,32861513,1,女流-2021.12.22-雀魂麻将
2021-12-23,密室逃脱模拟器,False,32862146,32862094,2,女流-2021.12.23-密室逃脱模拟器（上） | 女流-2021.12.23-密室逃脱模拟器（下）
2021-12-24,FallGuys,False,32877646,1,女流-2021.12.24-FallGuys
2021-12-24,层层恐惧,False,32878030,1,女流-2021.12.24-层层恐惧
2021-12-25,小白兔电商,False,32888266,32888076,2,女流-2021.12.25-小白兔电商（下） | 女流-2021.12.25-小白兔电商（上）
2021-12-29,血源诅咒,False,32930277,1,女流-2021.12.29-血源诅咒
2021-12-30,血源诅咒,False,32943450,32943431,2,女流-2021.12.30-血源诅咒（上） | 女流-2021.12.30-血源诅咒（下）
2021-12-31,血源诅咒,False,32970443,32970212,2,女流-2021.12.31-血源诅咒（上） | 女流-2021.12.31-血源诅咒（下）
2022-01-01,血源诅咒,False,32978680,32974994,2,女流-2022.1.1-血源诅咒（下） | 女流-2022.1.1-血源诅咒（上）
2022-01-02,心灵砒霜,True,32981961,32978682,32976462,3,女流-2022.1.2-心灵砒霜弹幕版 | 女流-2022.1.2-心灵砒霜（上） | 女流-2022.1.2-心灵砒霜（下）
2022-01-03,血源诅咒,False,33005338,1,女流-2022.1.3-血源诅咒
2022-01-04,血源诅咒,False,33006232,33005974,2,女流-2022.1.4-血源诅咒（下） | 女流-2022.1.4-血源诅咒（上）
2022-01-05,血源诅咒,False,33029956,33007146,2,女流-2022.1.5-血源诅咒（下） | 女流-2022.1.5-血源诅咒
2022-01-06,血源诅咒,False,33030337,1,女流-2022.1.6-血源诅咒（上）
2022-01-08,血源诅咒,False,33054048,33053268,2,女流-2022.1.8-血源诅咒（下） | 女流-2022.1.8-血源诅咒（上）
2022-01-09,心灵砒霜,True,33060159,33060155,33056649,33056650,4,女流-2022.1.9-心灵砒霜弹幕版（下） | 女流-2022.1.9-心灵砒霜弹幕版（上） | 女流-2022.1.9-心灵砒霜（上） | 女流-2022.1.9-心灵砒霜（下）
2022-01-10,血源诅咒,False,33062952,33062950,2,女流-2022.1.10-血源诅咒（下） | 女流-2022.1.10-血源诅咒（上）
2022-01-11,勇网直前,False,33074775,33074776,2,女流-2022.1.11-勇网直前（上） | 女流-2022.1.11-勇网直前（下）
2022-01-13,战神4,False,33109479,33109678,2,女流-2022.1.13-战神4（上） | 女流-2022.1.13-战神4（下）
2022-01-14,战神4,False,33114995,33114993,2,女流-2022.1.14-战神4（上） | 女流-2022.1.14-战神4（下）
2022-01-15,战神4,False,33122133,33121871,2,女流-2022.1.15-战神4（下） | 女流-2022.1.15-战神4（上）
2022-01-16,心灵砒霜,True,33147567,33134610,33134604,3,女流-2022.1.16-心灵砒霜弹幕版 | 女流-2022.1.16-心灵砒霜（上） | 女流-2022.1.16-心灵砒霜（下）
2022-01-17,战神4,False,33149321,33149033,2,女流-2022.1.17-战神4（下） | 女流-2022.1.17-战神4（上）
2022-01-18,战神4,False,33159656,33159573,2,女流-2022.1.18-战神4（下） | 女流-2022.1.18-战神4（上）
2022-01-19,战神4,False,33194216,33193673,2,女流-2022.1.19-战神4（上） | 女流-2022.1.19-战神4（下）
2022-01-20,战神4,False,33196140,33195205,2,女流-2022.1.20-战神4（下） | 女流-2022.1.20-战神4（上）
2022-01-21,暖雪,False,33223938,33223235,2,女流-2022.1.21-暖雪（下） | 女流-2022.1.21-暖雪（上）
2022-01-22,暖雪,False,33242908,33242934,2,女流-2022.01.22-暖雪（下） | 女流-2022.01.22-暖雪（上）
2022-01-23,心灵砒霜,True,33290566,33290541,33291286,33291258,4,女流-2022.1.23-心灵砒霜（下） | 女流-2022.1.23-心灵砒霜（上） | 女流-2022.1.23-心灵砒霜弹幕版（下） | 女流-2022.1.23-心灵砒霜弹幕版（上）
2022-01-24,暖雪,False,33323324,33323325,2,女流-2022.01.24-暖雪（下） | 女流-2022.01.24-暖雪(上)
2022-01-25,文字游戏,False,33355828,33355820,2,女流-2022.01.25-文字游戏（上） | 女流-2022.01.25-文字游戏（下）
2022-01-26,文字游戏,False,33384977,1,女流-2022.01.26-文字游戏
2022-01-26,雀魂麻将,False,33385054,1,女流-2022.01.26-雀魂麻将
2022-02-03,客厅户外 新年好,False,33482357,1,女流-2022.2.3-客厅户外 新年好
2022-02-04,消逝的光芒2,False,33508021,1,女流-2022.2.4-消逝的光芒2
2022-02-06,消逝的光芒,False,33522625,1,女流-2022.2.6-消逝的光芒（下）
2022-02-06,消逝的光芒2,False,33522632,1,女流-2022.2.6-消逝的光芒2（上）
2022-02-07,消逝的光芒2,False,33535151,1,女流-2022.2.7-消逝的光芒2（上）
2022-02-08,消逝的光芒2,False,33549494,33549272,2,女流-2022.2.8-消逝的光芒2（下） | 女流-2022.2.8-消逝的光芒2（上）
2022-02-11,SIFU,False,33581440,1,女流-2022.2.11-SIFU
2022-02-17,吸血鬼幸存者,False,33678538,1,女流-2022.2.17-吸血鬼幸存者
2022-02-17,归家异途,False,33678301,1,女流-2022.2.17-归家异途
2022-02-18,地平线：西部禁域,False,33695473,1,女流-2022.2.18-地平线：西部禁域
2022-02-19,地平线：西部禁域,False,33710415,33710398,2,女流-2022.2.19-地平线：西部禁域（下） | 女流-2022.2.19-地平线：西部禁域（上）
2022-02-20,地平线：西部禁域,False,33724767,33724764,2,女流-2022.2.20-地平线：西部禁域（下） | 女流-2022.2.20-地平线：西部禁域（上）
2022-02-21,地平线：西部禁域,False,33740747,33740743,2,女流-2022.2.21-地平线：西部禁域（上） | 女流-2022.2.21-地平线：西部禁域（下）
2022-02-22,地平线：西部禁域,False,33752410,33752405,2,女流-2022.2.22-地平线：西部禁域（上） | 女流-2022.2.22-地平线：西部禁域（下）
2022-02-23,地平线：西部禁域,False,33765612,33765609,2,女流-2022.2.23-地平线：西部禁域（上） | 女流-2022.2.23-地平线：西部禁域（下）
2022-02-25,艾尔登法环,False,33815093,33815138,33815090,33815081,4,女流-P3-2022.2.25-艾尔登法环 | 女流-P1-2022.2.25-艾尔登法环 | 女流-P4-2022.2.25-艾尔登法环 | 女流-P2-2022.2.25-艾尔登法环
2022-02-27,艾尔登法环 P1,False,33821985,1,女流-2022.2.27-艾尔登法环 P1
2022-02-27,艾尔登法环 P2,False,33821994,1,女流-2022.2.27-艾尔登法环 P2
2022-02-27,艾尔登法环 P3,False,33822161,1,女流-2022.2.27-艾尔登法环 P3
2022-02-27,艾尔登法环 P4,False,33822164,1,女流-2022.2.27-艾尔登法环 P4
2022-02-28,艾尔登法环 P1,False,33833148,1,女流-2022.2.28-艾尔登法环 P1
2022-02-28,艾尔登法环 P2,False,33833141,1,女流-2022.2.28-艾尔登法环 P2
2022-02-28,艾尔登法环 P3,False,33833386,1,女流-2022.2.28-艾尔登法环 P3
2022-03-01,艾尔登法环 P1,False,33847866,1,女流-2022.3.1-艾尔登法环 P1
2022-03-01,艾尔登法环 P2,False,33847792,1,女流-2022.3.1-艾尔登法环 P2
2022-03-01,艾尔登法环 P3,False,33847793,1,女流-2022.3.1-艾尔登法环 P3
2022-03-02,艾尔登法环 P1,False,33860764,1,女流-2022.3.2-艾尔登法环 P1
2022-03-02,艾尔登法环 P2,False,33861287,1,女流-2022.3.2-艾尔登法环 P2
2022-03-02,艾尔登法环 P3,False,33861382,1,女流-2022.3.2-艾尔登法环 P3
2022-03-02,艾尔登法环 P4,False,33861243,1,女流-2022.3.2-艾尔登法环 P4
2022-03-04,艾尔登法环 P1,False,33888760,1,女流-2022.3.4-艾尔登法环 P1
2022-03-04,艾尔登法环 P2,False,33888712,1,女流-2022.3.4-艾尔登法环 P2
2022-03-04,艾尔登法环 P3,False,33888711,1,女流-2022.3.4-艾尔登法环 P3
2022-03-04,艾尔登法环 P4,False,33888722,1,女流-2022.3.4-艾尔登法环 P4
2022-03-05,艾尔登法环 P1,False,33902778,1,女流-2022.3.5-艾尔登法环 P1
2022-03-05,艾尔登法环 P2,False,33902729,1,女流-2022.3.5-艾尔登法环 P2
2022-03-05,艾尔登法环 P3,False,33902718,1,女流-2022.3.5-艾尔登法环 P3
2022-03-06,艾尔登法环 上,False,33910899,1,女流-2022.3.6-艾尔登法环 上
2022-03-06,艾尔登法环 下,False,33910802,1,女流-2022.3.6-艾尔登法环 下
2022-03-08,艾尔登法环,False,33935290,1,女流-2022.3.8-艾尔登法环
2022-03-09,艾尔登法环,False,33948371,1,女流-2022.3.9-艾尔登法环
2022-03-10,艾尔登法环,False,33960181,1,女流-2022.3.10-艾尔登法环
2022-03-11,艾尔登法环（二周目法师）,False,33973370,1,女流-2022.3.11-艾尔登法环（二周目法师）
2022-03-15,完美的一天,False,34027747,1,女流-2022.3.15-完美的一天
2022-03-16,完美的一天,False,34041424,34041428,2,女流-2022.3.16-完美的一天（上） | 女流-2022.3.16-完美的一天（下）
2022-03-17,完美的一天,False,34056124,34056128,2,女流-2022.3.17-完美的一天（下） | 女流-2022.3.17-完美的一天（上）
2022-03-18,完美的一天,False,34072346,34072304,2,女流-2022.3.18-完美的一天（上） | 女流-2022.3.18-完美的一天（下）
2022-03-25,星之卡比：探索发现,False,34166731,1,女流-2022.3.25-星之卡比：探索发现
2022-03-26,星之卡比：探索发现,False,34179709,1,女流-2022.3.26-星之卡比：探索发现
2022-03-27,星之卡比：探索发现,False,34191490,1,女流-2022.3.27-星之卡比：探索发现
2022-03-28,星之卡比：探索发现,False,34201099,34201097,2,女流-2022.3.28-星之卡比：探索发现（下） | 女流-2022.3.28-星之卡比：探索发现（上）
2022-03-29,星之卡比：探索发现,False,34214608,34214607,2,女流-2022.3.29-星之卡比：探索发现（上） | 女流-2022.3.29-星之卡比：探索发现（下）
2022-04-01,三伏,False,34263468,1,女流-2022.4.1-三伏
2022-04-02,Outer Wilds,False,34278743,1,女流-2022.4.2-Outer Wilds
2022-04-04,Outer Wilds,False,34293288,1,女流-2022.4.4-Outer Wilds
2022-04-05,Outer Wilds,False,34317944,34317919,2,P1-女流-2022.4.5-Outer Wilds | P2-女流-2022.4.5-Outer Wilds
2022-04-06,Outer Wilds,False,34329090,34328674,2,P2-女流-2022.4.6-Outer Wilds | P1-女流-2022.4.6-Outer Wilds
2022-04-07,Outer Wilds,False,34347083,34346957,2,P2-女流-2022.4.7-Outer Wilds | P1-女流-2022.4.7-Outer Wilds
2022-04-08,游戏前聊10块钱的,True,34363799,1,女流-2022.4.8-游戏前聊10块钱的
2022-04-09,Outer Wilds,False,34379078,1,女流-2022.4.9-Outer Wilds
2022-04-11,地心护核者,False,34391907,1,女流-2022.4.11-地心护核者
2022-04-12,吸血鬼幸存者,False,34419560,1,女流-2022.4.12-吸血鬼幸存者
2022-04-13,吸血鬼幸存者,False,34441353,1,女流-2022.4.13-吸血鬼幸存者
2022-04-14,光之传说,False,34441952,1,女流-2022.4.14-光之传说
2022-04-15,光之传说,False,34446785,1,女流-2022.4.15-光之传说
2022-04-17,心灵砒霜,True,34488145,34487655,34476260,3,P2-女流-2022.4.17-心灵砒霜弹幕版 | P1-女流-2022.4.17-心灵砒霜弹幕版 | 女流-2022.4.17-心灵砒霜
2022-04-18,彩虹深渊,False,34490288,1,女流-2022.4.18-彩虹深渊
2022-04-19,彩虹深渊,False,34503307,1,女流-2022.4.19-彩虹深渊
2022-04-19,高尔夫大乱斗,False,34502835,1,女流-2022.4.19-高尔夫大乱斗
2022-04-20,退休模拟器,False,34516461,1,女流-2022.4.20-退休模拟器
2022-04-21,退休模拟器,False,34528727,1,女流-2022.4.21-退休模拟器
2022-04-22,66工作室,False,34543966,1,女流-2022.4.22-66工作室
2022-04-22,退休模拟器,False,34544344,1,女流-2022.4.22-退休模拟器
2022-04-24,心灵砒霜,True,34588191,34588188,34573665,3,P1-女流-2022.4.24-心灵砒霜弹幕版 | P2-女流-2022.4.24-心灵砒霜弹幕版 | 女流-2022.4.24-心灵砒霜
2022-04-26,哥布林弹球,False,34600362,1,女流-2022.4.26-哥布林弹球
2022-04-27,哥布林弹球,False,34613173,1,女流-2022.4.27-哥布林弹球
2022-04-27,雀魂麻将,False,34613136,1,女流-2022.4.27-雀魂麻将
2022-04-28,一方灵田,False,34625969,1,女流-2022.4.28-一方灵田
2022-04-29,一方灵田,False,34642093,1,女流-2022.4.29-一方灵田
2022-04-30,手工六上线,False,34657915,1,女流-2022.4.30-手工六上线
2022-05-01,心灵砒霜,True,34688705,34688766,34673098,3,P1-女流-2022.5.1-心灵砒霜弹幕版 | P2-女流-2022.5.1-心灵砒霜弹幕版 | 女流-2022.5.1-心灵砒霜
2022-05-02,体能实验室,False,34702441,1,女流-2022.5.2-体能实验室
2022-05-03,一方灵田,False,34715503,1,女流-2022.5.3-一方灵田
2022-05-04,蜡笔小新 我与博士的暑假,False,34715823,1,女流-2022.5.4-蜡笔小新 我与博士的暑假
2022-05-05,一方灵田,False,34744805,1,女流-2022.5.5-一方灵田
2022-05-05,纸嫁衣,False,34744349,1,女流-2022.5.5-纸嫁衣
2022-05-06,恐龙化石猎人,False,34744473,1,女流-2022.5.6-恐龙化石猎人
2022-05-07,神都不良探,False,34757969,1,女流-2022.5.7-神都不良探
2022-05-08,心灵砒霜,True,34772751,1,女流-2022.5.8-心灵砒霜
2022-05-09,手工六上线,False,34786365,1,女流-2022.5.9-手工六上线
2022-05-10,盐与献祭,False,34799140,1,女流-2022.5.10-盐与献祭
2022-05-11,盐与献祭,False,34813470,1,女流-2022.5.11-盐与献祭
2022-05-14,We Were Here Forever,False,34875783,1,女流-2022.5.14-We Were Here Forever
2022-05-15,心灵砒霜,True,34875887,1,女流-2022.5.15-心灵砒霜
2022-05-16,Ranch Simulator,False,34903716,34903711,2,P1-女流-2022.5.16-Ranch Simulator | P2-女流-2022.5.16-Ranch Simulator
2022-05-17,Ranch Simulator,False,34904311,1,女流-2022.5.17-Ranch Simulator
2022-05-18,Ranch Simulator,False,34917211,1,女流-2022.5.18-Ranch Simulator
2022-05-20,V Rising,False,34944125,1,女流-2022.5.20-V Rising
2022-05-21,图游天下,False,34960375,1,女流-2022.5.21-图游天下
2022-05-22,心灵砒霜,True,34987953,34987962,34973658,3,P2-女流-2022.5.22-心灵砒霜弹幕版 | P1-女流-2022.5.22-心灵砒霜弹幕版 | 女流-2022.5.22-心灵砒霜
2022-05-23,怪物猎人：崛起,False,34999279,1,女流-2022.5.23-怪物猎人：崛起
2022-05-24,怪物猎人：崛起,False,35000480,1,女流-2022.5.24-怪物猎人：崛起
2022-05-25,10 Minutes Till Dawn,False,35010936,1,女流-2022.5.25-10 Minutes Till Dawn
2022-05-25,沙石镇时光,False,35011139,1,女流-2022.5.25-沙石镇时光
2022-05-26,沙石镇时光,False,35023079,1,女流-2022.5.26-沙石镇时光
2022-05-27,沙石镇时光,False,35035701,1,女流-2022.5.27-沙石镇时光
2022-05-28,沙石镇时光,False,35051616,1,女流-2022.5.28-沙石镇时光
2022-05-29,心灵砒霜,True,35076172,35076171,35065471,3,P2-女流-2022.5.29-心灵砒霜弹幕版 | P1-女流-2022.5.29-心灵砒霜弹幕版 | 女流-2022.5.29-心灵砒霜
2022-05-30,各年代老歌榜单盘点,False,35091628,35091622,2,P2-女流-2022.5.30-各年代老歌榜单盘点 | P1-女流-2022.5.30-各年代老歌榜单盘点
2022-05-31,Hellstuck: Rage With Your Friends,False,35103569,1,女流-2022.5.31-Hellstuck: Rage With Your Friends
2022-06-01,Hellstuck：Rage With Your Friends,False,35103915,1,女流-2022.6.1-Hellstuck：Rage With Your Friends
2022-06-02,战匠杜沃,False,35116936,1,女流-2022.6.2-战匠杜沃
2022-06-04,钓鱼天堂,False,35150054,35149959,2,P1-女流-2022.6.4-钓鱼天堂 | P2-女流-2022.6.4-钓鱼天堂
2022-06-05,心灵砒霜,True,35158423,1,女流-2022.6.5-心灵砒霜
2022-06-06,第一届画六大赛,False,35182040,1,女流-2022.6.6-第一届画六大赛
2022-06-07,钓鱼天堂,False,35182256,1,女流-2022.6.7-钓鱼天堂
2022-06-08,Necesse,False,35207890,1,女流-2022.6.8-Necesse
2022-06-09,各年代老歌榜单盘点,False,35221430,1,女流-2022.6.9-各年代老歌榜单盘点
2022-06-10,采石场惊魂,False,35221410,1,女流-2022.6.10-采石场惊魂
2022-06-11,采石场惊魂,False,35234943,1,女流-2022.6.11-采石场惊魂
2022-06-12,心灵砒霜,True,35249595,1,女流-2022.6.12-心灵砒霜
2022-06-13,Necesse,False,35261586,1,女流-2022.6.13-Necesse
2022-06-17,一年一次的佩奇演出,False,35314217,35314221,2,P2-女流-2022.6.17-一年一次的佩奇演出 | P1-女流-2022.6.17-一年一次的佩奇演出
2022-06-17,忍者神龟：施莱德的复仇,False,35329252,1,女流-2022.6.17-忍者神龟：施莱德的复仇
2022-06-18,暖雪,False,35328916,1,女流-2022.6.18-暖雪
2022-06-19,心灵砒霜,True,35352584,35352578,35341344,3,P2-女流-2022.6.19-心灵砒霜弹幕版 | P1-女流-2022.6.19-心灵砒霜弹幕版 | 女流-2022.6.19-心灵砒霜
2022-06-20,暖雪,False,35354151,1,女流-2022.6.20-暖雪
2022-06-21,暖雪,False,35378831,35378832,2,P2-女流-2022.6.21-暖雪 | P1-女流-2022.6.21-暖雪
2022-06-22,Fall Guys,False,35405861,1,女流-2022.6.22-Fall Guys
2022-06-22,暖雪,False,35378851,1,女流-2022.6.22-暖雪
2022-06-26,心灵砒霜,True,35447902,35447899,35434669,3,P1-女流-2022.6.26-心灵砒霜弹幕版 | P2-女流-2022.6.26-心灵砒霜弹幕版 | 女流-2022.6.26-心灵砒霜
2022-06-27,Neon White&Fall Guys,False,35448389,1,女流-2022.6.27-Neon White&Fall Guys
2022-06-28,RAFT,False,35473608,35473499,2,P2-女流-2022.6.28-RAFT | P1-女流-2022.6.28-RAFT
2022-06-29,Fall Guys,False,35474050,1,女流-2022.6.29-Fall Guys
2022-06-29,RAFT,False,35473768,1,女流-2022.6.29-RAFT
2022-06-30,怪物猎人崛起：曙光,False,35489533,1,女流-2022.6.30-怪物猎人崛起：曙光
2022-07-01,Fall Guys,False,35504470,1,女流-2022.7.1-Fall Guys
2022-07-01,怪物猎人崛起：曙光,False,35504387,1,女流-2022.7.1-怪物猎人崛起：曙光
2022-07-02,茶杯头 (Cuphead),False,35518437,1,女流-2022.7.2-茶杯头 (Cuphead)
2022-07-03,心灵砒霜,True,35552492,35552495,35533709,3,P1-女流-2022.7.3-心灵砒霜弹幕版 | P2-女流-2022.7.3-心灵砒霜弹幕版 | 女流-2022.7.3-心灵砒霜
2022-07-04,各年代老歌榜单盘点,False,35567725,35567735,2,P2-女流-2022.7.4-各年代老歌榜单盘点 | P1-女流-2022.7.4-各年代老歌榜单盘点
2022-07-05,RAFT,False,35566579,1,女流-2022.7.5-RAFT
2022-07-06,Fall Guys,False,35583028,1,女流-2022.7.6-Fall Guys
2022-07-06,RAFT,False,35583107,1,女流-2022.7.6-RAFT
2022-07-07,一起来玩吧!Oink Games,False,35737883,1,女流-2022.7.7-一起来玩吧!Oink Games
2022-07-07,糖豆人,False,35738996,1,女流-2022.7.7-糖豆人
2022-07-08,仙剑客栈2,False,35739240,1,女流-2022.7.8-仙剑客栈2
2022-07-09,出发前聊聊,False,35739274,1,女流-2022.7.9-出发前聊聊
2022-07-09,在路上,False,35739277,1,女流-2022.7.9-在路上
2022-07-09,边钓边吃,False,35739450,1,女流-2022.7.9-边钓边吃
2022-07-10,仙剑客栈2,False,35753988,1,女流-2022.7.10-仙剑客栈2
2022-07-14,美丽的大草原,False,35739652,1,女流-2022.7.14-美丽的大草原
2022-07-15,仙剑客栈2,False,35737622,1,女流-2022.7.15-仙剑客栈2
2022-07-16,Dinkum,False,35755218,1,女流-2022.7.16-Dinkum
2022-07-17,心灵砒霜,True,35787442,35787441,35770675,3,P1-女流-2022.7.17-心灵砒霜弹幕版 | P2-女流-2022.7.17-心灵砒霜弹幕版 | 女流-2022.7.17-心灵砒霜
2022-07-18,Dinkum,False,35786478,1,女流-2022.7.18-Dinkum
2022-07-19,Stray,False,35801405,1,女流-2022.7.19-Stray
2022-07-20,Stray,False,35819494,1,女流-2022.7.20-Stray
2022-07-20,糖豆人,False,35819660,1,女流-2022.7.20-糖豆人
2022-07-21,糖豆人,False,35852486,35852477,2,P1-女流-2022.7.21-糖豆人 | P2-女流-2022.7.21-糖豆人
2022-07-22,时空勇士,False,35854739,1,女流-2022.7.22-时空勇士
2022-07-23,时空勇士,False,35871539,1,女流-2022.7.23-时空勇士
2022-07-24,心灵砒霜,True,35886952,1,女流-2022.7.24-心灵砒霜
2022-07-25,时空勇士,False,35902456,1,女流-2022.7.25-时空勇士
2022-07-26,时空勇士,False,35918802,1,女流-2022.7.26-时空勇士
2022-07-27,夏日歌友会选拔,False,35937204,1,女流-2022.7.27-夏日歌友会选拔
2022-07-27,糖豆人,False,35937151,1,女流-2022.7.27-糖豆人
2022-07-28,糖豆人,False,35954818,1,女流-2022.7.28-糖豆人
2022-07-30,Inside the Backroom,False,35988937,1,女流-2022.7.30-Inside the Backroom
2022-07-30,夏日歌友会,False,35989248,1,女流-2022.7.30-夏日歌友会
2022-07-31,心灵砒霜,True,36005348,1,女流-2022.7.31-心灵砒霜
2022-08-01,Inside the Backroom,False,36022646,1,女流-2022.8.1-Inside the Backroom
2022-08-02,Bear and Breakfast,False,36039889,1,女流-2022.8.2-Bear and Breakfast
2022-08-04,糖豆人,False,36074490,1,女流-2022.8.4-糖豆人
2022-08-05,Bear and Breakfast,False,36095370,1,女流-2022.8.5-Bear and Breakfast
2022-08-07,心灵砒霜,True,36175338,1,女流-2022.8.7-心灵砒霜
2022-08-08,Bear and Breakfast,False,36221080,1,女流-2022.8.8-Bear and Breakfast
2022-08-09,Two Point Campus,False,36272882,1,女流-2022.8.9-Two Point Campus
2022-08-09,咩咩启示录,False,36272443,1,女流-2022.8.9-咩咩启示录
2022-08-10,雀魂,False,36321006,1,女流-2022.8.10-雀魂
2022-08-11,咩咩启示录,False,36365246,1,女流-2022.8.11-咩咩启示录
2022-08-12,咩咩启示录,False,36411418,1,女流-2022.8.12-咩咩启示录
2022-08-13,咩咩启示录,False,36496913,1,女流-2022.8.13-咩咩启示录
2022-08-14,心灵砒霜,True,36497050,1,女流-2022.8.14-心灵砒霜
2022-08-15,咩咩启示录,False,36536974,1,女流-2022.8.15-咩咩启示录
2022-08-17,Lost in Play,False,36609984,1,女流-2022.8.17-Lost in Play
2022-08-18,Mark of the Ninja,False,36645423,1,女流-2022.8.18-Mark of the Ninja
2022-08-19,Rumbleverse,False,36725550,1,女流-2022.8.19-Rumbleverse
2022-08-20,记忆边境,False,36763947,1,女流-2022.8.20-记忆边境
2022-08-21,心灵砒霜,True,36764401,1,女流-2022.8.21-心灵砒霜
2022-08-22,记忆边境day2,False,36805377,1,女流-2022.8.22-记忆边境day2
2022-08-23,港诡实录,False,36835828,1,女流-2022.8.23-港诡实录
2022-08-24,The House of Da Vinci,False,36887206,36885012,36863233,36863230,4,P2-女流-2022.8.24-The House of Da Vinci | P1-女流-2022.8.24-The House of Da Vinci | P2-女流-2022.8.24-The House of Da Vinci | P1-女流-2022.8.24-The House of Da Vinci
2022-08-26,AmongUs,False,36917436,1,女流-2022.8.26-AmongUs
2022-08-28,心灵砒霜,True,37010457,36979189,2,女流-2022.8.28-心灵砒霜弹幕版 | 女流-2022.8.28-心灵砒霜
2022-09-01,Sun Haven,False,37121343,1,女流-2022.9.1-Sun Haven
2022-09-02,Sun Haven,False,37122191,1,女流-2022.9.2-Sun Haven
2022-09-03,女鬼桥,False,37209823,37198688,2,P2-女流-2022.9.3-女鬼桥 | P1-女流-2022.9.3-女鬼桥
2022-09-04,心灵砒霜,True,37187150,1,女流-2022.9.4-心灵砒霜
2022-09-05,糖豆人,False,37210713,1,女流-2022.9.5-糖豆人
2022-09-06,The House of Da Vinci 2,False,37238366,1,女流-2022.9.6-The House of Da Vinci 2
2022-09-08,Little Witch in the Woods,False,37331103,1,女流-2022.9.8-Little Witch in the Woods
2022-09-09,今天是个好日子,False,37381154,1,女流-2022.9.9-今天是个好日子
2022-09-10,修仙故事 轮回,False,37364730,1,女流-2022.9.10-修仙故事 轮回
2022-09-12,修仙故事 轮回,False,37398633,1,女流-2022.9.12-修仙故事 轮回
2022-09-13,The Wandering Village,False,37416141,1,女流-2022.9.13-The Wandering Village
2022-09-14,糖豆人,False,37431426,1,女流-2022.9.14-糖豆人
2022-09-15,Psychonauts 2,False,37446735,1,女流-2022.9.15-Psychonauts 2
2022-09-16,脑航员2,False,37464342,1,女流-2022.9.16-脑航员2
2022-09-17,心灵砒霜,True,37499604,37483196,2,女流-2022.9.17-心灵砒霜弹幕版 | 女流-2022.9.17-心灵砒霜
2022-09-20,脑航员2,False,37527647,1,女流-2022.9.20-脑航员2
2022-09-21,糖豆人,False,37544001,1,女流-2022.9.21-糖豆人
2022-09-21,脑航员2,False,37543919,1,女流-2022.9.21-脑航员2
2022-09-22,卧龙 苍天陨落,False,37572459,1,女流-2022.9.22-卧龙 苍天陨落
2022-09-23,糖豆人,False,37573023,1,女流-2022.9.23-糖豆人
2022-09-24,糖豆人,False,37590944,1,女流-2022.9.24-糖豆人
2022-09-25,心灵砒霜,True,37619071,37605808,2,女流-2022.9.25-心灵砒霜弹幕版 | 女流-2022.9.25-心灵砒霜
2022-09-26,史莱姆农场2,False,37620098,1,女流-2022.9.26-史莱姆农场2
2022-09-26,糖豆人,False,37619943,1,女流-2022.9.26-糖豆人
2022-09-27,史莱姆农场2,False,37633953,1,女流-2022.9.27-史莱姆农场2
2022-09-28,Dome Keeper,False,37646907,1,女流-2022.9.28-Dome Keeper
2022-09-29,Brotato,False,37662662,1,女流-2022.9.29-Brotato
2022-09-29,暗黑破坏神 不朽,False,37662729,1,女流-2022.9.29-暗黑破坏神 不朽
2022-10-01,Brotato,False,37729454,1,女流-2022.10.1-Brotato
2022-10-02,心灵砒霜,True,38800745,38272701,2,女流-2022.10.2-心灵砒霜弹幕版 | 女流-2022.10.2-心灵砒霜
2022-10-03,Brotato,False,38811072,1,女流-2022.10.3-Brotato
2022-10-04,Brotato,False,39061963,1,女流-2022.10.4-Brotato
2022-10-05,Brotato,False,39081714,1,女流-2022.10.5-Brotato
2022-10-06,Brotato,False,39098269,1,女流-2022.10.6-Brotato
2022-10-07,Brotato,False,39113637,1,女流-2022.10.7-Brotato
2022-10-08,Brotato,False,39146440,1,女流-2022.10.8-Brotato
2022-10-09,Brotato,False,39147233,39146832,2,P2-女流-2022.10.9-Brotato | P1-女流-2022.10.9-Brotato
2022-10-10,Brotato,False,39170704,39169940,2,P2-女流-2022.10.10-Brotato | P1-女流-2022.10.10-Brotato
2022-10-11,Brotato,False,39171423,1,女流-2022.10.11-Brotato
2022-10-12,Coral Island,False,39190001,1,女流-2022.10.12-Coral Island
2022-10-15,Coral Island,False,39258381,1,女流-2022.10.15-Coral Island
2022-10-16,Coral Island,False,39259580,1,女流-2022.10.16-Coral Island
2022-10-17,Coral Island,False,39272069,1,女流-2022.10.17-Coral Island
2022-10-18,瘟疫传说2 安魂曲,False,39287408,1,女流-2022.10.18-瘟疫传说2 安魂曲
2022-10-19,瘟疫传说2 安魂曲,False,39316375,1,女流-2022.10.19-瘟疫传说2 安魂曲
2022-10-20,瘟疫传说2 安魂曲,False,39316348,1,女流-2022.10.20-瘟疫传说2 安魂曲
2022-10-24,神秘海域：盗贼传奇合辑,False,39377804,1,女流-2022.10.24-神秘海域：盗贼传奇合辑
2022-10-25,神秘海域：盗贼传奇合辑,False,39394921,1,女流-2022.10.25-神秘海域：盗贼传奇合辑
2022-10-26,神秘海域：盗贼传奇合辑,False,39407748,1,女流-2022.10.26-神秘海域：盗贼传奇合辑
2022-10-28,神秘海域：盗贼传奇合辑,False,39440391,1,女流-2022.10.28-神秘海域：盗贼传奇合辑
2022-10-29,神秘海域：盗贼传奇合辑,False,39456243,1,女流-2022.10.29-神秘海域：盗贼传奇合辑
2022-10-30,生化危机8 DLC,False,39503951,39500749,2,P2-女流-2022.10.30-生化危机8 DLC | P1-女流-2022.10.30-生化危机8 DLC
2022-10-31,DAVE THE DIVER,False,39486788,1,女流-2022.10.31-DAVE THE DIVER
2022-11-01,DAVE THE DIVER,False,39513252,1,女流-2022.11.1-DAVE THE DIVER
2022-11-02,Endoparasitic&The Past Within,False,39540914,1,女流-2022.11.2-Endoparasitic&The Past Within
2022-11-03,哆啦A梦牧场物语2,False,39540251,1,女流-2022.11.3-哆啦A梦牧场物语2
2022-11-04,暖雪,False,39554330,1,女流-2022.11.4-暖雪
2022-11-05,哆啦A梦牧场物语2,False,39575178,1,女流-2022.11.5-哆啦A梦牧场物语2
2022-11-14,战神5,False,39760898,1,女流-2022.11.14-战神5
2022-11-15,战神5,False,39783058,1,女流-2022.11.15-战神5
2022-11-17,战神5,False,39805019,1,女流-2022.11.17-战神5
2022-11-18,战神5,False,39844931,1,女流-2022.11.18-战神5
2022-11-19,战神5,False,39882122,1,女流-2022.11.19-战神5
2022-11-20,战神5,False,39884326,1,女流-2022.11.20-战神5
2022-11-21,战神5,False,39904244,1,女流-2022.11.21-战神5
2022-11-22,大多数,False,39915982,1,女流-2022.11.22-大多数
2022-11-23,大多数,False,39918653,1,女流-2022.11.23-大多数
2022-11-24,大多数,False,39936306,1,女流-2022.11.24-大多数
2022-11-25,大多数,False,39947971,1,女流-2022.11.25-大多数
2022-11-26,大多数,False,39960902,1,女流-2022.11.26-大多数
2022-11-26,战锤40k,False,39960868,1,女流-2022.11.26-战锤40k
2022-11-27,心灵砒霜,True,40025172,39971367,2,女流-2022.11.27-心灵砒霜弹幕版 | 女流-2022.11.27-心灵砒霜
2022-11-28,大多数,False,39981986,1,女流-2022.11.28-大多数
2022-11-29,大多数,False,39994043,1,女流-2022.11.29-大多数
2022-11-30,大多数,False,40008087,1,女流-2022.11.30-大多数
2022-12-01,Ship of Fools,False,40014492,1,女流-2022.12.1-Ship of Fools
2022-12-04,Tunic,False,40060182,1,女流-2022.12.4-Tunic
2022-12-04,心灵砒霜,True,40059510,40048410,2,女流-2022.12.4-心灵砒霜弹幕版 | 女流-2022.12.4-心灵砒霜
2022-12-07,Tunic,False,40082663,1,女流-2022.12.7-Tunic
2022-12-08,Tunic,False,40103750,1,女流-2022.12.8-Tunic
2022-12-11,心灵砒霜,True,40137339,40137241,40128156,40128155,4,P2-女流-2022.12.11-心灵砒霜弹幕版 | P1-女流-2022.12.11-心灵砒霜弹幕版 | P1-女流-2022.12.11-心灵砒霜 | P2-女流-2022.12.11-心灵砒霜
2022-12-13,天命奇御 归途,False,40148586,1,女流-2022.12.13-天命奇御 归途
2022-12-16,黑羊,False,40182199,40182200,2,P1-女流-2022.12.16-黑羊 | P2-女流-2022.12.16-黑羊
2022-12-17,A Little to the Left,False,40188881,1,女流-2022.12.17-A Little to the Left
2022-12-18,Springblades,False,40208157,1,女流-2022.12.18-Springblades
2022-12-18,失眠,False,40207858,1,女流-2022.12.18-失眠
2022-12-20,深海迷航,False,40220049,1,女流-2022.12.20-深海迷航
2022-12-21,深海迷航,False,40225738,1,女流-2022.12.21-深海迷航
2022-12-22,深海迷航,False,40235986,1,女流-2022.12.22-深海迷航
2022-12-23,深海迷航&光遇,False,40245602,1,女流-2022.12.23-深海迷航&光遇
2022-12-24,深海迷航,False,40254488,1,女流-2022.12.24-深海迷航
2022-12-25,深海迷航,False,40262721,40262596,2,P2-女流-2022.12.25-深海迷航 | P1-女流-2022.12.25-深海迷航
2022-12-26,深海迷航,False,40272353,1,女流-2022.12.26-深海迷航
2022-12-28,The House of Da Vinci 3,False,40291151,1,女流-2022.12.28-The House of Da Vinci 3
2022-12-30,Fresh start,False,40311583,1,女流-2022.12.30-Fresh start
2023-01-01,心灵砒霜,True,40339717,40339694,40330565,3,P1-女流-2023.1.1-心灵砒霜弹幕版 | P2-女流-2023.1.1-心灵砒霜弹幕版 | 女流-2023.1.1-心灵砒霜
2023-01-03,真探,False,40357337,1,女流-2023.1.3-真探
2023-01-04,真探,False,40369112,1,女流-2023.1.4-真探
2023-01-09,The Long Dark,False,40406543,1,女流-2023.1.9-The Long Dark
2023-01-10,The Long Dark,False,40414552,1,女流-2023.1.10-The Long Dark
2023-01-11,66的心灵offer,False,40423302,1,女流-2023.1.11-66的心灵offer
2023-01-11,江湖十一,False,40423304,1,女流-2023.1.11-江湖十一
2023-01-12,江湖十一,False,40439757,1,女流-2023.1.12-江湖十一
2023-01-13,黄老饼梦游惊奇,False,40440083,1,女流-2023.1.13-黄老饼梦游惊奇
2023-01-14,黄老饼梦游惊奇,False,40448159,1,女流-2023.1.14-黄老饼梦游惊奇
2023-01-15,跑跑卡丁车：漂移,False,40455228,1,女流-2023.1.15-跑跑卡丁车：漂移
2023-01-17,跑跑卡丁车：漂移,False,40469684,1,女流-2023.1.17-跑跑卡丁车：漂移
2023-01-18,隐秘的角落,False,40477461,1,女流-2023.1.18-隐秘的角落
2023-01-19,隐秘的角落,False,40484502,1,女流-2023.1.19-隐秘的角落
2023-01-21,8周年在除夕,False,40502924,1,女流-2023.1.21-8周年在除夕
2023-01-27,Hi,False,40535935,1,女流-2023.1.27-Hi-Fi RUSH
2023-01-28,Hi,False,40536075,1,女流-2023.1.28-Hi-Fi RUSH
2023-02-01,飞跃13号房,False,40566209,1,女流-2023.2.1-飞跃13号房
2023-02-02,飞跃13号房,False,40574061,1,女流-2023.2.2-飞跃13号房
2023-02-04,死亡空间,False,40589850,1,女流-2023.2.4-死亡空间
2023-02-06,死亡空间,False,40613167,1,女流-2023.2.6-死亡空间
2023-02-07,霍格沃茨之遗,False,40625982,1,女流-2023.2.7-霍格沃茨之遗
2023-02-08,霍格沃茨之遗,False,40626168,1,女流-2023.2.8-霍格沃茨之遗
2023-02-09,霍格沃茨之遗,False,40627403,1,女流-2023.2.9-霍格沃茨之遗
2023-02-10,霍格沃茨之遗,False,40642031,1,女流-2023.2.10-霍格沃茨之遗
2023-02-11,霍格沃茨之遗,False,40650243,1,女流-2023.2.11-霍格沃茨之遗
2023-02-12,霍格沃茨之遗,False,40657800,1,女流-2023.2.12-霍格沃茨之遗
2023-02-13,霍格沃茨之遗,False,40664729,1,女流-2023.2.13-霍格沃茨之遗
2023-02-16,死亡教堂,False,40688757,1,女流-2023.2.16-死亡教堂
2023-02-17,死亡教堂,False,40696413,1,女流-2023.2.17-死亡教堂
2023-02-18,Brotato,False,40696606,1,女流-2023.2.18-Brotato
2023-02-20,Brotato,False,40710824,1,女流-2023.2.20-Brotato
2023-02-21,原子之心,False,40719033,1,女流-2023.2.21-原子之心
2023-02-22,原子之心,False,40726919,1,女流-2023.2.22-原子之心
2023-02-23,原子之心,False,40734479,1,女流-2023.2.23-原子之心
2023-02-24,原子之心&卧龙,False,40750522,1,女流-2023.2.24-原子之心&卧龙
2023-02-26,森林之子,False,40765653,1,女流-2023.2.26-森林之子
2023-03-02,卧龙,False,40806148,1,女流-2023.3.2-卧龙
2023-03-02,土豆兄弟,False,40805824,1,女流-2023.3.2-土豆兄弟
2023-03-03,卧龙,False,40806260,1,女流-2023.3.3-卧龙
2023-03-04,卧龙,False,40813613,1,女流-2023.3.4-卧龙
2023-03-05,卧龙,False,40814176,1,女流-2023.3.5-卧龙
2023-03-08,大侠立志传,False,40837353,1,女流-2023.3.8-大侠立志传
2023-03-09,大侠立志传,False,40845663,1,女流-2023.3.9-大侠立志传
2023-03-10,大侠立志传,False,40853612,1,女流-2023.3.10-大侠立志传
2023-03-11,大侠立志传,False,40860740,1,女流-2023.3.11-大侠立志传
2023-03-15,生化危机2,False,40923395,40923399,2,P2-女流-2023.3.15-生化危机2 | P1-女流-2023.3.15-生化危机2
2023-03-16,生化危机2,False,40916940,1,女流-2023.3.16-生化危机2
2023-03-17,生化危机2,False,40916713,1,P1-女流-2023.3.17-生化危机2
2023-03-18,英雄联盟,False,40916735,40916373,2,女流-2023.3.18-英雄联盟 | 女流-2023.3.18-英雄联盟
2023-03-20,心灵砒霜,True,40930954,1,女流-2023.3.20-心灵砒霜
2023-03-22,生化危机3,False,40946153,1,女流-2023.3.22-生化危机3
2023-03-24,生化危机4,False,40963849,1,女流-2023.3.24-生化危机4
2023-03-25,生化危机4,False,40971370,1,女流-2023.3.25-生化危机4
2023-03-26,生化危机4,False,40978796,1,女流-2023.3.26-生化危机4
2023-03-29,Storyteller,False,41011142,1,女流-2023.3.29-Storyteller
2023-03-29,生化危机编年史记,False,41002688,1,女流-2023.3.29-生化危机编年史记
2023-04-01,渔帆暗涌,False,41027442,1,女流-2023.4.1-渔帆暗涌
2023-04-02,渔帆暗涌,False,41034691,1,女流-2023.4.2-渔帆暗涌
2023-04-03,AltF4 2,False,41042766,1,女流-2023.4.3-AltF4 2
2023-04-04,AltF4 2,False,41058573,1,女流-2023.4.4-AltF4 2
2023-04-06,只狼,False,41067368,1,女流-2023.4.6-只狼
2023-04-08,只狼,False,41103808,1,女流-2023.4.8-只狼
2023-04-09,只狼,False,41104588,1,女流-2023.4.9-只狼
2023-04-10,只狼,False,41105284,1,女流-2023.4.10-只狼
2023-04-12,只狼,False,41114717,1,女流-2023.4.12-只狼
2023-04-14,只狼,False,41131763,1,女流-2023.4.14-只狼
2023-04-16,心灵砒霜,True,41145985,1,女流-2023.4.16-心灵砒霜
2023-04-18,满庭芳：宋上繁华,False,41162832,1,女流-2023.4.18-满庭芳：宋上繁华
2023-04-19,满庭芳：宋上繁华,False,41195523,1,女流-2023.4.19-满庭芳：宋上繁华
2023-04-20,满庭芳：宋上繁华,False,41188371,1,女流-2023.4.20-满庭芳：宋上繁华
2023-04-22,满庭芳：宋上繁华,False,41203339,1,女流-2023.4.22-满庭芳：宋上繁华
2023-04-23,满庭芳：宋上繁华,False,41203549,1,女流-2023.4.23-满庭芳：宋上繁华
2023-04-24,满庭芳：宋上繁华,False,41211940,1,女流-2023.4.24-满庭芳：宋上繁华
2023-04-24,火山的女儿,False,41212108,1,女流-2023.4.24-火山的女儿
2023-04-26,火山的女儿,False,41228674,1,女流-2023.4.26-火山的女儿
2023-04-27,火山的女儿,False,41237282,1,女流-2023.4.27-火山的女儿
2023-04-28,长梦,False,41245018,1,女流-2023.4.28-长梦
2023-04-29,饥荒联机版,False,41258883,1,女流-2023.4.29-饥荒联机版
2023-04-30,心灵砒霜,True,41293206,41290293,2,女流-2023.4.30-心灵砒霜弹幕版 | 女流-2023.4.30-心灵砒霜
2023-05-01,How to Get Rich,False,41293737,41293741,2,P1-女流-2023.5.1-How to Get Rich | P2-女流-2023.5.1-How to Get Rich
2023-05-03,BrambleThe Mountain King,False,41278299,1,女流-2023.5.3-BrambleThe Mountain King
2023-05-04,候鸟,False,41285689,1,女流-2023.5.4-候鸟
2023-05-05,候鸟,False,41293800,41293802,2,P1-女流-2023.5.5-候鸟 | P2-女流-2023.5.5-候鸟
2023-05-06,邪恶冥刻,False,41301099,41301023,2,P2-女流-2023.5.6-邪恶冥刻 | P1-女流-2023.5.6-邪恶冥刻
2023-05-07,心灵砒霜,True,41314142,41308355,2,女流-2023.5.7-心灵砒霜弹幕版 | 女流-2023.5.7-心灵砒霜
2023-05-08,虚空列车,False,41316665,1,女流-2023.5.8-虚空列车
2023-05-09,邪恶冥刻,False,41324451,1,女流-2023.5.9-邪恶冥刻
2023-05-10,六六聊聊,False,41335802,1,女流-2023.5.10-六六聊聊
2023-05-11,邪恶冥刻,False,41341144,41341117,2,女流-2023.5.11-邪恶冥刻 | P2-女流-2023.5.11-邪恶冥刻
2023-05-12,塞尔达传说,False,41348914,1,女流-2023.5.12-塞尔达传说
2023-05-13,塞尔达传说,False,41362265,1,女流-2023.5.13-塞尔达传说
2023-05-14,塞尔达传说,False,41367564,41367556,2,P1-女流-2023.5.14-塞尔达传说 | P2-女流-2023.5.14-塞尔达传说
2023-05-15,塞尔达传说,False,41374321,41374319,2,P1-女流-2023.5.15-塞尔达传说 | P2-女流-2023.5.15-塞尔达传说
2023-05-16,塞尔达传说,False,41382283,41382280,2,P1-女流-2023.5.16-塞尔达传说 | P2-女流-2023.5.16-塞尔达传说
2023-05-17,塞尔达传说,False,41395756,1,女流-2023.5.17-塞尔达传说
2023-05-18,塞尔达传说,False,41395836,1,女流-2023.5.18-塞尔达传说
2023-05-19,塞尔达传说,False,41414298,41414292,41413746,3,P2-女流-2023.5.19-塞尔达传说 | P1-女流-2023.5.19-塞尔达传说 | P3-女流-2023.5.19-塞尔达传说
2023-05-20,塞尔达传说,False,41411635,1,女流-2023.5.20-塞尔达传说
2023-05-21,塞尔达传说,False,41418401,41418402,41418400,3,P2-女流-2023.5.21-塞尔达传说 | P1-女流-2023.5.21-塞尔达传说 | P3-女流-2023.5.21-塞尔达传说
2023-05-22,斗鱼高校音乐盛典,True,41423753,1,女流-2023.5.22-斗鱼高校音乐盛典
2023-05-23,塞尔达传说,False,41434911,1,女流-2023.5.23-塞尔达传说
2023-05-25,塞尔达传说,False,41447811,41447722,41447376,3,P2-女流-2023.5.25-塞尔达传说 | P3-女流-2023.5.25-塞尔达传说 | P1-女流-2023.5.25-塞尔达传说
2023-05-26,塞尔达传说,False,41456449,41456450,2,P2-女流-2023.5.26-塞尔达传说 | P1-女流-2023.5.26-塞尔达传说
2023-05-27,塞尔达传说,False,41470831,41470741,2,P1-女流-2023.5.27-塞尔达传说 | P2-女流-2023.5.27-塞尔达传说
2023-05-28,塞尔达传说,False,41478688,41478691,2,P1 -女流-2023.5.28-塞尔达传说 | P2 -女流-2023.5.28-塞尔达传说
2023-05-30,塞尔达传说,False,41486826,41486827,41486819,3,P3-女流-2023.5.30-塞尔达传说 | P1-女流-2023.5.30-塞尔达传说 | P2-女流-2023.5.30-塞尔达传说
2023-05-31,塞尔达传说,False,41494860,41494861,41494863,3,P1-女流-2023.5.31-塞尔达传说 | P2-女流-2023.5.31-塞尔达传说 | P3-女流-2023.5.31-塞尔达传说
2023-06-01,塞尔达传说,False,41503160,41503159,41503144,3,P2-女流-2023.6.1-塞尔达传说 | P1-女流-2023.6.1-塞尔达传说 | P3-女流-2023.6.1-塞尔达传说
2023-06-02,塞尔达传说,False,41510625,41510624,41510628,3,P1-女流-2023.6.2-塞尔达传说 | P2-女流-2023.6.2-塞尔达传说 | P3-女流-2023.6.2-塞尔达传说
2023-06-05,Only UP,False,41538892,41538894,2,P1-女流-2023.6.5-Only UP | P2-女流-2023.6.5-Only UP
2023-06-06,Only UP,False,41543907,41543905,2,P1-女流-2023.6.6-Only UP | P2-女流-2023.6.6-Only UP
2023-06-07,Only UP,False,41554820,1,女流-2023.6.7-Only UP
2023-06-09,Street Fighter,False,41564078,41564091,2,P1-女流-2023.6.9-Street Fighter | P2-女流-2023.6.9-Street Fighter
2023-06-10,Street Fighter,False,41572175,1,女流-2023.6.10-Street Fighter
2023-06-11,Street Fighter,False,41585873,41585848,2,P2-女流-2023.6.11-Street Fighter | P1-女流-2023.6.11-Street Fighter
2023-06-12,Street Fighter,False,41593078,1,女流-2023.6.12-Street Fighter
2023-06-13,Street Fighter,False,41599276,1,女流-2023.6.13-Street Fighter
2023-06-14,Street Fighter,False,41601809,41601706,2,P1-女流-2023.6.14-Street Fighter | P2-女流-2023.6.14-Street Fighter
2023-06-16,冒险岛 枫之传说,False,41624386,1,女流-2023.6.16-冒险岛 枫之传说
2023-06-17,糖豆人,False,41638441,1,女流-2023.6.17-糖豆人
2023-06-18,糖豆人,False,41638221,1,女流-2023.6.18-糖豆人
2023-06-19,糖豆人,False,41646301,1,女流-2023.6.19-糖豆人
2023-06-20,糖豆人,False,41651119,1,女流-2023.6.20-糖豆人
2023-06-21,糖豆人,False,41668166,1,女流-2023.6.21-糖豆人
2023-06-22,最终幻想XVI,False,41669910,1,女流-2023.6.22-最终幻想XVI
2023-06-23,最终幻想XVI,False,41670789,41670161,41670159,3,P1-女流-2023.6.23-最终幻想XVI | P4-女流-2023.6.23-最终幻想XVI | P3-女流-2023.6.23-最终幻想XVI
2023-06-24,最终幻想XVI,False,41681958,41681956,2,P1-女流-2023.6.24-最终幻想XVI | P2-女流-2023.6.24-最终幻想XVI
2023-06-25,最终幻想XVI,False,41682260,41682262,2,P2-女流-2023.6.25-最终幻想XVI | P1-女流-2023.6.25-最终幻想XVI
2023-06-26,最终幻想XVI,False,41690006,1,女流-2023.6.26-最终幻想XVI
2023-06-27,最终幻想XVI,False,41698726,41698725,2,P1-女流-2023.6.27-最终幻想XVI | P2-女流-2023.6.27-最终幻想XVI
2023-06-29,卧龙,False,41715610,1,女流-2023.6.29-卧龙
2023-06-30,Street Fighter,False,41724303,41724195,2,P2-女流-2023.6.30-Street Fighter | P1-女流-2023.6.30-Street Fighter
2023-07-01,潜水员戴夫,False,41731896,1,女流-2023.7.1-潜水员戴夫
2023-07-02,潜水员戴夫,False,41741395,1,女流-2023.7.2-潜水员戴夫
2023-07-02,糖豆人,False,41741667,1,女流-2023.7.2-糖豆人
2023-07-04,糖豆人,False,41759048,1,女流-2023.7.4-糖豆人
2023-07-05,土豆兄弟,False,41765542,1,女流-2023.7.5-土豆兄弟
2023-07-06,潜水员戴夫,False,41774214,1,女流-2023.7.6-潜水员戴夫
2023-07-07,潜水员戴夫,False,41782596,1,P2-女流-2023.7.7-潜水员戴夫
2023-07-08,GYLT,False,41792300,1,女流-2023.7.8-GYLT
2023-07-08,糖豆人,False,41792117,1,女流-2023.7.8-糖豆人
2023-07-10,土豆兄弟,False,41805412,1,女流-2023.7.10-土豆兄弟
2023-07-10,糖豆人,False,41807150,1,女流-2023.7.10-糖豆人
2023-07-11,土豆兄弟,False,41813790,1,女流-2023.7.11-土豆兄弟
2023-07-11,糖豆人,False,41815240,1,女流-2023.7.11-糖豆人
2023-07-12,糖豆人,False,41826274,41825950,2,P1-女流-2023.7.12-糖豆人 | P2-女流-2023.7.12-糖豆人
2023-07-13,糖豆人&面包和年糕,False,41832476,1,女流-2023.7.13-糖豆人&面包和年糕
2023-07-14,六六聊封神,False,41839125,41839121,2,P2-女流-2023.7.14-六六聊封神 | P1-女流-2023.7.14-六六聊封神
2023-07-15,永劫无间,False,41846278,41846279,2,P1-女流-2023.7.15-永劫无间 | P2-女流-2023.7.15-永劫无间
2023-07-19,Street Fighter,False,41879207,41879205,2,P2-女流-2023.7.19-Street Fighter | P1-女流-2023.7.19-Street Fighter
2023-07-20,Street Fighter,False,41887686,41887438,2,P2-女流-2023.7.20-Street Fighter | P1-女流-2023.7.20-Street Fighter
2023-07-21,Street Fighter,False,41895971,1,女流-2023.7.21-Street Fighter
2023-07-22,Street Fighter,False,41903538,41903537,2,P2-女流-2023.7.22-Street Fighter | P1-女流-2023.7.22-Street Fighter
2023-07-22,遗迹2,False,41910168,41903706,2,P2-女流-2023.7.22-遗迹2 | P1-女流-2023.7.22-遗迹2
2023-07-23,遗迹2,False,41912952,41911155,41910829,41910826,4,P4-女流-2023.7.23-遗迹2 | P1-女流-2023.7.23-遗迹2 | P2-女流-2023.7.23-遗迹2 | P3-女流-2023.7.23-遗迹2
2023-07-24,遗迹2,False,41926799,41926846,2,P1-女流-2023.7.24-遗迹2 | P2-女流-2023.7.24-遗迹2
2023-07-25,遗迹2,False,41952410,1,女流-2023.7.25-遗迹2
2023-07-26,Street Fighter,False,41952897,1,女流-2023.7.26-Street Fighter
2023-07-26,遗迹2,False,41953027,1,女流-2023.7.26-遗迹2
2023-07-28,三伏,False,41953247,1,女流-2023.7.28-三伏
2023-08-01,学园构想家,False,41984944,1,女流-2023.8.1-学园构想家
2023-08-02,Payday3,False,41993584,1,女流-2023.8.2-Payday3
2023-08-03,Street Fighter,False,42001907,42001797,2,P1-女流-2023.8.3-Street Fighter | P2-女流-2023.8.3-Street Fighter
2023-08-04,Baldur s Gate 3,False,42013220,42013309,42012985,3,P3-女流-2023.8.4-Baldur s Gate 3 | P1-女流-2023.8.4-Baldur s Gate 3 | P2-女流-2023.8.4-Baldur s Gate 3
2023-08-05,博德之门 3,False,42021085,42021079,42020775,3,P2-女流-2023.8.5-博德之门 3 | P3-女流-2023.8.5-博德之门 3 | P1-女流-2023.8.5-博德之门 3
2023-08-06,博德之门 3,False,42034844,42033084,42033087,3,P1-女流-2023.8.6-博德之门 3 | P2-女流-2023.8.6-博德之门 3 | P3-女流-2023.8.6-博德之门 3
2023-08-07,博德之门 3,False,42038614,42038615,2,P2-女流-2023.8.7-博德之门 3 | P1-女流-2023.8.7-博德之门 3
2023-08-08,博德之门 3,False,42041749,1,女流-2023.8.8-博德之门 3
2023-08-09,博德之门 3,False,42052362,42052361,2,P2-女流-2023.8.9-博德之门 3 | P1-女流-2023.8.9-博德之门 3
2023-08-10,博德之门 3,False,42058593,42058484,2,P1-女流-2023.8.10-博德之门 3 | P2-女流-2023.8.10-博德之门 3
2023-08-11,博德之门 3,False,42075019,1,女流-2023.8.11-博德之门 3
2023-08-13,博德之门 3,False,42091677,42091505,42091047,3,P2-女流-2023.8.13-博德之门 3 | P3-女流-2023.8.13-博德之门 3 | P1-女流-2023.8.13-博德之门 3
2023-08-13,女巫来了 Witch It,False,42091386,1,女流-2023.8.13-女巫来了 Witch It
2023-08-14,博德之门 3,False,42099064,42099065,42098531,3,P3-女流-2023.8.14-博德之门 3 | P2-女流-2023.8.14-博德之门 3 | P1-女流-2023.8.14-博德之门 3
2023-08-15,博德完结 下午茶,False,42099488,42099487,2,P2-女流-2023.8.15-博德完结 下午茶 | P2-女流-2023.8.15-博德完结 下午茶
2023-08-16,雀魂,False,42106946,1,女流-2023.8.16-雀魂
2023-08-17,Viewfinder,False,42115189,1,女流-2023.8.17-Viewfinder
2023-08-17,冒险岛：枫之传说,False,42114933,1,女流-2023.8.17-冒险岛：枫之传说
2023-08-17,绝地求生,False,42122772,1,女流-2023.8.17-绝地求生
2023-08-18,A Little to the Left,False,42123335,1,女流-2023.8.18-A Little to the Left
2023-08-18,Viewfinder,False,42123276,1,女流-2023.8.18-Viewfinder
2023-08-18,糖豆人,False,42122767,1,女流-2023.8.18-糖豆人
2023-08-19,无畏契约,False,42130075,1,女流-2023.8.19-无畏契约
2023-08-20,黑神话 悟空,False,42136402,1,女流-2023.8.20-黑神话 悟空
2023-08-21,AltF4,False,42146492,42146493,42146491,3,P3-女流-2023.8.21-AltF4 | P2-女流-2023.8.21-AltF4 | P1-女流-2023.8.21-AltF4
2023-08-29,老六归来,False,42219783,1,女流-2023.8.29-老六归来
2023-08-30,装甲核心6境界天火,False,42228756,42228725,42228469,3,P2-女流-2023.8.30-装甲核心6境界天火 | P3-女流-2023.8.30-装甲核心6境界天火 | P1-女流-2023.8.30-装甲核心6境界天火
2023-08-31,AltF4,False,42232943,1,女流-2023.8.31-AltF4
2023-08-31,Trine 5,False,42232740,1,女流-2023.8.31-Trine 5
2023-09-01,Trine 5,False,42245324,1,女流-2023.9.1-Trine 5
2023-09-01,星空,False,42245110,1,女流-2023.9.1-星空
2023-09-01,猛兽派对,False,42245390,42244840,2,P1-女流-2023.9.1-猛兽派对 | P2-女流-2023.9.1-猛兽派对
2023-09-02,Trine 5,False,42251975,1,女流-2023.9.2-Trine 5
2023-09-03,Trine 5,False,42251964,1,女流-2023.9.3-Trine 5
2023-09-03,装甲核心6境界天火,False,42251942,1,女流-2023.9.3-装甲核心6境界天火
2023-09-05,Trine 5,False,42268687,1,女流-2023.9.5-Trine 5
2023-09-05,装甲核心6境界天火,False,42268738,1,女流-2023.9.5-装甲核心6境界天火
2023-09-06,Trine 5,False,42278014,42278013,2,P2-女流-2023.9.6-Trine 5 | P1-女流-2023.9.6-Trine 5
2023-09-07,街霸明新主播赛,False,42289721,1,女流-2023.9.7-街霸明新主播赛
2023-09-07,鹅鸭杀,False,42289537,1,女流-2023.9.7-鹅鸭杀
2023-09-08,街霸,False,42305620,1,P2-女流-2023.9.8-街霸
2023-09-10,心灵砒霜,True,42318590,42312958,2,女流-2023.9.10-心灵砒霜弹幕版 | 女流-2023.9.10-心灵砒霜
2023-09-10,猛兽派对,False,42312833,1,女流-2023.9.10-猛兽派对
2023-09-12,光头鉴宝,False,42340389,42339844,2,P1-女流-2023.9.12-光头鉴宝 | P2-女流-2023.9.12-光头鉴宝
2023-09-12,无畏契约,False,42340048,1,女流-2023.9.12-无畏契约
2023-09-13,岛潮酒店,False,42360985,42361018,2,P2-女流-2023.9.13-岛潮酒店 | P1-女流-2023.9.13-岛潮酒店
2023-09-14,街霸,False,42361021,1,女流-2023.9.14-街霸
2023-09-15,We Were Here Expeditions,False,42360997,1,女流-2023.9.15-We Were Here Expeditions
2023-09-16,匹诺曹的谎言,False,42370248,42370249,2,P2-女流-2023.9.16-匹诺曹的谎言 | P1-女流-2023.9.16-匹诺曹的谎言
2023-09-17,匹诺曹的谎言&猛兽派对,False,42398618,42398567,2,P1-女流-2023.9.17-匹诺曹的谎言&猛兽派对 | P2-女流-2023.9.17-匹诺曹的谎言&猛兽派对
2023-09-18,匹诺曹的谎言,False,42399553,42399288,42399268,3,P1-女流-2023.9.18-匹诺曹的谎言 | P3-女流-2023.9.18-匹诺曹的谎言 | P2-女流-2023.9.18-匹诺曹的谎言
2023-09-19,匹诺曹的谎言,False,42410356,42410358,42409775,3,P2-女流-2023.9.19-匹诺曹的谎言 | P3-女流-2023.9.19-匹诺曹的谎言 | P1-女流-2023.9.19-匹诺曹的谎言
2023-09-21,匹诺曹的谎言,False,42436116,1,女流-2023.9.21-匹诺曹的谎言
2023-09-22,生化危机4,False,42436285,42436272,2,P2-女流-2023.9.22-生化危机4 | P1-女流-2023.9.22-生化危机4
2023-09-23,Payday 3,False,42455226,42455227,42455228,3,P1-女流-2023.9.23-Payday 3 | P2-女流-2023.9.23-Payday 3 | 女流-2023.9.23-Payday 3
2023-09-24,新出道女歌手,False,42465103,42465102,2,P1-女流-2023.9.24-新出道女歌手 | P2-女流-2023.9.24-新出道女歌手
2023-09-26,赛博朋克2077,False,42493961,42493917,2,P2-女流-2023.9.26-赛博朋克2077 | P1-女流-2023.9.26-赛博朋克2077
2023-09-27,赛博朋克2077,False,42504588,1,女流-2023.9.27-赛博朋克2077
2023-09-28,地铁繁花,False,42504581,1,女流-2023.9.28-地铁繁花
2023-09-29,糖豆人,False,42511931,1,女流-2023.9.29-糖豆人
2023-09-29,跑跑卡丁车,False,42512128,42511949,2,P1-女流-2023.9.29-跑跑卡丁车 | P2-女流-2023.9.29-跑跑卡丁车
2023-09-30,卧龙 称霸江东,False,42520780,1,女流-2023.9.30-卧龙 称霸江东
2023-10-01,心灵砒霜,True,42555168,42555173,42543406,3,P2-女流-2023.10.1-心灵砒霜弹幕版 | P1-女流-2023.10.1-心灵砒霜弹幕版 | 女流-2023.10.1-心灵砒霜
2023-10-02,Tricky Towers,False,42551996,42543992,2,P1-女流-2023.10.2-Tricky Towers | P2-女流-2023.10.2-Tricky Towers
2023-10-03,巴别塔圣歌,False,42552685,42552663,2,P2-女流-2023.10.3-巴别塔圣歌 | P1-女流-2023.10.3-巴别塔圣歌
2023-10-03,糖豆人,False,42552801,1,女流-2023.10.3-糖豆人
2023-10-04,巴别塔圣歌,False,42555162,1,女流-2023.10.4-巴别塔圣歌
2023-10-05,刺客信条 幻景,False,42569725,42569724,2,P2-女流-2023.10.5-刺客信条 幻景 | P1-女流-2023.10.5-刺客信条 幻景
2023-10-06,刺客信条 幻景,False,42577685,42577684,2,P2-女流-2023.10.6-刺客信条 幻景 | P1-女流-2023.10.6-刺客信条 幻景
2023-10-07,刺客信条 幻景,False,42579900,42579899,2,P2-女流-2023.10.7-刺客信条 幻景 | P1-女流-2023.10.7-刺客信条 幻景
2023-10-08,刺客信条 幻景,False,42617191,1,P2-女流-2023.10.8-刺客信条 幻景
2023-10-10,Goose Goose Duck,False,42618525,1,女流-2023.10.10-Goose Goose Duck
2023-10-10,糖豆人,False,42617284,1,女流-2023.10.10-糖豆人
2023-10-11,女鬼桥2,False,42625300,1,【女流】2023年10月11日录播《女鬼桥2》
2023-10-12,Headbangers,False,42637720,42628951,2,P1-【女流】2023年10月12日录播《Headbangers》 | P2-【女流】2023年10月12日录播《Headbangers》
2023-10-13,堕落之主,False,42654617,42654615,42647726,3,【女流】2023年10月13日录《堕落之主》P2 | 【女流】2023年10月13日录《堕落之主》P1 | 【女流】2023年10月13日录《堕落之主》P3
2023-10-14,播堕落之主,False,42655208,42655209,2,【女流】2023年10月14日录《播堕落之主》P2 | 【女流】2023年10月14日录《播堕落之主》P1
2023-10-17,堕落之主,False,42693688,1,【女流】2023年10月17日录播《堕落之主》
2023-10-17,我被美女包围了,False,42692641,1,【女流】2023年10月17日录播《我被美女包围了》
2023-10-18,堕落之主,False,42692650,1,【女流】2023年10月18日录播《堕落之主》
2023-10-19,佩奇6,False,42694020,1,【女流】2023年10月19日录播《佩奇6》
2023-10-20,超级马里奥兄弟 惊奇,False,42703217,42703192,2,【女流】2023年10月20日录播《超级马里奥兄弟 惊奇》P1 | 【女流】2023年10月20日录播《超级马里奥兄弟 惊奇》P2
2023-10-21,蜘蛛侠2,False,42719418,1,【女流】2023年10月21日录播《蜘蛛侠2》
2023-10-21,超级马里奥兄弟 惊奇,False,42719335,1,【女流】2023年10月21日录播《超级马里奥兄弟 惊奇》
2023-10-22,蜘蛛侠2,False,42726916,1,【女流】2023年10月22日录播《蜘蛛侠2》
2023-10-22,超级马里奥兄弟 惊奇,False,42726914,1,【女流】2023年10月22日录播《超级马里奥兄弟 惊奇》
2023-10-23,蜘蛛侠2,False,42728844,1,【女流】2023年10月23日录播《蜘蛛侠2》
2023-10-23,超级马里奥兄弟 惊奇,False,42728845,1,【女流】2023年10月23日录播《超级马里奥兄弟 惊奇》
2023-10-24,超级马里奥兄弟 惊奇,False,42749781,42749782,2,【女流】2023年10月24日录播《超级马里奥兄弟 惊奇》P1 | 【女流】2023年10月24日录播《超级马里奥兄弟 惊奇》P2
2023-10-25,蜘蛛侠2,False,42750475,42750476,2,【女流】2023年10月25日录播《蜘蛛侠2》P2 | 【女流】2023年10月25日录播《蜘蛛侠2》P1
2023-10-26,蜘蛛侠2,False,42771944,42771945,2,【女流】2023年10月26日录播《蜘蛛侠2》P1 | 【女流】2023年10月26日录播《蜘蛛侠2》P2
2023-10-27,绝地求生,False,42781087,1,【女流】2023年10月27日录播《绝地求生》
2023-10-28,心灵杀手2,False,42788790,42788789,2,【女流】2023年10月28日录播《心灵杀手2》P2 | 【女流】2023年10月28日录播《心灵杀手2》P1
2023-10-29,心灵杀手2,False,42795994,42795993,2,【女流】2023年10月29日录播《心灵杀手2》P2 | 【女流】2023年10月29日录播《心灵杀手2》_1.[SplitIt]
2023-10-30,心灵杀手2,False,42800225,42800226,42800101,3,【女流】2023年10月30日录播《心灵杀手2》P2 | 【女流】2023年10月30日录播《心灵杀手2》P1 | 【女流】2023年10月30日录播《心灵杀手2》P3
2023-10-31,Rhythm Royale,False,42810207,42810208,2,【女流】2023年10月31日录播《Rhythm Royale》P1 | 【女流】2023年10月31日录播《Rhythm Royale》P2
2023-11-01,无畏契约,False,42821016,42821015,2,【女流】2023年11月1日录播《无畏契约》&《Rhythm Royale》P2 | 【女流】2023年11月1日录播《无畏契约》&《Rhythm Royale》P1
2023-11-08,节奏鸽子,False,42898970,42898972,2,【女流】2023年11月8日录播《节奏鸽子》&《DON T SCREAM》&《揍击派 | 【女流】2023年11月8日录播《节奏鸽子》&《DON T SCREAM》&《揍击派
2023-11-09,魔法工艺,False,42909913,42909914,42909912,3,【女流】2023年11月9日录播《魔法工艺》《鹅鹅鸭》《糖豆人》P3 | 【女流】2023年11月9日录播《魔法工艺》《鹅鹅鸭》《糖豆人》P2 | 【女流】2023年11月9日录播《魔法工艺》《鹅鹅鸭》《糖豆人》P1
2023-11-10,魔法工艺,False,42927657,42927658,2,【女流】2023年11月10日录播《魔法工艺》P1 | 【女流】2023年11月10日录播《魔法工艺》P2
2023-11-11,超级舞动瓦里奥制造,False,42928130,42928065,2,【女流】2023年11月11日录播《超级舞动瓦里奥制造》P2 | 【女流】2023年11月11日录播《超级舞动瓦里奥制造》P1
2023-11-12,心灵砒霜,True,42944703,42944704,42944705,42936259,42936261,42936286,6,【女流】2023年11月12日录播《心灵砒霜弹幕版》P3 | 【女流】2023年11月12日录播《心灵砒霜弹幕版》P2 | 【女流】2023年11月12日录播《心灵砒霜弹幕版》P1 | 【女流】2023年11月12日录播《心灵砒霜》 | 【女流】2023年11月12日录播《心灵砒霜》《全职野人》P2 | 【女流】2023年11月12日录播《心灵砒霜》《全职野人》P3
2023-11-16,遗迹2,False,42981801,42981802,2,【女流】2023年11月16日录播《遗迹2》P1 | 【女流】2023年11月16日录播《遗迹2》P2
2023-11-17,节奏医生,False,42983241,1,【女流】2023年11月17日录播《节奏医生》《遗迹2》P1
2023-11-17,遗迹2,False,42985255,42983160,2,【女流】2023年11月17日录播《遗迹2》P2 | 【女流】2023年11月17日录播《遗迹2》P2
2023-11-18,大侠立志传,False,42995237,42995236,2,【女流】2023年11月18日录播《大侠立志传》P2 | 【女流】2023年11月18日录播《大侠立志传》P1
2023-11-19,大侠立志传,False,43013632,43013631,2,【女流】2023年11月19日录播《大侠立志传》P2 | 【女流】2023年11月19日录播《大侠立志传》P1
2023-11-20,因果动物园,False,43014439,1,【女流】2023年11月20日录播《因果动物园》
2023-11-20,大侠立志传,False,43016014,1,【女流】2023年11月20日录播《大侠立志传》
2023-11-20,溜溜聊聊,False,43016013,1,【女流】2023年11月20日录播《溜溜聊聊》
2023-11-21,大侠立志传,False,43023987,43023984,43023986,3,【女流】2023年11月21日录播《大侠立志传》P1 | 【女流】2023年11月21日录播《大侠立志传》P3 | 【女流】2023年11月21日录播《大侠立志传》P2
2023-11-22,大侠立志传,False,43033660,43033661,2,【女流】2023年11月22日录播《大侠立志传》P2 | 【女流】2023年11月22日录播《大侠立志传》P1
2023-11-23,大侠立志传,False,43042677,1,【女流】2023年11月23日录播《大侠立志传》
2023-11-24,大侠立志传,False,43053478,1,【女流】2023年11月24日录播《大侠立志传》
2023-11-25,吃香,False,43062929,43062952,2,【女流】2023年11月25日录播《吃香》P1 | 【女流】2023年11月25日录播《吃香》P2
2023-11-26,心灵砒霜,True,43073431,43073430,43062891,43062844,4,【女流】2023年11月26日录播《心灵砒霜 弹幕版》P2 | 【女流】2023年11月26日录播《心灵砒霜 弹幕版》P1 | 【女流】2023年11月26日录播《心灵砒霜 》P1 | 【女流】2023年11月26日录播《心灵砒霜 》P2
2023-11-27,英雄杀手,False,43081532,43081533,43081535,3,【女流】2023年11月27日录播《英雄杀手》P1 | 【女流】2023年11月27日录播《英雄杀手》P2 | 【女流】2023年11月27日录播《英雄杀手》P3
2023-11-28,街霸,False,43090636,43090635,2,【女流】2023年11月28日录播《街霸》P2 | 【女流】2023年11月28日录播《街霸》P1
2023-11-29,英雄杀手,False,43111506,43111500,2,【女流】2023年11月29日录播《英雄杀手》P2 | 【女流】2023年11月29日录播《英雄杀手》P1
2023-11-30,66聊聊,True,43118934,1,【女流】2023年11月30日录播《66聊聊》
