ac_id,date,title
43118934,2023/12/02,【女流】2023年11月30日录播《66聊聊》
43111506,2023/12/01,【女流】2023年11月29日录播《英雄杀手》P2
43111500,2023/12/01,【女流】2023年11月29日录播《英雄杀手》P1
43090636,2023/11/29,【女流】2023年11月28日录播《街霸》P2
43090635,2023/11/29,【女流】2023年11月28日录播《街霸》P1
43081532,2023/11/28,【女流】2023年11月27日录播《英雄杀手》P1
43081533,2023/11/28,【女流】2023年11月27日录播《英雄杀手》P2
43081535,2023/11/28,【女流】2023年11月27日录播《英雄杀手》P3
43073431,2023/11/28,【女流】2023年11月26日录播《心灵砒霜 弹幕版》P2
43073430,2023/11/28,【女流】2023年11月26日录播《心灵砒霜 弹幕版》P1
43062929,2023/11/27,【女流】2023年11月25日录播《吃香》P1
43062952,2023/11/27,【女流】2023年11月25日录播《吃香》P2
43062891,2023/11/27,【女流】2023年11月26日录播《心灵砒霜 》P1
43062844,2023/11/27,【女流】2023年11月26日录播《心灵砒霜 》P2
43053478,2023/11/25,【女流】2023年11月24日录播《大侠立志传》
43042677,2023/11/24,【女流】2023年11月23日录播《大侠立志传》
43033660,2023/11/23,【女流】2023年11月22日录播《大侠立志传》P2
43033661,2023/11/23,【女流】2023年11月22日录播《大侠立志传》P1
43023987,2023/11/22,【女流】2023年11月21日录播《大侠立志传》P1
43023984,2023/11/22,【女流】2023年11月21日录播《大侠立志传》P3
43023986,2023/11/22,【女流】2023年11月21日录播《大侠立志传》P2
43016014,2023/11/22,【女流】2023年11月20日录播《大侠立志传》
43016013,2023/11/22,【女流】2023年11月20日录播《溜溜聊聊》
43014439,2023/11/22,【女流】2023年11月20日录播《因果动物园》
43013632,2023/11/21,【女流】2023年11月19日录播《大侠立志传》P2
43013631,2023/11/21,【女流】2023年11月19日录播《大侠立志传》P1
42995237,2023/11/19,【女流】2023年11月18日录播《大侠立志传》P2
42995236,2023/11/19,【女流】2023年11月18日录播《大侠立志传》P1
42985255,2023/11/18,【女流】2023年11月17日录播《遗迹2》P2
42983160,2023/11/18,【女流】2023年11月17日录播《遗迹2》P2
42983241,2023/11/18,【女流】2023年11月17日录播《节奏医生》《遗迹2》P1
42981801,2023/11/18,【女流】2023年11月16日录播《遗迹2》P1
42981802,2023/11/18,【女流】2023年11月16日录播《遗迹2》P2
42944703,2023/11/14,【女流】2023年11月12日录播《心灵砒霜弹幕版》P3
42944704,2023/11/14,【女流】2023年11月12日录播《心灵砒霜弹幕版》P2
42944705,2023/11/14,【女流】2023年11月12日录播《心灵砒霜弹幕版》P1
42936259,2023/11/13,【女流】2023年11月12日录播《心灵砒霜》
42936261,2023/11/13,【女流】2023年11月12日录播《心灵砒霜》《全职野人》P2
42936286,2023/11/13,【女流】2023年11月12日录播《心灵砒霜》《全职野人》P3
42928130,2023/11/13,【女流】2023年11月11日录播《超级舞动瓦里奥制造》P2
42928065,2023/11/13,【女流】2023年11月11日录播《超级舞动瓦里奥制造》P1
42927657,2023/11/12,【女流】2023年11月10日录播《魔法工艺》P1
42927658,2023/11/12,【女流】2023年11月10日录播《魔法工艺》P2
42909913,2023/11/11,【女流】2023年11月9日录播《魔法工艺》《鹅鹅鸭》《糖豆人》P3
42909914,2023/11/11,【女流】2023年11月9日录播《魔法工艺》《鹅鹅鸭》《糖豆人》P2
42909912,2023/11/11,【女流】2023年11月9日录播《魔法工艺》《鹅鹅鸭》《糖豆人》P1
42898970,2023/11/09,【女流】2023年11月8日录播《节奏鸽子》&《DON T SCREAM》&《揍击派对》P
42898972,2023/11/09,【女流】2023年11月8日录播《节奏鸽子》&《DON T SCREAM》&《揍击派对》P
42821016,2023/11/02,【女流】2023年11月1日录播《无畏契约》&《Rhythm Royale》P2
42821015,2023/11/02,【女流】2023年11月1日录播《无畏契约》&《Rhythm Royale》P1
42810207,2023/10/31,【女流】2023年10月31日录播《Rhythm Royale》P1
42810208,2023/10/31,【女流】2023年10月31日录播《Rhythm Royale》P2
42800225,2023/10/30,【女流】2023年10月30日录播《心灵杀手2》P2
42800226,2023/10/30,【女流】2023年10月30日录播《心灵杀手2》P1
42800101,2023/10/30,【女流】2023年10月30日录播《心灵杀手2》P3
42795994,2023/10/30,【女流】2023年10月29日录播《心灵杀手2》P2
42795993,2023/10/30,【女流】2023年10月29日录播《心灵杀手2》_1.[SplitIt]
42788790,2023/10/29,【女流】2023年10月28日录播《心灵杀手2》P2
42788789,2023/10/29,【女流】2023年10月28日录播《心灵杀手2》P1
42781087,2023/10/29,【女流】2023年10月27日录播《绝地求生》
42771944,2023/10/28,【女流】2023年10月26日录播《蜘蛛侠2》P1
42771945,2023/10/28,【女流】2023年10月26日录播《蜘蛛侠2》P2
42750475,2023/10/25,【女流】2023年10月25日录播《蜘蛛侠2》P2
42750476,2023/10/25,【女流】2023年10月25日录播《蜘蛛侠2》P1
42749781,2023/10/25,【女流】2023年10月24日录播《超级马里奥兄弟 惊奇》P1
42749782,2023/10/25,【女流】2023年10月24日录播《超级马里奥兄弟 惊奇》P2
42728845,2023/10/23,【女流】2023年10月23日录播《超级马里奥兄弟 惊奇》
42728844,2023/10/23,【女流】2023年10月23日录播《蜘蛛侠2》
42726916,2023/10/23,【女流】2023年10月22日录播《蜘蛛侠2》
42726914,2023/10/23,【女流】2023年10月22日录播《超级马里奥兄弟 惊奇》
42719418,2023/10/22,【女流】2023年10月21日录播《蜘蛛侠2》
42719335,2023/10/22,【女流】2023年10月21日录播《超级马里奥兄弟 惊奇》
42703217,2023/10/20,【女流】2023年10月20日录播《超级马里奥兄弟 惊奇》P1
42703192,2023/10/20,【女流】2023年10月20日录播《超级马里奥兄弟 惊奇》P2
42694020,2023/10/19,【女流】2023年10月19日录播《佩奇6》
42693688,2023/10/19,【女流】2023年10月17日录播《堕落之主》
42692650,2023/10/19,【女流】2023年10月18日录播《堕落之主》
42692641,2023/10/19,【女流】2023年10月17日录播《我被美女包围了》
42655208,2023/10/15,【女流】2023年10月14日录《播堕落之主》P2
42655209,2023/10/15,【女流】2023年10月14日录《播堕落之主》P1
42654617,2023/10/15,【女流】2023年10月13日录《堕落之主》P2
42654615,2023/10/15,【女流】2023年10月13日录《堕落之主》P1
42647726,2023/10/15,【女流】2023年10月13日录《堕落之主》P3
42637720,2023/10/13,P1-【女流】2023年10月12日录播《Headbangers》
42628951,2023/10/13,P2-【女流】2023年10月12日录播《Headbangers》
42625300,2023/10/12,【女流】2023年10月11日录播《女鬼桥2》
42618525,2023/10/12,女流-2023.10.10-Goose Goose Duck
42617191,2023/10/11,P2-女流-2023.10.8-刺客信条 幻景
42617284,2023/10/11,女流-2023.10.10-糖豆人
42579900,2023/10/07,P2-女流-2023.10.7-刺客信条 幻景
42579899,2023/10/07,P1-女流-2023.10.7-刺客信条 幻景
42577685,2023/10/07,P2-女流-2023.10.6-刺客信条 幻景
42577684,2023/10/07,P1-女流-2023.10.6-刺客信条 幻景
42569725,2023/10/06,P2-女流-2023.10.5-刺客信条 幻景
42569724,2023/10/06,P1-女流-2023.10.5-刺客信条 幻景
42555162,2023/10/05,女流-2023.10.4-巴别塔圣歌
42555168,2023/10/05,P2-女流-2023.10.1-心灵砒霜弹幕版
42555173,2023/10/05,P1-女流-2023.10.1-心灵砒霜弹幕版
42552685,2023/10/04,P2-女流-2023.10.3-巴别塔圣歌
42552663,2023/10/04,P1-女流-2023.10.3-巴别塔圣歌
42552801,2023/10/04,女流-2023.10.3-糖豆人
42551996,2023/10/04,P1-女流-2023.10.2-Tricky Towers
42543992,2023/10/04,P2-女流-2023.10.2-Tricky Towers
42543406,2023/10/03,女流-2023.10.1-心灵砒霜
42520780,2023/09/30,女流-2023.9.30-卧龙 称霸江东
42512128,2023/09/29,P1-女流-2023.9.29-跑跑卡丁车
42511949,2023/09/29,P2-女流-2023.9.29-跑跑卡丁车
42511931,2023/09/29,女流-2023.9.29-糖豆人
42504588,2023/09/28,女流-2023.9.27-赛博朋克2077
42504581,2023/09/28,女流-2023.9.28-地铁繁花
42493961,2023/09/28,P2-女流-2023.9.26-赛博朋克2077
42493917,2023/09/27,P1-女流-2023.9.26-赛博朋克2077
42465103,2023/09/25,P1-女流-2023.9.24-新出道女歌手
42465102,2023/09/25,P2-女流-2023.9.24-新出道女歌手
42455226,2023/09/24,P1-女流-2023.9.23-Payday 3
42455227,2023/09/24,P2-女流-2023.9.23-Payday 3
42455228,2023/09/24,女流-2023.9.23-Payday 3
42436285,2023/09/23,P2-女流-2023.9.22-生化危机4
42436272,2023/09/23,P1-女流-2023.9.22-生化危机4
42436116,2023/09/23,女流-2023.9.21-匹诺曹的谎言
42410356,2023/09/20,P2-女流-2023.9.19-匹诺曹的谎言
42410358,2023/09/20,P3-女流-2023.9.19-匹诺曹的谎言
42409775,2023/09/20,P1-女流-2023.9.19-匹诺曹的谎言
42399553,2023/09/19,P1-女流-2023.9.18-匹诺曹的谎言
42399288,2023/09/19,P3-女流-2023.9.18-匹诺曹的谎言
42399268,2023/09/19,P2-女流-2023.9.18-匹诺曹的谎言
42398618,2023/09/19,P1-女流-2023.9.17-匹诺曹的谎言&猛兽派对
42398567,2023/09/19,P2-女流-2023.9.17-匹诺曹的谎言&猛兽派对
42370248,2023/09/16,P2-女流-2023.9.16-匹诺曹的谎言
42370249,2023/09/16,P1-女流-2023.9.16-匹诺曹的谎言
42360985,2023/09/16,P2-女流-2023.9.13-岛潮酒店
42361021,2023/09/16,女流-2023.9.14-街霸
42361018,2023/09/16,P1-女流-2023.9.13-岛潮酒店
42360997,2023/09/16,女流-2023.9.15-We Were Here Expeditions
42340389,2023/09/14,P1-女流-2023.9.12-光头鉴宝
42340048,2023/09/13,女流-2023.9.12-无畏契约
42339844,2023/09/13,P2-女流-2023.9.12-光头鉴宝
42318590,2023/09/11,女流-2023.9.10-心灵砒霜弹幕版
42312958,2023/09/11,女流-2023.9.10-心灵砒霜
42312833,2023/09/10,女流-2023.9.10-猛兽派对
42305620,2023/09/10,P2-女流-2023.9.8-街霸
42289721,2023/09/08,女流-2023.9.7-街霸明新主播赛
42289537,2023/09/08,女流-2023.9.7-鹅鸭杀
42278014,2023/09/06,P2-女流-2023.9.6-Trine 5
42278013,2023/09/06,P1-女流-2023.9.6-Trine 5
42268738,2023/09/05,女流-2023.9.5-装甲核心6境界天火
42268687,2023/09/05,女流-2023.9.5-Trine 5
42251975,2023/09/03,女流-2023.9.2-Trine 5
42251964,2023/09/03,女流-2023.9.3-Trine 5
42251942,2023/09/03,女流-2023.9.3-装甲核心6境界天火
42245110,2023/09/03,女流-2023.9.1-星空
42245390,2023/09/03,P1-女流-2023.9.1-猛兽派对
42245324,2023/09/03,女流-2023.9.1-Trine 5
42244840,2023/09/02,P2-女流-2023.9.1-猛兽派对
42232943,2023/09/01,女流-2023.8.31-AltF4
42232740,2023/09/01,女流-2023.8.31-Trine 5
42228756,2023/09/01,P2-女流-2023.8.30-装甲核心6境界天火
42228725,2023/08/31,P3-女流-2023.8.30-装甲核心6境界天火
42228469,2023/08/31,P1-女流-2023.8.30-装甲核心6境界天火
42219783,2023/08/30,女流-2023.8.29-老六归来
42146492,2023/08/22,P3-女流-2023.8.21-AltF4
42146493,2023/08/22,P2-女流-2023.8.21-AltF4
42146491,2023/08/22,P1-女流-2023.8.21-AltF4
42136402,2023/08/20,女流-2023.8.20-黑神话 悟空
42130075,2023/08/19,女流-2023.8.19-无畏契约
42123276,2023/08/19,女流-2023.8.18-Viewfinder
42123335,2023/08/19,女流-2023.8.18-A Little to the Left
42122772,2023/08/18,女流-2023.8.17-绝地求生
42122767,2023/08/18,女流-2023.8.18-糖豆人
42115189,2023/08/18,女流-2023.8.17-Viewfinder
42114933,2023/08/17,女流-2023.8.17-冒险岛：枫之传说
42106946,2023/08/16,女流-2023.8.16-雀魂
42099488,2023/08/15,P2-女流-2023.8.15-博德完结 下午茶
42099487,2023/08/15,P2-女流-2023.8.15-博德完结 下午茶
42099064,2023/08/15,P3-女流-2023.8.14-博德之门 3
42099065,2023/08/15,P2-女流-2023.8.14-博德之门 3
42098531,2023/08/15,P1-女流-2023.8.14-博德之门 3
42091677,2023/08/14,P2-女流-2023.8.13-博德之门 3
42091505,2023/08/14,P3-女流-2023.8.13-博德之门 3
42091386,2023/08/14,女流-2023.8.13-女巫来了 Witch It
42091047,2023/08/14,P1-女流-2023.8.13-博德之门 3
42075019,2023/08/12,女流-2023.8.11-博德之门 3
42058593,2023/08/10,P1-女流-2023.8.10-博德之门 3
42058484,2023/08/10,P2-女流-2023.8.10-博德之门 3
42052362,2023/08/10,P2-女流-2023.8.9-博德之门 3
42052361,2023/08/10,P1-女流-2023.8.9-博德之门 3
42041749,2023/08/08,女流-2023.8.8-博德之门 3
42038614,2023/08/08,P2-女流-2023.8.7-博德之门 3
42038615,2023/08/08,P1-女流-2023.8.7-博德之门 3
42034844,2023/08/08,P1-女流-2023.8.6-博德之门 3
42033084,2023/08/07,P2-女流-2023.8.6-博德之门 3
42033087,2023/08/07,P3-女流-2023.8.6-博德之门 3
42021085,2023/08/06,P2-女流-2023.8.5-博德之门 3
42021079,2023/08/06,P3-女流-2023.8.5-博德之门 3
42020775,2023/08/06,P1-女流-2023.8.5-博德之门 3
42013220,2023/08/05,P3-女流-2023.8.4-Baldur s Gate 3
42013309,2023/08/05,P1-女流-2023.8.4-Baldur s Gate 3
42012985,2023/08/05,P2-女流-2023.8.4-Baldur s Gate 3
42001907,2023/08/03,P1-女流-2023.8.3-Street Fighter
42001797,2023/08/03,P2-女流-2023.8.3-Street Fighter
41993584,2023/08/02,女流-2023.8.2-Payday3
41984944,2023/08/02,女流-2023.8.1-学园构想家
41953247,2023/07/28,女流-2023.7.28-三伏
41953027,2023/07/28,女流-2023.7.26-遗迹2
41952897,2023/07/28,女流-2023.7.26-Street Fighter
41952410,2023/07/28,女流-2023.7.25-遗迹2
41926799,2023/07/25,P1-女流-2023.7.24-遗迹2
41926846,2023/07/25,P2-女流-2023.7.24-遗迹2
41912952,2023/07/24,P4-女流-2023.7.23-遗迹2
41911155,2023/07/24,P1-女流-2023.7.23-遗迹2
41910829,2023/07/23,P2-女流-2023.7.23-遗迹2
41910826,2023/07/23,P3-女流-2023.7.23-遗迹2
41910168,2023/07/23,P2-女流-2023.7.22-遗迹2
41903706,2023/07/22,P1-女流-2023.7.22-遗迹2
41903538,2023/07/22,P2-女流-2023.7.22-Street Fighter
41903537,2023/07/22,P1-女流-2023.7.22-Street Fighter
41895971,2023/07/21,女流-2023.7.21-Street Fighter
41887686,2023/07/20,P2-女流-2023.7.20-Street Fighter
41887438,2023/07/20,P1-女流-2023.7.20-Street Fighter
41879207,2023/07/19,P2-女流-2023.7.19-Street Fighter
41879205,2023/07/19,P1-女流-2023.7.19-Street Fighter
41846278,2023/07/15,P1-女流-2023.7.15-永劫无间
41846279,2023/07/15,P2-女流-2023.7.15-永劫无间
41839125,2023/07/15,P2-女流-2023.7.14-六六聊封神
41839121,2023/07/15,P1-女流-2023.7.14-六六聊封神
41832476,2023/07/14,女流-2023.7.13-糖豆人&面包和年糕
41826274,2023/07/13,P1-女流-2023.7.12-糖豆人
41825950,2023/07/13,P2-女流-2023.7.12-糖豆人
41815240,2023/07/12,女流-2023.7.11-糖豆人
41813790,2023/07/12,女流-2023.7.11-土豆兄弟
41807150,2023/07/11,女流-2023.7.10-糖豆人
41805412,2023/07/11,女流-2023.7.10-土豆兄弟
41792300,2023/07/09,女流-2023.7.8-GYLT
41792117,2023/07/09,女流-2023.7.8-糖豆人
41782596,2023/07/07,P2-女流-2023.7.7-潜水员戴夫
41774214,2023/07/07,女流-2023.7.6-潜水员戴夫
41765542,2023/07/05,女流-2023.7.5-土豆兄弟
41759048,2023/07/05,女流-2023.7.4-糖豆人
41741667,2023/07/03,女流-2023.7.2-糖豆人
41741395,2023/07/03,女流-2023.7.2-潜水员戴夫
41731896,2023/07/01,女流-2023.7.1-潜水员戴夫
41724303,2023/06/30,P2-女流-2023.6.30-Street Fighter
41724195,2023/06/30,P1-女流-2023.6.30-Street Fighter
41715610,2023/06/29,女流-2023.6.29-卧龙
41698726,2023/06/28,P1-女流-2023.6.27-最终幻想XVI
41698725,2023/06/28,P2-女流-2023.6.27-最终幻想XVI
41690006,2023/06/26,女流-2023.6.26-最终幻想XVI
41682260,2023/06/25,P2-女流-2023.6.25-最终幻想XVI
41682262,2023/06/25,P1-女流-2023.6.25-最终幻想XVI
41681958,2023/06/25,P1-女流-2023.6.24-最终幻想XVI
41681956,2023/06/25,P2-女流-2023.6.24-最终幻想XVI
41670789,2023/06/24,P1-女流-2023.6.23-最终幻想XVI
41670161,2023/06/24,P4-女流-2023.6.23-最终幻想XVI
41670159,2023/06/24,P3-女流-2023.6.23-最终幻想XVI
41669910,2023/06/24,女流-2023.6.22-最终幻想XVI
41668166,2023/06/23,女流-2023.6.21-糖豆人
41651119,2023/06/21,女流-2023.6.20-糖豆人
41646301,2023/06/20,女流-2023.6.19-糖豆人
41638441,2023/06/19,女流-2023.6.17-糖豆人
41638221,2023/06/19,女流-2023.6.18-糖豆人
41624386,2023/06/17,女流-2023.6.16-冒险岛 枫之传说
41601809,2023/06/15,P1-女流-2023.6.14-Street Fighter
41601706,2023/06/14,P2-女流-2023.6.14-Street Fighter
41599276,2023/06/14,女流-2023.6.13-Street Fighter
41593078,2023/06/13,女流-2023.6.12-Street Fighter
41585873,2023/06/12,P2-女流-2023.6.11-Street Fighter
41585848,2023/06/12,P1-女流-2023.6.11-Street Fighter
41572175,2023/06/11,女流-2023.6.10-Street Fighter
41564078,2023/06/10,P1-女流-2023.6.9-Street Fighter
41564091,2023/06/10,P2-女流-2023.6.9-Street Fighter
41554820,2023/06/08,女流-2023.6.7-Only UP
41543907,2023/06/07,P1-女流-2023.6.6-Only UP
41543905,2023/06/07,P2-女流-2023.6.6-Only UP
41538892,2023/06/06,P1-女流-2023.6.5-Only UP
41538894,2023/06/06,P2-女流-2023.6.5-Only UP
41510625,2023/06/03,P1-女流-2023.6.2-塞尔达传说
41510624,2023/06/03,P2-女流-2023.6.2-塞尔达传说
41510628,2023/06/03,P3-女流-2023.6.2-塞尔达传说
41503160,2023/06/02,P2-女流-2023.6.1-塞尔达传说
41503159,2023/06/02,P1-女流-2023.6.1-塞尔达传说
41503144,2023/06/02,P3-女流-2023.6.1-塞尔达传说
41494860,2023/06/01,P1-女流-2023.5.31-塞尔达传说
41494861,2023/06/01,P2-女流-2023.5.31-塞尔达传说
41494863,2023/06/01,P3-女流-2023.5.31-塞尔达传说
41486826,2023/05/31,P3-女流-2023.5.30-塞尔达传说
41486827,2023/05/31,P1-女流-2023.5.30-塞尔达传说
41486819,2023/05/31,P2-女流-2023.5.30-塞尔达传说
41478688,2023/05/30,P1 -女流-2023.5.28-塞尔达传说
41478691,2023/05/30,P2 -女流-2023.5.28-塞尔达传说
41470831,2023/05/29,P1-女流-2023.5.27-塞尔达传说
41470741,2023/05/29,P2-女流-2023.5.27-塞尔达传说
41456449,2023/05/27,P2-女流-2023.5.26-塞尔达传说
41456450,2023/05/27,P1-女流-2023.5.26-塞尔达传说
41447811,2023/05/26,P2-女流-2023.5.25-塞尔达传说
41447722,2023/05/26,P3-女流-2023.5.25-塞尔达传说
41447376,2023/05/25,P1-女流-2023.5.25-塞尔达传说
41434911,2023/05/24,女流-2023.5.23-塞尔达传说
41423753,2023/05/22,女流-2023.5.22-斗鱼高校音乐盛典
41418401,2023/05/22,P2-女流-2023.5.21-塞尔达传说
41418402,2023/05/22,P1-女流-2023.5.21-塞尔达传说
41418400,2023/05/22,P3-女流-2023.5.21-塞尔达传说
41414298,2023/05/21,P2-女流-2023.5.19-塞尔达传说
41414292,2023/05/21,P1-女流-2023.5.19-塞尔达传说
41413746,2023/05/21,P3-女流-2023.5.19-塞尔达传说
41411635,2023/05/21,女流-2023.5.20-塞尔达传说
41395836,2023/05/19,女流-2023.5.18-塞尔达传说
41395756,2023/05/19,女流-2023.5.17-塞尔达传说
41382283,2023/05/17,P1-女流-2023.5.16-塞尔达传说
41382280,2023/05/17,P2-女流-2023.5.16-塞尔达传说
41374321,2023/05/16,P1-女流-2023.5.15-塞尔达传说
41374319,2023/05/16,P2-女流-2023.5.15-塞尔达传说
41367564,2023/05/15,P1-女流-2023.5.14-塞尔达传说
41367556,2023/05/15,P2-女流-2023.5.14-塞尔达传说
41362265,2023/05/14,女流-2023.5.13-塞尔达传说
41348914,2023/05/12,女流-2023.5.12-塞尔达传说
41341144,2023/05/12,女流-2023.5.11-邪恶冥刻
41341117,2023/05/12,P2-女流-2023.5.11-邪恶冥刻
41335802,2023/05/11,女流-2023.5.10-六六聊聊
41324451,2023/05/10,女流-2023.5.9-邪恶冥刻
41316665,2023/05/08,女流-2023.5.8-虚空列车
41314142,2023/05/08,女流-2023.5.7-心灵砒霜弹幕版
41308355,2023/05/07,女流-2023.5.7-心灵砒霜
41301099,2023/05/07,P2-女流-2023.5.6-邪恶冥刻
41301023,2023/05/06,P1-女流-2023.5.6-邪恶冥刻
41293737,2023/05/06,P1-女流-2023.5.1-How to Get Rich
41293800,2023/05/06,P1-女流-2023.5.5-候鸟
41293741,2023/05/06,P2-女流-2023.5.1-How to Get Rich
41293802,2023/05/06,P2-女流-2023.5.5-候鸟
41293206,2023/05/05,女流-2023.4.30-心灵砒霜弹幕版
41290293,2023/05/05,女流-2023.4.30-心灵砒霜
41285689,2023/05/04,女流-2023.5.4-候鸟
41278299,2023/05/03,女流-2023.5.3-BrambleThe Mountain King
41258883,2023/04/30,女流-2023.4.29-饥荒联机版
41245018,2023/04/28,女流-2023.4.28-长梦
41237282,2023/04/28,女流-2023.4.27-火山的女儿
41228674,2023/04/26,女流-2023.4.26-火山的女儿
41212108,2023/04/25,女流-2023.4.24-火山的女儿
41211940,2023/04/25,女流-2023.4.24-满庭芳：宋上繁华
41203549,2023/04/23,女流-2023.4.23-满庭芳：宋上繁华
41203339,2023/04/23,女流-2023.4.22-满庭芳：宋上繁华
41195523,2023/04/22,女流-2023.4.19-满庭芳：宋上繁华
41188371,2023/04/21,女流-2023.4.20-满庭芳：宋上繁华
41162832,2023/04/18,女流-2023.4.18-满庭芳：宋上繁华
41145985,2023/04/16,女流-2023.4.16-心灵砒霜
41131763,2023/04/15,女流-2023.4.14-只狼
41114717,2023/04/12,女流-2023.4.12-只狼
41105284,2023/04/11,女流-2023.4.10-只狼
41104588,2023/04/11,女流-2023.4.9-只狼
41103808,2023/04/11,女流-2023.4.8-只狼
41067368,2023/04/07,女流-2023.4.6-只狼
41058573,2023/04/05,女流-2023.4.4-AltF4 2
41042766,2023/04/03,女流-2023.4.3-AltF4 2
41034691,2023/04/02,女流-2023.4.2-渔帆暗涌
41027442,2023/04/01,女流-2023.4.1-渔帆暗涌
41011142,2023/03/30,女流-2023.3.29-Storyteller
41002688,2023/03/29,女流-2023.3.29-生化危机编年史记
40978796,2023/03/26,女流-2023.3.26-生化危机4
40971370,2023/03/25,女流-2023.3.25-生化危机4
40963849,2023/03/24,女流-2023.3.24-生化危机4
40946153,2023/03/22,女流-2023.3.22-生化危机3
40930954,2023/03/20,女流-2023.3.20-心灵砒霜
40923395,2023/03/19,P2-女流-2023.3.15-生化危机2
40923399,2023/03/19,P1-女流-2023.3.15-生化危机2
40916940,2023/03/19,女流-2023.3.16-生化危机2
40916713,2023/03/18,P1-女流-2023.3.17-生化危机2
40916735,2023/03/18,女流-2023.3.18-英雄联盟
40916373,2023/03/18,女流-2023.3.18-英雄联盟
40860740,2023/03/11,女流-2023.3.11-大侠立志传
40853612,2023/03/10,女流-2023.3.10-大侠立志传
40845663,2023/03/09,女流-2023.3.9-大侠立志传
40837353,2023/03/08,女流-2023.3.8-大侠立志传
40814176,2023/03/06,女流-2023.3.5-卧龙
40813613,2023/03/05,女流-2023.3.4-卧龙
40806260,2023/03/04,女流-2023.3.3-卧龙
40806148,2023/03/04,女流-2023.3.2-卧龙
40805824,2023/03/04,女流-2023.3.2-土豆兄弟
40765653,2023/02/27,女流-2023.2.26-森林之子
40750522,2023/02/25,女流-2023.2.24-原子之心&卧龙
40734479,2023/02/23,女流-2023.2.23-原子之心
40726919,2023/02/23,女流-2023.2.22-原子之心
40719033,2023/02/21,女流-2023.2.21-原子之心
40710824,2023/02/20,女流-2023.2.20-Brotato
40696606,2023/02/18,女流-2023.2.18-Brotato
40696413,2023/02/18,女流-2023.2.17-死亡教堂
40688757,2023/02/17,女流-2023.2.16-死亡教堂
40664729,2023/02/14,女流-2023.2.13-霍格沃茨之遗
40657800,2023/02/13,女流-2023.2.12-霍格沃茨之遗
40650243,2023/02/12,女流-2023.2.11-霍格沃茨之遗
40642031,2023/02/11,女流-2023.2.10-霍格沃茨之遗
40627403,2023/02/09,女流-2023.2.9-霍格沃茨之遗
40626168,2023/02/09,女流-2023.2.8-霍格沃茨之遗
40625982,2023/02/09,女流-2023.2.7-霍格沃茨之遗
40613167,2023/02/08,女流-2023.2.6-死亡空间
40589850,2023/02/05,女流-2023.2.4-死亡空间
40574061,2023/02/02,女流-2023.2.2-飞跃13号房
40566209,2023/02/02,女流-2023.2.1-飞跃13号房
40536075,2023/01/29,女流-2023.1.28-Hi-Fi RUSH
40535935,2023/01/28,女流-2023.1.27-Hi-Fi RUSH
40502924,2023/01/22,女流-2023.1.21-8周年在除夕
40484502,2023/01/19,女流-2023.1.19-隐秘的角落
40477461,2023/01/18,女流-2023.1.18-隐秘的角落
40469684,2023/01/17,女流-2023.1.17-跑跑卡丁车：漂移
40455228,2023/01/15,女流-2023.1.15-跑跑卡丁车：漂移
40448159,2023/01/14,女流-2023.1.14-黄老饼梦游惊奇
40440083,2023/01/13,女流-2023.1.13-黄老饼梦游惊奇
40439757,2023/01/13,女流-2023.1.12-江湖十一
40423304,2023/01/11,女流-2023.1.11-江湖十一
40423302,2023/01/11,女流-2023.1.11-66的心灵offer
40414552,2023/01/10,女流-2023.1.10-The Long Dark
40406543,2023/01/09,女流-2023.1.9-The Long Dark
40369112,2023/01/05,女流-2023.1.4-真探
40357337,2023/01/04,女流-2023.1.3-真探
40339717,2023/01/03,P1-女流-2023.1.1-心灵砒霜弹幕版
40339694,2023/01/03,P2-女流-2023.1.1-心灵砒霜弹幕版
40330565,2023/01/01,女流-2023.1.1-心灵砒霜
40311583,2022/12/30,女流-2022.12.30-Fresh start
40291151,2022/12/28,女流-2022.12.28-The House of Da Vinci 3
40272353,2022/12/26,女流-2022.12.26-深海迷航
40262721,2022/12/25,P2-女流-2022.12.25-深海迷航
40262596,2022/12/25,P1-女流-2022.12.25-深海迷航
40254488,2022/12/24,女流-2022.12.24-深海迷航
40245602,2022/12/24,女流-2022.12.23-深海迷航&光遇
40235986,2022/12/23,女流-2022.12.22-深海迷航
40225738,2022/12/21,女流-2022.12.21-深海迷航
40220049,2022/12/21,女流-2022.12.20-深海迷航
40208157,2022/12/20,女流-2022.12.18-Springblades
40207858,2022/12/19,女流-2022.12.18-失眠
40188881,2022/12/17,女流-2022.12.17-A Little to the Left
40182199,2022/12/17,P1-女流-2022.12.16-黑羊
40182200,2022/12/17,P2-女流-2022.12.16-黑羊
40148586,2022/12/14,女流-2022.12.13-天命奇御 归途
40137339,2022/12/12,P2-女流-2022.12.11-心灵砒霜弹幕版
40137241,2022/12/12,P1-女流-2022.12.11-心灵砒霜弹幕版
40128156,2022/12/11,P1-女流-2022.12.11-心灵砒霜
40128155,2022/12/11,P2-女流-2022.12.11-心灵砒霜
40103750,2022/12/09,女流-2022.12.8-Tunic
40082663,2022/12/08,女流-2022.12.7-Tunic
40060182,2022/12/05,女流-2022.12.4-Tunic
40059510,2022/12/05,女流-2022.12.4-心灵砒霜弹幕版
40048410,2022/12/04,女流-2022.12.4-心灵砒霜
40025172,2022/12/02,女流-2022.11.27-心灵砒霜弹幕版
40014492,2022/12/01,女流-2022.12.1-Ship of Fools
40008087,2022/12/01,女流-2022.11.30-大多数
39994043,2022/11/29,女流-2022.11.29-大多数
39981986,2022/11/28,女流-2022.11.28-大多数
39971367,2022/11/27,女流-2022.11.27-心灵砒霜
39960868,2022/11/26,女流-2022.11.26-战锤40k
39960902,2022/11/26,女流-2022.11.26-大多数
39947971,2022/11/25,女流-2022.11.25-大多数
39936306,2022/11/24,女流-2022.11.24-大多数
39918653,2022/11/23,女流-2022.11.23-大多数
39915982,2022/11/23,女流-2022.11.22-大多数
39904244,2022/11/23,女流-2022.11.21-战神5
39884326,2022/11/21,女流-2022.11.20-战神5
39882122,2022/11/21,女流-2022.11.19-战神5
39844931,2022/11/19,女流-2022.11.18-战神5
39805019,2022/11/18,女流-2022.11.17-战神5
39783058,2022/11/16,女流-2022.11.15-战神5
39760898,2022/11/15,女流-2022.11.14-战神5
39575178,2022/11/05,女流-2022.11.5-哆啦A梦牧场物语2
39554330,2022/11/04,女流-2022.11.4-暖雪
39540914,2022/11/03,女流-2022.11.2-Endoparasitic&The Past Within
39540251,2022/11/03,女流-2022.11.3-哆啦A梦牧场物语2
39513252,2022/11/02,女流-2022.11.1-DAVE THE DIVER
39503951,2022/11/01,P2-女流-2022.10.30-生化危机8 DLC
39500749,2022/11/01,P1-女流-2022.10.30-生化危机8 DLC
39486788,2022/10/31,女流-2022.10.31-DAVE THE DIVER
39456243,2022/10/29,女流-2022.10.29-神秘海域：盗贼传奇合辑
39440391,2022/10/29,女流-2022.10.28-神秘海域：盗贼传奇合辑
39407748,2022/10/26,女流-2022.10.26-神秘海域：盗贼传奇合辑
39394921,2022/10/25,女流-2022.10.25-神秘海域：盗贼传奇合辑
39377804,2022/10/24,女流-2022.10.24-神秘海域：盗贼传奇合辑
39316375,2022/10/21,女流-2022.10.19-瘟疫传说2 安魂曲
39316348,2022/10/20,女流-2022.10.20-瘟疫传说2 安魂曲
39287408,2022/10/19,女流-2022.10.18-瘟疫传说2 安魂曲
39272069,2022/10/17,女流-2022.10.17-Coral Island
39259580,2022/10/16,女流-2022.10.16-Coral Island
39258381,2022/10/16,女流-2022.10.15-Coral Island
39190001,2022/10/13,女流-2022.10.12-Coral Island
39171423,2022/10/11,女流-2022.10.11-Brotato
39170704,2022/10/11,P2-女流-2022.10.10-Brotato
39169940,2022/10/11,P1-女流-2022.10.10-Brotato
39147233,2022/10/10,P2-女流-2022.10.9-Brotato
39146832,2022/10/10,P1-女流-2022.10.9-Brotato
39146440,2022/10/10,女流-2022.10.8-Brotato
39113637,2022/10/08,女流-2022.10.7-Brotato
39098269,2022/10/07,女流-2022.10.6-Brotato
39081714,2022/10/06,女流-2022.10.5-Brotato
39061963,2022/10/05,女流-2022.10.4-Brotato
38811072,2022/10/03,女流-2022.10.3-Brotato
38800745,2022/10/03,女流-2022.10.2-心灵砒霜弹幕版
38272701,2022/10/02,女流-2022.10.2-心灵砒霜
37729454,2022/10/01,女流-2022.10.1-Brotato
37662662,2022/09/29,女流-2022.9.29-Brotato
37662729,2022/09/29,女流-2022.9.29-暗黑破坏神 不朽
37646907,2022/09/28,女流-2022.9.28-Dome Keeper
37633953,2022/09/27,女流-2022.9.27-史莱姆农场2
37620098,2022/09/26,女流-2022.9.26-史莱姆农场2
37619943,2022/09/26,女流-2022.9.26-糖豆人
37619071,2022/09/26,女流-2022.9.25-心灵砒霜弹幕版
37605808,2022/09/25,女流-2022.9.25-心灵砒霜
37590944,2022/09/25,女流-2022.9.24-糖豆人
37573023,2022/09/23,女流-2022.9.23-糖豆人
37572459,2022/09/23,女流-2022.9.22-卧龙 苍天陨落
37544001,2022/09/21,女流-2022.9.21-糖豆人
37543919,2022/09/21,女流-2022.9.21-脑航员2
37527647,2022/09/20,女流-2022.9.20-脑航员2
37499604,2022/09/18,女流-2022.9.17-心灵砒霜弹幕版
37483196,2022/09/17,女流-2022.9.17-心灵砒霜
37464342,2022/09/16,女流-2022.9.16-脑航员2
37446735,2022/09/15,女流-2022.9.15-Psychonauts 2
37431426,2022/09/14,女流-2022.9.14-糖豆人
37416141,2022/09/13,女流-2022.9.13-The Wandering Village
37398633,2022/09/12,女流-2022.9.12-修仙故事 轮回
37381154,2022/09/11,女流-2022.9.9-今天是个好日子
37364730,2022/09/10,女流-2022.9.10-修仙故事 轮回
37331103,2022/09/08,女流-2022.9.8-Little Witch in the Woods
37238366,2022/09/06,女流-2022.9.6-The House of Da Vinci 2
37209823,2022/09/05,P2-女流-2022.9.3-女鬼桥
37210713,2022/09/05,女流-2022.9.5-糖豆人
37198688,2022/09/05,P1-女流-2022.9.3-女鬼桥
37187150,2022/09/05,女流-2022.9.4-心灵砒霜
37122191,2022/09/02,女流-2022.9.2-Sun Haven
37121343,2022/09/02,女流-2022.9.1-Sun Haven
37010457,2022/08/30,女流-2022.8.28-心灵砒霜弹幕版
36979189,2022/08/28,女流-2022.8.28-心灵砒霜
36917436,2022/08/26,女流-2022.8.26-AmongUs
36887206,2022/08/26,P2-女流-2022.8.24-The House of Da Vinci
36885012,2022/08/25,P1-女流-2022.8.24-The House of Da Vinci
36863233,2022/08/25,P2-女流-2022.8.24-The House of Da Vinci
36863230,2022/08/25,P1-女流-2022.8.24-The House of Da Vinci
36835828,2022/08/23,女流-2022.8.23-港诡实录
36805377,2022/08/22,女流-2022.8.22-记忆边境day2
36764401,2022/08/21,女流-2022.8.21-心灵砒霜
36763947,2022/08/21,女流-2022.8.20-记忆边境
36725550,2022/08/20,女流-2022.8.19-Rumbleverse
36645423,2022/08/18,女流-2022.8.18-Mark of the Ninja
36609984,2022/08/17,女流-2022.8.17-Lost in Play
36536974,2022/08/15,女流-2022.8.15-咩咩启示录
36497050,2022/08/14,女流-2022.8.14-心灵砒霜
36496913,2022/08/14,女流-2022.8.13-咩咩启示录
36411418,2022/08/12,女流-2022.8.12-咩咩启示录
36365246,2022/08/11,女流-2022.8.11-咩咩启示录
36321006,2022/08/11,女流-2022.8.10-雀魂
36272882,2022/08/09,女流-2022.8.9-Two Point Campus
36272443,2022/08/09,女流-2022.8.9-咩咩启示录
36221080,2022/08/08,女流-2022.8.8-Bear and Breakfast
36175338,2022/08/07,女流-2022.8.7-心灵砒霜
36095370,2022/08/05,女流-2022.8.5-Bear and Breakfast
36074490,2022/08/04,女流-2022.8.4-糖豆人
36039889,2022/08/02,女流-2022.8.2-Bear and Breakfast
36022646,2022/08/01,女流-2022.8.1-Inside the Backroom
36005348,2022/07/31,女流-2022.7.31-心灵砒霜
35989248,2022/07/30,女流-2022.7.30-夏日歌友会
35988937,2022/07/30,女流-2022.7.30-Inside the Backroom
35954818,2022/07/28,女流-2022.7.28-糖豆人
35937151,2022/07/27,女流-2022.7.27-糖豆人
35937204,2022/07/27,女流-2022.7.27-夏日歌友会选拔
35918802,2022/07/26,女流-2022.7.26-时空勇士
35902456,2022/07/25,女流-2022.7.25-时空勇士
35886952,2022/07/24,女流-2022.7.24-心灵砒霜
35871539,2022/07/23,女流-2022.7.23-时空勇士
35854739,2022/07/22,女流-2022.7.22-时空勇士
35852486,2022/07/22,P1-女流-2022.7.21-糖豆人
35852477,2022/07/22,P2-女流-2022.7.21-糖豆人
35819494,2022/07/20,女流-2022.7.20-Stray
35819660,2022/07/20,女流-2022.7.20-糖豆人
35801405,2022/07/19,女流-2022.7.19-Stray
35787442,2022/07/19,P1-女流-2022.7.17-心灵砒霜弹幕版
35787441,2022/07/19,P2-女流-2022.7.17-心灵砒霜弹幕版
35786478,2022/07/18,女流-2022.7.18-Dinkum
35770675,2022/07/17,女流-2022.7.17-心灵砒霜
35753988,2022/07/17,女流-2022.7.10-仙剑客栈2
35755218,2022/07/16,女流-2022.7.16-Dinkum
35739240,2022/07/16,女流-2022.7.8-仙剑客栈2
35739652,2022/07/16,女流-2022.7.14-美丽的大草原
35738996,2022/07/16,女流-2022.7.7-糖豆人
35739450,2022/07/16,女流-2022.7.9-边钓边吃
35739274,2022/07/15,女流-2022.7.9-出发前聊聊
35739277,2022/07/15,女流-2022.7.9-在路上
35737883,2022/07/15,女流-2022.7.7-一起来玩吧!Oink Games
35737622,2022/07/15,女流-2022.7.15-仙剑客栈2
35583107,2022/07/07,女流-2022.7.6-RAFT
35583028,2022/07/07,女流-2022.7.6-Fall Guys
35567725,2022/07/06,P2-女流-2022.7.4-各年代老歌榜单盘点
35567735,2022/07/06,P1-女流-2022.7.4-各年代老歌榜单盘点
35566579,2022/07/05,女流-2022.7.5-RAFT
35552492,2022/07/04,P1-女流-2022.7.3-心灵砒霜弹幕版
35552495,2022/07/04,P2-女流-2022.7.3-心灵砒霜弹幕版
35533709,2022/07/03,女流-2022.7.3-心灵砒霜
35518437,2022/07/02,女流-2022.7.2-茶杯头 (Cuphead)
35504470,2022/07/02,女流-2022.7.1-Fall Guys
35504387,2022/07/02,女流-2022.7.1-怪物猎人崛起：曙光
35489533,2022/06/30,女流-2022.6.30-怪物猎人崛起：曙光
35473608,2022/06/29,P2-女流-2022.6.28-RAFT
35473499,2022/06/29,P1-女流-2022.6.28-RAFT
35474050,2022/06/29,女流-2022.6.29-Fall Guys
35473768,2022/06/29,女流-2022.6.29-RAFT
35448389,2022/06/27,女流-2022.6.27-Neon White&Fall Guys
35447902,2022/06/27,P1-女流-2022.6.26-心灵砒霜弹幕版
35447899,2022/06/27,P2-女流-2022.6.26-心灵砒霜弹幕版
35434669,2022/06/26,女流-2022.6.26-心灵砒霜
35405861,2022/06/24,女流-2022.6.22-Fall Guys
35378831,2022/06/23,P2-女流-2022.6.21-暖雪
35378832,2022/06/23,P1-女流-2022.6.21-暖雪
35378851,2022/06/22,女流-2022.6.22-暖雪
35354151,2022/06/20,女流-2022.6.20-暖雪
35352584,2022/06/20,P2-女流-2022.6.19-心灵砒霜弹幕版
35352578,2022/06/20,P1-女流-2022.6.19-心灵砒霜弹幕版
35341344,2022/06/19,女流-2022.6.19-心灵砒霜
35329252,2022/06/19,女流-2022.6.17-忍者神龟：施莱德的复仇
35328916,2022/06/19,女流-2022.6.18-暖雪
35314217,2022/06/18,P2-女流-2022.6.17-一年一次的佩奇演出
35314221,2022/06/18,P1-女流-2022.6.17-一年一次的佩奇演出
35261586,2022/06/13,女流-2022.6.13-Necesse
35249595,2022/06/12,女流-2022.6.12-心灵砒霜
35234943,2022/06/11,女流-2022.6.11-采石场惊魂
35221430,2022/06/11,女流-2022.6.9-各年代老歌榜单盘点
35221410,2022/06/11,女流-2022.6.10-采石场惊魂
35207890,2022/06/10,女流-2022.6.8-Necesse
35182256,2022/06/07,女流-2022.6.7-钓鱼天堂
35182040,2022/06/07,女流-2022.6.6-第一届画六大赛
35158423,2022/06/06,女流-2022.6.5-心灵砒霜
35150054,2022/06/05,P1-女流-2022.6.4-钓鱼天堂
35149959,2022/06/05,P2-女流-2022.6.4-钓鱼天堂
35116936,2022/06/02,女流-2022.6.2-战匠杜沃
35103915,2022/06/01,女流-2022.6.1-Hellstuck：Rage With Your Friends
35103569,2022/06/01,女流-2022.5.31-Hellstuck: Rage With Your Friends
35091628,2022/06/01,P2-女流-2022.5.30-各年代老歌榜单盘点
35091622,2022/06/01,P1-女流-2022.5.30-各年代老歌榜单盘点
35076172,2022/05/30,P2-女流-2022.5.29-心灵砒霜弹幕版
35076171,2022/05/30,P1-女流-2022.5.29-心灵砒霜弹幕版
35065471,2022/05/29,女流-2022.5.29-心灵砒霜
35051616,2022/05/28,女流-2022.5.28-沙石镇时光
35035701,2022/05/27,女流-2022.5.27-沙石镇时光
35023079,2022/05/26,女流-2022.5.26-沙石镇时光
35011139,2022/05/25,女流-2022.5.25-沙石镇时光
35010936,2022/05/25,女流-2022.5.25-10 Minutes Till Dawn
35000480,2022/05/25,女流-2022.5.24-怪物猎人：崛起
34999279,2022/05/24,女流-2022.5.23-怪物猎人：崛起
34987953,2022/05/24,P2-女流-2022.5.22-心灵砒霜弹幕版
34987962,2022/05/24,P1-女流-2022.5.22-心灵砒霜弹幕版
34973658,2022/05/22,女流-2022.5.22-心灵砒霜
34960375,2022/05/21,女流-2022.5.21-图游天下
34944125,2022/05/20,女流-2022.5.20-V Rising
34917211,2022/05/19,女流-2022.5.18-Ranch Simulator
34904311,2022/05/18,女流-2022.5.17-Ranch Simulator
34903716,2022/05/18,P1-女流-2022.5.16-Ranch Simulator
34903711,2022/05/17,P2-女流-2022.5.16-Ranch Simulator
34875783,2022/05/15,女流-2022.5.14-We Were Here Forever
34875887,2022/05/15,女流-2022.5.15-心灵砒霜
34813470,2022/05/12,女流-2022.5.11-盐与献祭
34799140,2022/05/10,女流-2022.5.10-盐与献祭
34786365,2022/05/10,女流-2022.5.9-手工六上线
34772751,2022/05/08,女流-2022.5.8-心灵砒霜
34757969,2022/05/08,女流-2022.5.7-神都不良探
34744805,2022/05/07,女流-2022.5.5-一方灵田
34744473,2022/05/07,女流-2022.5.6-恐龙化石猎人
34744349,2022/05/07,女流-2022.5.5-纸嫁衣
34715823,2022/05/04,女流-2022.5.4-蜡笔小新 我与博士的暑假
34715503,2022/05/04,女流-2022.5.3-一方灵田
34702441,2022/05/03,女流-2022.5.2-体能实验室
34688705,2022/05/03,P1-女流-2022.5.1-心灵砒霜弹幕版
34688766,2022/05/03,P2-女流-2022.5.1-心灵砒霜弹幕版
34673098,2022/05/01,女流-2022.5.1-心灵砒霜
34657915,2022/04/30,女流-2022.4.30-手工六上线
34642093,2022/04/29,女流-2022.4.29-一方灵田
34625969,2022/04/28,女流-2022.4.28-一方灵田
34613173,2022/04/27,女流-2022.4.27-哥布林弹球
34613136,2022/04/27,女流-2022.4.27-雀魂麻将
34600362,2022/04/26,女流-2022.4.26-哥布林弹球
34588191,2022/04/26,P1-女流-2022.4.24-心灵砒霜弹幕版
34588188,2022/04/26,P2-女流-2022.4.24-心灵砒霜弹幕版
34573665,2022/04/24,女流-2022.4.24-心灵砒霜
34544344,2022/04/23,女流-2022.4.22-退休模拟器
34543966,2022/04/22,女流-2022.4.22-66工作室
34528727,2022/04/21,女流-2022.4.21-退休模拟器
34516461,2022/04/20,女流-2022.4.20-退休模拟器
34503307,2022/04/19,女流-2022.4.19-彩虹深渊
34502835,2022/04/19,女流-2022.4.19-高尔夫大乱斗
34490288,2022/04/18,女流-2022.4.18-彩虹深渊
34488145,2022/04/18,P2-女流-2022.4.17-心灵砒霜弹幕版
34487655,2022/04/18,P1-女流-2022.4.17-心灵砒霜弹幕版
34476260,2022/04/17,女流-2022.4.17-心灵砒霜
34446785,2022/04/16,女流-2022.4.15-光之传说
34441952,2022/04/15,女流-2022.4.14-光之传说
34441353,2022/04/15,女流-2022.4.13-吸血鬼幸存者
34419560,2022/04/14,女流-2022.4.12-吸血鬼幸存者
34391907,2022/04/11,女流-2022.4.11-地心护核者
34379078,2022/04/11,女流-2022.4.9-Outer Wilds
34363799,2022/04/10,女流-2022.4.8-游戏前聊10块钱的
34347083,2022/04/09,P2-女流-2022.4.7-Outer Wilds
34346957,2022/04/08,P1-女流-2022.4.7-Outer Wilds
34329090,2022/04/07,P2-女流-2022.4.6-Outer Wilds
34328674,2022/04/07,P1-女流-2022.4.6-Outer Wilds
34317944,2022/04/06,P1-女流-2022.4.5-Outer Wilds
34317919,2022/04/06,P2-女流-2022.4.5-Outer Wilds
34293288,2022/04/05,女流-2022.4.4-Outer Wilds
34278743,2022/04/04,女流-2022.4.2-Outer Wilds
34263468,2022/04/02,女流-2022.4.1-三伏
34214608,2022/03/30,女流-2022.3.29-星之卡比：探索发现（上）
34214607,2022/03/30,女流-2022.3.29-星之卡比：探索发现（下）
34201099,2022/03/29,女流-2022.3.28-星之卡比：探索发现（下）
34201097,2022/03/29,女流-2022.3.28-星之卡比：探索发现（上）
34191490,2022/03/28,女流-2022.3.27-星之卡比：探索发现
34179709,2022/03/27,女流-2022.3.26-星之卡比：探索发现
34166731,2022/03/26,女流-2022.3.25-星之卡比：探索发现
34072346,2022/03/20,女流-2022.3.18-完美的一天（上）
34072304,2022/03/20,女流-2022.3.18-完美的一天（下）
34056124,2022/03/19,女流-2022.3.17-完美的一天（下）
34056128,2022/03/19,女流-2022.3.17-完美的一天（上）
34041424,2022/03/18,女流-2022.3.16-完美的一天（上）
33695473,2022/03/18,女流-2022.2.18-地平线：西部禁域
34041428,2022/03/17,女流-2022.3.16-完美的一天（下）
34027747,2022/03/16,女流-2022.3.15-完美的一天
33973370,2022/03/12,女流-2022.3.11-艾尔登法环（二周目法师）
33960181,2022/03/11,女流-2022.3.10-艾尔登法环
33948371,2022/03/10,女流-2022.3.9-艾尔登法环
33935290,2022/03/09,女流-2022.3.8-艾尔登法环
33910899,2022/03/07,女流-2022.3.6-艾尔登法环 上
33910802,2022/03/07,女流-2022.3.6-艾尔登法环 下
33902718,2022/03/07,女流-2022.3.5-艾尔登法环 P3
33902778,2022/03/07,女流-2022.3.5-艾尔登法环 P1
33902729,2022/03/07,女流-2022.3.5-艾尔登法环 P2
33888711,2022/03/06,女流-2022.3.4-艾尔登法环 P3
33888722,2022/03/06,女流-2022.3.4-艾尔登法环 P4
33888760,2022/03/06,女流-2022.3.4-艾尔登法环 P1
33888712,2022/03/06,女流-2022.3.4-艾尔登法环 P2
33861382,2022/03/04,女流-2022.3.2-艾尔登法环 P3
33861243,2022/03/04,女流-2022.3.2-艾尔登法环 P4
33861287,2022/03/04,女流-2022.3.2-艾尔登法环 P2
33860764,2022/03/04,女流-2022.3.2-艾尔登法环 P1
33847866,2022/03/03,女流-2022.3.1-艾尔登法环 P1
33847793,2022/03/03,女流-2022.3.1-艾尔登法环 P3
33847792,2022/03/03,女流-2022.3.1-艾尔登法环 P2
33833141,2022/03/02,女流-2022.2.28-艾尔登法环 P2
33833386,2022/03/02,女流-2022.2.28-艾尔登法环 P3
33833148,2022/03/02,女流-2022.2.28-艾尔登法环 P1
33822164,2022/03/01,女流-2022.2.27-艾尔登法环 P4
33822161,2022/03/01,女流-2022.2.27-艾尔登法环 P3
33821985,2022/03/01,女流-2022.2.27-艾尔登法环 P1
33821994,2022/03/01,女流-2022.2.27-艾尔登法环 P2
33815093,2022/02/28,女流-P3-2022.2.25-艾尔登法环
33815138,2022/02/28,女流-P1-2022.2.25-艾尔登法环
33815090,2022/02/28,女流-P4-2022.2.25-艾尔登法环
33815081,2022/02/28,女流-P2-2022.2.25-艾尔登法环
33765612,2022/02/25,女流-2022.2.23-地平线：西部禁域（上）
33765609,2022/02/25,女流-2022.2.23-地平线：西部禁域（下）
33752410,2022/02/24,女流-2022.2.22-地平线：西部禁域（上）
33752405,2022/02/24,女流-2022.2.22-地平线：西部禁域（下）
33740747,2022/02/23,女流-2022.2.21-地平线：西部禁域（上）
33740743,2022/02/23,女流-2022.2.21-地平线：西部禁域（下）
33724767,2022/02/22,女流-2022.2.20-地平线：西部禁域（下）
33724764,2022/02/22,女流-2022.2.20-地平线：西部禁域（上）
33710415,2022/02/21,女流-2022.2.19-地平线：西部禁域（下）
33710398,2022/02/21,女流-2022.2.19-地平线：西部禁域（上）
33678538,2022/02/19,女流-2022.2.17-吸血鬼幸存者
33678301,2022/02/18,女流-2022.2.17-归家异途
33581440,2022/02/12,女流-2022.2.11-SIFU
33549494,2022/02/10,女流-2022.2.8-消逝的光芒2（下）
33549272,2022/02/10,女流-2022.2.8-消逝的光芒2（上）
33535151,2022/02/09,女流-2022.2.7-消逝的光芒2（上）
33522625,2022/02/08,女流-2022.2.6-消逝的光芒（下）
33522632,2022/02/08,女流-2022.2.6-消逝的光芒2（上）
33508021,2022/02/07,女流-2022.2.4-消逝的光芒2
33482357,2022/02/04,女流-2022.2.3-客厅户外 新年好
33242908,2022/01/28,女流-2022.01.22-暖雪（下）
33384977,2022/01/28,女流-2022.01.26-文字游戏
33385054,2022/01/28,女流-2022.01.26-雀魂麻将
33355828,2022/01/27,女流-2022.01.25-文字游戏（上）
33355820,2022/01/27,女流-2022.01.25-文字游戏（下）
33323324,2022/01/26,女流-2022.01.24-暖雪（下）
33323325,2022/01/26,女流-2022.01.24-暖雪(上)
33290566,2022/01/25,女流-2022.1.23-心灵砒霜（下）
33290541,2022/01/25,女流-2022.1.23-心灵砒霜（上）
33291286,2022/01/25,女流-2022.1.23-心灵砒霜弹幕版（下）
33291258,2022/01/25,女流-2022.1.23-心灵砒霜弹幕版（上）
33242934,2022/01/23,女流-2022.01.22-暖雪（上）
33223938,2022/01/23,女流-2022.1.21-暖雪（下）
33223235,2022/01/23,女流-2022.1.21-暖雪（上）
33196140,2022/01/22,女流-2022.1.20-战神4（下）
33195205,2022/01/22,女流-2022.1.20-战神4（上）
33194216,2022/01/22,女流-2022.1.19-战神4（上）
33193673,2022/01/21,女流-2022.1.19-战神4（下）
33159656,2022/01/19,女流-2022.1.18-战神4（下）
33159573,2022/01/19,女流-2022.1.18-战神4（上）
33149321,2022/01/19,女流-2022.1.17-战神4（下）
33149033,2022/01/19,女流-2022.1.17-战神4（上）
33147567,2022/01/18,女流-2022.1.16-心灵砒霜弹幕版
33134610,2022/01/17,女流-2022.1.16-心灵砒霜（上）
33134604,2022/01/17,女流-2022.1.16-心灵砒霜（下）
33122133,2022/01/17,女流-2022.1.15-战神4（下）
33121871,2022/01/17,女流-2022.1.15-战神4（上）
33114995,2022/01/16,女流-2022.1.14-战神4（上）
33114993,2022/01/16,女流-2022.1.14-战神4（下）
33109479,2022/01/15,女流-2022.1.13-战神4（上）
33109678,2022/01/15,女流-2022.1.13-战神4（下）
33074775,2022/01/12,女流-2022.1.11-勇网直前（上）
33074776,2022/01/12,女流-2022.1.11-勇网直前（下）
33062952,2022/01/11,女流-2022.1.10-血源诅咒（下）
33062950,2022/01/11,女流-2022.1.10-血源诅咒（上）
33060159,2022/01/11,女流-2022.1.9-心灵砒霜弹幕版（下）
33060155,2022/01/11,女流-2022.1.9-心灵砒霜弹幕版（上）
33056649,2022/01/11,女流-2022.1.9-心灵砒霜（上）
33056650,2022/01/11,女流-2022.1.9-心灵砒霜（下）
33054048,2022/01/11,女流-2022.1.8-血源诅咒（下）
33053268,2022/01/11,女流-2022.1.8-血源诅咒（上）
33030337,2022/01/09,女流-2022.1.6-血源诅咒（上）
33029956,2022/01/09,女流-2022.1.5-血源诅咒（下）
33007146,2022/01/07,女流-2022.1.5-血源诅咒
33006232,2022/01/07,女流-2022.1.4-血源诅咒（下）
33005974,2022/01/07,女流-2022.1.4-血源诅咒（上）
33005338,2022/01/07,女流-2022.1.3-血源诅咒
32981961,2022/01/04,女流-2022.1.2-心灵砒霜弹幕版
32978680,2022/01/04,女流-2022.1.1-血源诅咒（下）
32978682,2022/01/04,女流-2022.1.2-心灵砒霜（上）
32976462,2022/01/04,女流-2022.1.2-心灵砒霜（下）
32974994,2022/01/03,女流-2022.1.1-血源诅咒（上）
32970443,2022/01/03,女流-2021.12.31-血源诅咒（上）
32970212,2022/01/03,女流-2021.12.31-血源诅咒（下）
32943450,2022/01/01,女流-2021.12.30-血源诅咒（上）
32943431,2022/01/01,女流-2021.12.30-血源诅咒（下）
32930277,2021/12/30,女流-2021.12.29-血源诅咒
32888266,2021/12/26,女流-2021.12.25-小白兔电商（下）
32888076,2021/12/26,女流-2021.12.25-小白兔电商（上）
32878030,2021/12/26,女流-2021.12.24-层层恐惧
32877646,2021/12/26,女流-2021.12.24-FallGuys
32862146,2021/12/24,女流-2021.12.23-密室逃脱模拟器（上）
32862094,2021/12/24,女流-2021.12.23-密室逃脱模拟器（下）
32861513,2021/12/24,女流-2021.12.22-雀魂麻将
32851208,2021/12/23,女流-2021.12.21-密室逃脱模拟器（下）
32851205,2021/12/23,女流-2021.12.21-密室逃脱模拟器（上）
32839159,2021/12/22,女流-2021.12.19-心灵砒霜弹幕版
32818904,2021/12/20,女流-2021.12.19-心灵砒霜
32810759,2021/12/20,女流-2021.12.17-精神之桥（下）
32810669,2021/12/20,女流-2021.12.17-精神之桥（上）
32753161,2021/12/14,女流-2021.12.13-精神之桥（下）
32742525,2021/12/13,女流-2021.12.12-心灵砒霜弹幕版（下）
32742526,2021/12/13,女流-2021.12.12-心灵砒霜弹幕版（上）
32741150,2021/12/13,女流-2021.12.12-心灵砒霜（下）
32741146,2021/12/13,女流-2021.12.12-心灵砒霜（上）
32733353,2021/12/12,女流-2021.12.11-Propnight
32733243,2021/12/12,女流-2021.12.11-Rubber Bandits
32707433,2021/12/10,女流-2021.12.9-ICARUS
32707131,2021/12/10,女流-2021.12.9-雀魂麻将
32698234,2021/12/09,女流-2021.12.8-ICARUS（下）
32698235,2021/12/09,女流-2021.12.8-ICARUS（上）
32685623,2021/12/08,女流-2021.12.7-Propnight（上）
32685626,2021/12/08,女流-2021.12.7-Propnight（下）
32674421,2021/12/07,女流-2021.12.6-灵活脑学院
32665720,2021/12/06,女流-2021.12.5-心灵砒霜弹幕版（下）
32665719,2021/12/06,女流-2021.12.5-心灵砒霜弹幕版（上）
32663176,2021/12/06,女流-2021.12.5-心灵砒霜（下）
32663166,2021/12/06,女流-2021.12.5-心灵砒霜（上）
32617279,2021/12/02,女流-2021.12.1-雀魂麻将（上）
32617169,2021/12/02,女流-2021.12.1-雀魂麻将（下）
32598175,2021/11/30,女流-2021.11.29-雀圣（下）
32598135,2021/11/30,女流-2021.11.29-雀圣（上）
32585614,2021/11/29,女流-2021.11.28-心灵砒霜弹幕版
32584787,2021/11/29,女流-2021.11.28-雀圣
32584409,2021/11/29,女流-2021.11.28-心灵砒霜
32574369,2021/11/28,女流-2021.11.27-雀圣（下）
32564231,2021/11/28,女流-2021.11.7-26-METROID DREAD（上）
32564203,2021/11/28,女流-2021.11.7-26-METROID DREAD（下）
32549028,2021/11/26,女流-2021.11.7-25-雀魂（下）
32549026,2021/11/26,女流-2021.11.7-25-雀魂（上）
32492104,2021/11/26,女流-2021.11.7-24-METROID DREAD（上）
32492108,2021/11/26,女流-2021.11.7-24-METROID DREAD（下）
32490500,2021/11/25,女流-2021.11.7-24-雀魂
32434021,2021/11/22,女流-2021.1.21-心灵砒霜弹幕版（下）
32432797,2021/11/22,女流-2021.1.21-心灵砒霜弹幕版（上）
32432340,2021/11/22,女流-2021.1.21-心灵砒霜（下）
32431880,2021/11/22,女流-2021.1.21-心灵砒霜（上）
32400395,2021/11/19,女流-2021.11.18-ALTF4（下）
32400060,2021/11/19,女流-2021.11.18-ALTF4（上）
32260283,2021/11/18,P1-2021.11.17-笼中窥梦
32260925,2021/11/18,女流-2021.11.17-ALTF4
32243778,2021/11/18,女流-2021.11.16-佩奇一哈哈（上）
32177329,2021/11/18,女流-2021.11.16-佩奇一哈哈（下）
32173345,2021/11/17,女流-2021.11.15-Elden Ring
32128863,2021/11/15,女流-2021.1.14-心灵砒霜弹幕版
32127983,2021/11/15,女流-2021.11.14-Elden Ring
32127703,2021/11/15,女流-2021.1.14-心灵砒霜
32081571,2021/11/15,女流-2021.11.13-Elden Ring
32072712,2021/11/14,女流-2021.11.12-黑魂4荒野之息
32072563,2021/11/14,女流-2021.11.12-Phasmophobia
32057095,2021/11/12,女流-2021.11.11-雀士（上）
32057132,2021/11/12,女流-2021.11.11-雀士（下）
31765818,2021/11/07,女流-2021.11.5-Unpacking（上）
31765615,2021/11/07,女流-2021.11.5-Unpacking（下）
31696915,2021/11/04,女流-2021.11.3-House Of Ashes（下）
31695916,2021/11/04,女流-2021.11.3-House Of Ashes（上）
31665346,2021/11/03,女流-2021.11.2-马里奥派对 超级巨星（下）
31664497,2021/11/03,女流-2021.11.2-马里奥派对 超级巨星（上）
31636579,2021/11/02,女流-2021.11.31-心灵砒霜弹幕版（上）
31636608,2021/11/02,女流-2021.11.31-心灵砒霜弹幕版（下）
31634428,2021/11/01,女流-2021.11.31-心灵砒霜（上）
31634445,2021/11/01,女流-2021.11.31-心灵砒霜（下）
31623392,2021/10/31,女流-2021.10.30-摄影冒险（上）
31623341,2021/10/31,女流-2021.10.30-摄影冒险（下）
31610018,2021/10/30,女流-2021.10.29-马里奥派对 超级巨星（下）
31609630,2021/10/30,女流-2021.10.29-马里奥派对 超级巨星（上）
31584613,2021/10/29,女流-2021.10.27-洞穴探险2
31584429,2021/10/29,女流-2021.10.27-墨影侠踪&文字游戏&落日山丘
31569672,2021/10/27,女流-2021.10.25-雀魂（下）
31568892,2021/10/27,女流-2021.10.25-雀魂（上）
31545348,2021/10/26,女流-2021.10.24-心灵砒霜弹幕版（上）
31545166,2021/10/26,女流-2021.10.24-心灵砒霜弹幕版（下）
31544594,2021/10/25,女流-2021.10.24-心灵砒霜（下）
31544588,2021/10/25,女流-2021.10.24-心灵砒霜（上）
31503301,2021/10/22,女流-2021.10.21-影子工场（上）
31503303,2021/10/22,女流-2021.10.21-影子工场（下）
31488255,2021/10/21,女流-2021.10.20-仙剑奇侠传七（下）
31488077,2021/10/21,女流-2021.10.20-仙剑奇侠传七（上）
31465261,2021/10/19,女流-2021.10.18-仙剑奇侠传七（上）
31465162,2021/10/19,女流-2021.10.18-仙剑奇侠传七（下）
31457467,2021/10/18,女流-2021.10.17-心灵砒霜弹幕版
31456835,2021/10/18,女流-2021.10.17-心灵砒霜
31456225,2021/10/18,女流-2021.10.17-仙剑奇侠传七
31443868,2021/10/18,女流-2021.10.16-仙剑奇侠传七（上）
31443690,2021/10/17,女流-2021.10.16-仙剑奇侠传七（下）
31443068,2021/10/17,女流-2021.10.15-仙剑奇侠传七
31421854,2021/10/16,女流-2021.10.13-Back 4 Blood
31421863,2021/10/16,女流-2021.10.14-Back 4 Blood（上）
31421510,2021/10/16,女流-2021.10.14-Back 4 Blood（下）
31420361,2021/10/15,女流-2021.10.12-审判之逝：湮灭的记忆
31379105,2021/10/11,女流-2021.10.9-审判之逝：湮灭的记忆（下）
31378828,2021/10/11,女流-2021.10.9-审判之逝：湮灭的记忆（上）
31348255,2021/10/08,女流-2021.10.7-审判之逝：湮灭的记忆（上）
31348246,2021/10/08,女流-2021.10.7-审判之逝：湮灭的记忆（下）
31345657,2021/10/08,女流-2021.10.5-审判之逝：湮灭的记忆（下）
31344951,2021/10/08,女流-2021.10.5-审判之逝：湮灭的记忆（上）
31339019,2021/10/07,女流-2021.10.4-审判之逝：湮灭的记忆（下）
31338879,2021/10/07,女流-2021.10.4-审判之逝：湮灭的记忆（上）
31337723,2021/10/07,女流-2021.10.3-心灵砒霜弹幕版（上）
31328751,2021/10/07,女流-2021.10.3-心灵砒霜弹幕版（下）
31327277,2021/10/06,女流-2021.10.3-心灵砒霜（上）
31327279,2021/10/06,女流-2021.10.3-心灵砒霜（下）
31326861,2021/10/06,女流-2021.10.2-审判之逝：湮灭的记忆（下）
31326394,2021/10/06,女流-2021.10.2-审判之逝：湮灭的记忆（中）
31325844,2021/10/06,女流-2021.10.2-审判之逝：湮灭的记忆（上）
31325063,2021/10/06,女流-2021.10.1-审判之逝：湮灭的记忆（下）
31325056,2021/10/06,女流-2021.10.1-审判之逝：湮灭的记忆（上）
31285833,2021/10/03,女流-2021.10.1-审判之逝：湮灭的记忆（下）
31284041,2021/10/02,女流-2021.9.30-审判之逝：湮灭的记忆（上）
31284134,2021/10/02,女流-2021.9.30-审判之逝：湮灭的记忆（下）
31261853,2021/10/01,女流-2021.9.29-审判之逝：湮灭的记忆（上）
31261855,2021/10/01,女流-2021.9.29-审判之逝：湮灭的记忆（下）
31197074,2021/09/25,女流-2021.9.23-风来之国（上）
31196981,2021/09/25,女流-2021.9.23-风来之国（下）
31183994,2021/09/23,女流-2021.9.22-风来之国（下）
31183891,2021/09/23,女流-2021.9.22-风来之国（上）
31165587,2021/09/21,女流-2021.9.20-风来之国(下)
31165507,2021/09/21,女流-2021.9.20-风来之国（上）
31144413,2021/09/19,女流-2021.9.18-风来之国
31134904,2021/09/18,女流-2021.9.17-风来之国（下）
31134905,2021/09/18,女流-2021.9.17-风来之国（上）
31124448,2021/09/17,女流-2021.9.16-风来之国
31114927,2021/09/16,女流-2021.9.14-山海旅人（下）
31114851,2021/09/16,女流-2021.9.14-山海旅人（上）
31085992,2021/09/13,女流-2021.9.12-心灵砒霜弹幕版（上）
31085882,2021/09/13,女流-2021.9.12-心灵砒霜弹幕版（下）
31084158,2021/09/13,女流-2021.9.12-心灵砒霜（上）
31084150,2021/09/13,女流-2021.9.12-心灵砒霜（下）
31076461,2021/09/13,女流-2021.9.11-暗影火炬城（下）
31076205,2021/09/13,女流-2021.9.11-暗影火炬城（上）
31064318,2021/09/12,女流-2021.9.10-暗影火炬城（上）
31064351,2021/09/12,女流-2021.9.10-暗影火炬城（下）
31050416,2021/09/11,女流-2021.9.9-暗影火炬城（下）
31050123,2021/09/10,女流-2021.9.9-暗影火炬城（上）
31007934,2021/09/07,女流-2021.9.4-心灵砒霜弹幕版
30984251,2021/09/05,女流-2021.9.4-心灵砒霜（下）
30984249,2021/09/05,女流-2021.9.4-心灵砒霜（上）
30973137,2021/09/05,女流-2021.9.3-符文工厂5（下）
30972581,2021/09/05,女流-2021.9.3-符文工厂5（上）
30961552,2021/09/04,女流-2021.9.2-符文工厂5（下）
30961346,2021/09/04,女流-2021.9.2-符文工厂5（上）
30922232,2021/08/31,女流-2021.8.29-心灵砒霜&弹幕版（下）
30922231,2021/08/31,女流-2021.8.29-心灵砒霜&弹幕版（上）
30913125,2021/08/31,女流-2021.8.29-心灵砒霜
30913126,2021/08/30,女流-2021.8.29-心灵砒霜
30896471,2021/08/30,女流-2021.8.28-Fling to the Finish
30887698,2021/08/29,女流-2021.8.27-对马岛之魂（下）
30887602,2021/08/29,女流-2021.8.27-对马岛之魂（上）
30875727,2021/08/28,女流-2021.8.26-对马岛之魂（上）
30875724,2021/08/28,女流-2021.8.26-对马岛之魂（下）
30852788,2021/08/27,女流-2021.8.25-花之灵（Hoa）
30836162,2021/08/26,女流-2021.8.23-桌游模拟《截码战》（上）
30836302,2021/08/26,女流-2021.8.23-桌游模拟《截码战》（下）
30816729,2021/08/25,女流-2021.8.22-桌游模拟《截码战》
30769978,2021/08/22,女流-2021.8.20-GRIME（上）
30769302,2021/08/22,女流-2021.8.20-GRIME（下）
30768142,2021/08/22,女流-2021.8.19-GRIME
30757457,2021/08/21,女流-2021.8.18-GRIME（上）
30756962,2021/08/21,女流-2021.8.18-GRIME（下）
30756071,2021/08/20,女流-2021.8.18-九十六号公路
30743712,2021/08/20,女流-2021.8.17-九十六号公路（上）
30730723,2021/08/19,女流-2021.8.17-九十六号公路（下）
30704016,2021/08/17,女流-2021.8.16-心灵砒霜弹幕版
30703605,2021/08/17,女流-2021.8.16-心灵砒霜
30651839,2021/08/13,女流-2021.8.9-Toodee and Topdee（下）
30651837,2021/08/13,女流-2021.8.9-Toodee and Topdee（中）
30651240,2021/08/12,女流-2021.8.9-Toodee and Topdee（上）
30624156,2021/08/11,女流-2021.8.10-黑暗侦探
30609039,2021/08/09,女流-2021.8.8-心灵砒霜弹幕版
30588239,2021/08/09,女流-2021.8.8-心灵砒霜
30587140,2021/08/09,女流-2021.8.8-永劫无间
30566750,2021/08/08,女流-2021.8.7-游戏之前有佩奇
30566377,2021/08/08,女流-2021.8.7-明日之后
30552893,2021/08/07,女流-2021.8.6-上古之魂&永劫无间（下）
30552665,2021/08/07,女流-2021.8.6-上古之魂（上）
30538781,2021/08/06,女流-2021.8.5-上古之魂（下）
30538572,2021/08/06,女流-2021.8.5-上古之魂（上）
30523644,2021/08/05,女流-2021.8.4-数独&节奏医生&上古之魂
30523449,2021/08/05,女流-2021.8.4-永劫无间
30508330,2021/08/04,女流-2021.8.3-永劫无间
30494793,2021/08/03,女流-2021.8.2-永劫无间（上）
30494795,2021/08/03,女流-2021.8.2-永劫无间（下）
30494413,2021/08/03,女流-2021.8.1-心灵砒霜&弹幕版（下）
30494403,2021/08/03,女流-2021.8.1-心灵砒霜弹幕版（上）
30474516,2021/08/01,女流-2021.8.1-心灵砒霜
30464385,2021/08/01,女流-2021.7.31-OneWay（上）
30463981,2021/08/01,女流-2021.7.31-OneWay（下）
30457834,2021/07/31,女流-2021.7.30-光遇&永劫无间
30457279,2021/07/31,女流-2021.7.30-永劫无间
30452442,2021/07/31,女流-2021.7.29-永劫无间（下）
30452038,2021/07/31,女流-2021.7.29-永劫无间（上）
30427288,2021/07/29,女流-2021.7.28-永劫无间（下）
30426760,2021/07/29,女流-2021.7.28-永劫无间（上）
30412901,2021/07/28,女流-2021.7.27-永劫无间
30411814,2021/07/27,女流-2021.7.26-永劫无间
30400928,2021/07/26,女流-2021.7.25-心灵砒霜弹幕版（上）
30400743,2021/07/26,女流-2021.7.25-心灵砒霜弹幕版（下）
30390689,2021/07/26,女流-2021.7.25-心灵砒霜
30390163,2021/07/26,女流-2021.7.24-永劫无间全明星
30389941,2021/07/25,女流-2021.7.24-永劫无间全明星（x）
30369451,2021/07/24,女流-2021.7.23-全明星娱乐赛
30369286,2021/07/24,女流-2021.7.22-蛊婆（下）
30367963,2021/07/24,女流-2021.7.22-蛊婆（上）
30344411,2021/07/22,女流-2021.7.21-怪物猎人物语2破灭之翼(下)
30343760,2021/07/21,女流-2021.7.21-怪物猎人物语2破灭之翼(上)
30331324,2021/07/21,女流-2021.7.20-怪物猎人物语2破灭之翼（上）
30330897,2021/07/20,女流-2021.7.20-怪物猎人物语2破灭之翼（下）
30317751,2021/07/19,女流-2021.7.18-TapTap 游戏发布会
30307409,2021/07/19,女流-2021.7.18-周末的上海
30285765,2021/07/17,女流-2021.7.16-怪物猎人物语2破灭之翼（上）
30285843,2021/07/17,女流-2021.7.16-怪物猎人物语2破灭之翼（下）
30274620,2021/07/16,女流-2021.7.14-怪物猎人物语2破灭之翼（下）
30274537,2021/07/16,女流-2021.7.14-怪物猎人物语2破灭之翼（上）
30261858,2021/07/15,女流-2021.7.14-怪物猎人物语2破灭之翼
30249183,2021/07/14,女流-2021.7.13-美好的下午时光
30236346,2021/07/12,女流-2021.7.12-Pico Park（下）
30235710,2021/07/12,女流-2021.7.12-Pico Park（上）
30216668,2021/07/11,女流-2021.7.10-Operation Tango（下）
30216510,2021/07/11,女流-2021.7.10-Operation Tango（上）
30206106,2021/07/10,女流-2021.7.9-斩妖行
30194595,2021/07/09,女流-2021.7.8-永劫无间（上）
30194668,2021/07/09,女流-2021.7.8-永劫无间（下）
30183981,2021/07/08,女流-2021.7.7-空洞骑士（下）
30184002,2021/07/08,女流-2021.7.7-空洞骑士（上）
30173210,2021/07/07,女流-2021.7.6-Creaks（下）
30173099,2021/07/07,女流-2021.7.6-Creaks（上）
30162193,2021/07/06,女流-2021.7.5-出门走走逛逛
30162195,2021/07/06,女流-2021.7.4-心灵砒霜弹幕版
30152539,2021/07/05,女流-2021.7.4-心灵砒霜
30143440,2021/07/04,女流-2021.7.3-周六来个下午茶吧
30134539,2021/07/03,女流-2021.7.2-霓虹深渊
30134499,2021/07/03,女流-2021.7.2-霓虹深渊
30109533,2021/06/30,女流-2021.6.30-霓虹深渊
30100911,2021/06/30,女流-2021.6.29-霓虹深渊（下）
30100597,2021/06/30,女流-2021.6.29-霓虹深渊（上）
30090133,2021/06/29,女流-2021.6.28-迷宫大侦探
30088639,2021/06/28,女流-2021.6.27-心灵砒霜&弹幕版（上）
30088542,2021/06/28,女流-2021.6.27-心灵砒霜&弹幕版（下）
30077895,2021/06/27,P1-2021.6.27-砒霜前聊10块钱的
29950812,2021/06/23,女流-2021.6.22-永劫无间（中）
29949972,2021/06/23,女流-2021.6.22-永劫无间（上）
29949863,2021/06/23,女流-2021.6.22-永劫无间（下）
29909138,2021/06/22,女流-2021.6.21-永劫无间（上）
29909134,2021/06/21,女流-2021.6.21-永劫无间（下）
29886242,2021/06/21,女流-2021.6.19-永劫无间
29885872,2021/06/21,女流-2021.6.20-永劫无间（上）
29885724,2021/06/21,女流-2021.6.20-永劫无间（下）
29865974,2021/06/19,女流-2021.6.19-永劫无间
29853069,2021/06/19,女流-2021.6.18-永劫无间（下）
29852646,2021/06/19,女流-2021.6.18-永劫无间（上）
29823979,2021/06/18,女流-2021.6.17-永劫无间（下）
29823978,2021/06/18,女流-2021.6.17-永劫无间（上）
29822588,2021/06/17,女流-2021.6.16-周三晚上66（下）
29822573,2021/06/17,女流-2021.6.16-周三晚上66（上）
29795203,2021/06/17,女流-2021.6.15-空洞骑士（下）
29795099,2021/06/17,女流-2021.6.15-空洞骑士（中）
29794635,2021/06/16,女流-2021.6.15-空洞骑士（上）
29740163,2021/06/15,女流-2021.6.13-心灵砒霜弹幕版
29719796,2021/06/14,女流-2021.6.13-心灵砒霜
29698266,2021/06/13,女流-2021.6.12-PowerWash Simulator（下）
29698234,2021/06/12,女流-2021.6.12-PowerWash Simulator（上）
29675884,2021/06/12,女流-2021.6.11-你画我猜
29652965,2021/06/11,女流-2021.6.10-空洞骑士(下)
29652168,2021/06/11,女流-2021.6.10-空洞骑士(上)
29625319,2021/06/10,女流-6.9-空洞骑士（上）
29623301,2021/06/10,女流-6.9-空洞骑士（下）
29558922,2021/06/08,女流--2021.6.8-空洞骑士
29493793,2021/06/07,女流-2021.6.6-心灵砒霜弹幕版
29458998,2021/06/06,女流-2021.6.5-空洞骑士（下）
29458744,2021/06/06,女流-2021.6.5-空洞骑士（上）
29449434,2021/06/05,女流-2021.6.4-空洞骑士
29439384,2021/06/04,女流-2021.6.3-魔兽怀旧服
29430144,2021/06/03,女流-2021.6.2-魔兽怀旧服
29390922,2021/06/01,女流-2021.6.1-下午茶时间（下）
29390134,2021/06/01,女流-2021.6.1-下午茶时间（上）
29294635,2021/05/30,女流-2021.5.29-科学家面对面
29245667,2021/05/29,女流-2021.5.28-幸运房东（下）
29245796,2021/05/29,女流-2021.5.28-幸运房东（上）
29144375,2021/05/25,女流-2021.5.25-Turnip Boy
29116535,2021/05/25,女流-2021.5.22-深海迷航
29076827,2021/05/23,女流-2021.5.22-深海迷航
29053665,2021/05/22,女流-2021.5.21-深海迷航
29013227,2021/05/21,女流-2021.5.20-深海迷航（下）
29013234,2021/05/21,女流-2021.5.20-深海迷航（上）
28979818,2021/05/19,女流-2021.5.19-深海迷航
28949328,2021/05/19,女流-2021.5.18-深海迷航 （下）
28949045,2021/05/19,女流-2021.5.18-深海迷航 （上）
28925578,2021/05/18,女流-2021.5.18-无尽旅途（下）
28925305,2021/05/18,女流-2021.5.18-无尽旅途（上）
28886182,2021/05/17,女流-2021.5.16-心灵砒霜弹幕版
28858051,2021/05/17,女流-2021.5.16-心灵砒霜
28722583,2021/05/14,女流-2021.5.13-怪物男孩(下)
28722548,2021/05/14,女流-2021.5.13-怪物男孩(上)
28687173,2021/05/13,女流-2021.5.12-绿林侠盗（下）
28686740,2021/05/13,女流-2021.5.12-绿林侠盗（上）
28613597,2021/05/10,女流-2021.5.10-出门前佩奇会儿
28591116,2021/05/10,女流-2021.5.9-生化危机8：村庄（下）
28591039,2021/05/10,女流-2021.5.9-生化危机8：村庄（上）
28560944,2021/05/09,女流-2021.5.8-生化危机8：村庄（下）
28560452,2021/05/08,女流-2021.5.8-生化危机8：村庄（上）
28543727,2021/05/08,女流-2021.5.7-生化危机8：村庄（上）
28543731,2021/05/08,女流-2021.5.7-生化危机8：村庄（下）
28520506,2021/05/07,女流-2021.5.6-神奇男孩 爱莎在怪物世界（上）
28520367,2021/05/07,女流-2021.5.6-神奇男孩 爱莎在怪物世界（下）
28482826,2021/05/05,女流-2021.5.3-世界游戏大全51（上）
28482825,2021/05/05,女流-2021.5.3-世界游戏大全51（下）
28481360,2021/05/05,女流-5.4-超级马里欧派对（下）
28481259,2021/05/05,女流-5.4-世界游戏大全51&超级马里欧派对（上）
28479093,2021/05/05,女流-2021.5.2-心灵砒霜弹幕版（上）
28479195,2021/05/05,女流-2021.5.2-心灵砒霜弹幕版（下）
28433697,2021/05/03,女流-2021.5.2-心灵砒霜（上）
28433673,2021/05/03,女流-2021.5.1-世界游戏大全51
28433434,2021/05/03,女流-2021.5.2-心灵砒霜（下）
28432400,2021/05/03,女流-2021.5.1-超级马里欧派对
28399662,2021/04/30,女流-2021.4.30-PS发布会
28310058,2021/04/28,女流-2021.4.27-世界游戏大全51&坎公骑冠剑
28309772,2021/04/28,女流-2021.4.27-世界游戏大全51&坎公骑冠剑
28284808,2021/04/27,女流-2021.4.26 天神镇物语试玩（下）
28284810,2021/04/27,女流-2021.4.19-佩奇的快乐你想象不到
28276775,2021/04/26,女流-2021.4.19-佩奇的快乐你想象不到（上）
28275193,2021/04/26,女流-2021.4.19-佩奇的快乐你想象不到（下）
28273471,2021/04/26,女流-2021.4.25-心灵砒霜&弹幕版
28234389,2021/04/26,女流-2021.4.25-心灵砒霜（下 ）
28231255,2021/04/25,女流-2021.4.25-心灵砒霜（上）
28159717,2021/04/24,女流-2021.4.24-怪物男孩&永劫无间
28159371,2021/04/24,女流-2021.4.24-怪物男孩
28153508,2021/04/24,女流-2021.4.23-怪物男孩
28122914,2021/04/24,女流-2021.4.23-怪物男孩（下）
28111011,2021/04/23,女流-2021.4.22-怪物男孩 夜间场
28080717,2021/04/22,女流-2021.4.22-怪物男孩（上）
28080719,2021/04/22,女流-2021.4.22-怪物男孩（下）
28077546,2021/04/22,女流-2021.4.21-怪物男孩（上）
28077075,2021/04/22,女流-2021.4.21-怪物男孩（下）
28001573,2021/04/20,女流-2021.4.20-Hidden Through Time（上）
28001266,2021/04/20,女流-2021.4.20-Hidden Through Time（下）
27932190,2021/04/19,女流-2021.4.18-心灵砒霜弹幕版
27900075,2021/04/18,女流-2021.4.18-心灵砒霜（上）
27899650,2021/04/18,女流-2021.4.18-心灵砒霜（下）
27884269,2021/04/18,女流-2021.4.17-鬼谷八荒
27884083,2021/04/18,女流-2021.4.17-Hidden Through Time
27852232,2021/04/17,女流-2021.4.16-鬼谷八荒（上）
27851026,2021/04/17,女流-2021.4.16-鬼谷八荒（下）
27775135,2021/04/16,女流-2021.4.15-鬼谷八荒（上）
27774951,2021/04/16,女流-2021.4.15-鬼谷八荒（下）
27737097,2021/04/15,女流-2021.4.14-鬼谷八荒（上）
27736681,2021/04/15,女流-2021.4.14-鬼谷八荒（下）
27734800,2021/04/14,P8-2021.4.13-Genesis Noir
27707306,2021/04/14,女流-2021.4.13-Genesis Noir  (上)
27672198,2021/04/12,女流-2021.4.11-心灵砒霜弹幕版
27640533,2021/04/11,女流-2021.4.11-心灵砒霜（上）
27640511,2021/04/11,女流-2021.4.11-心灵砒霜（下）
27620220,2021/04/11,女流-2021.4.10-怪物猎人：崛起（上）
27620098,2021/04/11,女流-2021.4.10-怪物猎人：崛起（下）
27601702,2021/04/09,女流-2021.4.9-怪物猎人：崛起（上）
27601608,2021/04/09,女流-2021.4.9-怪物猎人：崛起（下）
27573183,2021/04/08,女流-2021.4.8-怪物猎人：崛起（下）
27573053,2021/04/08,女流-2021.4.8-怪物猎人：崛起（上）
27551106,2021/04/08,女流-2021.4.7-怪物猎人：崛起（下）
27550993,2021/04/08,女流-2021.4.7-怪物猎人：崛起（上）
27513425,2021/04/06,女流-2021.4.6-打猎的日子不刮痧
27349793,2021/03/31,女流-2021.3.30-It Takes Two（上）
27349790,2021/03/31,女流-2021.3.30-It Takes Two（下）
27288688,2021/03/29,女流-2021.3.29-It Takes Two（上）
27288686,2021/03/29,女流-2021.3.29-It Takes Two（下）
27281328,2021/03/29,女流-2021.3.28-心灵砒霜弹幕版
27256674,2021/03/28,女流-2021.3.28-心灵砒霜（下）
27256300,2021/03/28,女流-2021.3.28-心灵砒霜（上）
27238768,2021/03/27,女流-2021.3.27-怪物猎人 弓箭手的修行（上）
27238770,2021/03/27,女流-2021.3.27-怪物猎人 弓箭手的修行（下）
27236153,2021/03/27,女流-2021.3.26-1.怪物猎人 崛起
27236154,2021/03/27,女流-2021.3.26-2.怪物猎人 崛起
27236155,2021/03/27,女流-2021.3.26-坎公骑冠剑
27179430,2021/03/25,女流-2021.3.25-察言观色3部曲
27179432,2021/03/25,女流-2021.3.25-Puyo Puyo Tetris 2
27146913,2021/03/24,女流-2021.3.24-Puyo Puyo Tetris 2
27085144,2021/03/23,女流-2021.3.22-末日准备狂
27082686,2021/03/23,女流-2021.3.22-末日准备狂
27071329,2021/03/22,女流-2021.3.21-心灵砒霜弹幕版
27048107,2021/03/22,女流-2021.3.21-心灵砒霜
27048216,2021/03/22,女流-2021.3.21-极限竞速地平线4
27028479,2021/03/21,女流-2021.3.20-战意
27028197,2021/03/21,女流-2021.3.20-绝地求生
27004224,2021/03/19,女流-2021.3.19-The Room4
27004130,2021/03/19,女流-2021.3.18-The Room4
26979859,2021/03/19,女流-2021.3.18-Hades
26978543,2021/03/18,女流-2021.3.18-Hades
26950397,2021/03/18,女流-2021.3.17-Hades
26949574,2021/03/18,女流-2021.3.17-Hades
26910411,2021/03/17,女流-2021.3.16-Hades
26909178,2021/03/17,女流-2021.3.16-Hades
26873129,2021/03/15,女流-2021.3.15-Hades
26873498,2021/03/15,女流-2021.3.15-Hades
26869011,2021/03/15,女流-2021.3.14-心灵砒霜弹幕版
26822949,2021/03/14,女流-2021.3.14-心灵砒霜
26823649,2021/03/14,女流-2021.3.14-心灵砒霜
26761234,2021/03/14,女流-2021.3.13-雀魂
26759877,2021/03/14,女流-2021.3.13-雀魂
26693309,2021/03/12,女流-2021.3.12-魔兽争霸rpg
26691826,2021/03/12,女流-2021.3.12-CSGO
26630182,2021/03/12,女流-2021.3.11-阿尔芭与野生动物的故事
26628374,2021/03/11,女流-2021.3.11-阿尔芭与野生动物的故事
26478113,2021/03/09,女流-2021.3.9-节奏医生
26476396,2021/03/09,女流-2021.3.9-Tiny Lands
26425905,2021/03/09,女流-2021.3.8-大富翁10
26419107,2021/03/09,女流-2021.3.8-大富翁10
26408836,2021/03/08,女流-2021.3.7-心灵砒霜弹幕版
26386635,2021/03/08,女流-2021.3.7-心灵砒霜
26386716,2021/03/08,女流-2021.3.7-心灵砒霜
26367245,2021/03/07,女流-2021.3.6-节奏医生
26366420,2021/03/06,女流-2021.3.6-ALTF4
26348917,2021/03/06,女流-2021.3.5-节奏医生
26348258,2021/03/06,女流-2021.3.5-节奏医生
26297737,2021/03/05,女流-2021.3.4-ALTF4
26299429,2021/03/05,女流-2021.3.4-ALTF4
26236002,2021/03/04,女流-2021.3.3-ALTF4
26178904,2021/03/03,女流-2021.3.2-鬼谷八荒
26177174,2021/03/03,女流-2021.3.2-鬼谷八荒
26103734,2021/03/01,女流-2021.3.1-节奏医生
26081711,2021/03/01,女流-2021.2.28-心灵砒霜弹幕版
26076812,2021/03/01,女流-2021.2.28-心灵砒霜
26047503,2021/02/28,女流-2021.2.27-节奏医生
26044334,2021/02/28,女流-2021.2.27-节奏医生
25859321,2021/02/25,女流-2021.2.25-牧场物语之橄榄镇与希望的大地
25857215,2021/02/25,女流-2021.2.25-牧场物语之橄榄镇与希望的大地
25772153,2021/02/25,女流-2021.2.24-痞子英雄
25773232,2021/02/25,女流-2021.2.24-痞子英雄
25663058,2021/02/23,女流-2021.2.23-鬼谷八荒
25664841,2021/02/23,女流-2021.2.23-鬼谷八荒
25581655,2021/02/23,女流-2021.2.22-鬼谷八荒
25570282,2021/02/23,女流-2021.2.21-心灵砒霜弹幕版
25462963,2021/02/22,女流-2021.2.21-心灵砒霜
25374839,2021/02/21,女流-2021.2.19-鬼谷八荒
25283260,2021/02/20,女流-2021.2.19-鬼谷八荒
25101273,2021/02/18,女流-2021.2.17-马里奥3d世界+狂怒世界
25103817,2021/02/18,女流-2021.2.17-马里奥3d世界+狂怒世界
25093509,2021/02/17,女流-2021.2.16-大吉大利 今晚吃鸡
25018032,2021/02/17,女流-2021.2.16-马里奥3d世界新DLC
25015484,2021/02/17,女流-2021.2.16-马里奥3d世界新DLC
24914321,2021/02/15,女流-2021.2.14-雀魂麻將
24912113,2021/02/15,女流-2021.2.14-心灵砒霜弹幕版
24832966,2021/02/15,女流-2021.2.14-心灵砒霜
24733031,2021/02/13,女流-2021.2.13-马里奥3D世界NS版来啦
24641799,2021/02/12,女流-2021.2.12-小小梦魇2
24545907,2021/02/11,女流-2021.2.11-小小梦魔2
24369028,2021/02/09,女流-2021.2.9-出门买个糖葫芦
24290442,2021/02/09,女流-2021.2.8-烟火&一梦江湖
24285697,2021/02/09,女流-2021.2.7-心灵砒霜弹幕版
24194463,2021/02/08,女流-2021.2.7-心灵砒霜
24004812,2021/02/06,女流-2021.2.5-戴森球计划&明日之后
23907923,2021/02/04,女流-2021.2.4-戴森球计划
23824361,2021/02/04,女流-2021.2.3-女巫来了&绝地求生&谁是内鬼
23730366,2021/02/03,女流-2021.2.2-戴森球计划
23648475,2021/02/02,女流-2021.2.1-戴森球计划
23644448,2021/02/02,女流-2021.1.31-戴森球计划
23637191,2021/02/02,女流-2021.1.31-心灵砒霜弹幕版
23537068,2021/01/31,女流-2021.1.31-心灵砒霜
23446918,2021/01/30,女流-2021.1.30-戴森球计划
23358929,2021/01/30,女流-2021.1.29-高殿战记&橙光 传闻中的女帝后宫
23259917,2021/01/28,女流-2021.1.28-橙光 传闻中的女帝后宫
23163357,2021/01/27,女流-2021.1.27-文明6
23080553,2021/01/27,女流-2021.1.26-文明6
22986109,2021/01/26,女流-2021.1.25-Shady Part of Me&糖豆人&文明6
22975377,2021/01/25,女流-2021.1.24-心灵砒霜弹幕版
22904778,2021/01/25,女流-2021.1.24-心灵砒霜
22712405,2021/01/23,女流-2021.1.22-Shady Part of Me&归家异途2
22620101,2021/01/22,女流-2021.21-转眼已6年
22519025,2021/01/20,女流-2021.1.20-星露谷物语全收集之路
22436407,2021/01/20,女流-2021.1.19-星露谷物语
22364964,2021/01/19,女流-2021.1.18-星露谷物语
22356133,2021/01/19,女流-2021.1.17-心灵砒霜弹幕版
22263081,2021/01/17,女流-2021.1.17-心灵砒霜
22183924,2021/01/16,女流-2021.1.16-星露谷物语
22113044,2021/01/16,女流-2021.1.15-仙剑奇侠传7试玩&星露谷物语&游戏王：决斗链接
22032474,2021/01/15,女流-2021.1.14-星露谷物语继续耕耘
22027262,2021/01/15,女流-2021.1.13-星露谷物语继续耕耘
21857452,2021/01/13,女流-2021.1.12-星露谷物语继续耕耘
21776992,2021/01/11,女流-2021.1.11-星露谷物语继续耕耘
21769028,2021/01/11,女流-2021.1.10-心灵砒霜弹幕版
21718332,2021/01/11,女流-2021.1.10-心灵砒霜
21664877,2021/01/10,女流-2021.1.8-星露谷物语联机版&使命战场
21551022,2021/01/08,女流-2021.1.7-星露谷物语联机版
21478834,2021/01/07,女流-2021.1.6-星露谷物语联机版
21441992,2021/01/06,女流-2021.1.5-星露谷物语联机版
21442219,2021/01/06,女流-2021.1.5-星露谷物语联机版
21396712,2021/01/05,女流-2021.1.4-星露谷物语联机版
21397340,2021/01/05,女流-2021.1.4-星露谷物语联机版
21385606,2021/01/04,女流-2021.1.3-心灵砒霜弹幕版
21348742,2021/01/04,女流-2021.1.3-心灵砒霜
21317278,2021/01/03,女流-2021.1.2-星露谷物语联机版
21287167,2021/01/02,女流-2021.1.1-星露谷物语联机版
21286100,2021/01/01,女流-2021.1.1-星露谷物语联机版
21284409,2021/01/01,女流-2020.12.31-跨年歌会一起跨年
21212474,2020/12/30,女流-2020.12.30-星露谷物语联机版
21177812,2020/12/30,女流-2020.12.29-星露谷物语联机版
21177041,2020/12/30,女流-2020.12.29-星露谷物语联机版
21138243,2020/12/28,女流-2020.12.28-星露谷物语联机版
21136970,2020/12/28,女流-2020.12.27-心灵砒霜弹幕版
21109689,2020/12/27,女流-2020.12.27-心灵砒霜
21084338,2020/12/27,女流-2020.12.26-经典就是经典呐
21052271,2020/12/26,女流-2020.12.25-亚索我还是不玩了吧
20984238,2020/12/23,女流-2020.12.23-佩奇来了，你呢
20954758,2020/12/22,女流-2020.12.22-chi66女队再战糖豆人
20922907,2020/12/21,女流-2020.12.21-赛博朋克2077
20919614,2020/12/21,女流-2020.12.20-心灵砒霜弹幕版
20892946,2020/12/21,女流-2020.12.20-心灵砒霜
20861912,2020/12/20,女流-2020.12.19-赛博朋克2077
20831325,2020/12/19,女流-2020.12.18-赛博朋克2077&自由篮球
20819562,2020/12/18,女流-2020.12.17-赛博朋克2077
20764711,2020/12/17,女流-2020.12.16-赛博朋克2077
20765419,2020/12/17,女流-2020.12.16-赛博朋克2077
20732986,2020/12/16,女流-2020.12.15-赛博朋克2077
20696024,2020/12/14,女流-2020.12.13-心灵砒霜弹幕版
20636556,2020/12/13,女流-2020.12.13-心灵砒霜
20602883,2020/12/12,女流-2020.12.12-赛博朋克2077
20603230,2020/12/12,女流-2020.12.12-赛博朋克2077
20571499,2020/12/12,女流-2020.12.10-赛博朋克2077
20572438,2020/12/12,女流-2020.12.10-赛博朋克2077
20539178,2020/12/11,女流-2020.12.10-赛博朋克2077
20534676,2020/12/10,女流-2020.12.9-赛博朋克2077
20534446,2020/12/10,女流-2020.12.9-赛博朋克2077
20467396,2020/12/08,女流-2020.12.8-谁是内鬼
20431312,2020/12/07,女流-2020.12.6-心灵砒霜弹幕版
20401557,2020/12/07,女流-2020.12.6-心灵砒霜
20399669,2020/12/06,女流-2020.12.6-心灵砒霜
20298711,2020/12/04,女流-2020.12.3-恶魔之魂三周目搞搞
20271529,2020/12/03,女流-2020.12.2-恶魔之魂二周目
20239985,2020/12/02,女流-2020.12.1-恶魔之魂二周目
20238877,2020/12/02,女流-2020.12.1-恶魔之魂二周目
20235350,2020/12/01,女流-2020.11.30-大周午夜音乐台
20203920,2020/11/30,女流-2020.11.29-心灵砒霜弹幕版
20171380,2020/11/29,女流-2020.11.29-心灵砒霜
20147922,2020/11/29,女流-2020.11.28-恶魔之魂
20148404,2020/11/29,女流-2020.11.28-恶魔之魂
20120091,2020/11/28,女流-2020.11.27-恶魔之魂&暗影国度-助唱艾泽拉斯
20119175,2020/11/28,女流-2020.11.27-恶魔之魂&暗影国度-助唱艾泽拉斯
20056799,2020/11/26,女流-2020.11.24-恶魔之魂
20028351,2020/11/24,女流-2020.11.24-恶魔之魂
20004769,2020/11/24,女流-2020.11.23-恶魔之魂
20002665,2020/11/23,女流-2020.11.22-心灵砒霜-弹幕版
19978319,2020/11/23,女流-2020.11.22-心灵砒霜
19935556,2020/11/22,女流-2020.11.21-恶魔之魂
19894789,2020/11/21,女流-2020.11.20-恶魔之魂
19812004,2020/11/19,女流-2020.11.18-天穗之咲稻姬
19753727,2020/11/17,女流-2020.11.16-天穗之咲稻姬
19751235,2020/11/16,女流-2020.11.15-心灵砒霜弹幕版
19724913,2020/11/16,女流-2020.11.15-心灵砒霜
19695177,2020/11/15,女流-2020.11.14-天穗之咲稻姬
19650558,2020/11/14,女流-2020.11.13-宇宙机器人&麻布仔大冒险&天穗之咲稻姬
19601862,2020/11/12,女流-2020.11.12-天穗之咲稻姬
19571771,2020/11/11,女流-2020.11.11-天穗之咲稻姬
19541827,2020/11/11,女流-2020.11.10-Teardown
19510643,2020/11/09,女流-2020.11.9-Teardown
19507225,2020/11/09,女流-2020.11.08-心灵砒霜弹幕版
19483590,2020/11/08,女流-2020.11.08-心灵砒霜
19456271,2020/11/07,女流-2020.11.7-腾讯科学WE大会
19427375,2020/11/06,女流-2020.11.6-只狼
19341793,2020/11/04,女流-2020.11.4-皮克敏3
19318278,2020/11/04,女流-2020.11.3-皮克敏3
19291782,2020/11/03,P3-2020.11.2-皮克敏3
19288524,2020/11/02,女流-2020.11.1-心灵砒霜弹幕版
19270461,2020/11/02,女流-2020.11.1-心灵砒霜
19267803,2020/11/02,女流-2020.10.31-轩辕剑7
19267934,2020/11/02,女流-2020.10.31-轩辕剑7
19197004,2020/10/31,女流-2020.10.30-轩辕剑7
19172801,2020/10/30,女流-2020.10.29-轩辕剑7
19146701,2020/10/28,女流-2020.10.28-佩奇补场你补票
19080895,2020/10/26,女流-2020.10.26-Manifold Garden
19076724,2020/10/26,女流-2020.10.25-心灵砒霜弹幕版
19044072,2020/10/25,女流-2020.10.25-心灵砒霜
19004989,2020/10/24,女流-2020.10.24-Manifold Garden
18960227,2020/10/23,女流-2020.10.23-儿时的游戏
18837459,2020/10/20,女流-2020.10.20-儿时的游戏
18803859,2020/10/19,女流-2020.10.19-儿时的游戏
18801851,2020/10/19,女流-2020.10.18-心灵砒霜弹幕版
18778678,2020/10/19,女流-2020.10.18-心灵砒霜
18751857,2020/10/17,女流-2020.10.17-不思议的皇冠
18717588,2020/10/16,女流-2020.10.16-不思议的皇冠
18685618,2020/10/15,女流-2020.10.15-舞蹈迷藏&Fall Guys
18653394,2020/10/15,女流-2020.10.14-中世纪王朝
18620844,2020/10/13,女流-2020.10.13-中世纪王朝&Party Animals
18593394,2020/10/12,女流-2020.10.12-中世纪王朝
18423949,2020/10/07,女流-2020.10.6-art of rally&Fall Guys&F1 2020
18399121,2020/10/06,女流-2020.10.4-心灵砒霜弹幕版
18398871,2020/10/06,女流-2020.10.5-Party Animals
18397298,2020/10/06,女流-2020.10.4-心灵砒霜
18342452,2020/10/04,女流-2020.10.2-Phasmophobia
18340307,2020/10/03,女流-2020.9.30-Phasmophobia
18200756,2020/09/28,女流-2020.9.28-When the Past was Around
18196273,2020/09/28,女流-2020.9.27-心灵砒霜弹幕版
18195009,2020/09/28,女流-2020.9.27-心灵砒霜
18194859,2020/09/28,女流-2020.9.26-UnderMine&万国觉醒
18121202,2020/09/25,女流-2020.9.25-UnderMine
18093162,2020/09/24,女流-2020.9.24-UnderMine
18065077,2020/09/24,女流-2020.9.23-UnderMine
18037119,2020/09/23,女流-2020.9.22-UnderMine
17996440,2020/09/20,女流-2020.9.20-新发型 美美哒
17979028,2020/09/20,女流-2020.9.19-Fall Guys
17960927,2020/09/18,女流-2020.9.18-Pro Gymnast&Fall Guys
17893978,2020/09/14,女流-2020.9.14-Pro Gymnast
17892207,2020/09/14,女流-2020.9.13-心灵砒霜弹幕版
17878815,2020/09/14,女流-2020.9.13-心灵砒霜
17863279,2020/09/13,女流-2020.9.12-Kill It With Fire
17817269,2020/09/09,女流-2020.9.9-创世理想乡&魂斗罗
17802441,2020/09/08,女流-2020.9.8-创世理想乡
17789392,2020/09/07,女流-2020.9.7-创世理想乡
17788089,2020/09/07,女流-2020.9.6-心灵砒霜弹幕版
17777864,2020/09/06,女流-2020.9.6-人类一败涂地 &心灵砒霜
17765445,2020/09/06,女流-2020.9.5-Fall Guys
17727901,2020/09/02,女流-2020.9.2-火柴人亨利合集&魂斗罗
17727788,2020/09/02,女流-2020.8.31-Fall Guys
17701429,2020/09/01,女流-2020.8.31-高殿战记
17701108,2020/09/01,女流-2020.8.30-心灵砒霜-弹幕版
17685563,2020/08/31,女流-2020.8.30-心灵砒霜
17669805,2020/08/29,女流-2020.8.29-Inmost
17630928,2020/08/27,女流-2020.8.27-周四没66，有佩奇
17614575,2020/08/27,女流-2020.8.26-Spiritfarer
17597578,2020/08/25,女流-2020.8.25-Spiritfarer
17580808,2020/08/25,女流-2020.8.24-Spiritfarer
17579755,2020/08/25,女流-2020.8.23-心灵砒霜-弹幕版
17560554,2020/08/24,女流-2020.8.23-心灵砒霜
17546172,2020/08/22,女流-2020.8.22-Spiritfarer
17528771,2020/08/21,女流-2020.8.21-Spiritfarer&帕斯卡契约
17528113,2020/08/21,女流-2020.8.20-Spiritfarer
17497100,2020/08/20,女流-2020.8.11-Thereis no game
17455160,2020/08/17,女流-2020.8.16-心灵砒霜弹幕版
17437113,2020/08/16,女流-2020.8.16-心灵砒霜
17437382,2020/08/16,女流-2020.8.15- Avengers
17360848,2020/08/13,女流-2020.8.12-Fall Guys
17343071,2020/08/11,女流-2020.8.11-Fall Guys&Grounded
17326766,2020/08/11,女流-2020.8.10-纸片马里奥&Fall Guys
17325712,2020/08/11,女流-2020.8.9-心灵砒霜弹幕版
17307942,2020/08/09,女流-2020.08.9-心灵砒霜
17293939,2020/08/09,女流-2020.8.7-纸片马里奥
17291974,2020/08/08,女流-2020.8.2-逛吃逛吃
17260074,2020/08/07,女流-2020.8.6-66来聊聊
17243005,2020/08/06,女流-2020.8.5-纸片马里奥
17227286,2020/08/05,女流-2020.8.3--纸片马里奥
17227141,2020/08/05,女流-2020.8.4--纸片马里奥
17171064,2020/08/02,女流-2020.8.1-纸片马里奥
17057112,2020/07/28,女流-2020.7.27-纸片马里奥
17055755,2020/07/27,女流-2020.7.26-怒海余生
17023955,2020/07/26,女流-2020.7.25-Superliminal&梦幻西游
17006418,2020/07/25,女流-2020.7.24-对马岛之鬼
16975617,2020/07/23,女流-2020.7.22-对马岛之鬼
16938446,2020/07/22,女流-2020.7.21-对马岛之鬼
16923130,2020/07/21,女流-2020.7.20-对马岛之鬼
16923327,2020/07/21,女流-2020.7.20-对马岛之鬼
16909140,2020/07/20,女流-2020.7.19-对马岛之鬼
16909224,2020/07/20,女流-2020.7.19-对马岛之鬼
16894792,2020/07/19,女流-2020.7.18-对马岛之鬼(下部分）
16894131,2020/07/19,女流-2020.7.18-对马岛之鬼
16879036,2020/07/18,女流-2020.7.7-对马岛之鬼(下部分）
16876378,2020/07/18,女流-2020.7.16-输掉的佩奇，悲伤的唱
16830939,2020/07/15,女流-2020.7.14-世界游戏大全51
16747453,2020/07/11,女流-2020.7.10-世界游戏大全51
16746931,2020/07/11,女流-2020.7.9-世界游戏大全51
16719249,2020/07/09,女流-2020.7.8-世界游戏大全51
16704479,2020/07/08,女流-2020.7.7-世界游戏大全51
16657662,2020/07/05,女流-2020.7.4-世界游戏大全51&江南百景图
16611265,2020/07/04,女流-2020.7.3-螺旋风暴
16594590,2020/07/03,女流-2020.07.01-盗贼之海
16594526,2020/07/03,女流-2020.07.02-盗贼之海
16509817,2020/06/30,女流-2020.6.28-心灵砒霜弹幕版
16509272,2020/06/30,女流-2020.6.28-心灵砒霜
16490061,2020/06/29,女流-2020.06.27-盗贼之海
16474608,2020/06/28,女流-2020.06.26-盗贼之海
16382093,2020/06/25,女流-2020.06.24-Among Trees
16355924,2020/06/24,女流-2020.06.23-Timelie&最强蜗牛
16319443,2020/06/22,女流-2020.06.21-最后生还者2
16319677,2020/06/22,女流-2020.06.21-最后生还者2
16304104,2020/06/21,女流-2020.06.20-最后生还者2
16303767,2020/06/21,女流-2020.06.20-最后生还者2
16230754,2020/06/17,女流-2020.06.16-佩奇不来66来
16213808,2020/06/16,女流-2020.6.14-心灵砒霜&弹幕版
16174797,2020/06/14,女流-2020.06.13-世界游戏大全51&梦幻西游三维版 家园
16155971,2020/06/13,女流-2020.06.12-世界游戏大全51&荒野乱斗
16079680,2020/06/09,女流-2020.06.08-怒之铁拳
16077154,2020/06/08,女流-2020.6.7-心灵砒霜弹幕版
16059071,2020/06/08,女流-2020.6.7-心灵砒霜
16018989,2020/06/06,女流-2020.6.5-Poly Bridge 2&怒之铁拳
15979907,2020/06/03,女流-2020.6.3-Poly Bridge 2
15959411,2020/06/03,女流-2020.6.1-Poly Bridge 2
15918867,2020/06/02,女流-2020.5.31-心灵砒霜
15895043,2020/06/01,女流-2020.5.30-Poly Bridge
15833367,2020/05/29,女流-2020.5.28-节奏快打
15758557,2020/05/25,女流-2020.5.24-心灵砒霜弹幕版
15747471,2020/05/25,女流-2020.5.24-心灵砒霜
15703417,2020/05/23,女流-2020.5.22-Tsioque
15681795,2020/05/22,女流-2020.5.21-女流网课时间，敲黑板，认真听
15658758,2020/05/20,女流-2020.5.19-云城朋克
15617457,2020/05/19,女流-2020.5.17-久违的心灵砒霜-弹幕版
15595878,2020/05/18,女流-2020.5.17-久违的心灵砒霜
15574903,2020/05/17,女流-2020.5.16-Hydroneer
15555303,2020/05/16,女流-2020.5.15-Hydroneer
15496084,2020/05/13,女流-2020.5.11-冰与火之舞
15495211,2020/05/13,女流-2020.5.12-活着真好，美梦成真
15470460,2020/05/12,女流-2020.5.10-冰与火之舞
15450853,2020/05/11,女流-2020.5.9-冬日计划
15451024,2020/05/11,女流-2020.5.9-冒险公社
15435107,2020/05/10,女流-2020.5.8-十年
15404822,2020/05/08,女流-2020.5.7-周四休息，佩奇上
15399618,2020/05/08,女流-2020.5.7-周四休息，佩奇上
15347812,2020/05/06,女流-2020.5.4-恶果之地
15228923,2020/04/30,女流-2020.4.29-胡闹搬家
15184212,2020/04/28,女流-2020.4.27-宝石商人桌游局
14908138,2020/04/20,女流-2020.04.19-逆转裁判3，异议！
14883639,2020/04/19,女流-2020.04.18-逆转裁判3，异议！
14767644,2020/04/16,女流-2020.04.15-佩奇又来了！！！
14739585,2020/04/15,女流-2020.04.14-逆转裁判3，异议！
14686496,2020/04/13,女流-2020.04.12-逆转裁判3 异议
14625206,2020/04/11,女流-2020.04.10-逆转裁判2 异议
14556632,2020/04/09,女流-2020.4.8-逆转裁判
14530449,2020/04/08,女流-2020.04.07-半衰期 Alyx
14460973,2020/04/05,女流-2020.4.3-用心组装&巨著
14432591,2020/04/03,女流-2020.04.02-集合啦！动物森友会&察言观色
14407628,2020/04/02,女流--2020.4.1-踩高跷stilt fella
14407301,2020/04/02,女流--2020.4.1-踩高跷stilt fella
14355451,2020/03/31,女流-2020.3.29-踩高跷stilt fella
14354636,2020/03/31,女流-2020.3.29-踩高跷stilt fella
14279131,2020/03/28,女流-2020.03.27-只只大冒险
14278877,2020/03/28,女流-2020.03.26-集合啦！动物森友会
14278376,2020/03/28,女流-2020.03.26-集合啦！动物森友会
14250412,2020/03/27,女流-2020.03.25-集合啦！动物森友会
14250423,2020/03/27,女流-2020.03.25-集合啦！动物森友会
14247807,2020/03/26,女流-2020.03.24-集合啦！动物森友会
14212691,2020/03/26,女流-2020.03.24-集合啦！动物森友会
14207117,2020/03/26,女流-2020.03.24-集合啦！动物森友会
14141028,2020/03/25,女流-2020.03.23-集合啦！动物森友会
14112830,2020/03/24,女流-2020.3.22-集合啦！动物森友会
14087923,2020/03/23,女流-2020.3.21-仁王2
14087782,2020/03/23,女流-2020.3.21-仁王2
13969834,2020/03/20,女流-2020.3.18-仁王2
13969689,2020/03/20,女流-2020.3.18-仁王2
13922064,2020/03/18,女流-2020.3.16-仁王2
13921910,2020/03/18,女流-2020.3.16-仁王2
13873032,2020/03/16,女流-2020.3.14-仁王2
13873711,2020/03/16,女流-2020.3.14-仁王2
13850617,2020/03/15,女流-2020.3.13-奥日2&仁王2
13809459,2020/03/14,女流-2020.3.12-奥日2
13667371,2020/03/13,女流-2020.3.11-奥日2
13663922,2020/03/13,女流-2020.3.11-奥日2
13619965,2020/03/11,女流-2020.3.10-吟诵者
13619182,2020/03/11,女流-2020.3.10-吟诵者
13576435,2020/03/09,女流-2020.03.7-吟诵者
13533751,2020/03/07,女流-2020.03.6-吟诵者
13514908,2020/03/06,女流-2020.3.4-月影之塔
13513411,2020/03/06,女流-2020.3.4-月影之塔
13362785,2020/03/03,女流-2020.3.2-陶艺大师
13328079,2020/03/01,女流-2020.2.29-雀魂
13298989,2020/02/29,女流-2020.2.28-雀魂
13293030,2020/02/29,女流-2020.2.28-雀魂
13207490,2020/02/26,女流-2020.2.25-聊一百块钱的
13171321,2020/02/25,女流-2020.2.24-疫情防控知识问答
13135544,2020/02/24,女流-2020.2.23-符文工坊4模拟经营
13046953,2020/02/23,女流-2020.2.21-符文工坊4模拟经营
13046596,2020/02/23,女流-2020.2.21-符文工坊4模拟经营
13017787,2020/02/21,女流-2020.2.20-符文工坊4模拟经营
12997193,2020/02/20,女流-2020.2.19-符文工坊4模拟经营
12996456,2020/02/20,女流-2020.2.19-符文工坊4模拟经营
12938585,2020/02/16,P1-2020.2.15-游戏前聊10块钱的
12914023,2020/02/15,女流-2020.2.13-符文工坊4模拟经营
12905916,2020/02/15,女流-2020.2.13-符文工坊4模拟经营
12855194,2020/02/14,女流-2020.2.12-符文工坊4模拟经营
12855002,2020/02/14,女流-2020.2.12-符文工坊4模拟经营
12792434,2020/02/08,女流-2020.2.8-符文工坊4模拟经营
12749038,2020/02/08,女流-2020.2.7-符文工坊4模拟经营
12723574,2020/02/07,女流-2020.2.5-符文工坊4模拟经营
12711755,2020/02/06,女流-2020.2.4-符文工坊4模拟经营
12711385,2020/02/06,女流-2020.2.4-符文工坊4模拟经营
12711102,2020/02/05,女流-2020.2.4-符文工坊4模拟经营
12570465,2020/01/22,女流-2020.1.19-心灵砒霜弹幕版
12538378,2020/01/20,女流-2020.1.19-心灵砒霜
12451122,2020/01/17,女流-2020.1.16-时光之帽
12384734,2020/01/14,女流-2020.1.12-心灵砒霜弹幕版
12377037,2020/01/13,女流-2020.1.12-心灵砒霜
12260389,2020/01/07,女流-2020.1.5-心灵砒霜-弹幕版
12249405,2020/01/06,女流-2020.1.5-心灵砒霜
12235973,2020/01/04,女流-2020.1.3-莎木3
12228285,2020/01/02,P1-2020.1.1-游戏前聊10块钱的
12228063,2020/01/02,女流-2020.1.2-莎木3
12216546,2020/01/01,女流-2020.1.1-新年快乐
12201808,2019/12/30,女流-2019.12.29-心灵砒霜
12167053,2019/12/28,女流-2019.12.27-你的脑年龄是几岁
12132513,2019/12/23,女流-2019.12.23-心灵砒霜-弹幕版
12126748,2019/12/22,女流-2019.12.22-心灵砒霜
12117242,2019/12/21,女流-2019.12.21- Ashen
12115123,2019/12/21,女流-2019.12.20-Feel The Snow&Ashen
12045067,2019/12/19,女流-2019.12.18-Raft
12027566,2019/12/16,女流-2019.12.15-心灵砒霜弹幕版
12025646,2019/12/16,女流-2019.12.15-心灵砒霜
11936638,2019/12/13,女流-2019.12.13-Raft姐弟大海漂流记
11901879,2019/12/11,P1-2019.12.10-游戏前聊10块钱的
11901272,2019/12/10,女流-2019.12.9-佩奇的唱歌歌友会
11889199,2019/12/09,女流-2019.12.8-心灵砒霜
11823157,2019/12/03,2019.12.3-2019.12.3-系统认证的好听
11814290,2019/12/02,女流-2019.12.1-心灵砒霜-弹幕版
11807532,2019/12/02,女流-2019.12.1-心灵砒霜
11786188,2019/11/29,女流-2019.11.29-Farmers Dynasty
11780573,2019/11/29,女流-2019.11.26-Tangle Tower
11740245,2019/11/24,女流-2019.11.24-怪物猎人狩猎季
11707262,2019/11/20,女流-2019.11.20-We werehere together
11689940,2019/11/18,女流-2019.11.17-心灵砒霜-弹幕版
11679668,2019/11/17,女流-2019.11.17-心灵砒霜
11651121,2019/11/13,女流-2019.11.13-死亡搁浅
11629445,2019/11/11,女流-2019.11.10-心灵砒霜-弹幕版
11629299,2019/11/11,女流-2019.11.7-没有信号，主要靠听
11623266,2019/11/11,女流-2019.11.10-心灵砒霜
11618768,2019/11/10,女流-2019.11.9-死亡搁浅
11561209,2019/11/04,女流-2019.11.4-心灵砒霜弹幕版
11553091,2019/11/03,女流-2019.11.3-心灵砒霜
11498226,2019/10/28,女流-2019.10.27-心灵砒霜弹幕版
11492960,2019/10/27,女流-2019.10.27-心灵砒霜
10905302,2019/10/25,女流-2019.9.9-心灵砒霜-弹幕版
11458641,2019/10/23,女流-2019.10.23-牧场物语：重聚矿石镇
11442746,2019/10/22,女流-2019.10.21-牧场物语：重聚矿石镇
11429287,2019/10/21,女流-2019.10.20-牧场物语：重聚矿石镇
11405767,2019/10/18,女流-2019.10.18-健身环大冒险&牧场物语：重聚矿石镇
11396528,2019/10/18,女流-2019.10.17-牧场物语：重聚矿石镇
11387366,2019/10/16,女流-2019-10-16-《西游记之大圣归来》体验会
11374339,2019/10/14,女流-2019.10.13-心灵砒霜弹幕版
11369531,2019/10/13,女流-2019.10.13-心灵砒霜
11303068,2019/10/07,女流-2019.10.6-心灵砒霜
11258173,2019/09/29,女流-2019.09.28-Green Hell
11171141,2019/09/25,女流-2019.9.25-A Short Hike
11164528,2019/09/24,女流-2019.09.23-塞尔达传说 织梦岛
11072662,2019/09/20,游戏名称：塞尔达传说 织梦岛
10968579,2019/09/17,女流-2019.9.15-心灵砒霜
10954601,2019/09/15,女流-2019.9.14-怪物猎人：世界 冰原
10917297,2019/09/12,女流 -2019.9.10-怪物猎人：世界 冰原
10898529,2019/09/09,女流-2019.9.9-心灵砒霜
10875058,2019/09/06,女流-2019.9.5-大雄好久不见
10863183,2019/09/03,女流-2019.9.3-双人配合Heave Ho
10841151,2019/08/31,女流-2019.8.30-Heave Ho&死神对决
10814645,2019/08/26,女流-2019.8.25-心灵砒霜弹幕版
10809369,2019/08/26,女流-2019.8.25-心灵砒霜
10803804,2019/08/25,女流-2019.8.23-遗迹灰烬重生
10777155,2019/08/20,女流-2019.8.18-心灵砒霜弹幕版
10767353,2019/08/19,女流-2019.8.18-心灵砒霜
10746697,2019/08/16,女流-2018.1.15-疑案追声中元节特别版&牧场物语
10678520,2019/08/07,女流-2019.8.4-心灵砒霜-弹幕版
10678313,2019/08/07,女流-2019.8.7-Jump King
10659369,2019/08/05,女流-2019.8.2-女流带你走进2019ChinaJoy现场
10646808,2019/08/02,女流-2019.7.30-牧场物语，不种地是不可能的
10634077,2019/07/31,女流-2019.7.29-天下第一斗歌大会
10613129,2019/07/29,女流-2019.7.28-心灵砒霜-弹幕版
10607723,2019/07/29,女流-2019.7.28-心灵砒霜
10591122,2019/07/27,女流-2019.7.26-2020东京奥运，66号选手请准备
10518584,2019/07/23,女流-2019.7.22-心灵砒霜
10514048,2019/07/22,女流-2019.7.20-天下第一斗歌大会
10513103,2019/07/22,女流-2019.7.21-天下第一斗歌大会
10442583,2019/07/17,女流-2019.7.14-心灵砒霜-弹幕版
10430739,2019/07/14,女流-2019.7.14-心灵砒霜
10422318,2019/07/12,女流-2019.7.12-Northgard
10411735,2019/07/10,女流-2019.7.10-Sky Noon &人类一败涂地
10399675,2019/07/08,女流-2019.7.7-戏说封神第二十一期&心灵砒霜-弹幕版
10398603,2019/07/07,女流-2019.7.7-戏说封神第二十一期
10379501,2019/07/02,女流-2019.7.2-Bossgard
10371823,2019/06/30,女流-2019.6.30-心灵砒霜
10369079,2019/06/29,女流-2019.6.29-非常英雄
10366357,2019/06/28,女流-2019.6.28--HARDCORE MECHA
10358736,2019/06/26,女流-2019.6.26-My Friend Pedro
10355697,2019/06/25,女流-2019.6.25-圣书物语
10352181,2019/06/24,女流-2019.6.24-节奏海拉鲁
10352132,2019/06/24,女流-2019.6.23-心灵砒霜-弹幕版
10348682,2019/06/23,女流-2019.6.23-心灵砒霜
10346043,2019/06/22,女流-2019.6.22-Sky光·遇&节奏海拉鲁
10342995,2019/06/21,女流-2019.6.21-游戏前聊10块钱的
10336144,2019/06/19,女流-2019.6.19-Pummel Party
10332690,2019/06/18,女流-2019.6.18-疑案追声
10330630,2019/06/18,女流-2019.6.17-作业疯了
10329225,2019/06/17,女流-2019.6.16-心灵砒霜-弹幕版
10325904,2019/06/16,女流-2019.6.16-心灵砒霜
10318866,2019/06/14,女流-2019.6.13-E3游戏展现场
10305540,2019/06/10,女流-2019.6.10-Cooking Simulator&全面战争模拟器
10304939,2019/06/10,女流-2019.6.9-心灵砒霜-弹幕版
10302148,2019/06/09,女流-2019.6.9-心灵砒霜
10299692,2019/06/08,女流-2019.6.8-Cooking Simulator
10294033,2019/06/06,女流-2019.6.6-回家浪里个啷
10284018,2019/06/03,女流-2019.6.3-Sea of Thieves
10280933,2019/06/02,女流-2019.6.2-心灵砒霜
10280867,2019/06/02,女流-2019.6.1-猫和老鼠欢乐公测
10271456,2019/05/30,女流-2019.5.28-戏说封神第十八期
10271184,2019/05/30,女流-2019.5.30-全面战争模拟器
10267844,2019/05/29,女流-2019.5.29-Sea of Thieves
10264375,2019/05/28,女流-2019.5.28-Sea of Thieves
10261079,2019/05/27,女流-2019.5.27-Sea of Thieves
10260252,2019/05/27,女流-2019.5.26-心灵砒霜-弹幕版
10257517,2019/05/26,女流-2019.5.26-戏说封神第十七期
10252450,2019/05/25,女流-2019.5.24-王国之心
10245512,2019/05/22,女流-2019.522-瘟疫传说
10245320,2019/05/22,女流-2019.5.22-戏说封神第十六期
10241474,2019/05/21,女流-2019.5.20-瘟疫传说
10238960,2019/05/21,女流-2019.5.20-戏说封神第十五期
10238504,2019/05/20,女流-2019.5.19-心灵砒霜-弹幕版
10234602,2019/05/19,女流-2019.5.19-心灵砒霜
10228874,2019/05/17,女流-2019.5.17-瘟疫传说
10221373,2019/05/15,女流-2019.5.15-和老七玩玩丫嗦
10221262,2019/05/15,女流-2019.5.15-戏说封神第十三期
10218109,2019/05/14,女流-2019.5.14-Winkeltje&你点我唱
10214340,2019/05/13,女流-2019.5.12-心灵砒霜-弹幕版
10210577,2019/05/12,女流-2019.5.12-心灵砒霜
10210502,2019/05/12,女流-2019.5.12-戏说封神番外-土行孙和邓婵玉不得不说的故事
10207307,2019/05/11,女流-2019.5.11-北京核聚变现场
10204199,2019/05/10,女流-2019.5.10-迷雾侦探&大富翁
10204101,2019/05/10,女流-2019.5.10-戏说封神第十二期_1
10197236,2019/05/08,女流-2019.5.8-戏说封神第十一期
10190735,2019/05/06,女流-2019.5.6-戏说封神第十期
10188313,2019/05/06,女流-2019.5.5-心灵砒霜-弹幕版
10187860,2019/05/05,女流-2019.5.5-心灵砒霜
10184747,2019/05/04,女流-2019.5.4-戏说封神第九期
10184723,2019/05/04,女流-2019-5.4-迷雾侦探
10184551,2019/05/04,女流-2019-5.1-迷雾侦探
10184490,2019/05/04,女流-2019-5.3-迷雾侦探
10184445,2019/05/04,女流-2019.5.1-戏说封神第七期
10184427,2019/05/04,女流-2019.5.3-戏说封神第八期
10174460,2019/04/30,女流-2019.4.30-戏说封神第六期
10171020,2019/04/29,女流-2019.4.28-心灵砒霜-弹幕版
10170970,2019/04/29,女流-2019.4.29-戏说封神第五期
10170959,2019/04/29,女流-2019-4-29-Biped
10164751,2019/04/28,女流-2019.4.27-戏说封神
10164722,2019/04/27,女流-2019.4.27-聊天封神看电影
10161687,2019/04/26,女流-2019.4.26-戏说封神第3期
10161622,2019/04/26,女流-2019.04.26-Hardware Engineers
10157993,2019/04/25,女流-2019.4.23-戏说封神第2期
10157954,2019/04/25,女流-2019.4.21-戏说封神第1期
10151288,2019/04/24,女流-2019.4.23-武士零
10150917,2019/04/23,女流-2019.4.23-心灵砒霜-弹幕版
10149668,2019/04/23,女流-2019.4.22-浮岛物语
10143087,2019/04/21,女流-2019.4.21-心灵砒霜
10137206,2019/04/19,女流-2019.4.19-浮岛物语
10117506,2019/04/15,女流-2019.4.14-心灵砒霜
10113845,2019/04/13,女流-2019.4.13-Supraland
10110418,2019/04/13,女流-2019.4.12-Supraland
10093198,2019/04/08,女流-2019.4.7-心灵砒霜-弹幕版
10089007,2019/04/07,女流-2019.4.7-心灵砒霜
10086101,2019/04/06,女流-2019.4.6-疑案追声&雨中暴毙2
10082659,2019/04/05,女流-2019.4.5-雨中暴毙2
10075064,2019/04/03,女流-2019.4.3-游请制作人
10071047,2019/04/02,女流-2019.04.02-新浪游戏年度盛典
10060526,2019/03/30,女流-2019.3.30-猫里奥
10057218,2019/03/30,女流-2019.3.29-只狼&疑案追声
10043642,2019/03/26,女流-2019.3.26-《只狼》媒体体验会
10040545,2019/03/25,女流-2019.3.25-只狼
10039992,2019/03/25,女流-2019.3.24-只狼
10036493,2019/03/24,女流-2019.3.22-只狼
10036198,2019/03/24,女流-2019.3.23-只狼
10018970,2019/03/19,女流-2019.3.19-猫里奥
10014556,2019/03/18,女流-2019.3.18-特技摩托：崛起
10013069,2019/03/18,女流-2019.3.18-心灵砒霜-弹幕版
10010771,2019/03/17,女流-2018.1.15-心灵砒霜
10008549,2019/03/16,女流-2019.3.16-只狼&特技摩托：崛起
10006046,2019/03/15,女流-2019.3.15-Baba Is You
10002952,2019/03/14,女流-2019.3.14-特技摩托：崛起
5020913,2019/03/13,女流-2019.3.13-Devi May Cry 5 《鬼泣5》
5012009,2019/03/11,女流-2019.3.10-心灵砒霜-弹幕版
5011369,2019/03/10,女流-2019.3.10-Devi May Cry 5 《鬼泣5》
5011352,2019/03/10,女流-2019.3.10-心灵砒霜
5008935,2019/03/10,女流-2019.3.9-Devi May Cry 5 《鬼泣5》
5002265,2019/03/07,女流-2019.3.7-鬼泣5发布会后台（画质感人敬请谅解）
4998782,2019/03/06,女流-2019.3.6-探班 From Software  隻狼
4992698,2019/03/04,女流-2019.3.4-嗜血印&特技摩托：崛起
4991712,2019/03/04,女流-2019.3.3-心灵砒霜-弹幕版
4989814,2019/03/03,女流-2019.3.3-心灵砒霜&特技摩托：崛起
4987876,2019/03/02,女流-2019.3.2-Mages of Mystralia （秘奥法师）&特技摩托：崛起
4985423,2019/03/01,女流-2019.3.1-特技摩托：崛起&秘奥法师
4979288,2019/02/27,女流-2019.2.27- Mages of Mystralia （秘奥法师）
4973310,2019/02/25,女流-2019.2.25-6酱又来唱歌啦
4970765,2019/02/25,女流-2019.2.24-心灵砒霜-弹幕版
4970086,2019/02/24,女流-2019.2.24-心灵砒霜
4968033,2019/02/24,女流-2019.2.23-勇者斗恶龙创世小玩家2
4961883,2019/02/21,女流-2019.2.21-勇者斗恶龙创世小玩家2
4951652,2019/02/18,女流-2019.2.18-勇者斗恶龙创世小玩家2
4949318,2019/02/18,女流-2019.2.17-心灵砒霜-弹幕版
4946823,2019/02/16,女流-2019.2.16-勇者斗恶龙创世小玩家2
4944335,2019/02/15,女流-2019.2.15-勇者斗恶龙创世小玩家2
4941391,2019/02/14,女流-2019.2.14-勇者斗恶龙创世小玩家2
4920485,2019/02/04,女流-2019.2.4-回内蒙过年啦，大家新年快乐
4918410,2019/02/03,女流-2019.2.3-勇者斗恶龙创世小玩家2
4916200,2019/02/02,女流-2019.2.2-勇者斗恶龙创世小玩家2
4913929,2019/02/01,女流-2019.2.1-勇者斗恶龙创世小玩家2
4911437,2019/01/31,女流-2019.1.31-勇者斗恶龙创世小玩家2
4909237,2019/01/30,女流-2018.1.30-勇者斗恶龙创世小玩家2
4901810,2019/01/27,女流-2019.1.27-心灵砒霜
4899266,2019/01/26,女流-2019.1.26-勇者斗恶龙创世小玩家2
4897438,2019/01/26,女流-2019.1.25-勇者斗恶龙创世小玩家2
4894180,2019/01/24,女流-2019.1.24-勇者斗恶龙创世小玩家2
4891228,2019/01/24,女流-2019.1.23-Dig or Die
4887470,2019/01/22,女流-2019.1.21-四年了，感谢有你-弹幕版
4885083,2019/01/22,女流-2019.1.21-四周年各部视频合集
4884596,2019/01/21,女流-2019.1.21-四年了，感谢有你
4882221,2019/01/21,女流-2019.1.20-心灵砒霜-弹幕版
4881886,2019/01/20,女流-2019.1.20-乐园&心灵砒霜
4876456,2019/01/18,女流-2019.1.18-Rakuen(乐园)
4869936,2019/01/16,女流-2019.1.16-波西亚时光
4867181,2019/01/15,女流-2019.1.15-Yoku s Island Express（尤库的小岛速递）
4864624,2019/01/15,女流-2019.1.14-了不起的修仙模拟器
4861698,2019/01/14,女流-2019.1.13-心灵砒霜-弹幕版
4861283,2019/01/13,女流-2019.1.13-心灵砒霜
4859355,2019/01/13,女流-2019.1.12-了不起的修仙模拟器
4856613,2019/01/11,女流-2019.1.11-了不起的修仙模拟器
4850598,2019/01/09,女流-2019.1.9-奇妙探险队
4847291,2019/01/08,女流-2019.1.8-奇妙探险队
4844762,2019/01/07,女流-2019.1.7-Human Fall Falt & Equilinox
4842351,2019/01/07,女流-2019.1.6-心灵砒霜-弹幕版
4841608,2019/01/06,女流-2019.1.6-心灵砒霜
4837321,2019/01/04,女流-2019.1.4-Equilinox（自然生态）
4834376,2019/01/03,女流-2019.1.3-The Room Three (未上锁的房间3)
4831809,2019/01/02,女流-2019.1.2-The Room Three (未上锁的房间3)
4829319,2019/01/01,女流-2019.1.1-Life Goes On（生生不息）
4828112,2019/01/01,女流-2018.12.31-156277明天会更好
4820550,2018/12/28,女流-2018.12.28-Parkitect(游乐园建造师)
4815317,2018/12/26,女流-2018.12.26-Pummel Party（揍击派对）
4812563,2018/12/25,女流-2018.12.25-Kingdom Rush Origins（王国保卫战起源）
4810142,2018/12/24,女流-2018.12.24-Return of the Obra Dinn(奥布拉丁恩的回归)
4807883,2018/12/24,女流-2018.12.23-心灵砒霜-弹幕版
4806986,2018/12/23,女流-2018.12.23-心灵砒霜
4805171,2018/12/22,女流-2018.12.22-Return of the Obra Dinn(奥布拉丁恩的回归)
4803056,2018/12/21,女流-2018.12.21-Treasure Hunter Simulator（宝藏猎人模拟器）
4797700,2018/12/19,女流-2018.12.19-GRIS
4795387,2018/12/19,女流-2018.12.18-幽林怪谈
4792138,2018/12/17,女流-2018.12.17-模拟农场19
4790314,2018/12/17,女流-2018.12.16-心灵砒霜-弹幕版
4789620,2018/12/16,女流-2018.12.16-心灵砒霜
4787968,2018/12/15,女流-2018.12.15-Farm Simulator 19
4786386,2018/12/15,女流-2018.12.14-Farm Simulator 19
4786031,2018/12/14,女流-2018.12.14-斗地主之神表演赛
4778405,2018/12/11,女流-2018.12.11-任天堂明星大乱斗特别版
4776091,2018/12/10,女流-2018.12.10-彩虹坠入(Iris.Fall)
4773762,2018/12/10,女流-2018.12.9-心灵砒霜
4772541,2018/12/09,女流-2018.12.8-古剑奇谭
4772330,2018/12/09,女流-2018.12.8-任天堂明星大乱斗特别版
4770094,2018/12/07,女流-2018.12.7-古剑奇谭
4767323,2018/12/06,女流-2018.12.6-古剑奇谭
4762377,2018/12/04,女流-2018.12.4-古剑奇谭
4759690,2018/12/03,女流-2018.12.3-古剑奇谭
4759318,2018/12/03,女流-2018.12.2-心灵砒霜-弹幕版
4757048,2018/12/02,女流-2018.12.2-心灵砒霜
4756910,2018/12/02,女流-2018.12.2-请叫我女流55
4755826,2018/12/01,女流-2018.12.1-欢乐斗地主&古剑奇谭
4753948,2018/12/01,女流-2018.11.29-古剑奇谭
4753179,2018/11/30,女流-2018.11.28-古剑奇谭
4751526,2018/11/30,女流-2018.11.29-不可思议之梦蝶
4746405,2018/11/28,女流-2018.11.27-户外聊一小会儿
4743699,2018/11/26,女流-2018.11.26-古剑奇谭
4741571,2018/11/26,女流-2018.11.25-心灵砒霜-弹幕版
4741507,2018/11/25,女流-2018.11.25-心灵砒霜
4737904,2018/11/23,女流-2018.11.23-中国青年好网民（P3有66呦）
4732922,2018/11/21,女流-2018.11.21-Do Not Feed the Monkeys
4730727,2018/11/20,女流-2018.11.20-Do Not Feed the Monkeys
4726594,2018/11/19,女流-2018.11.18-心灵砒霜-弹幕版
4726115,2018/11/18,女流-2018.11.18-心灵砒霜
4724575,2018/11/17,女流-2018.11.17-Earthworms（蚯蚓）
4722896,2018/11/16,女流-2018.11.16-超级马里奥派对&荒野大镖客：救赎2
4717409,2018/11/14,女流-2018.11.14-荒野大镖客：救赎2
4716083,2018/11/14,女流-2018.11.14-欢迎BBC来到女流直播间
4715092,2018/11/13,女流-2018.11.13-荒野大镖客：救赎2
4712729,2018/11/12,女流-2018.11.12-荒野大镖客：救赎2
4708260,2018/11/10,女流-2018.11.10-荒野大镖客：救赎2
4706494,2018/11/09,女流-2018.11.9-荒野大镖客：救赎2
4704054,2018/11/08,女流-2018.11.8-荒野大镖客2：救赎
4699126,2018/11/06,女流-2018.11.6-荒野大镖客：救赎2
4696762,2018/11/05,女流-2018.11.5-荒野大镖客：救赎2
4695275,2018/11/05,女流-2018.11.4-心灵砒霜-弹幕版
4694449,2018/11/04,女流-2018.11.4-心灵砒霜
4691398,2018/11/03,女流-2018.11.2-明日之后+荒野大镖客：救赎2
4685350,2018/10/31,女流-2018.10.31-荒野大镖客：救赎2
4683270,2018/10/30,女流-2018.10.30-荒野大镖客：救赎2
4680667,2018/10/29,女流-2018.10.29-荒野大镖客：救赎2
4678152,2018/10/28,女流-2018.10.28-荒野大镖客：救赎2
4676355,2018/10/27,女流-2018.10.27-荒野大镖客2
4674387,2018/10/26,女流-2018.10.26-荒野大镖客：救赎2
4668945,2018/10/24,女流-2018.10.24-冰火王权Regins
4666674,2018/10/23,女流-2018.10.23-Breathedge（呼吸边缘）
4659464,2018/10/20,女流-2018.10.20-Sheltered（庇护所）
4657003,2018/10/19,女流-2018.10.19-Sheltered（庇护所）
4648180,2018/10/16,女流-2018.10.16-超级马里奥派对
4644188,2018/10/15,女流-2018.10.14-心灵砒霜-弹幕版
4642339,2018/10/14,女流-2018.10.14-心灵砒霜
4637755,2018/10/12,女流-2018.10.12-超级马里奥派对
4634790,2018/10/11,女流-2018.10.11-阳光路，关爱自闭症儿童
4632146,2018/10/10,女流-2018.10.10-超级马里奥派对
4627904,2018/10/08,女流-2018.10.8-拣爱&Old School Musical
4626249,2018/10/08,女流-2018.10.7-心灵砒霜弹幕版
4625918,2018/10/07,女流-2018.10.7-心灵砒霜
4624907,2018/10/07,女流-2018.10.6-Hue
4623186,2018/10/05,女流-2018.10.5-Jalopy（老爷车）
4621569,2018/10/04,女流-2018.10.3-女流66生日快乐-弹幕版
4620323,2018/10/03,女流-2018.10.3-女流66生日特辑（来自各个分部）
4620313,2018/10/03,女流-2018.10.3-女流66生日快乐
4619001,2018/10/02,女流-2018.10.2-Jalopy（老爷车）
4617033,2018/10/01,女流-2018.9.30-心灵砒霜&戏说聊斋第十九期-弹幕版
4616400,2018/09/30,女流-2018.9.30-心灵砒霜&戏说聊斋第十九期
4614712,2018/09/29,女流-2018.9.29-中国式家长
4612888,2018/09/29,女流-2018.9.18-武汉校招宣讲会之学霸驾到
4612623,2018/09/28,女流-2018.9.28-中国式家长
4610364,2018/09/27,女流-2018.9.27-恐龙公园Parkasaurus
4608456,2018/09/26,女流-2018.9.26-终极钓鱼模拟器(Ultimate Fishing Simulator)
4603370,2018/09/24,女流-2018.9.23-心灵砒霜-弹幕版
4602626,2018/09/23,女流-2018.9.23-心灵砒霜
4601198,2018/09/22,女流-2018.9.22-终极钓鱼模拟器(Ultimate Fishing Simulator)
4599258,2018/09/21,女流-2018.9.21-Rusty Lake Paradox（《锈湖》新作《悖论》）
4590602,2018/09/17,女流-2018.9.17-Witch It &39天到火星
4588929,2018/09/17,女流-2018.9.16-心灵砒霜-弹幕版
4588323,2018/09/16,女流-2018.9.16-心灵砒霜
4586843,2018/09/15,女流-2018.9.15-Strange Brigade
4585388,2018/09/15,女流-2018.9.14-Strange Brigade
4583069,2018/09/13,女流-2018.9.13-Strange Brigade
4580885,2018/09/12,女流-2018.9.12-极限巅峰(Steep)
4578858,2018/09/11,女流-2018.9.11-过山车之星
4574749,2018/09/10,女流-2018.9.9-戏说聊斋第十八期&心灵砒霜-弹幕版
4572853,2018/09/08,女流-2018.9.8-Donut County
4569103,2018/09/06,女流-2018.9.6-Data 2
4567379,2018/09/06,女流-2018.9.5-Two Point Hospital
4548052,2018/08/27,女流-2018.8.27-5亿台纪念限定PS4pro开箱
4546325,2018/08/27,女流-2018.8.26-心灵砒霜-弹幕版
4545940,2018/08/26,女流-2018.8.26-心灵砒霜
4544463,2018/08/25,女流-2018.8.25-大周MC第四目：最终回
4542816,2018/08/24,女流-2018.8.24-大周MC第四目：第九天之继续拯救我的世界
4542811,2018/08/24,女流-2018.8.24-流星蝴蝶剑
4538344,2018/08/22,女流-2018.8.22-过山车之星
4536156,2018/08/21,女流-2018.8.21-大周MC第四目：第八天之拯救K神前的准备&星界边境(Starbound)
4533725,2018/08/20,女流-2018.8.20-星界边境(Starbound)
4531874,2018/08/20,女流-2018.8.19-心灵砒霜&戏说聊斋第十七期-弹幕版
4531638,2018/08/19,女流-2018.8.19-心灵砒霜&戏说聊斋第十七期
4530216,2018/08/18,女流-2018.8.18-大周MC第四目：第七天之大周MC歌会
4528865,2018/08/18,女流-2018.1.17-大周MC第四目：第六天之七夕建筑大赛&无人深空
4524101,2018/08/15,女流-2018.8.15-幸福列车关注留守儿童
4524053,2018/08/15,女流-2018.8.15- 大周MC第四目：第五天之MC水上乐园
4521994,2018/08/14,2018.8.14- 大周MC第四目：第四天之建设城市
4520222,2018/08/14,女流-2018.8.12-心灵砒霜&戏说聊斋第十六期-弹幕版
4518059,2018/08/12,女流-2018.8.12-心灵砒霜&戏说聊斋第十六期
4511477,2018/08/09,女流-2018.8.9-Overcooked 2&One Hand Clapping
4509318,2018/08/08,女流-2018.8.8-Overcooked 2
4505280,2018/08/06,女流-2018.8.6-无人深空
4498195,2018/08/02,女流-2018.8.2-playstation发布会
4494319,2018/07/31,女流-2018.7.31-炸弹鸡&逆水寒
4492025,2018/07/30,女流-2018.7.30-波西亚时光
4490868,2018/07/30,女流-2018.7.29-心灵砒霜&说聊斋第十五期 - 弹幕版
4490244,2018/07/29,女流-2018.7.29-心灵砒霜&说聊斋第十五期
4488998,2018/07/28,女流-2018.7.28-炸弹鸡(Bomb Chicken)
4487651,2018/07/27,女流-2018.7.27-太鼓达人
4485376,2018/07/26,女流-2018.7.26-八方旅人（Octopath Traveler）
4483445,2018/07/25,女流-2018.7.25-八方旅人（Octopath Traveler）
4481661,2018/07/25,女流-2018.7.24-八方旅人（Octopath Traveler）
4479395,2018/07/23,女流-2018.7.23-八方旅人（Octopath Traveler）
4478022,2018/07/23,女流-2018.7.22-心灵砒霜&戏说聊斋第十四期-弹幕版
4477345,2018/07/22,女流-2018.7.22-心灵砒霜&戏说聊斋第十四期
4476097,2018/07/21,女流-2018.7.21-八方旅人& 绝地求生
4474728,2018/07/20,女流-2018.7.20-八方旅人（Octopath Traveler）
4472749,2018/07/19,女流-2018.7.19-八方旅人（Octopath Traveler）
4470628,2018/07/18,女流-2018.7.18-八方旅人（Octopath Traveler）
4468653,2018/07/17,女流-2018.7.17-八方旅人（Octopath Traveler）
4464939,2018/07/16,女流-2018.7.15-戏说聊斋第十三期&心灵砒霜-弹幕版
4464688,2018/07/15,女流-2018.7.15-戏说聊斋第十三期&心灵砒霜
4463451,2018/07/14,女流-2018.7.14-来访者
4461994,2018/07/13,女流-2018.7.13-我被男神捅死了
4458161,2018/07/11,女流-2018.7.11-我被男神捅死了
4456409,2018/07/11,女流-2018.7.10-极限巅峰 （Steep）
4452632,2018/07/08,女流-2018.7.8-心灵砒霜&戏说聊斋第十二期-弹幕版
4452475,2018/07/08,女流-2018.7.8-心灵砒霜 & 戏说聊斋第十二期
4451378,2018/07/07,女流-2018.7.7-蒸汽世界&极限巅峰&逆水寒
4449957,2018/07/06,女流-2018.7.6-蒸汽世界 Steam World Dig
4441949,2018/07/02,女流-2018.7.2-VR乒乓了解一下
4440588,2018/07/02,女流-2018.7.1-心灵砒霜-弹幕版
4440576,2018/07/02,女流-2018.7.1-戏说聊斋第十一期-弹幕版
4440329,2018/07/01,女流-2018.7.1-心灵砒霜
4440315,2018/07/01,女流-2018.7.1-戏说聊斋第十一期
4439116,2018/06/30,女流-2018.6.30-Farm Together & 逆水寒
4437404,2018/06/29,女流-2018.6.29-Farm Together
4433532,2018/06/28,女流-2018.6.27-Farm Together
4431089,2018/06/26,女流-2018.6.26-大周农场第二天（Farm Together）
4429168,2018/06/25,女流-2018.6.25-Farm Together
4427739,2018/06/25,女流-2018.6.24-心灵砒霜-弹幕版
4427671,2018/06/25,女流-2018.6.24-戏说聊斋第十期-弹幕版
4426825,2018/06/24,女流-2018.6.24-心灵砒霜
4426816,2018/06/24,女流-2018.6.24-戏说聊斋第十期
4425426,2018/06/23,女流-2018.6.23-VR健身Best健身
4423742,2018/06/22,女流-2018.6.22-Comedy Night & Hand Simulator
4421625,2018/06/21,女流-2018.6.21-我的童年
4419621,2018/06/20,女流-2018.6.20-Chi66了解一下
4414660,2018/06/18,女流-2018.6.17-心灵砒霜-弹幕版
4414648,2018/06/18,女流-2018.6.17-戏说聊斋第九期-弹幕版
4414045,2018/06/17,女流-2018.6.17-心灵砒霜
4414044,2018/06/17,女流-2018.6.17-戏说聊斋第九期
4412722,2018/06/16,女流-2018.6.16-Golf with your friends
4406087,2018/06/13,女流-2018.6.13-E3展会第一天
4404472,2018/06/12,女流-2018.6.12-E3索尼发布会现场
4404006,2018/06/12,女流-2018.6.12-E3育碧发布会现场
4403239,2018/06/11,女流-2018.6.11-E3之行，倒倒时差聊聊天
4400022,2018/06/09,女流-2018.1.15-Just Shapes & Beats
4398551,2018/06/08,女流-2018.6.8-间谍派对（Spy Party）
4396310,2018/06/07,女流-2018.6.7-战斗厨师旅团(Battle Chef Brigade)
4394310,2018/06/06,女流-2018.6.6-大周庆典-弹幕版
4394026,2018/06/06,女流-2018.6.6-大周庆典
4392023,2018/06/05,女流-2018.6.5-孤帆远航 ( FAR： Lone Sails )
4388515,2018/06/04,女流-2018.6.3-心灵砒霜-弹幕版
4388411,2018/06/03,女流-2018.6.3-戏说聊斋第八期-弹幕版
4388248,2018/06/03,女流-2018.6.3-心灵砒霜
4388213,2018/06/03,女流-2018.6.3-戏说聊斋第八期
4386027,2018/06/01,女流-2018.6.1-木筏生存（Raft）
4384209,2018/05/31,女流-2018.5.31-木筏生存（Raft）
4382292,2018/05/30,女流-2018.5.30-女巫来了（Witch It）
4380521,2018/05/29,女流-2018.5.29-黑暗之魂1重置版
4378669,2018/05/28,女流-2018.5.28-黑暗之魂1重置版
4377300,2018/05/28,女流-2018.5.27-心灵砒霜-弹幕版
4377237,2018/05/28,女流-2018.5.27-戏说聊斋第七期-弹幕版
4376834,2018/05/27,女流-2018.5.27-心灵砒霜
4376830,2018/05/27,女流-2018.5.27-戏说聊斋第七期
4374120,2018/05/25,女流-2018.5.25-黑暗之魂1重置版
4372502,2018/05/24,女流-2018.5.24-黑暗之魂1重置版
4368621,2018/05/22,女流-2018.5.22-房产达人 ( House Flipper )
4366902,2018/05/21,女流-2018.5.21-传奇巫师（Wizard of  Legend）
4364978,2018/05/20,女流-2018.5.20-胃肠炎不舒服，就和大家聊会天吧
4362514,2018/05/18,女流-2018.5.18-传奇巫师（Wizard of  Legend）
4358956,2018/05/16,女流-2018.5.16-We were here too
4355310,2018/05/14,女流-2018.5.14-戏说聊斋第六期&K歌
4354154,2018/05/14,女流-2018.5.13-心灵砒霜-弹幕版
4353706,2018/05/13,女流-2018.5.13-心灵砒霜
4352519,2018/05/12,女流-2018.5.12-VR 健身，Best 健身
4351221,2018/05/11,女流-2018.5.11-Unity 开发者大会现场
4349631,2018/05/10,女流-2018.5.10-试试VR的感觉
4347722,2018/05/09,女流-2018.5.9-Ylands
4346066,2018/05/08,女流-2018.5.8-杀戮尖塔
4343089,2018/05/07,女流-2018.5.6-心灵砒霜-弹幕版
4342616,2018/05/06,女流-2018.5.6-心灵砒霜
4341540,2018/05/05,女流-2018.5.5-核聚变
4340289,2018/05/04,女流-2018.5.4-任天堂Labo继续了解一下
4338655,2018/05/03,女流-2018.5.3-任天堂labo了解一下
4335284,2018/05/01,女流-2018.5.1-与长安福特翼搏同游嘉年华
4334406,2018/05/01,女流-2018.4.30-大周聚餐暨女流水友交流会
4330195,2018/04/27,女流-2018.4.27-战神 God of War
4328697,2018/04/27,女流-2018.4.26-堡垒之夜主播擂台赛-决赛
4326869,2018/04/26,女流-2018.4.25-堡垒之夜主播擂台赛-Chi66战队
4326732,2018/04/25,女流-2018.4.25-Play Station 媒体体验会
4325869,2018/04/25,女流-2018.4.12-欢迎丁丁张老师做客156277
4323634,2018/04/23,女流-2018.4.23-堡垒之夜第三赛季-Chi66队
4323624,2018/04/23,女流-2018.4.23-战神（God of  War）
4323551,2018/04/23,女流-2018.4.23-戏说聊斋第五期
4322255,2018/04/23,女流-2018.4.22-心灵砒霜-弹幕版
4321977,2018/04/22,女流-2018.4.22-心灵砒霜
4321955,2018/04/22,女流-2018.4.22-冒险岛
4321083,2018/04/21,女流-2018.4.21-战神 （God of  War ）
4319752,2018/04/20,女流-2018.4.20-战神 （God of  War ）
4314886,2018/04/17,女流-2018.4.17-堡垒之夜（Fortnite）
4314841,2018/04/17,女流-2018.1.15-戏说聊斋第四期
4313461,2018/04/16,女流-2018.4.16-冒险岛
4311945,2018/04/16,女流-2018.4.15-心灵砒霜-弹幕版
4311943,2018/04/16,女流-2018.4.15-戏说聊斋-弹幕版
4311554,2018/04/15,女流-2018.4.15-心灵砒霜
4311550,2018/04/15,女流-2018.4.15-女流戏说聊斋第三期
4309315,2018/04/13,女流-2018.4.13-回忆之旅 &  众生
4305998,2018/04/11,女流-2018.4.11-节奏天国
4300876,2018/04/08,女流-2018.4.8-到底怎么了
4299386,2018/04/07,女流-2018.4.7-户外之跑跑卡丁车
4298460,2018/04/07,女流-2018.4.6-豆6组合了解一下
4298163,2018/04/06,女流-2018.4.6- 豆豆来啦
4295971,2018/04/04,女流-2018.4.4-专属鼠标垫 & 童年动漫歌曲了解一下
4294449,2018/04/03,女流-2018.4.3-噗哟噗哟vs俄罗斯方块S & 洞窟物语
4292873,2018/04/02,女流-2018.4.2-噗哟噗哟vs俄罗斯方块S
4291800,2018/04/02,女流-2018.4.1-戏说聊斋 & 心灵砒霜 -弹幕版
4291454,2018/04/01,女流-2018.4.1-戏说聊斋 & 心灵砒霜
4290285,2018/03/31,女流-2018.3.31-黑脸先生 & 妈妈把我的游戏藏起来了
4289259,2018/03/30,女流-2018.3.30-星之卡比 新星同盟
4285875,2018/03/28,女流-2018.3.28-UNO益智桌游
4284201,2018/03/27,女流-2018.3.27-拆弹姐弟继续
4282625,2018/03/26,女流-18.3.26-没人会被炸掉 Keep Talking and Nobody Explodes
4281402,2018/03/26,女流-2018.3.26-女流戏说聊斋-弹幕版-重转码
4281019,2018/03/25,女流-2018.3.25-戏说聊斋 & 超级兔子人
4280005,2018/03/24,女流-18.3.24-没人会被炸掉 Keep Talking and Nobody Explodes
4277158,2018/03/22,女流-2018.3.22-海盗之海 & 绝地求生
4275592,2018/03/21,女流-2018.3.21-海盗之海 Sea of Theives
4271558,2018/03/19,女流-2018.3.14-SKY光遇-女流精华版
4271395,2018/03/19,女流-2018.3.18-心灵砒霜-弹幕版
4270603,2018/03/18,女流-2018.3.18-心灵砒霜
4269624,2018/03/17,女流-2018.3.17-蔚蓝 Celeste
4268478,2018/03/16,女流-2018.3.16-蔚蓝 Celeste
4265243,2018/03/14,女流-2018.3.14-蔚蓝Celeste
4265234,2018/03/14,女流-2018.3.14-陈星汉《Sky光·遇》
4260758,2018/03/12,女流-2018.3.11-心灵砒霜-弹幕版
4260496,2018/03/11,女流-2018.3.11-心灵砒霜
4258348,2018/03/09,女流-2018.3.9-弹丸论破：希望的学园和绝望高中生-大结局
4256834,2018/03/08,女流-2018.3.8-弹丸论破：希望的学园和绝望高中生
4255227,2018/03/07,女流-2018.3.7-弹丸论破：希望的学园和绝望高中生
4252211,2018/03/05,女流-2018.3.5-弹丸论破：希望的学园和绝望高中生
4250978,2018/03/05,女流-2018.3.4-心灵砒霜-弹幕版
4250668,2018/03/04,女流-2018.3.4-心灵砒霜
4249674,2018/03/03,女流-2018.3.3-弹丸论破：希望的学园和绝望高中生
4249664,2018/03/03,女流-2018.3.3-程序员升职记
4248433,2018/03/02,【女流戏说红楼】第十一章：尤家姐妹的悲惨命运
4245242,2018/02/28,女流-2018.2.28-咱们女队（66、维乐、炮炮、壮壮）今天吃鸡
4243754,2018/02/27,女流-2018.2.27-亲爱的小鲜肉
4242185,2018/02/26,女流-2018.2.26-亲爱的小鲜肉
4241145,2018/02/26,女流-2018.2.25-狗年第一碗砒霜，干了-弹幕版
4240652,2018/02/25,女流-2018.2.25-狗年第一碗砒霜，干了
4239579,2018/02/24,女流-2018.2.24-亲爱的小鲜肉
4238071,2018/02/23,女流-2018.2.23-欢迎来到乐高拼图世界
4236604,2018/02/22,女流-2018.2.22-石圆圆带你骑马、溜冰
4233671,2018/02/19,女流-2018.2.19-亲爱的小鲜肉
4232934,2018/02/18,女流-2018.2.18-吃一个新年第一鸡&欢迎来到乐高拼图世界
4231402,2018/02/16,女流-2018.2.15-放飞风筝，对你没看错是“放飞”
4230662,2018/02/15,女流-2018.2.15-6酱携家眷给大家来拜年啦
4226692,2018/02/12,女流-2018.2.12-心灵砒霜 弹幕版
4226290,2018/02/12,女流-2018.2.12-心灵砒霜
4224979,2018/02/01,女流-2018.2.1-怪物猎人：世界
4222978,2018/01/31,女流-2018.1.31-怪物猎人：世界
4220976,2018/01/30,女流-2018.1.30-怪物猎人：世界
4218475,2018/01/29,女流-2018.1.29-真·三国无双8体验会
4217185,2018/01/29,女流-2018.1.28-心灵砒霜-弹幕版
4216938,2018/01/28,女流-2018.1.28-心灵砒霜
4215902,2018/01/27,女流-2018.1.24-相声专场《看病》- 弹幕版
4214322,2018/01/26,女流-2018.1.26-怪物猎人：世界
4212224,2018/01/25,女流-2018.1.25-带赵鑫小姐姐参加2017直播行业精英会
4210340,2018/01/24,女流-2018.1.24-Stick Fight ：The Game  坚持战斗：游戏
4209093,2018/01/24,女流-2018.1.24-6酱音乐专辑第三波
4206352,2018/01/22,女流-2018.1.22-乞丐模拟器 Hobo Tough Life
4205249,2018/01/22,女流-2018.1.21-三周年盛典-弹幕版
4204314,2018/01/21,女流-2018.1.21-追光者（明筱岩）
4204306,2018/01/21,女流-2018.1.21-三周年祝福（木由叶&播音彬）
4204303,2018/01/21,女流-2018.10.21-三周年游戏混剪（007）
4204301,2018/01/21,女流-2018.1.21-搞事部集体出品
4204299,2018/01/21,女流-2018.1.21-三周年GIF（黄图哥）
4204297,2018/01/21,女流-2018.1.21-女流直播三周年（010）
4204294,2018/01/21,女流-2018.1.21-大周女皇最牛逼（月野兔Usagi）
4204292,2018/01/21,女流-2018.1.21-Just The Way 6 Are（Themysc1ra）
4204275,2018/01/21,女流-2018.1.21-大周三周年盛典
4203116,2018/01/20,女流-2018.1.20-乞丐模拟器 Hobo Tough Life
4201748,2018/01/19,女流-2018.1.19- 调酒师的生活 VA-11 HALL-A
4197468,2018/01/17,女流-2018.1.17- 调酒师的生活 VA-11 HALL-A
4195599,2018/01/16,女流-2018.1.16-66、炮炮、壮壮、维乐一起吃鸡
4193694,2018/01/15,女流-2018.1.14-心灵砒霜虎扑特别版-弹幕版
4193508,2018/01/15,女流-2018.1.15-Rusty Lake Paradise 锈湖天堂岛
4191440,2018/01/14,女流-2018.1.14-心灵砒霜虎扑特别版
4190883,2018/01/14,女流-1.13-鱼乐盛典
4190398,2018/01/14,2017鱼乐盛典红毯秀
4188857,2018/01/12,女流-2018.1.12-Rusty Lake 锈湖
4184762,2018/01/10,女流-2018.1.10-《传送门：桥梁构造者》
4182682,2018/01/09,女流-1.9-人类一败涂地 Human Fall Flat
4180732,2018/01/08,女流-2018.1.8-人类一败涂地 Human Fall Flat
4179221,2018/01/08,女流-2018.1.7-心灵砒霜-弹幕版
4178726,2018/01/07,女流-2018.1.7-心灵砒霜
4177609,2018/01/06,女流-1.6-女流66开年Party约战SHIELD马力欧
4176059,2018/01/05,女流1.5-《传送门：桥梁构造者》(Bridge Constructor Portal)
4171880,2018/01/03,女流-1.3-《传送门：桥梁构造者》(Bridge Constructor Portal)
4169872,2018/01/02,女流-1.2-《传送门：桥梁构造者》(Bridge Constructor Portal)
4167422,2018/01/01,女流-12.31-2017感谢有你
4167402,2018/01/01,女流-12.31-大周脚展-弹幕版
4167351,2018/01/01,女流-12.31-心灵砒霜-弹幕版
4166820,2017/12/31,女流-12.31-心灵砒霜
4166010,2017/12/31,女流-12.30-【吃鸡佳缘】第四期-弹幕版
4165578,2017/12/30,女流-12.30-【吃鸡佳缘】第四期
4164567,2017/12/29,女流-12.29-欢迎关注颜值主播6酱
4160261,2017/12/27,女流-12.27-青蛙爆破者
4158411,2017/12/26,女流-12.26-青蛙爆破者(Kero Blaster)
4156666,2017/12/25,女流-12.25-大周MC圣诞专场
4154898,2017/12/25,女流-12.24-心灵砒霜-弹幕版
4154416,2017/12/24,女流-12.24-心灵砒霜
4154223,2017/12/24,女流-12.23-【吃鸡佳缘】第三期-弹幕版
4153403,2017/12/23,女流-12.23-【吃鸡佳缘】第三期
4150104,2017/12/21,女流-12.21-大周桌面展
4148109,2017/12/20,女流-12.20-MONOPOLY PLUS 大富翁
4144095,2017/12/18,女流-12.18-Death Coming 死神来了
4142321,2017/12/18,女流-12.17-看着豆豆和壮壮滑雪，女皇只能羡慕嫉妒恨了
4142217,2017/12/18,【女流戏说红楼】第十章：87版红楼最是经典
4142213,2017/12/18,【女流戏说红楼】第八章：看红楼品百态众生
4142116,2017/12/17,【女流戏说红楼】第七章：鸳鸯性格刚烈，宁死不从贾赦
4142112,2017/12/17,【女流戏说红楼】第六章：王熙凤捉奸贾琏，看贾母如何平息
4140972,2017/12/16,女流12.16-《去月球》续作《寻找天堂》
4140602,2017/12/16,女流-12.15-【吃鸡佳缘】第二期 弹幕版
4140326,2017/12/16,女流-【吃鸡佳缘】第二期 2017.12.15
4139436,2017/12/15,女流12.15-GOROGOA  画中世界
4138987,2017/12/15,【女流戏说红楼】第五章：刘姥姥进大观园
4138976,2017/12/15,【女流戏说红楼】第四章：脑嗨贾宝玉与精明薛宝钗
4138969,2017/12/15,【女流戏说红楼】第三章：金钏儿冤死
4138964,2017/12/15,【女流戏说红楼】第二章：平儿“心知肚明”
4138953,2017/12/15,【女流戏说红楼】第一章：贾瑞之死
4135224,2017/12/13,女流-12.13-和YJJ双排吃鸡 & 漫漫长夜
4134496,2017/12/13,女流-12.12-K歌不停歇-弹幕版
4133109,2017/12/12,女流-12.12-K歌不停歇
4131089,2017/12/11,女流-12.11- 我是大老板
4129454,2017/12/11,女流-12.10-心灵砒霜-透明弹幕版
4129116,2017/12/10,女流-12.10-心灵砒霜
4128003,2017/12/09,女流-12.9-人气独立续作《王权：女王陛下》& 谋杀之谜
4126689,2017/12/08,女流-12.8-钓会儿鱼，开会儿火车，吃会儿鸡
4125032,2017/12/08,女流-12.6-【吃鸡佳缘】第一期弹幕版
4122087,2017/12/06,女流-12.6-吃鸡佳缘第一期
4120105,2017/12/05,女流-12.5-肯·福莱特的《圣殿春秋》：死灰复燃（第一卷第1-7章）
4118007,2017/12/04,女流-12.4-钓鱼大赛（Ice Lakes）
4114988,2017/12/02,女流-12.2-Ice Lakes 冰湖
4107292,2017/11/28,女流-11.24-超级马里奥-奥德赛
4107290,2017/11/28,女流-11.26-心灵砒霜-弹幕版
4107286,2017/11/28,女流-11.25-超级马里奥-奥德赛
4107240,2017/11/28,女流-11.26-心灵砒霜
4102271,2017/11/23,女流-11.23-超级马里奥-奥德赛
4100187,2017/11/22,女流-11.22-兔宝宝历险记&超级马里奥-奥德赛
4098179,2017/11/21,女流-11.21-超级马里奥-奥德赛
4094419,2017/11/20,女流-11.19-心灵砒霜-弹幕版
4094201,2017/11/19,女流-11.19-心灵砒霜
4093091,2017/11/19,女流-11.18-超级马里奥-奥德赛
4091308,2017/11/17,女流-11.17-和班尼特福迪一起攻克难关&超级马里奥-奥德赛
4086833,2017/11/15,女流-11.15-超级马里奥-奥德赛
4084862,2017/11/15,女流-11.14-和班尼特福迪一起攻克难关
4082621,2017/11/13,女流-11.13-超级马里奥-奥德赛
4080881,2017/11/13,女流-11.12-心灵砒霜-弹幕版
4080551,2017/11/12,女流-11.12-心灵砒霜
4079503,2017/11/11,女流-11.11-绝地求生&超级马里奥-奥德赛
4078341,2017/11/11,女流-11.10-绝地求生& 超级马里奥-奥德赛
4072119,2017/11/08,女流-11.7-超级马里奥-奥德赛
4069742,2017/11/06,女流-11.6-66约冷冷双排吃鸡
4069473,2017/11/06,女流-11.5-心灵砒霜-弹幕版
4067795,2017/11/05,女流-11.5-心灵砒霜
4067788,2017/11/05,女流-11.5-Castle Crusher 城堡毁灭者
4066447,2017/11/04,女流-11.4-小猫钓鱼
4056313,2017/10/30,女流-10.30-欢乐斗地主专场
4054991,2017/10/30,女流-10.29-心灵砒霜-弹幕版
4054365,2017/10/29,女流-10.29-心灵砒霜
4053275,2017/10/28,女流-10.28-宝藏世界
4051917,2017/10/27,女流-10.27-大周网吧正式开业（绝地求生）
4049650,2017/10/26,女流-10.26-Rusty Lake
4047769,2017/10/25,女琉-10.25-Rusty Lake
4045812,2017/10/24,女流-10.24-Rusty Lake
4043890,2017/10/23,女流-10.22-心灵砒霜-弹幕版
4043809,2017/10/23,女流-10.23-Rusty Lake
4040822,2017/10/22,女流-10.21-stickman火柴人大乱斗
4039445,2017/10/20,女流-10.20-Stickman
4039443,2017/10/20,女流-10.20-大周好声音
4035279,2017/10/18,女流-10.18-石六六个人演唱会
4035201,2017/10/18,女流-10.18-GT sport  线下活动
4033439,2017/10/17,女流-10.17-Linelight 光线
4030901,2017/10/16,女流-10.15-心灵砒霜-弹幕版
4029370,2017/10/15,女流-10.15-心灵砒霜
4028303,2017/10/14,女流-10.14-Youtubers Life
4026757,2017/10/13,女流-10.13-绝地求生
4022934,2017/10/11,女流-10.11-Don t cut your hand   &    欧洲卡车模拟2
4021156,2017/10/11,女流-10.10-THE AMAZING FROG
4017197,2017/10/08,女流-10.8-在家闲逛
4015990,2017/10/07,女流-10.7-cosplay？
4014819,2017/10/06,女流-10.6-悠闲时刻
4013663,2017/10/05,女流-10.5-和豆豆的美好时光
4011690,2017/10/03,女流-10.3-大周歌会
4010656,2017/10/02,女流-10.2-茶杯头cuphead
4009664,2017/10/02,女流-10.1-茶杯头cuphead
4009606,2017/10/01,女流-10.1-心灵砒霜
4008554,2017/10/01,女流-9.30-茶杯头cuphead
4008312,2017/09/30,女流-9.28-姐弟双排吃鸡
4002694,2017/09/27,女流-9.27-欧洲卡车模拟2
3998899,2017/09/26,女流-9.25-心灵砒霜-弹幕版
3998651,2017/09/25,女流-9.25-心灵砒霜
3995750,2017/09/24,女流-9.23-欧洲卡车模拟2
3994050,2017/09/22,女流-9.22-欧洲卡车模拟2
3991814,2017/09/21,女流-9.21-第二代Mazda CX-5上市直播
3989684,2017/09/20,女流-9.20-欧洲卡车模拟2
3987863,2017/09/20,女流-9.19-CookServeDelicious
3986027,2017/09/19,女流-9.17-心灵砒霜-弹幕版
3985929,2017/09/19,女流-9.18-CookServeDelicious
3983735,2017/09/17,女流-9.17-心灵砒霜
3982859,2017/09/17,女流-9.16-大吉大利今晚吃鸡
3981639,2017/09/16,女流-9.15-《我的世界》手游上线
3979127,2017/09/15,女流-9.14-广州一日吃
3976769,2017/09/13,女流-9.13-马里奥疯兔
3972500,2017/09/11,女流-9.11-马里奥疯兔
3971648,2017/09/11,女流-9.10-心灵砒霜-弹幕版（无聊天部分）
3970580,2017/09/11,女流-9.10-心灵砒霜（无聊天部分）
3969217,2017/09/09,女流-9.9-尬聊
3967886,2017/09/09,女流-9.8-啪嗒砰
3965707,2017/09/08,女流-9.7-绝地求生
3963530,2017/09/06,女流-9.6-啪嗒砰
3959411,2017/09/05,女流-9.4-地平线零之曙光体验会（PS4国际影院派对）
3955661,2017/09/02,女流-9.2-啪嗒砰
3950282,2017/08/31,女流-8.30-相扑人(Sumoman)
3948001,2017/08/29,女流-8.29-大周MC第15天：七夕过后建筑大赛
3946059,2017/08/28,女流-8.27-心灵砒霜弹幕版
3943791,2017/08/27,女流-8.27-心灵砒霜
3942686,2017/08/27,女流-8.26-缺氧再试水
3941729,2017/08/26,女流-8.25-缺氧
3936778,2017/08/23,女流-8.23-百战天虫W.M.D
3934836,2017/08/22,女流-8.22-绝地求生
3932798,2017/08/22,女流-8.21-人力资源机器
3932607,2017/08/21,女流-8.20-心灵砒霜-弹幕版
3930608,2017/08/20,女流-8.14-大周好声音弹幕版
3930436,2017/08/20,女流-8.20-心灵砒霜
3929159,2017/08/19,女流-8.19-尼德霍格+吃鸡
3918665,2017/08/14,女流-8.14-大周好声音
3918562,2017/08/14,女流-8.13-心灵砒霜-弹幕版
3916709,2017/08/14,女流-8.13-心灵砒霜21
3915556,2017/08/13,女流-8.12-大周MC之竞选武状元
3913398,2017/08/12,女流-8.11-我的世界中国版PC不限号
3908573,2017/08/09,女流-8.9-大周有嘻哈
3906556,2017/08/08,女流-8.8-大周MC第十天：建筑大赛
3904704,2017/08/08,女流-8.8-半夜不睡觉聊一聊
3904373,2017/08/07,女流-8.7-大周MC第九天：末地之城
3900684,2017/08/05,女流-8.5-绝地求生
3899264,2017/08/04,女流-8.4-大周MC第八天：末影龙
3896510,2017/08/03,女流-8.2-我的世界
3891890,2017/08/01,女流-8.1-我的世界
3886534,2017/07/30,女流-7.29-狼叔说游戏——专访女流&壮壮
3884995,2017/07/29,女流-7.28-与武人叔畅聊主机游戏的那些事儿
3884994,2017/07/29,女流-7.28-首次直播试玩真三国无双8
3880329,2017/07/27,女流-7.26-PlayStation 中国发布会
3875204,2017/07/24,女流-7.23-你说我猜
3873035,2017/07/23,女流-7.23-心灵砒霜
3871741,2017/07/22,女流-7.22-我的世界
3870123,2017/07/21,女流-7.21-我的世界
3863109,2017/07/18,女流-7.18-我的世界
3862468,2017/07/18,女流-7.17-心灵砒霜-弹幕版
3860922,2017/07/17,女流-7.17-心灵砒霜
3860856,2017/07/17,女流-7.16-泡泡来做客，六酱掌勺
3857560,2017/07/16,女流-7.15-设备调试，直播随缘
3848060,2017/07/12,女流-7.11-Night in the Woods夭折改播守望先锋
3845194,2017/07/10,女流-7.9-心灵砒霜&抽奖-弹幕版
3845192,2017/07/10,女流-7.10-组装小书架
3842844,2017/07/09,女流-7.9-心灵砒霜
3841142,2017/07/08,女流-7.8-今天聊60块钱的
3840960,2017/07/08,女流-7.6-Move or Die
3839485,2017/07/07,女流-7.7-小小噩梦DLC
3831751,2017/07/05,女流-7.4-ibb & obb
3824379,2017/07/01,女流-7.1-唱亿首歌
3824362,2017/07/01,女流-7.1-空洞骑士
3822160,2017/06/30,女流-6.30-回国之前剪个头
3819521,2017/06/29,女流-6.29-吉原正行专访（有顶天家族2导演）
3817325,2017/06/29,女流-6.28-星野晚餐
3816288,2017/06/28,女流-6.28-下鸭神社&六道珍皇寺之旅
3813739,2017/06/27,女流-6.27-森见登美彦专访
3811659,2017/06/27,女流-6.26-六酱萌妹的日常
3810969,2017/06/26,女流-6.26-有顶天家族2圣地巡礼
3809425,2017/06/26,女流-6.25-心灵砒霜-弹幕版
3808448,2017/06/25,女流-6.25-心灵砒霜
3806751,2017/06/25,女流-6.24-KALIMBA（克林巴）
3806231,2017/06/24,女流-6.23-RIME
3806230,2017/06/24,女流-6.23-公益项目拍摄现场
3798217,2017/06/21,女流-6.21-RIME
3798171,2017/06/21,女流-6.20-ARMS
3792599,2017/06/20,女流-6.18-心灵砒霜-弹幕版
3789838,2017/06/18,女流-6.18-心灵砒霜
3783663,2017/06/16,女流-6.15-半夜不睡觉
3780119,2017/06/15,女流-6.15-E3展会第二天
3780006,2017/06/15,女流-6.14-E3展会第一天
3777372,2017/06/14,女流-6.14-任天堂游戏发布会视频
3776237,2017/06/13,女流-6.13-育碧发布会
3776236,2017/06/13,女流-6.13-酒店休闲时光
3773619,2017/06/12,女流-6.12-洛杉矶之行-发布会之前休整
3768873,2017/06/10,女流-6.10-LOL英雄联盟
3764055,2017/06/09,女流-6.8-守望先锋
3760083,2017/06/07,女流-6.4-心灵砒霜-弹幕版
3757948,2017/06/07,女流-6.6-大周庆典特辑
3755487,2017/06/06,女流-5.23-缺氧（Oxygen Not Included）
3754354,2017/06/05,女流-6.5-Switch小游戏
3751615,2017/06/04,女流-6.4-心灵砒霜
3750370,2017/06/04,女流-6.3-见证者（The Witness）
3747426,2017/06/02,女流-6.2-见证者（The Witness）
3744524,2017/06/01,女流-6.1-见证者（The Witness）
3740355,2017/05/31,女流-5.24-见证者（The Witness）
3740240,2017/05/31,女流-5.29-2017斗鱼嘉年华（武汉）
3724175,2017/05/24,女流-5.22-吕牛随缘演唱会
3719014,2017/05/22,女流-5.22-缺氧（Oxygen Not Included）
3718887,2017/05/22,女流-5.21-心灵砒霜弹幕版
3715897,2017/05/21,女流-5.21-心灵砒霜
3713948,2017/05/20,女流-5.20-核聚变2017电游嘉年华
3711692,2017/05/19,女流-5.19-死亡细胞(Dead Cells）
3706532,2017/05/18,女流-5.17-死亡细胞(Dead Cells）
3703278,2017/05/16,女流-5.16-final station
3701252,2017/05/16,女流-5.15-final station
3701247,2017/05/16,女流-5.14-心灵砒霜-弹幕版
3697957,2017/05/14,女流-5.14-心灵砒霜
3696258,2017/05/13,女流-5.13-final station
3694238,2017/05/13,女流-5.12-艾迪芬奇的记忆（What Remains of Edith Finch）
3688984,2017/05/10,女流-5.9-汐
3686402,2017/05/09,女流-5.7-心灵砒霜-弹幕版
3681056,2017/05/07,女流-5.7-心灵砒霜
3679707,2017/05/07,女流-5.6-小小噩梦
3677716,2017/05/06,女流-5.5-马里奥赛车
3677150,2017/05/05,女流-5.4-今天不休息
3674258,2017/05/04,女流-5.3-你写我猜-渣哥作死队中的急先锋
3671580,2017/05/03,女流-5.2-大周，还好么
3650804,2017/04/25,女流-4.24-剪剪世界
3648161,2017/04/24,女流-4.23-心灵砒霜-弹幕版
3643728,2017/04/21,女流-4.21-神奇男孩3-龙之陷阱
3640849,2017/04/20,女流-4.19-神奇男孩3-龙之陷阱
3638192,2017/04/19,女流-4.18-俄罗斯方块大战噗呦噗呦-神奇男孩3龙之陷阱
3638083,2017/04/19,女流-4.16-心灵砒霜-弹幕版
3633932,2017/04/18,女流-4.17-星露谷物语
3632502,2017/04/17,女流-4.16-心灵砒霜
3632501,2017/04/17,女流-4.16-盛世天下之女帝篇
3629867,2017/04/16,女流-4.15-武则天盛世天下-狼人杀
3627063,2017/04/15,女流-4.14-盛世天下之女帝篇
3623220,2017/04/13,女流-4.12-血源诅咒-day1
3620435,2017/04/12,女流-4.11-塞尔达传说荒野之息
3617769,2017/04/11,女流-4.10-塞尔达传说荒野之息
3611999,2017/04/09,女流-4.6-冒险岛2
3607602,2017/04/07,女流-4.6-心灵砒霜-弹幕版
3607601,2017/04/07,女流-4.6-心灵砒霜
3601688,2017/04/05,女流-4.5-塞尔达传说
3601511,2017/04/05,女流-4.4-超级炸弹人R
3601510,2017/04/05,女流-4.4-塞尔达传说
3601502,2017/04/05,女流-4.4-12switch
3597706,2017/04/04,女流-4.3-塞尔达传说
3595208,2017/04/02,女流-4.2-12switch
3595184,2017/04/02,女流-4.2-噗哟噗哟VS俄罗斯方块
3595183,2017/04/02,女流-4.2-塞尔达传说
3593776,2017/04/02,女流-4.1-剪剪世界
3591061,2017/04/01,女流-3.30-黑暗之魂3DLC2-part2
3590477,2017/03/31,女流-3.30-黑暗之魂3DLC2-part1
3587442,2017/03/30,女流-3.29-黑暗之魂3DLC2
3584867,2017/03/29,女流-3.26-心灵砒霜-弹幕版
3576613,2017/03/26,女流-3.26-心灵砒霜
3574522,2017/03/26,女流-3.25-塞尔达传说
3572214,2017/03/25,女流-3.24-rusty lake新章节和塞尔达
3566723,2017/03/23,女流-3.22-砒霜兼索尼2周年户外~
3564094,2017/03/22,女流-3.20-户外直播
3563645,2017/03/21,女流-3.18-塞尔达传说
3561618,2017/03/21,女流-3.19-1，2switch
3555112,2017/03/18,女流-3.17-塞尔达传说
3553718,2017/03/17,女流-3.16-塞尔达传说+LOL
3550686,2017/03/16,女流-3.15-塞尔达传说
3550581,2017/03/16,女流-3.15-chi66诞生记？！
3547680,2017/03/15,女流-3.14-塞尔达传说-荒野之息-晚上
3547651,2017/03/15,女流-3.14-塞尔达传说-荒野之息
3545359,2017/03/14,女流-3.13-塞尔达传说-荒野之息
3526345,2017/03/07,女流-3.5-心灵砒霜-弹幕版
3526301,2017/03/07,女流-3.7-塞尔达传说-荒野之息
3521607,2017/03/05,女流-几何冲冲冲刺！
3521571,2017/03/05,女流-3.5-心灵砒霜
3520053,2017/03/04,女流-3.4-热血物语：地下世界
3518038,2017/03/03,女流-3.3-Hidden Folks
3514575,2017/03/02,女流-3.1-伊森卡特的消失-完结篇
3512563,2017/03/01,女流-3.1-伊森卡特的消失
3497214,2017/02/23,女流-2.23-做头发
3493972,2017/02/22,女流-2.22-短暂的2月啊
3491948,2017/02/21,女流-2.20-心灵砒霜-弹幕版
3491355,2017/02/21,女流-2.21-上高铁前在猴山
3489721,2017/02/21,女流-2.20-心灵砒霜
3484443,2017/02/19,女流-2.18-Kalimba 和 The Vanishing of Ethan Carter
3481423,2017/02/17,女流-2.17-没错还是几何冲刺(Geometry Dash)
3478890,2017/02/17,女流-2.16-几何冲刺(Geometry Dash)
3471359,2017/02/14,女流-2.14-科目2练习day-2
3468648,2017/02/13,女流-2.13-科目2练习day-1
3467198,2017/02/12,女流-2.9-心灵砒霜-弹幕版
3464926,2017/02/11,女流-2.11-小猫钓鱼(Cat Goes Fishing)
3462913,2017/02/10,女流-2.10-小猫钓鱼(Cat Goes Fishing)
3460649,2017/02/09,女流-2.9-心灵砒霜
3460648,2017/02/09,女流-2.9-小猫钓鱼(Cat Goes Fishing)
3457776,2017/02/08,女流-2.8-小猫钓鱼(Cat Goes Fishing)
3457748,2017/02/08,女流-2.8-黑暗之魂3-PVP
3452264,2017/02/06,女流-2.6-汗蒸的时候不要喝菊花茶
3449327,2017/02/05,女流-2.5-大明塔
3447881,2017/02/04,女流-2.4-春节期间不定期直播
3437161,2017/01/29,女流-1.29-82年的雪碧会上头
3435002,2017/01/28,女流-1.27-我画你猜
3432913,2017/01/26,女流-1.26-可乐鸡翅
3432740,2017/01/26,女流-1.26-维尼噗
3431422,2017/01/25,女流-1.25-事已至此案发现场？！
3429201,2017/01/24,女流-1.22-心灵砒霜-弹幕版
3424548,2017/01/22,女流-1.22-心灵砒霜
3422739,2017/01/21,女流-1.21-直播2周年-英雄联盟-part2
3422592,2017/01/21,女流-1.21-直播2周年-英雄联盟-part1
3422132,2017/01/21,女流-1.20-两周年彩排？！-弹幕版
3420412,2017/01/20,女流-1.20-两周年彩排？！
3415701,2017/01/19,女流-1.18-王权
3415692,2017/01/19,女流-1.18-几何冲刺
3412287,2017/01/17,女流-1.17-战斗方块剧场
3410716,2017/01/17,女流-1.15-心灵砒霜-弹幕版
3409502,2017/01/16,女流-1.16-Move or Die
3407191,2017/01/15,女流-1.15-心灵砒霜
3405022,2017/01/14,女流-1.13-年会-part1
3404474,2017/01/14,女流-1.13-年会-part2
3403380,2017/01/13,女流-1.13-A站年会
3400881,2017/01/12,女流-1.12-黑暗之魂3-2周目-day1
3400771,2017/01/12,女流-1.12-英雄联盟
3398386,2017/01/11,女流-1.11-快快好起来啊！
3395507,2017/01/10,女流-Run！！
3395388,2017/01/10,女流-1.10-炒饭聊天
3395343,2017/01/10,女流-1.10-黑暗之魂3-为2周目做准备
3388459,2017/01/07,女流-1.7-英雄联盟
3380641,2017/01/04,女流-1.4-盛世天下·媚娘篇
3378212,2017/01/03,女流-1.3-盛世天下·媚娘篇
3378069,2017/01/03,女流-1.2-心灵砒霜-弹幕版
3375352,2017/01/02,女流-1.2-心灵砒霜
3373572,2017/01/01,女流-1.1-英雄联盟之我家又爆炸啦！~
3371728,2016/12/31,女流-12.31-聊天
3369385,2016/12/30,女流-12.30-猫头鹰男孩(Owlboy)-完结
3364670,2016/12/29,女流-12.28-健身
3364645,2016/12/29,女流-12.28-猫头鹰男孩(Owlboy)
3361334,2016/12/27,女流-12.27-猫头鹰男孩(Owlboy)
3358586,2016/12/26,女流-12.25-心灵砒霜-弹幕版
3356465,2016/12/26,女流-12.25-心灵砒霜
3356095,2016/12/25,女流-12.25-Xbox One S国行拆箱
3354442,2016/12/24,女流-12.24-MC建筑大赛
3352127,2016/12/23,女流-12.23-猫头鹰男孩(Owlboy)
3347021,2016/12/21,女流-12.21-魔兽RPG
3343783,2016/12/20,女流-12.19-心灵砒霜-弹幕版
3341691,2016/12/19,女流-12.19-心灵砒霜
3337283,2016/12/17,女流-12.17-战斗方块剧场
3337282,2016/12/17,女流-12.17-健身
3334394,2016/12/16,女流-12.16-微软活动
3329447,2016/12/14,女流-12.14-出门溜达溜达憋坏啦
3324711,2016/12/12,女流-12.12-手机直播
3324703,2016/12/12,女流-12.12-零号事件(event[0])
3324519,2016/12/12,女流-12.11-心灵砒霜-弹幕版
3322063,2016/12/11,女流-12.11-心灵砒霜
3320202,2016/12/10,女流-12.10-健身
3320199,2016/12/10,女流-12.10-煮糊了(overcooked)
3317908,2016/12/09,女流-12.9-最后的守护者-完结
3315291,2016/12/08,女流-12.8-最后的守护者
3312391,2016/12/07,女流-12.7-最后的守护者
3312290,2016/12/07,女流-12.7-吃火锅？！
3307418,2016/12/06,女流-12.5-最终幻想15
3305136,2016/12/05,女流-12.4-心灵砒霜-弹幕版
3304385,2016/12/04,女流-12.4-心灵砒霜
3302357,2016/12/03,女流-12.3-王府井
3297657,2016/12/01,女流-11.29-在京都-day2-part2
3295639,2016/12/01,女流-在京都-day1
3289865,2016/11/28,女流-王者守墓人
3289507,2016/11/28,女流-11.27-心灵砒霜-弹幕版
3287740,2016/11/28,女流-11.26-战斗方块剧场
3287282,2016/11/27,女流-11.27-心灵砒霜
3285025,2016/11/26,女流-11.26-健身
3284988,2016/11/26,女流-11.26-战斗方块剧场
3283032,2016/11/25,女流-11.25-黑暗之魂3DLC-day5
3280444,2016/11/24,女流-11.24-黑暗之魂3DLC-day4
3279994,2016/11/24,黑魂3dlcBOSS战【女流】大战小姐姐
3277637,2016/11/23,女流-11.23-黑暗之魂3DLC-day3
3274811,2016/11/22,女流-11.22-黑魂3DLC-day2
3272324,2016/11/21,女流-11.21-黑魂3DLC-day1
3269864,2016/11/20,女流-11.20-心灵砒霜-弹幕版
3269665,2016/11/20,女流-11.20-心灵砒霜
3267468,2016/11/19,女流-11.19-极限竞速：地平线 3
3265237,2016/11/18,女流-11.18-这是警察
3262194,2016/11/17,女流-11.17-节奏天国
3259813,2016/11/16,女流-11.16-大厦管理者
3257419,2016/11/15,女流-11.15-百战天虫
3254432,2016/11/14,女流-11.14-Things change，roll with it
3254280,2016/11/14,女流-11.13-学霸是如何炼成的
3252326,2016/11/13,女流-11.13-学霸是如何炼成的
3250678,2016/11/13,女流-11.12-女流歌友会谁是真正电音之王！
3248717,2016/11/12,女流-11.11-战斗方块剧场
3242894,2016/11/09,女流-11.9-松鼠大作战
3240551,2016/11/08,女流-11.8-我的电台inside my radio
3237732,2016/11/07,女流-11.7-女流教你如何练习劈叉神功！
3237639,2016/11/07,女流-11.6-心灵砒霜-弹幕版
3235414,2016/11/06,女流-11.6-心灵砒霜
3219712,2016/10/31,女流-10.30-心灵砒霜-弹幕版
3218018,2016/10/31,女流-10.30-心灵砒霜
3214138,2016/10/29,女流-10.28-后宫三千人-day3-完结-皇后篇伪结局
3211585,2016/10/28,女流-10.27-后宫三千人P2
3210928,2016/10/27,女流-10.27-后宫三千人P1P3P4
3209456,2016/10/27,女流-10.26-VR体验拍摄
3205854,2016/10/25,女流-10.25-微博峰会
3204283,2016/10/25,女流-10.24-后宫三千人P0P1
3203589,2016/10/24,女流-10.24-后宫三千人P2P3
3200852,2016/10/23,女流-10.23-心灵砒霜
3196655,2016/10/21,女流-10.21-生锈小湖
3193768,2016/10/20,女流-10.20-聊天
3193762,2016/10/20,女流-10.20-做头发
3183453,2016/10/17,女流-10.16-心灵砒霜
3178955,2016/10/15,女流-10.14-仙剑奇侠传3D回合
3175879,2016/10/13,女流-10.13-PlayStation VR中国新品发布会
3164916,2016/10/09,女流-10.9-心灵砒霜
3160298,2016/10/07,女流-10.7-战斗方块剧场
3158187,2016/10/06,女流-10.6-煮糊了(overcooked)
3157494,2016/10/06,女流-10.5-煮糊了(overcooked)
3154403,2016/10/05,女流-10.4-煮糊了(overcooked)
3154320,2016/10/05,女流-10.3-生日特辑
3150080,2016/10/02,女流唯美户外混剪，女王大人生日快乐
3141395,2016/09/28,女流-9.28-广州户外-再补一段
3141285,2016/09/28,女流-9.28-广州户外
3137428,2016/09/27,女流-9.27-突然有事请假一天
3135402,2016/09/27,女流-9.26-trueorfalse
3132575,2016/09/25,女流-9.25-心灵砒霜
3130573,2016/09/24,女流-9.24-马不停蹄来拍照
3126317,2016/09/23,女流-9.22-逆转裁判6-day12-完结
3123322,2016/09/22,女流-9.21-逆转裁判6-day11
3118204,2016/09/19,女流-9.19-百战天虫
3115391,2016/09/18,女流-9.18-心灵砒霜
3110151,2016/09/17,女流-9.16-逆转裁判6-day10
3109297,2016/09/16,女流-9.16-加油向未来
3107263,2016/09/15,女流-9.15-MC建筑大赛
3105090,2016/09/14,女流-9.14-逆转裁判6-day9
3102878,2016/09/14,女流-9.13-逆转裁判6-day8
3100227,2016/09/13,女流-9.12-P1逆袭dayX+4
3100224,2016/09/13,女流-9.12-P2P3逆转裁判6-day7
3097354,2016/09/12,女流-9.11-心灵砒霜
3086697,2016/09/07,女流-9.7-请个假
3083395,2016/09/06,女流鬼畜大作《东北挖泥巴》解锁各种舞蹈姿势 萌翻了
3063305,2016/08/30,女流-8.30-逆转裁判6-day6
3060766,2016/08/29,女流-8.29-逆转裁判6-day5
3057784,2016/08/28,女流-8.28-心灵砒霜
3053918,2016/08/26,女流-8.26-逆转裁判6-day4
3050922,2016/08/25,女流-8.25-百战天虫
3050901,2016/08/25,女流-8.24-百战天虫
3045395,2016/08/24,女流-8.23-魂斗罗-雪人兄弟
3042164,2016/08/22,女流-8.22-P4P5魂斗罗
3042155,2016/08/22,女流-8.22-P1P2P3心灵砒霜
3035804,2016/08/20,女流-8.19-石油骚动(turmoil)
3029731,2016/08/17,女流-8.17-P4P5守望先锋
3029701,2016/08/17,女流-8.17-P2P3-星界边境(starbound)
3029684,2016/08/17,女流-8.17-P1-难死塔(Tricky Towers)
3027438,2016/08/17,女流-8.16-逆转裁判6-day3
3017376,2016/08/12,女流-8.12-逆转裁判6-day2
3017346,2016/08/12,一个牙医！
3012359,2016/08/10,女流-8.10-逆转裁判6-day1
3009606,2016/08/09,女流-8.9-无人深空
3006501,2016/08/08,女流-8.8-DOTA2
3004568,2016/08/08,女流-8.7-心灵砒霜
2795451,2016/06/06,66的每周日心灵砒霜-6月5日
2793187,2016/06/04,女流-6.4-盐与避难所-Day1
2792700,2016/06/04,女流-6.4-几何冲刺
2791321,2016/06/04,女流-6.3-小小地狱之火(Little Inferno)-Day2
2788082,2016/06/02,女流-6.2-Little Inferno
2787997,2016/06/02,女流-6.2-Once Upon A Time
2787920,2016/06/02,女流-6.2-怒海求生
2785333,2016/06/01,女流-6.1-9小时9个人9之门-day1
2785322,2016/06/01,女流-6.1-逆袭-dayX+1
2783777,2016/06/01,女流-5.31-逆袭-dayX
2774058,2016/05/28,女流-5.27-DQ建造者-day10-完结
2771725,2016/05/27,女流-5.26-DQ建造者-day9
2768648,2016/05/25,女流-5.25-宝宝生病了
2768116,2016/05/25,女流-5.24-DQ建造者-day8
2764008,2016/05/24,女流-5.23-DQ建造者-day7
2762062,2016/05/23,66的每周日心灵砒霜-5月22日
2757146,2016/05/21,女流-5.20-DQ建造者-day6
2754485,2016/05/20,女流-5.19-DQ建造者-day5
2749217,2016/05/17,女流-5.17-DQ建造者-day4
2747170,2016/05/17,女流-5.16-DQ建造者-day3
2735016,2016/05/12,女流-5.11-DQ建造者-day2
2734541,2016/05/11,女流-5.10-DQ建造者-day1
2734298,2016/05/11,66的每周日心灵砒霜-5月8日
2731879,2016/05/10,5-9黑暗之魂3第九天-完结-高清
2731789,2016/05/10,5-6黑暗之魂3第七天-高清
2731736,2016/05/10,5-5黑暗之魂3第六天-高清
2731730,2016/05/10,5-4黑暗之魂3第五天-高清
2731728,2016/05/10,4-29黑暗之魂3第一天-高清
2729717,2016/05/10,5-9黑暗之魂3第九天-完结-高清
2729380,2016/05/10,5-8黑暗之魂3第八天-高清
2726626,2016/05/08,5-2黑暗之魂3第三天-高清
2726624,2016/05/08,5-3黑暗之魂3第四天-高清
2726616,2016/05/08,4-30黑暗之魂3第二天-高清
2722963,2016/05/07,4月30日66砒霜直播实录心情不好遇事不顺就来一碗淡淡的砒霜
