bvid,pubdate,title,author,duration,keywords
BV1Jtuo6XEdA,2026-08-11,[女流66/直播回放] 点关注解锁游戏 2026年08月11日 (弹幕版),怪盗基德KID,59:57,女流 2026
BV1ntuo6XEjH,2026-08-11,一边痛一边笑石大壮看姐姐的鸣潮3.1切片。,理解与喇叭,44:22,女流66|女流 切片|石大壮 女流
BV17euo6UEtZ,2026-08-11,石大壮吸收姐姐女流66悲鸣，鸣潮3.1被漂泊者金句击沉：一同迈向明天,七丘决斗王,6:31,女流66|石大壮 女流
BV1m7uo68Ejy,2026-08-10,【弹幕版】【点关注解锁游戏】【2026-08-10】【女流66】,直播回放巴拉蹦吧,60:1,女流66|女流 直播|女流 回放|女流 2026
BV1yHuo6oEyb,2026-08-10,【女流66】《冒险岛怀旧服》第五天体验，看炮炮抽新时装，抽到囚徒套服 08.10完整直播录像弹幕版,不懒bot,80:49,女流66|女流 直播|女流 冒险岛
BV1gQuo6TE5V,2026-08-10,【纯净版】【点关注解锁游戏】【2026-08-10】【女流66】,直播回放巴拉蹦吧,119:56,女流66|女流 直播|女流 回放|女流 2026
BV1XsuZ6CE5d,2026-08-10,YJJ航天认了真大哥！四套AUG灭了六套队  喂了300w还用命硬抗堵桥犬  大哥的包真香～吃完丢包去了,恶龙炮OvO,8:27,女流66
BV1CeuQ6VELB,2026-08-10,女流66_冒险岛怀旧服二转_2026-08-08_20-53-34,笨蛋雪人像素头,160:36,女流66|女流 直播|女流 抖音|女流 冒险岛|女流 2026
BV1sJuR6nEF1,2026-08-10,【女流66】2026下半年期待玩的游戏，影之刃零，GTA，今年内出的时之笛重制版，我的经验是游戏上线之后赶紧开播,不懒bot,3:51,女流66|女流 2026
BV1wBuQ6rEfg,2026-08-10,【女流66】玩《维修物语》电器维修模拟器，休闲模拟经营商店游戏，08.09直播录像弹幕版~,服部平次,89:28,女流66|女流 直播
BV1JFuQ6qEtQ,2026-08-10,[女流66/直播回放] 娃睡了来突袭 2026年08月10日 (弹幕版),怪盗基德KID,89:4,女流66|女流 直播|女流 回放|女流 2026
BV1NUuU6TET9,2026-08-10,【女流66】《维修物语》修手机修游戏机等电子产品，欢迎来我的维修小店 08.09完整直播录像弹幕版,不懒bot,88:30,女流66|女流 直播
BV1ueuU62EQx,2026-08-10,【纯净版】【娃睡了来突袭】【2026-08-09】【女流66】,直播回放巴拉蹦吧,89:5,女流66|女流 直播|女流 回放|女流 2026
BV1hiuU6LEJV,2026-08-10,【女流66】【2026-08-09】《娃睡了来突袭》,bobi华,88:35,女流66|女流 直播|女流 2026
BV154uU6HE9u,2026-08-10,【弹幕版】【娃睡了来突袭】【2026-08-09】【女流66】,直播回放巴拉蹦吧,89:5,女流66|女流 直播|女流 回放|女流 2026
BV1ocum6JExC,2026-08-09,【寅子】展示AI学习成果，上学这么努力，早超过女流66了？用这个做新歌MV！,带魔王,13:1,女流66
BV1n1uy6XExB,2026-08-09,女流66姐：现在想起来小时候三观还没形成，在游戏里喊老公，有点后怕了！,晚风遇66,1:41,女流66|女流 冒险岛
BV1a1u16rEWL,2026-08-09,女流66姐：什么？壮壮结婚了？男的女的？,晚风遇66,2:39,女流66|女流 冒险岛
BV1bQu16qEQx,2026-08-09,【女流66】我与YJJ不共戴天！冒险岛大型婚礼现场，祝66炮神新婚快乐，人山人海谁反对？新郎被挤掉下台啦！~,服部平次,39:16,女流66|女流 冒险岛|石大壮 女流
BV1J7uj6MEUA,2026-08-09,【女流66】运气爆棚！冒险岛随发型第三期，11次出蓝色厮守发型？炮神：我接受不了，我点了800下才出！~,服部平次,39:34,女流66|女流 冒险岛
BV1Yhuj6bEn2,2026-08-09,女流66姐：壮壮咋这么多男粉呢？不过也能理解！,晚风遇66,0:51,女流66|女流 冒险岛
BV1Ffuj6gEx5,2026-08-09,【女流66】【2026-08-08】《冒险岛怀旧服二转》,bobi华,162:16,女流66|女流 直播|女流 冒险岛|女流 2026
BV1ERuG64EYU,2026-08-09,女流66：壮壮老是以下克上！我只有长时间不上线！他就把我踢出公会！,小叮当的故事集,1:9,女流66
BV1FQuG6bEft,2026-08-09,女流66：远程操作会被封号？远程操作也是一种外挂吗？,小叮当的故事集,1:39,女流66|女流 冒险岛
BV1kau762EzN,2026-08-09,女流66姐谈当年玩冒险岛时，壮壮二老公和大老公见面的场景！,晚风遇66,1:52,女流66|女流 冒险岛
BV1PkuG6vE1a,2026-08-09,女流66：冒险岛里没结婚的 玩什么冒险岛，它就是社交游戏！,小叮当的故事集,1:19,女流66|女流 冒险岛
BV1cbuV6PEkj,2026-08-09,YJJ女流66结婚啦！这次是在冒险岛，水友们祝福俩口子早生贵子~  66：已有朵朵,恶龙炮OvO,13:16,女流66|女流 冒险岛
BV1pTu56TE9w,2026-08-08,【女流66】《冒险岛》怀旧服第四天，女流❤YJJ，我们结婚啦，08.08直播录像弹幕版~,服部平次,161:52,女流66|女流 直播|女流 冒险岛|石大壮 女流
BV1xfuV6kEs9,2026-08-08,[女流66/直播回放] 冒险岛怀旧服二转 2026年08月08日 (弹幕版),怪盗基德KID,162:14,女流66|女流 直播|女流 回放|女流 冒险岛|女流 2026
BV1xcu563ES8,2026-08-08,【女流66】《冒险岛怀旧服》第四天体验，随蓝色厮守发型，帮YJJ随水灵灵脸型，跟YJJ结婚 08.08完整直播录像弹幕版,不懒bot,161:50,女流66|女流 直播|女流 冒险岛|石大壮 女流
BV1rWu36ZELV,2026-08-08,【纯净版】【冒险岛怀旧服二转】【2026-08-08】【女流66】,直播回放巴拉蹦吧,163:7,女流66|女流 直播|女流 回放|女流 冒险岛|女流 2026
BV11Lu36PEo3,2026-08-08,【弹幕版】【冒险岛怀旧服二转】【2026-08-08】【女流66】,直播回放巴拉蹦吧,163:7,女流66|女流 直播|女流 回放|女流 冒险岛|女流 2026
BV1PJu36aEVM,2026-08-08,【女流66】冒险岛11发就出“厮守”发型！  欧皇这一块还得看66，炮炮800发才出真的栓Q~,恶龙炮OvO,2:15,女流66|女流 冒险岛
BV1U2uu6NE9C,2026-08-08,女流66姐：哦！我帅气的弟弟，尊贵的魔法师！,晚风遇66,1:4,女流66|女流 冒险岛
BV1U4uM6FEBk,2026-08-08,【主播连连看】EP13：家庭、婚姻和舆论,小黑Alpha,10:40,女流66
BV1Y7uM6KENf,2026-08-08,【YJJ】冒险岛炮神整容院开业啦，有请第一位受害者龙懒懒，喜欢你的新老公吗壮壮？~,服部平次,15:41,女流66|女流 冒险岛
BV1mNuT6sEH4,2026-08-08,女流66：我现在哄朵朵睡觉 她现在对歌曲有要求了！要唱没听过的歌曲！,小叮当的故事集,2:4,女流66|女流 冒险岛
BV1YiuT6PEWn,2026-08-08,女流66：壮壮 你在冒险岛里找个女朋友？怎么样！壮壮：我现在只想变强！,小叮当的故事集,1:42,女流66|女流 冒险岛
BV1eeuT6vENv,2026-08-08,女流66回忆自己玩魔兽世界怀旧服！一个新手村的怪 大家排几百米的队伍！轮流打怪！,小叮当的故事集,2:20,女流66|女流 冒险岛
BV1fpu863EPY,2026-08-07,菠神的人脉你永远想不到！牌面拉满！,满满呀丶,9:8,女流66
BV16cuh6LEuw,2026-08-07,【女流66】和壮壮讨论给家族取名字  66的叫石全石美  壮壮叫石话石说 炮炮叫何去何从,女流录像小屋,9:5,女流66|女流 冒险岛|女流录像小屋
BV1t4uh6tEs1,2026-08-07,【女流66】壮壮冒险岛结婚了 又是和男的！找老公也要怀旧是没想到的,女流录像小屋,3:6,女流66|女流 冒险岛|女流录像小屋
BV1QYut6dEh9,2026-08-07,【女流66】炮炮给66冒险岛抽发型 抽到66同款发型,女流录像小屋,7:55,女流66|女流 冒险岛|女流录像小屋
BV15but68EKx,2026-08-07,石大壮：穿越回被姐姐摔的前一刻，这一次我一定要...,维乐探长-,3:9,女流66|石大壮 女流
BV1eQub6YEGa,2026-08-07,【女流66】壮壮小时候玩冒险岛认了两个老公 后面被抓包了 像短剧里的狗血剧情 不过是三个男人的,女流录像小屋,5:15,女流66|女流 冒险岛|女流录像小屋
BV1Jzub6rEkZ,2026-08-07,女流66姐:壮壮又去当伴郎了，他当伴郎的次数2只手都数不过来了!,晚风遇66,1:58,女流66|女流 直播
BV1fguH6EEVn,2026-08-07,炮神与壮壮都进入冒险岛服务器，女流66“崩溃”无语,小叮当的故事集,2:17,女流66|女流 冒险岛
BV1KRun6bEpc,2026-08-07,女流66回忆小时候玩冒险岛被人盗号，等自己上线，只剩个裤衩 站在自由交易市场！,小叮当的故事集,2:41,女流66|女流 冒险岛
BV16vu46iE4t,2026-08-07,女流66姐:现在七大姑八大姨都方便看我直播了!那会有压力吗？,晚风遇66,1:32,女流66|女流 直播
BV1MZu46DE1r,2026-08-07,女流66姐:在内蒙待在父母身边还是挺舒服的，有种可以撒娇的感觉!谁不是父母的小宝呢？,晚风遇66,3:34,女流66
BV19JuH63E9h,2026-08-07,女流66：炮神 你在上海跟XDD过吧！我能让你气死！炮神：那皮皮怎么办？,小叮当的故事集,1:41,女流66
BV1wwuH69EBB,2026-08-07,[女流66/直播回放] 我的脑子应该没有问题 2026年08月07日 (弹幕版),怪盗基德KID,109:34,女流66|女流 直播|女流 回放|女流 2026
BV1djuH6VE5i,2026-08-06,【女流66】【2026-08-06】《我的脑子应该没有问题》,bobi华,109:42,女流66|女流 直播|女流 2026
BV1aWuH6zEh5,2026-08-06,【女流66】HyperX 飓风3S耳机代言，《快照 Snapshots》解谜休闲游戏，08.06直播录像弹幕版~,服部平次,109:29,女流66|女流 直播
BV1XpuH6uECU,2026-08-06,【女流66】《Snapshots》解压整理收纳解谜休闲游戏 08.06完整直播录像弹幕版,不懒bot,110:7,女流66|女流 直播
BV1eZuH6LEZj,2026-08-06,【纯净版】【我的脑子应该没有问题】【2026-08-06】【女流66】,直播回放巴拉蹦吧,110:56,女流66|女流 直播|女流 回放|女流 2026
BV1Ywup6kEqN,2026-08-06,【弹幕版】【我的脑子应该没有问题】【2026-08-06】【女流66】,直播回放巴拉蹦吧,110:56,女流66|女流 直播|女流 回放|女流 2026
BV15ZuH6jE4Y,2026-08-06,享受！YJJMad98三角洲模仿秀  98模仿奶狗、要亲亲  炮神纯享受了，给他模仿爽了！,恶龙炮OvO,10:56,女流66
BV1gHuJ6AE3B,2026-08-06,66姐玩《冒险岛怀旧服》，不用像以前那样了，可以消费啦！,晚风遇66,2:14,女流 冒险岛
BV1awMU6yEKk,2026-08-06,女流66_冒险岛怀旧服弓箭手_2026-08-05_14-36-07,笨蛋雪人像素头,163:20,女流66|女流 直播|女流 抖音|女流 冒险岛|女流 2026
BV1zrM16nEfx,2026-08-06,【女流66】大胆预测 壮壮下一个女朋友是玩冒险岛认识的！除了入室抢劫别人太难闯进他的生活了,女流录像小屋,1:34,女流66|女流 冒险岛|女流录像小屋
BV1xuM26wEQ7,2026-08-06,【女流66】和壮壮玩游戏建了很多公会 但最后他都给我踢了,女流录像小屋,1:46,女流66|女流 冒险岛|女流录像小屋
BV1W5M26ZEYU,2026-08-06,【女流66】收到一个私信说是和我高中玩冒险岛的小妹妹 点进去一看是个四十岁的大叔？66：我一看就知道是冒充的,女流录像小屋,1:15,女流66|女流 冒险岛|女流录像小屋
BV15iM26CEF7,2026-08-05,女流66，YJJ，石大壮，twt，机械狂欢，多人联机欢乐无限！,证本明源,117:43,女流66|石大壮 女流
BV1soM26FEuS,2026-08-05,【女流66】和炮炮壮壮兔子一起玩《机械狂欢》，恶魔轮盘新作，友尽多人联机游戏，08.05直播录像弹幕版~,服部平次,129:17,女流66|女流 直播|石大壮 女流
BV1D1M26qEF4,2026-08-05,【女流66】【2026-08-05 晚间 】《我的智力没有问题》,bobi华,131:11,女流66|女流 直播|女流 2026
BV1uAMy6bEn7,2026-08-05,【女流66】《机械狂欢》恶魔轮盘作者新作，跟炮炮壮壮兔子爆笑多人联机派对游戏 08.05完整直播录像弹幕版,不懒bot,130:12,女流66|女流 直播|石大壮 女流
BV1YdMC6PEjg,2026-08-05,[女流66/直播回放] 我的智力没有问题 2026年08月05日 (弹幕版),怪盗基德KID,129:18,女流66|女流 直播|女流 回放|女流 2026
BV16HMy6LE57,2026-08-05,【女流66】这也怀旧？好消息：壮壮冒险岛结婚啦！坏消息：时隔二十年，找的还是男老公！~,服部平次,48:11,女流66|女流 冒险岛|石大壮 女流
BV1cFM16JE4R,2026-08-05,【女流66】【2026-08-05】《冒险岛怀旧服弓箭手》,bobi华,164:33,女流66|女流 直播|女流 冒险岛|女流 2026
BV1qWMk6KE8v,2026-08-05,女流66：老弟听说你昨天结婚啦，家族建好了给你老公留个位置！家族取什么名字好？！,证本明源,46:5,女流66|女流 冒险岛|石大壮 女流
BV1jWMk6KESW,2026-08-05,【女流66】《冒险岛》怀旧服正式上线第三天，石全石美家族成立啦，08.05直播录像弹幕版~,服部平次,165:21,女流66|女流 直播|女流 冒险岛|石大壮 女流
BV1jnMk6MEi1,2026-08-05,【弹幕版】【冒险岛怀旧服弓箭手】【2026-08-05】【女流66】,直播回放巴拉蹦吧,297:4,女流66|女流 直播|女流 回放|女流 冒险岛|女流 2026
BV1H9Mk61Ed6,2026-08-05,[女流66/直播回放] 冒险岛怀旧服弓箭手 2026年08月05日 (弹幕版),怪盗基德KID,164:28,女流66|女流 直播|女流 回放|女流 冒险岛|女流 2026
BV1EnMk6MENQ,2026-08-05,【女流66】《冒险岛怀旧服》开服第三天体验，跟壮壮在绿水灵组建石全石美家族 08.05完整直播录像弹幕版,不懒bot,165:0,女流66|女流 直播|女流 冒险岛|石大壮 女流
BV1ASMk6EE2z,2026-08-05,【纯净版】【冒险岛怀旧服弓箭手】【2026-08-05】【女流66】,直播回放巴拉蹦吧,297:4,女流66|女流 直播|女流 回放|女流 冒险岛|女流 2026
BV1FQM66uEau,2026-08-05,女流66姐:朵朵睡觉会唱歌哄她，但一首歌不能老唱，朵朵:切歌，下一首!哈哈!,晚风遇66,1:47,女流66
BV1ueM66DEUH,2026-08-05,YJJ帮女流66角色换发型，并染了绿色！炮神直言鹤立鸡群，运气变好爆装备了！,证本明源,20:26,女流66|女流 冒险岛
BV1e1Mr6wEya,2026-08-05,姐姐:你说你在冒险岛找个女朋友咋样?壮壮:我只想变强啊!,晚风遇66,2:41,女流 冒险岛
BV1wAMB6NEhz,2026-08-05,女流66_冒险岛怀旧服三区绿水灵_2026-08-04_15-32-27,笨蛋雪人像素头,67:9,女流66|女流 直播|女流 抖音|女流 冒险岛|女流 2026
BV1M8MB61EHZ,2026-08-05,女流66_冒险岛怀旧服_2026-08-03_21-10-25,笨蛋雪人像素头,160:14,女流66|女流 直播|女流 抖音|女流 冒险岛|女流 2026
BV1sBMB6gE5e,2026-08-04,【女流66】冒险岛怀旧服 先充值30万点券 不再是小时候扣搜的自己了！,女流录像小屋,11:37,女流66|女流 冒险岛|女流录像小屋
BV1e4uA6REJT,2026-08-04,【女流66】你就宠他吧！冒险岛随发型第二期，炮神软磨硬泡，第一次就随到66本人！跟我一模一样，喜欢吗？~,服部平次,31:18,女流66|女流 冒险岛
BV1vpuA64E97,2026-08-04,【女流66】冒险岛怀旧服，YJJ说帮你随一个发型，带他逛游戏商城，这波审美打几分,不懒bot,15:20,女流66|女流 冒险岛
BV1s4uP6CEqT,2026-08-04,【女流66】【2026-08-04】《冒险岛怀旧服三区绿水灵》,bobi华,193:19,女流66|女流 直播|女流 冒险岛|女流 2026
BV1iPuP6bEur,2026-08-04,【女流66】《冒险岛》怀旧服正式上线第二天，3区绿水灵等你，08.04直播录像弹幕版~,服部平次,193:3,女流66|女流 直播|女流 冒险岛|石大壮 女流
BV1jFuw6WEwx,2026-08-04,（女流66）风水轮流转，我早上6点我就起了，今天轮到壮壮排队了！昨天说这主播进不去，今天说凭啥你能进去！,证本明源,3:31,女流66|女流 冒险岛|石大壮 女流
BV1CCuc6NE2R,2026-08-04,女流66讲弟弟和他两位老公的故事，特别像短剧剧情！当年二人共用一个冒险岛账号！,证本明源,7:44,女流66|女流 冒险岛|石大壮 女流
BV1Rruw6sEXG,2026-08-04,[女流66/直播回放] 冒险岛怀旧服三区绿水灵 2026年08月04日 (弹幕版),怪盗基德KID,192:58,女流66|女流 直播|女流 回放|女流 冒险岛|女流 2026
BV1druw6sE4S,2026-08-04,【女流66】《冒险岛怀旧服》开服第二天体验，在绿水灵玩弓箭手 08.04完整直播录像弹幕版,不懒bot,193:37,女流66|女流 直播|女流 冒险岛|石大壮 女流
BV1ZBuw64Egw,2026-08-04,【弹幕版】【冒险岛怀旧服三区绿水灵】【2026-08-04】【女流66】,直播回放巴拉蹦吧,194:8,女流66|女流 直播|女流 回放|女流 冒险岛|女流 2026
BV1Gmuw6HEa5,2026-08-04,【纯净版】【冒险岛怀旧服三区绿水灵】【2026-08-04】【女流66】,直播回放巴拉蹦吧,194:8,女流66|女流 直播|女流 回放|女流 冒险岛|女流 2026
BV1wxuw6iEAt,2026-08-04,冒险岛开服火爆异常!三人排队半小时根本进不去啊!,晚风遇66,3:59,女流 冒险岛
BV15dMf6EECU,2026-08-04,壮壮谈以前冒险岛遭遇洗号，可恶啊!姐姐:我也经历过!,晚风遇66,3:30,女流 冒险岛
BV1nCMf64E7e,2026-08-04,女流66姐:你留在上海和小叮当过吧，别回来了，要被你气死!哈哈!我知道～,晚风遇66,2:59,女流66
BV1Awuc6PEqg,2026-08-04,冒险岛ID被抢?问题不大!朵朵爹，朵朵妈，朵朵舅准备上线!,晚风遇66,2:30,女流 冒险岛
BV1gwMZ6iENA,2026-08-04,女流66姐冒险岛ID被抢猪，直接在咸鱼标价999说是!,晚风遇66,2:17,女流66|女流 直播|女流 冒险岛
BV1CoMZ6ZEcM,2026-08-04,女流66_冒险岛怀旧服_2026-08-03_14-06-41,笨蛋雪人像素头,207:20,女流66|女流 直播|女流 抖音|女流 冒险岛|女流 2026
BV1mkMd68EZz,2026-08-04,【女流66】壮壮在冒险岛找个女朋友怎么样 我和炮炮经常聊冒险岛呢 每次过年聊到这个话题66都笑,女流录像小屋,1:58,女流66|女流 冒险岛|女流录像小屋
BV1MxMo6wEeJ,2026-08-04,【女流66】冒险岛怀旧服排队 想到了小时候的噩梦就是卡在界面进不去,女流录像小屋,3:18,女流66|女流 冒险岛|女流录像小屋
BV1iTMo6VEds,2026-08-04,【女流66】冒险岛怀旧服正式上线 女流66ID在某鱼上被挂到999 炮炮在一旁疯狂询问自己ID多少钱,女流录像小屋,1:52,女流66|女流 冒险岛|女流录像小屋
BV1w9M96LEoe,2026-08-04,女流66的前前男友发来好友申请，那我能加你嘛，我都结婚了！没钱买药让壮壮去磕头？,证本明源,54:0,女流66|石大壮 女流
BV1bpMR6sETF,2026-08-03,[女流66/直播回放] 冒险岛怀旧服 2026年08月03日 (弹幕版),怪盗基德KID,162:15,女流66|女流 直播|女流 回放|女流 冒险岛|女流 2026
BV1dPMR6qExM,2026-08-03,YJJ借用皮皮直播间  化妆桌爆改电脑桌  炮炮带上猫耳，谁还不是个PP呢？！,恶龙炮OvO,1:37,女流66|女流 直播
BV1gFMd6FELZ,2026-08-03,女流66冒险岛，三个多小时没进去，算了，不排了！“女流66”ID被抢注卖999！,证本明源,9:15,女流66|女流 冒险岛|石大壮 女流
BV1xpMX62EJM,2026-08-03,【女流66】【2026-08-03】《冒险岛怀旧服》,bobi华,370:52,女流66|女流 直播|女流 冒险岛|女流 2026
BV1bLMX6HEQZ,2026-08-03,【女流66】冒险岛怀旧服排了一下午没进去，ID“女流66”已被抢注？还是个男号，闲鱼上卖999！~,服部平次,2:20,女流66|女流 冒险岛|石大壮 女流
BV1HhMX63E2f,2026-08-03,【女流66】《冒险岛》怀旧服今日正式上线，和炮炮壮壮重温童年回忆，08.03直播录像弹幕版~,服部平次,370:45,女流66|女流 直播|女流 冒险岛|石大壮 女流
BV13YM96fEyz,2026-08-03,【女流66】《冒险岛怀旧服》开服第一天体验，跟炮炮壮壮重回盛大的冒险 08.03完整直播录像弹幕版,不懒bot,370:41,女流66|女流 直播|女流 冒险岛|石大壮 女流
BV17JM96BERD,2026-08-03,【弹幕版】【冒险岛怀旧服】【2026-08-03】【女流66】,直播回放巴拉蹦吧,372:31,女流66|女流 直播|女流 回放|女流 冒险岛|女流 2026
BV1jsM96NEza,2026-08-03,[女流66/直播回放] 冒险岛怀旧服 2026年08月03日 (弹幕版),怪盗基德KID,208:8,女流66|女流 直播|女流 回放|女流 冒险岛|女流 2026
BV1FjM966EjU,2026-08-03,【纯净版】【冒险岛怀旧服】【2026-08-03】【女流66】,直播回放巴拉蹦吧,372:31,女流66|女流 直播|女流 回放|女流 冒险岛|女流 2026
BV1CH3Z6YEdv,2026-08-03,我们_当红主播_女流66给yjj 怒充两个648ba,国公六盘,0:36,女流66|女流 直播
BV1RR3R6VEup,2026-08-03,壮壮鸣潮3.1确认击沉，女流阿列夫6被反甲后进入世界，顶级智斗夺走小爱周边,与笑书,14:12,女流66|石大壮 女流
BV1cC3R6QEck,2026-08-03,线上线下追着刀！姐姐过来叫他别难过 石大壮鸣潮3.1爱弥斯剧情,无敌小球球_,25:10,女流66|石大壮 女流
BV1Zt3d6DEXi,2026-08-03,石大壮过鸣潮3.1：我那一刻恨死库洛了，反复刀我那条线,理解与喇叭,87:42,女流66|石大壮 女流
BV1Bt3d6DEQV,2026-08-03,为了小爱能平安回家，壮壮抽二游最后的6+5，另外尤诺是谁？,Mr_Lawliet,27:5,女流66
BV1B83d6JErS,2026-08-03,石大壮误看《若梦》二创，彻底走不出来了,時の旅行,2:11,女流66|石大壮 女流
BV1Jt3d6QEnk,2026-08-03,太惨了！壮壮刚被刀完又被姐姐薅走小爱周边！,Mr_Lawliet,8:28,女流66
BV1z83d6nE7b,2026-08-03,壮壮 别.难过被击沉！最后姐姐现场补刀神了！,Mr_Lawliet,27:36,女流66
BV1F43d6pEFF,2026-08-03,新鲜悲鸣，石大壮过鸣潮3.1被击沉，8月2日晚上场,時の旅行,350:36,女流66|石大壮 女流
BV1233d6aE47,2026-08-02,姐弟智斗小爱周边！别难过，壮壮，对了周边呢。你怎么找到的？！,理解与喇叭,13:51,女流66
BV1bT3d6KEXk,2026-08-02,新鲜悲鸣，石大壮过鸣潮3.1被击沉,時の旅行,10:45,女流66|石大壮 女流
BV1Nj3d6FEAT,2026-08-02,女流66与大壮上演顶级智斗，扮演线下阿列夫一,時の旅行,14:0,女流66|石大壮 女流
BV1Wj3d6FEYp,2026-08-02,一切都在女流66的计算之中！但是被反甲了，爱弥斯周边也没智斗成功！石大壮过鸣潮3.1主线剧情被击沉,七丘决斗王,24:14,女流66|石大壮 女流
BV1y53d68Eem,2026-08-02,姐弟鸣潮3.1双双击沉！女流66：别难过壮壮，我被反甲了。对了爱弥斯周边呢,理解与喇叭,39:50,女流66|石大壮 女流
BV1A73d6bEks,2026-08-02,【含3.0初见】女流66打劫了！石大壮鸣潮3.1主线剧情被结尾爆杀，库洛你是不是有病，就想要让我哭！女流66还贴心送纸想要小爱周边！,奕笙Lang,26:32,女流66|石大壮 女流
BV1K53d6hEHk,2026-08-02,【鸣潮】哭到哽咽破防逃离！石大壮的悲鸣让姐姐女流都触发反甲！,不去想她不就好了,19:50,石大壮 女流
BV1y53d68Eed,2026-08-02,什么都没守护到！石大壮过完鸣潮3.1被女流66找到藏的爱弥斯周边，壮壮直接人都傻了这下什么都没了！,奕笙Lang,5:35,女流66|石大壮 女流
BV1x53d6hEjJ,2026-08-02,女流66亲自帮壮壮擦眼泪😭库洛刀成这样想干嘛？石大壮鸣潮3.1主线精剪：全程坐化生无可恋！惨被劲爆尾杀击沉😭无人幸免66姐也被反甲,Er汐汐脑公罢,21:17,女流66|石大壮 女流
BV1tU3d6TEi5,2026-08-02,智斗巅峰！石大壮被鸣潮3.1结尾击沉，女流66“贴心”送上纸巾安慰，图穷匕见问壮壮要爱弥斯周边,奕笙Lang,8:56,女流66|石大壮 女流
BV1813d6uEvE,2026-08-02,再次击沉不停抹泪！石大壮看爱弥斯对自己说别难过痛苦不已，结果刚结束就被变态女流66姐疯狂补刀！,こ安静想梦游タ,5:51,女流66|石大壮 女流
BV14X3d6eEc2,2026-08-02,太有节目效果了，女流手拿纸巾变奏入场对大壮说别难过,死亡-咫恋,1:42,女流66|石大壮 女流
BV1mX3d6eEjc,2026-08-02,石大壮过完鸣潮3.1刚心碎姐姐女流进来送纸巾说别难过节目效果拉满！,不去想她不就好了,1:8,石大壮 女流
BV1tS3d6iEJG,2026-08-02,全军覆没！石大壮鸣潮3.1闭环刀到坐化，女流66吸收悲鸣惨遭反甲，壮壮默默关摄像头封烟逃避现实,奕笙Lang,9:23,女流66|石大壮 女流
BV1hk3d63EmE,2026-08-02,半场开香槟！石大壮鸣潮3.1歌友会嗨爆了，女流66发SC想吸收悲鸣失败，壮壮表示悲鸣不了一点！,奕笙Lang,2:57,女流66|石大壮 女流
BV1Gz3d65EUK,2026-08-02,当石大壮得知姐姐来看自己过鸣潮3.1：悲鸣不了一点。女流66：还不能笑,七丘决斗王,1:2,女流66|石大壮 女流
BV16K3o6REvr,2026-08-02,进入状态！“我一定要救回她”壮壮3.1渐湖小屋；“我也要生个女儿”,Mr_Lawliet,26:38,女流66
BV14M396oEdc,2026-08-02,正片开始！壮壮3.1悲鸣预警⚠️,Mr_Lawliet,5:34,女流66
BV17T3R6jEc7,2026-08-02,一家二次元！石大壮谈第一次认识爱弥斯是在姐姐女流66的表情包，当时姐姐发了个Ciallo～(∠・ω )⌒☆,奕笙Lang,3:13,女流66|石大壮 女流
BV1Vj3R6gEYo,2026-08-02,壮壮看祝福，看来没完全被剧透,Mr_Lawliet,5:27,女流66
BV1dV3R6GEHt,2026-08-02,壮壮看拯救，今晚3.1,Mr_Lawliet,7:25,女流66
BV1373R6zEdt,2026-08-02,【女流雀王战A】-字一色小四喜,里見佑梨,6:13,女流 直播
BV1dE3m6REmJ,2026-08-02,被莫宁钓成翘嘴，壮壮已忘本，莫小妹还是太权威了,Mr_Lawliet,10:20,女流66
BV1rRGG6TEUB,2026-08-01,石大壮说喜欢捡宝箱，姐姐说那你把我号的宝箱也都捡了吧，祝你昨天生日快乐！,证本明源,5:31,女流66|石大壮 女流
BV1WhGV6kEMS,2026-08-01,壮壮无法共情2个月之前的石大壮说是,Mr_Lawliet,35:53,女流66|石大壮 女流
BV1W8GV6VEip,2026-08-01,边哭边笑！壮壮在线吸收石大壮3.4联动悲鸣,Mr_Lawliet,4:6,女流66|石大壮 女流
BV1TzGg66ELd,2026-08-01,旅途愉快！壮壮回看2个月前的自己3.0开头部分,Mr_Lawliet,1:47,女流66
BV1ir3t6ME9H,2026-07-30,真是节目效果吗？！YJJ大坝连送2小时  满血六套被白蛋修死！别人六套大坝是炸鱼  炮神玩的是生死局,恶龙炮OvO,18:37,女流66
BV1qv3x6eEit,2026-07-30,大黑手来了！石大壮代抽穗穗，直接接连几个大保底，把后面的人都吓跑了,收容失效君,3:49,女流66|石大壮 女流
BV1Hd3J6dEHi,2026-07-30,YJJ吐槽小新是貔貅  狐系前男友直接飞机一架   新哥！我在帮你说话呢~,恶龙炮OvO,1:46,女流66
BV1qK3C67EEJ,2026-07-29,女流66姐:为啥不帮姐带娃捏?壮壮:怕自己带不好啊!,晚风遇66,1:41,女流66
BV1Bz3z6uEje,2026-07-28,YJJXDD双无名航天修脚  俩人互相指挥一把没撤！der比操作让左神直呼：炮神，巅峰赛别碰到我.....,恶龙炮OvO,13:51,女流66
BV1tQ3v6yEhM,2026-07-28,女流66姐:翻到相册里以前点照片，真的怀念青春的感觉了!,晚风遇66,1:48,女流66|女流 直播
BV1M23Y6gEQG,2026-07-28,女流66姐:果然不管多大，再父母眼里都是小孩啊，二哥:你得多吃，那有营养，哈哈，很真实了!,晚风遇66,1:25,女流66
BV1LG3e6pEy5,2026-07-28,【女流66】和炮炮壮壮玩《风暴怕死队》 炮炮全程不思考 问壮壮怎么选 66：这么好的小舅子真是修来的福分,女流录像小屋,3:5,女流66|女流录像小屋
BV1KD3Y6qExa,2026-07-28,【女流66】壮壮为什么不管炮炮叫姐夫 66：他俩各论各的 认识的比我还早,女流录像小屋,1:10,女流66|女流录像小屋
BV1Md3A6QE3E,2026-07-28,【女流66】【2026-07-27】《风暴怕死队》,bobi华,182:27,女流66|女流 直播|女流 2026
BV1FV3P6gEuA,2026-07-28,女流66和老公弟弟一起玩游戏被封，为啥封我？,证本明源,23:31,女流66|石大壮 女流
BV1AF3w63Evh,2026-07-27,YJJ左神皮皮航天修脚  修脚太欢乐忘了壮壮和66  我要drop了，老婆打电话没接,恶龙炮OvO,11:17,女流66
BV16K3w6TE5q,2026-07-27,[女流66/直播回放] 风暴怕死队 2026年07月27日 (弹幕版),怪盗基德KID,182:2,女流66|女流 直播|女流 回放|女流 2026
BV1HP3w6BExU,2026-07-27,【女流66】跟炮炮壮壮联机《风暴怕死队》肉鸽爽游射击游戏，猎魔人继续出发，暖雪团队新作 07.27完整直播录像弹幕版,不懒bot,182:15,女流66|女流 直播|石大壮 女流
BV1kP3w6BEw4,2026-07-27,【女流66】和炮炮壮壮联机《风暴怕死队》第二天，超爽肉鸽射击游戏，07.27直播录像弹幕版~,服部平次,181:49,女流66|女流 直播|石大壮 女流
BV1g13c6DEqU,2026-07-27,【弹幕版】【风暴怕死队】【2026-07-27】【女流66】,直播回放巴拉蹦吧,183:24,女流66|女流 直播|女流 回放|女流 2026
BV1TR3c6yEPd,2026-07-27,【纯净版】【风暴怕死队】【2026-07-27】【女流66】,直播回放巴拉蹦吧,183:24,女流66|女流 直播|女流 回放|女流 2026
BV1Z6gd6UEnj,2026-07-27,女流66姐:壮壮真是士别三日，当刮目相看呐!,晚风遇66,1:7,女流66
BV1XQgd63EHu,2026-07-27,赤峰对夹忠实爱好者女流66姐:内蒙的天气适合出门遛娃!,晚风遇66,1:31,女流66
BV1L4go67EKU,2026-07-27,女流66_风暴怕死队_2026-07-26_20-37-50,笨蛋雪人像素头,154:33,女流66|女流 直播|女流 抖音|女流 2026
BV1Kng96REtN,2026-07-26,第17回駒テラジオ  360°映像 【室谷由紀女流三段】【加藤結李愛女流二段】【小高佐季子女流初段】,耀星yoosin,74:32,女流 直播
BV127g96dEEz,2026-07-26,[女流66/直播回放] 风暴怕死队 2026年07月26日 (弹幕版),怪盗基德KID,155:51,女流66|女流 直播|女流 回放|女流 2026
BV1RPg96vEzR,2026-07-26,【女流66】暖雪团队新作，跟炮炮壮壮玩《风暴怕死队》多人联机肉鸽爽游射击游戏 07.26完整直播录像弹幕版,不懒bot,156:9,女流66|女流 直播|石大壮 女流
BV1Lcg96BEUp,2026-07-26,【弹幕版】【风暴怕死队】【2026-07-26】【女流66】,直播回放巴拉蹦吧,156:41,女流66|女流 直播|女流 回放|女流 2026
BV1Xug96wEhR,2026-07-26,【纯净版】【风暴怕死队】【2026-07-26】【女流66】,直播回放巴拉蹦吧,156:41,女流66|女流 直播|女流 回放|女流 2026
BV1Qgg96hEvA,2026-07-26,【女流66】【2026-07-26】《风暴怕死队》,bobi华,156:15,女流66|女流 直播|女流 2026
BV1Qug96wE2v,2026-07-26,【女流66】和炮炮壮壮联机《风暴怕死队》，超爽肉鸽射击游戏，07.26直播录像弹幕版~,服部平次,156:16,女流66|女流 直播|石大壮 女流
BV1C33J6dE7G,2026-07-26,女流66姐:壮壮现在播的越来越起劲了，要焕发第二春?,晚风遇66,2:8,女流66|石大壮 女流
BV1ch3j6jEma,2026-07-26,各大主播穿越永劫无间，自己玩自己会是什么体验？,暴躁DE橙子,0:36,女流66
BV1jR336sEj9,2026-07-26,【第3夜】小高佐季子女流初段の恐怖游戏実況【青鬼】,耀星yoosin,153:7,女流 直播
BV1rk336YEru,2026-07-26,【第2夜】小高佐季子女流初段の恐怖游戏実況【青鬼】,耀星yoosin,135:22,女流 直播
BV1Wn3G6qE6z,2026-07-25,【第1夜】小高佐季子女流初段の恐怖游戏実況【青鬼】,耀星yoosin,130:25,女流 直播
BV1qrgY6SETn,2026-07-24,XDD：12个人 高考分加起来都没有女流66一个人高？兄弟 我都没参加过高考！,龙小沫LOVE,1:36,女流66
BV1augY6rEHV,2026-07-24,石大壮倒下了！石大壮玩白银之城：难绷，姐姐要玩的话肯定给弟弟取名叫石大壮,理解与喇叭,22:58,石大壮 女流
BV1dNgY65E2n,2026-07-24,【CSTG】阿海给李李整急眼了，惩罚黑丝，感觉你比苹果还唐一点，x苹果x比你聪明，身材也比你好！,带魔王,4:3,女流66
BV1ZGgt6PEtD,2026-07-24,XDD：12个人 高考分数加起来都没有女流66一个人高！兄弟 我们都没参加过高考！,小叮当的故事集,1:36,女流66
BV1Kvgt6JExK,2026-07-24,【CSTG】南树差点吓哭李李，再见了李小妹，你先休息两年在播，输了给寅子发723生日快乐！,带魔王,5:33,女流66
BV1rxgQ6kE1p,2026-07-23,【将棋】竹部さゆり女流四段vs小髙佐季子女流初段、和田はな女流初段vs梅津美琴女流初段 第20期マイナビ女子オープン予備予選,耀星yoosin,118:6,女流 直播
BV1K3gm6qELN,2026-07-23,【寅子】723南树带头开串，老头：女流66为啥能赢？她心里有数，让让阿飞，毕竟是自家外甥！,带魔王,5:22,女流66
BV1qsgm6oEqe,2026-07-23,女流66姐谈最喜欢炮炮送的什么礼物?,晚风遇66,2:14,女流66|女流 直播
BV1LPgy6yEMZ,2026-07-23,哈娜问破围绕大壮十年的疑问，“安神豆腐渣”原是女流66亲赐“豆腐脑”后，大壮叛逆改成“渣”,御御御御坂丶,1:47,女流66|女流 直播|石大壮 女流
BV1sigz67Es9,2026-07-22,女流66姐:以前做视频30分钟被说短，现在20s属于长的了!,晚风遇66,2:48,女流66
BV12pKh6JERW,2026-07-21,【女流66】让炮炮给朵朵捡下勺子 炮炮像个AI 不下指令就楞住了,女流录像小屋,2:57,女流66|女流录像小屋
BV1LKKh6wEG2,2026-07-21,【女流66】最开始在优酷做视频30分钟大家都嫌不够看 现在抖音20秒就算长视频了,女流录像小屋,2:58,女流66|女流 抖音|女流录像小屋
BV1NyKt6BE4m,2026-07-21,【女流66】【2026-07-19】《鸣潮3.5》,bobi华,167:50,女流66|女流 直播|女流 2026
BV1CcKx6FEbs,2026-07-21,女流66姐看《鸣潮》演唱会，感谢这些二游让大家认识到更多好的歌手!,晚风遇66,4:12,女流66
BV1LaK166Eeh,2026-07-20,【女流雀王战A】御崎千结高光Cut：你混一色听三面又如何，谁牌大谁胡！,半轮月下梦,7:25,女流 直播|女流 切片
BV1NuKC6mEQ8,2026-07-20,【女流66】收到最喜欢的礼物是炮炮送的两三千的电子钢琴，他像人机要去下达指令~,不懒bot,9:9,女流66
BV1KKKC6SEvD,2026-07-20,秧秧玄翎比之前性格都变勇敢了些，这告白词说得我小鹿乱撞！女流66过鸣潮3.5主线剧情,七丘决斗王,12:0,女流66
BV1o4KC6NEwC,2026-07-20,你说穗穗向秧秧要周边会给吗？女流66过鸣潮3.5：听的我小鹿乱撞,理解与喇叭,43:54,女流66
BV1rEKC6rExZ,2026-07-20,【女流66】人机老公石锤！炮炮帮朵朵捡勺子，捡起来就站在那，下一个指令做一个行动，特像那种豆包AI！~,服部平次,4:20,女流66
BV15UK66WEn2,2026-07-20,【女流66】听鸣潮3.5秧秧玄翎EP《风之所在》，表白曲《且听风吟》，秧秧这首歌好好听，歌词里有刀？,不懒bot,11:27,女流66
BV1jCK66oEN1,2026-07-20,【女流66】炮炮送的哪个礼物我最喜欢？身后的电子钢琴，花了两三千下血本了，我想说哇塞，这也太大方了吧！现在成猫窝了，上面已经长毛了！~,服部平次,4:57,女流66|女流 2026|石大壮 女流
BV1YSK66XEiP,2026-07-19,这一段一段的😍都给我甜麻了！女流66看鸣潮3.5秧秧告白当场甜到捂着胸口！BGM《且听风吟》太有氛围感了（此时炮炮走了进来，这也能合轴？）,Er汐汐脑公罢,2:55,女流66
BV1McKr6LEeu,2026-07-19,【女流66】体验《鸣潮》3.5版本（下），漂泊者主线剧情「遗音扶剑，荡梦而歌」，07.19直播录像弹幕版~,服部平次,168:12,女流66|女流 直播
BV1McKr6LEDJ,2026-07-19,女流66，走吧打架时间到，这也太帅了吧！,证本明源,33:6,女流66|石大壮 女流
BV19hKr69Es1,2026-07-19,【女流66】谈古剑线下试玩超过预期，完整版能继续保持水准，再加上能讲好剧情，游戏卖的一定不会差！~,服部平次,6:8,女流66|女流 冒险岛
BV1d4Kr64Ea3,2026-07-19,人类精神意志传承！漂秧甜得直击心灵！女流66鸣潮3.5主线剧情精剪：文案多次点题！这片土地经历太多但人们依旧心存希望！秧秧最后说的是什么呀？不让看急死了,Er汐汐脑公罢,19:0,女流66
BV1gqKr6DEU7,2026-07-19,女流66鸣潮开摩托上山，怎么上不去啊，驾照考不过是有原因的是吗！,证本明源,4:14,女流66|石大壮 女流
BV1XYKr6pEAa,2026-07-19,【女流66】《鸣潮》3.5版本（下）主线剧情，玄翎振壑定澜音07.19全程直播录像弹幕版,不懒bot,168:19,女流66|女流 直播
BV1ZJKr6wEko,2026-07-19,【弹幕版】【鸣潮3.5】【2026-07-19】【女流66】,直播回放巴拉蹦吧,169:35,女流66|女流 直播|女流 回放|女流 2026
BV16jKr6NE9J,2026-07-19,【纯净版】【鸣潮3.5】【2026-07-19】【女流66】,直播回放巴拉蹦吧,169:35,女流66|女流 直播|女流 回放|女流 2026
BV1F5Kr6iE1M,2026-07-19,【女流66】YJJ现在跟人机一样“听指令行动” 没恋爱前炮炮送了一架电子钢琴，这是有效投资？,恶龙炮OvO,3:25,女流66
BV1J5Kz6ZEi4,2026-07-19,【女流66】石大壮展示演唱会伴手礼爱弥斯周边，顺丰给我，周边不见了姐姐~,不懒bot,11:7,女流66|石大壮 女流
BV1mBKz63ENm,2026-07-19,【女流66】看鸣潮演唱会爆料出剧集了 66：哇 有动画了！,女流录像小屋,5:10,女流66|女流录像小屋
BV1t7K66yEmL,2026-07-19,【女流66】和大伙一起直播看鸣潮演唱会,女流录像小屋,77:32,女流66|女流 直播|女流录像小屋
BV1tjKB6qEef,2026-07-19,【女流66】一个小爱周边引发姐弟决裂！“你跟小爱又不熟，顺丰给我”“不见了姐姐，她长腿飞了”“我没有这个弟弟”~,服部平次,9:53,女流66|石大壮 女流
BV1cgKT63Ef4,2026-07-19,【后半全程】女流66看鸣潮演唱会被击沉，疯狂夸飞行雪绒中之人tarokiki唱的绝！,七丘决斗王,76:31,女流66
BV1a3KM6bEJr,2026-07-19,kiki唱的太绝了！被击沉的女流66很担心石壮壮被剧透后自己吸收不到悲鸣，看鸣潮演唱会爱弥斯曲目：小小奇迹、靛青宇宙、纸飞机、那颗星梦见的春日、拉海洛之心,七丘决斗王,26:51,女流66|石大壮 女流
BV1XgKM6FEtK,2026-07-19,女流66看鸣潮剧集预告：鸣潮要出动画了？想知道啥时候放，刚新建文件夹还是啥,七丘决斗王,4:24,女流66
BV1UEKM69EVt,2026-07-19,女流66看老同事小缘在鸣潮演唱会唱《未竟之旅》,七丘决斗王,4:3,女流66
BV18LKM6dEjP,2026-07-19,女流66都不知道石大壮偷偷跑去了鸣潮演唱会：来北京也不来家里怕我抢爱弥斯周边，还是太了解我了,七丘决斗王,0:59,女流66|石大壮 女流
BV1BfKT6qEuC,2026-07-19,少女心都被甜出来了！女流66看鸣潮3.5剧情，漂泊者获得雷主形态后和秧秧的对话：有仙剑系列的感觉了,七丘决斗王,7:36,女流66
BV19pKN6WEtc,2026-07-19,这壮壮不被剧透了？女流：被击沉了，唉，但是哪怕知道大概脉络，也会被细节击沉。哪怕我2周目3周目也一样。,理解与喇叭,18:24,女流66
BV1RpKN6WE2o,2026-07-19,【石大壮】古剑线下试玩会，壶哥背后绝望凝视，烛龙这次真的很用心，整体能给到9分！~,服部平次,103:6,女流66|石大壮 女流
BV1C1KN6zEtL,2026-07-19,女流66.线上演唱会、鸣潮3.5-弹幕版,理解与喇叭,167:34,女流66
BV1foKN6cEmg,2026-07-18,【女流66】《鸣潮》3.5版本（中）主线剧情，穗穗路线07.18全程直播录像弹幕版,不懒bot,86:58,女流66|女流 直播
BV17ZKN6hE2Y,2026-07-18,看板娘含金量！头一次见阿漂这么主动！女流66鸣潮3.5雷主超帅变身+重逢秧秧剧情：这也太甜了吧！姨母笑根本停不下来,Er汐汐脑公罢,5:54,女流66
BV1qcKK6tEMW,2026-07-18,【女流66】【2026-07-18】《鸣潮3.5》,bobi华,167:44,女流66|女流 直播|女流 2026
BV1qcKK6tEKy,2026-07-18,女流66向弟弟要鸣潮周边遭拒绝，你把我当弱智吗，说丢了！,证本明源,5:18,女流66|石大壮 女流
BV1C4KK66EPn,2026-07-18,Asaki：看朋友们的生日祝福，排面和抽象并存啊,呆唯呆唯,8:20,女流66
BV1zBKK6AEGX,2026-07-18,【女流66】一起看鸣潮演唱会，Tarokiki唱的太好了，为飞行雪绒应援~,不懒bot,78:27,女流66
BV1xpKK6VE3o,2026-07-18,【弹幕版】【鸣潮3.5】【2026-07-18】【女流66】,直播回放巴拉蹦吧,170:28,女流66|女流 直播|女流 回放|女流 2026
BV1p4KK66ETL,2026-07-18,【纯净版】【鸣潮3.5】【2026-07-18】【女流66】,直播回放巴拉蹦吧,170:28,女流66|女流 直播|女流 回放|女流 2026
BV1mJKK6LEBH,2026-07-18,【女流66】一起看《鸣潮演唱会》再次被击沉，继续鸣潮3.5版本（中）穗穗线，07.18直播录像弹幕版~,服部平次,169:49,女流66|女流 直播
BV1H1KA6fE3U,2026-07-18,【石大壮】鸣潮演唱会伴手礼，开出隐藏款爱弥斯，千万别让姐姐知道！壮壮表示和她不熟，谁有尤诺，我和你换！~,服部平次,14:45,女流66|石大壮 女流
BV12vKA6qEY2,2026-07-18,【石大壮】去看鸣潮现场演唱会，小爱一登场被光速按头，防剧透朋友比我还急！现场质问你到底有几个老婆？~,服部平次,25:31,女流66|石大壮 女流
BV1q9KA6sETD,2026-07-18,好有排面！Asaki看主播朋友们给自己的生日祝福，雨哥太给面了！！大家都很抽象真好，感谢各位呀！！！,笙笙子,8:58,女流66
BV1vSNf6rEbR,2026-07-18,26年最好的朋友们祝Asaki大人生日快乐！！！,笙笙子,7:26,女流66
BV1zJKn6rEN3,2026-07-17,【女流66】之前出差还要住一晚 现在觉得好浪费时间,女流录像小屋,1:51,女流66|女流录像小屋
BV12mKn6pEjX,2026-07-17,女流66姐:现在借钱给别人就要抱着给点心态，我只能说太对了!,晚风遇66,3:29,女流66|女流 直播
BV1NxKJ6UEyw,2026-07-17,女流66姐:炮炮很适合当三体里的面壁者，哈哈!,晚风遇66,3:50,女流66|女流 直播
BV1tiKj65EFg,2026-07-17,女流66姐:BW做的真的蛮好的，一年比一年热闹了!,晚风遇66,1:34,女流66|女流 直播
BV1f8KV6DEJG,2026-07-17,【女流66】【2026-07-16】《鸣潮3.5》,bobi华,176:40,女流66|女流 直播|女流 2026
BV1XkKV6kEbK,2026-07-16,【女流66】《鸣潮》3.5版本（上）主线剧情潮汐任务「遗音扶剑，荡梦而歌」07.16全程直播录像弹幕版,不懒bot,176:39,女流66|女流 直播
BV1UUKV6BErU,2026-07-16,女流66直播回放 鸣潮3.5-弹幕版,理解与喇叭,177:29,女流66|女流 直播|女流 回放
BV1UUKV6BE1r,2026-07-16,女流66看鸣潮3.5玄方地界开场：修仙修到头也就在这儿住了,七丘决斗王,3:0,女流66
BV1umKV6gEge,2026-07-16,女流66看秧秧PV、《定玄》,理解与喇叭,20:40,女流66
BV1dJK567E5w,2026-07-16,【弹幕版】【鸣潮3.5】【2026-07-16】【女流66】,直播回放巴拉蹦吧,178:38,女流66|女流 直播|女流 回放|女流 2026
BV1DmKV6uEiG,2026-07-16,【女流66】看鸣潮秧秧·玄翎PV+玄方PV，转了2000给壮壮，我的秧秧已经抽到了,不懒bot,9:1,女流66|石大壮 女流
BV1YnK562EJR,2026-07-16,夯爆了！真正的国风啊！女流66鸣潮3.5初见玄方地界开场动画+国风BGM忍不住赞叹：有点起鸡皮疙瘩了！很像活字印刷术！机械张家界？,Er汐汐脑公罢,2:21,女流66
BV1enK562ESE,2026-07-16,【女流66】体验《鸣潮》3.5版本（上），主线剧情「遗音扶剑，荡梦而歌」，07.16直播录像弹幕版~,服部平次,176:50,女流66|女流 直播
BV1zMK56REgX,2026-07-16,【纯净版】【鸣潮3.5】【2026-07-16】【女流66】,直播回放巴拉蹦吧,178:38,女流66|女流 直播|女流 回放|女流 2026
BV1FMK56dEZF,2026-07-16,【女流66】看《鸣潮》共鸣者「秧秧·玄翎」PV | 噩梦，玄方PV｜定玄，我的秧秧已经抽到了，转了2000壮壮帮我抽的！~,服部平次,16:6,女流66|石大壮 女流
BV1BMK56REZx,2026-07-16,女流66本来想18号回来接着过鸣潮3.5剧情，但是演唱会能看到爱弥斯飞行雪绒那得看,七丘决斗王,2:15,女流66
BV1cPK56bEro,2026-07-16,女流66看鸣潮景燃和清宵立绘：内蒙人一下就听出BGM加了呼麦,七丘决斗王,1:22,女流66
BV1z3K56XENe,2026-07-16,【女流66】【2026-07-15】《 节奏天国今日通关》,bobi华,152:2,女流66|女流 直播|女流 2026
BV1ZgK56WEQT,2026-07-16,秧秧既美又耐看！中国人谁受得了国风啊😍？女流66看鸣潮秧秧玄翎PV+清宵立绘：看板娘迷团重重！女剑仙这背景和音乐？简直绝了！,Er汐汐脑公罢,5:24,女流66
BV1BgK56WEiZ,2026-07-16,女流66看鸣潮3.5版本PV《定玄》：学霸就是不一样，瞬间联想到了活字印刷术,七丘决斗王,3:21,女流66
BV1HyK56cETA,2026-07-16,对国风没抵抗力！女流66看鸣潮秧秧玄翎PV：转了给壮壮2000已经帮我抽到了,七丘决斗王,5:24,女流66
BV1JUK56tEEA,2026-07-16,【女流66】好多人私信我借钱,女流录像小屋,4:25,女流66|女流录像小屋
BV1bbK563E1e,2026-07-16,【女流66】炮炮：老婆 今天晚上我要直播吗？,女流录像小屋,5:25,女流66|女流 直播|女流录像小屋
BV1siK56iEyn,2026-07-16,【女流66】去BW现场很匆忙 碰到了一宿没睡的小叮当 弹幕：第一次线下见66姐 被美晕了,女流录像小屋,3:36,女流66|女流录像小屋
BV1XqK36MEYQ,2026-07-16,人老心酸YJJ！带俩十年女粉清图 一个要替水友办他，一个变朵朵粉丝  炮神：拜（办）我？上香吗.....,恶龙炮OvO,10:34,女流66
BV1UyK36YER9,2026-07-16,女流66姐:去BW不仅见了很多粉丝，还有好多游戏厂商，负责人啥的，属于是猛猛设计了!,晚风遇66,2:58,女流66|女流 直播
BV1KGKV6PE2M,2026-07-16,女流66姐:这次去BW的现场，还遇见了XDD!,晚风遇66,2:12,女流66|女流 直播
BV1FfKu6jE66,2026-07-16,女流66姐:这次BW线下见到了好多水友，感觉大家都没啥变化哎!,晚风遇66,2:20,女流66|女流 直播
BV1SKK368Ew7,2026-07-16,【女流66】最近私信有好多人跟我借钱，发生了什么？找我借钱的人，比我吃的还好，天天西班牙菜和意大利菜，关键朋友圈还不屏蔽我！~,服部平次,4:19,女流66
BV1yzN66iEr3,2026-07-16,【女流66】在线解析炮炮“左右脑互博”极其适合当三体里的面壁者，他是极端自信之人,不懒bot,7:19,女流66
BV17RN66xELL,2026-07-16,【女流66】在BW线下见到大家很开心，在路上碰到了XDD，他以为我陪YJJ来的,不懒bot,6:27,女流66
BV1fKNB6nEkk,2026-07-16,【女流66】深度剖析炮神如何左右脑互搏！不可预测无法选中之人，他只是在展示脑内的屎山代码，极其适合当三体里的面壁者！~,服部平次,5:58,女流66
BV1CzNB6ZENn,2026-07-15,【女流66】BW碰到了小叮当，他还以为我陪炮炮来的，一回头一脸懵逼：你怎么跟我走了？炮炮在里头！~,服部平次,2:41,女流66|女流 2026
BV1XENB6GEBY,2026-07-15,【女流66】明天播鸣潮3.5版本，剧情太长分两天过，昨天头疼去针灸，炮炮今天也去了，他就想扎咕扎咕！~,服部平次,2:5,女流66
BV1tbNB6vEn7,2026-07-15,【女流66】聊聊BW展会趣事，《节奏天国：奇迹之星》今日通关，07.15直播录像弹幕版~,服部平次,170:12,女流66|女流 直播
BV1VRNB6mE1f,2026-07-15,【女流66】解释YJJ思考方式  直接展示脑内史山代码！最适合当面壁者之人＆绝对不内耗之人,恶龙炮OvO,6:30,女流66
BV1XcNz6CEgx,2026-07-15,【女流66】任天堂NS2《节奏天国：奇迹之星》音游通关完结 07.15完整直播录像弹幕版,不懒bot,169:32,女流66|女流 直播
BV1EmNB6pEnb,2026-07-15,女流66被问啥时候给弟弟张罗张罗媳妇！,证本明源,3:39,女流66|石大壮 女流
BV1iQNB6SE6p,2026-07-15,女流吐槽炮神适合当面壁者，他在自言自语，你说什么根本不重要，他不是左右脑互搏，只是在展示代码！频繁被借钱！,证本明源,8:15,女流66
BV17DNB6nEL7,2026-07-15,【弹幕版】【节奏天国今日通关~】【2026-07-15】【女流66】,直播回放巴拉蹦吧,170:56,女流66|女流 直播|女流 回放|女流 2026
BV1cpNz6bEMi,2026-07-15,【纯净版】【节奏天国今日通关~】【2026-07-15】【女流66】,直播回放巴拉蹦吧,170:56,女流66|女流 直播|女流 回放|女流 2026
BV1v1Ne6MEVB,2026-07-15,女流66姐:大家有觉得现在的水果没有以前好吃了吗？,晚风遇66,1:40,女流66
BV1NANv6dEyZ,2026-07-15,女流66爽爽体验刺客信条:黑旗 记忆重置 | 回来了 全都回来了！,瞎某某Blinder,13:6,女流66|女流 直播
BV1zFNi62EQx,2026-07-15,【女流66】刺客信条黑旗重制，爱德华他回来啦！大闹酒馆依旧桀骜不驯，第一深情海盗，仍不忘给卡洛琳带巧克力！~,服部平次,10:23,女流66
BV1eKN16eEbD,2026-07-13,【女流66】玩《刺客信条：黑旗》  虾仁抛尸、调戏民女、抢夺财宝......最像海盗的刺客出现了！,恶龙炮OvO,4:48,女流66
BV1T5Nu6pEXP,2026-07-12,【女流66】太平年我没看，五代十国乱世出英雄，燕云里边就放大了很多人！新三国看的我真是服了，在他身上给我捅三个透明窟窿！~aj,基尼吉可,5:39,女流66|女流 直播
BV1iENg6BEEv,2026-07-12,弹幕：感觉现在游戏没以前好玩了，有感觉吗？,晚风遇66,3:5,女流66
BV1UhNM6QEbK,2026-07-12,YJJ巅峰赛遇女扎克酥酥  九连跪后悟出航天经济学！航天打野这一块讲究效率  搜完飞升稳赚的~,恶龙炮OvO,9:53,女流66
BV1uYNH6ZEEB,2026-07-11,【女流66】和弹幕聊聊各个类型的游戏  不是所有游戏都追求真实 再真实能有地球online真实吗,女流录像小屋,6:23,女流66|女流录像小屋
BV1KzNH69EyA,2026-07-11,【女流66】感觉现在水果没有以前好吃了 弹幕：游戏也没以前好玩 66：这是个很综合的事 可以写十万字论文分析下,女流录像小屋,4:58,女流66|女流录像小屋
BV1GTNp6vE93,2026-07-10,急不可耐！石大壮给“鸣式姐姐”抽“秧秧”。提前把阿列夫一印出来挂床上有好处，播3.1我叫爸妈一起看,理解与喇叭,20:45,女流66|石大壮 女流
BV1F9NH65EHt,2026-07-10,石大壮谈游戏进步。女流：就一句话，你播3.1不关摄像头我给你刷总督！,理解与喇叭,12:4,女流66|石大壮 女流
BV1E3NJ6NE5V,2026-07-10,真心推荐！石大壮看姐姐采访李松伦名场面！,理解与喇叭,18:32,女流66|石大壮 女流
BV1LLNJ6aEeH,2026-07-10,松伦嘴快笑歪了！石大壮看女流66采访松伦“这个真心推荐”传世名言直接笑喷😂透露亲姐女流也以相同口吻跟自己说过！现在特别期待3.1当爱弥斯同学,Er汐汐脑公罢,4:35,女流66|石大壮 女流
BV1L7NJ6cEDo,2026-07-10,拉完了！石大壮发鸣潮直播预告，女流66：你这智商还是别碰瓷克里斯托弗了,理解与喇叭,4:9,女流66|女流 直播|石大壮 女流
BV11dNE6LEsW,2026-07-10,【女流66】朵朵5个月就开始喊妈妈了 现在也开始学大人点手机 模仿程度拉满,女流录像小屋,2:52,女流66|女流录像小屋
BV1a2NE6HEMM,2026-07-10,【女流66】《遗忘之海》公测第二天，氪金开抽时装，07.10直播录像弹幕版~,服部平次,158:30,女流66|女流 直播
BV1UXNE67E5i,2026-07-10,【女流66】【2026-07-10】《遗忘之海公测开门！和女流船长一起上船开荒~》,bobi华,158:8,女流66|女流 直播|女流 2026
BV18mNE6DEkB,2026-07-10,女流66为了漂亮时装拼了，水友说一件时装顶一台电脑了！,证本明源,40:4,女流66
BV1ECNL6oE6h,2026-07-10,【弹幕版】【遗忘之海公测开门！和女流船长一起上船开荒~】【2026-07-10】【女流66】,直播回放巴拉蹦吧,158:56,女流66|女流 直播|女流 回放|女流 2026
BV1P7Nj6eEsd,2026-07-10,【纯净版】【遗忘之海公测开门！和女流船长一起上船开荒~】【2026-07-10】【女流66】,直播回放巴拉蹦吧,158:56,女流66|女流 直播|女流 回放|女流 2026
BV1AVMH6pE7r,2026-07-09,【女流66】【2026-07-09】《遗忘之海公测开门！和女流船长一起上船开荒~》,bobi华,148:10,女流66|女流 直播|女流 2026
BV15rME6iEQK,2026-07-09,女流66姐:好像每次去BW都会下雨，这次还有台风?注意安全捏!,晚风遇66,1:17,女流66
BV1mBMJ64EJ7,2026-07-09,女流66姐:清晰的感受到朵朵长大了，很多点的表现!,晚风遇66,2:29,女流66
BV1SDMj6SEJJ,2026-07-09,【女流66】《遗忘之海》PC今日公测，66船长扬帆起航，07.09直播录像弹幕版~,服部平次,148:30,女流66|女流 直播
BV1dnM76cEv5,2026-07-09,【弹幕版】【遗忘之海公测开门！和女流船长一起上船开荒~】【2026-07-09】【女流66】,直播回放巴拉蹦吧,148:49,女流66|女流 直播|女流 回放|女流 2026
BV1o7M76AEih,2026-07-09,【纯净版】【遗忘之海公测开门！和女流船长一起上船开荒~】【2026-07-09】【女流66】,直播回放巴拉蹦吧,148:49,女流66|女流 直播|女流 回放|女流 2026
BV1nMM76gEGn,2026-07-09,200w三角币！YJJ女流66抽AK砖皮  40多把只出2把极品S  而且都是大理石  是石悦or石话的原因？,恶龙炮OvO,13:45,女流66
BV1PRM563EoM,2026-07-09,如何看石大壮立flag鸣潮3.4边缘行者应该是自己唯一会爆哭的剧情！还透露女流66姐平时看着理性女强人，其实心之壁很薄,七丘决斗王,1:26,女流66|石大壮 女流
BV1RTM361EGd,2026-07-08,YJJ修脚真王朝了！精准切入稳定打一队  上把千万被阴，下把博弈反向开桥1穿4成功撤离  加入修脚吧~,恶龙炮OvO,8:1,女流66
BV1KeMi6NE63,2026-07-08,【女流66】给阿姨一年两个月的带薪假，育儿嫂工作非常耗时耗神，阿姨开心宝宝开心，跟阿姨无所不聊有感情,不懒bot,2:42,女流66
BV135Me6gEfU,2026-07-08,女流66姐:一年给阿姨2个月的带薪假，希望能有个饱满的状态!,晚风遇66,2:7,女流66
BV1U6MY6YEEX,2026-07-08,【女流66】和炮炮一起玩节奏天国  66依旧哄小孩 哇塞音游大师啊,女流录像小屋,5:20,女流66|女流录像小屋
BV1x2MY6bEWg,2026-07-08,【女流66】节奏天国和外星人对话  66上演单口相声 给外星人捧哏,女流录像小屋,4:21,女流66|女流录像小屋
BV141MY6FEGU,2026-07-08,【女流66】节奏天国当领舞 疯狂肘击队友 66：让我当领舞就对了,女流录像小屋,5:9,女流66|女流录像小屋
BV1UZM86WEYq,2026-07-08,【女流66】壮壮现在播的很起劲，直播三年之后才觉得这是一份事业一份工作，我播了十年直播风格没什么变化,不懒bot,4:35,女流66|女流 直播|石大壮 女流
BV1CTMh67E7A,2026-07-08,【女流66】壮壮直播三年后才开始把直播当成工作 前三年纯玩 66的直播风格这么久都没太大变化,女流录像小屋,3:32,女流66|女流 直播|女流录像小屋
BV1CNMh6UEB2,2026-07-08,【女流66】育儿嫂是很耗时耗神的 66给阿姨一年两个月带薪假 想去哪去哪,女流录像小屋,3:40,女流66|女流录像小屋
BV1k3Mh6yEbA,2026-07-08,【女流66】任天堂NS2《节奏天国：奇迹之星》第四期，B面高难度挑战，07.07直播录像弹幕版~,服部平次,144:20,女流66|女流 直播
BV1CSMh6UE7d,2026-07-08,【女流66】【2026-07-07】《 节奏天国，点头！》,bobi华,144:16,女流66|女流 直播|女流 2026
BV1giMh6bE52,2026-07-07,【女流66】继续来玩任天堂NS2《节奏天国：奇迹之星》正式版 07.07完整直播录像弹幕版,不懒bot,144:56,女流66|女流 直播
BV1a5Ma6aEn3,2026-07-07,【弹幕版】【节奏天国，点头！】【2026-07-07】【女流66】,直播回放巴拉蹦吧,144:58,女流66|女流 直播|女流 回放|女流 2026
BV1hjMa6cEBt,2026-07-07,【纯净版】【节奏天国，点头！】【2026-07-07】【女流66】,直播回放巴拉蹦吧,144:58,女流66|女流 直播|女流 回放|女流 2026
BV1G3Ma6eE9c,2026-07-07,女流66：我是故意错的，不然你们怎么知道哪个是我！水友：被抽陀螺的那个就是！,证本明源,13:14,女流66|女流 直播
BV1mHMa6oEU9,2026-07-07,阿姨休息十天，女流66十天不能直播！替炮神解释，他可能只是表达能力不行，不会开地图炮！,证本明源,5:42,女流66|女流 直播
BV1w4M861Eod,2026-07-07,YJJ一霖航天修脚王  打最强一队把吃700w！押送两只鼠鼠扛包  最谨慎之人低头就秒,恶龙炮OvO,16:33,女流66
BV1PJMt6kEzM,2026-07-07,女流66姐:大家有觉得现在的游戏越来越贵吗？,晚风遇66,2:8,女流66|女流 直播
BV1xeMs6vE4G,2026-07-07,【女流66】玩《刺客信条：黑旗记忆重置》！【弹幕版&amp;更新至7-6】,艾米尔Official,142:9,女流66|女流 直播
BV1oiTd66Epp,2026-07-07,【女流66】和炮炮都会去这次BW  11号去BW的可以见到我们  朵朵太小了还是算了,女流录像小屋,2:54,女流66|女流录像小屋
BV127Td69E3N,2026-07-07,【女流66】娱乐圈艺人现在都用真名了 有一天会不会轮到主播,女流录像小屋,1:12,女流66|女流录像小屋
BV1T5Td6dE4C,2026-07-07,【女流66】取消游戏实体盘生产？长远来讲是迟早的 买断制的单机游戏越来越贵了,女流录像小屋,2:0,女流66|女流录像小屋
BV1xJTd6pE95,2026-07-07,【女流66】壮壮也喜欢尤诺？尤诺一出现，我差点把露帕给忘了！这次BW我和炮炮都去，11号在不同展台可以看到我俩！~,服部平次,4:49,女流66|石大壮 女流
BV12cTo6WEBB,2026-07-06,【女流66】看三体海报上，段龙饰演章北海蒙圈了，段龙是谁？原来是段奕宏！艺名演员都要用真名了，那我赶紧改名叫石悦！~,服部平次,1:36,女流66
BV191Td6eEus,2026-07-06,【女流66】【2026-07-06】《 刺客信条：黑旗 记忆重置》,bobi华,159:36,女流66|女流 直播|女流 2026
BV13PT96REyv,2026-07-06,【女流66】《刺客信条：黑旗 记忆重置》抢先试玩，爱德华回归，9号正式发售，07.06直播录像弹幕版~,服部平次,159:43,女流66|女流 直播
BV162TX6TEQe,2026-07-06,【弹幕版】【刺客信条：黑旗记忆重置】【2026-07-06】【女流66】,直播回放巴拉蹦吧,161:9,女流66|女流 直播|女流 回放|女流 2026
BV1n2TX6TEDC,2026-07-06,【女流66】《刺客信条：黑旗 记忆重置》初见实况抢先体验 黑旗重制版 07.06 完整直播录像弹幕版,不懒bot,160:41,女流66|女流 直播
BV1oXTX6AEcr,2026-07-06,【纯净版】【刺客信条：黑旗记忆重置】【2026-07-06】【女流66】,直播回放巴拉蹦吧,161:9,女流66|女流 直播|女流 回放|女流 2026
BV17tTQ6hE4M,2026-07-06,女流66姐:有个能和你一起玩游戏的家人真是太好了鸭!,晚风遇66,1:59,女流66
BV1kdTS6YEKH,2026-07-06,YJJ巅峰赛付费撤？ 遇到不撤离的神人   三人决定让炮神丢包  再别说了，给俩队友刷点,恶龙炮OvO,7:35,女流66
BV1bXTy6cEYT,2026-07-05,YJJ想模仿老飞宇打法  打最强的一队？不！ 队友恶魔的低语疯狂的挑逗右脑猛攻,恶龙炮OvO,7:49,女流66
BV1QxTC6fETc,2026-07-05,女流66难绷石壮壮过完鸣潮2.4剧情要换克里斯托弗的头像：我记得松伦就有网图，这东西还传染？,七丘决斗王,1:2,女流66|石大壮 女流
BV1ypTy6DEa4,2026-07-05,【女流66】兔子看傻了！画画躲猫猫往墙上一趴，三个分身三倍分！这里边还有一个嘞，洒家这辈子都值啦！~,服部平次,9:8,女流66|石大壮 女流
BV126MM64EzP,2026-07-05,女流66姐谈自己备孕，比较常规，主要就是运动和保持心情！,晚风遇66,2:52,女流66
BV1PbMu69Emd,2026-07-05,【女流66】这不白给？躲猫猫二重影分身，猛吃双倍分！不好，队友被击毙了，血别溅我身上！~,服部平次,6:57,女流66|石大壮 女流
BV18QMT6FEG6,2026-07-05,【女流66】孩子的可塑性很强 父母背后蛐蛐孩子比当面教育影响更大,女流录像小屋,2:55,女流66|女流录像小屋
BV1EVMK6TEq3,2026-07-05,XDD皮皮食物兔子女流66Yjj阿乐师维钓钓张大哲老飞宇小北马云龙11小铭ae变色龙躲猫猫！,小当家iz,3:24,女流66
BV134MK6tEdW,2026-07-05,【女流66】跟壮壮两人已笑疯！小叮当贴脸地毯式寻找看不到我，画画躲猫猫+2400分，XDD：都是节目效果~,不懒bot,9:23,女流66|石大壮 女流
BV1MYMK6WESr,2026-07-05,XDD老飞宇女流66炮神16主播玩涂鸦躲猫猫 神人合体技假装艺术家 一个房躲的人够开把绝密了！,小叮当频道,28:58,女流66
BV1bmMA6jENA,2026-07-05,YJJ和朋友们玩画画躲猫猫  很喜欢XDD的一句话：炮神能活这么久我真有点难受,恶龙炮OvO,9:51,女流66
BV1dvMA6sEyS,2026-07-05,【女流66】节目效果爆炸！小叮当地毯式搜索狂送2400分，不愧是职业选手，静态视力为零！~,服部平次,8:59,女流66|石大壮 女流
BV1jVMP6bEsk,2026-07-05,壮壮教女流玩游戏，可以分身得三倍分数！！,证本明源,26:14,女流66|石大壮 女流
BV17GMP6FETb,2026-07-04,【女流66】《画画躲猫猫》跟YJJ壮壮XDD玩 欢乐多人捉迷藏 超级变色龙 07.04 完整直播录像弹幕版,不懒bot,90:13,女流66|女流 直播|石大壮 女流
BV1nPMP6vEdc,2026-07-04,【女流66】【2026-07-03】《 节奏天国，点头准备开始啦~》,bobi华,180:5,女流66|女流 直播|女流 2026
BV1AFMP6uEHu,2026-07-04,YJJXDD找老飞宇抱怨  俩人被B站主播阴麻了，78和飞天狙打最后一队太坏了,恶龙炮OvO,1:7,女流66
BV1JKMP6PEx6,2026-07-04,巅峰赛最佳妇女之友！YJJ巴克什带妹扫图  只要是妹纸都能无成本得吃！速撤是对的~,恶龙炮OvO,21:44,女流66
BV1WzMP6rEXM,2026-07-04,【女流66】《节奏天国：奇迹之星》第三期，和壮壮炮炮XDD老飞宇一起玩《画画躲猫猫》，07.04直播录像弹幕版~,服部平次,179:47,女流66|女流 直播|石大壮 女流
BV1xiMP6CE43,2026-07-04,【女流66】继续来挑战任天堂NS2《节奏天国：奇迹之星》正式版 07.04完整直播录像弹幕版,不懒bot,89:42,女流66|女流 直播
BV1F1MP6qEPR,2026-07-04,【弹幕版】【节奏天国，点头准备开始啦~】【2026-07-04】【女流66】,直播回放巴拉蹦吧,180:44,女流66|女流 直播|女流 回放|女流 2026
BV1AkMP6zEPo,2026-07-04,【纯净版】【节奏天国，点头准备开始啦~】【2026-07-04】【女流66】,直播回放巴拉蹦吧,180:44,女流66|女流 直播|女流 回放|女流 2026
BV16rMw6aE8s,2026-07-04,难受坏了！石大壮刚抽完卡提希娅，发现好几个队伍需要千咲，后悔自己怎么没抽千咲呢！【鸣潮】,收容失效君,1:52,女流66|石大壮 女流
BV1gHMw6LENz,2026-07-04,石大壮难绷弹幕公式刷偷看剧情，坦言自己一天播那么长时间再偷偷看剧情，真没那么闲啊，而且自己也不需要剧情解读的人设,收容失效君,1:33,女流66|石大壮 女流
BV1QAMA6jEwk,2026-07-04,壮壮鸣潮2.4：晚安蜜芽！愿人类荣光永存！英雄不朽！,Mr_Lawliet,1:28,女流66|石大壮 女流
BV1dDMw6sEWQ,2026-07-04,切片带节奏有主播吃林树黑流   YJJ：是我的话，我就运气好，点个关注抽福袋,恶龙炮OvO,2:59,女流66|女流 切片
BV1cEMc6bEY4,2026-07-04,YJJ巅峰赛牢赛包出红卡！最后两把得吃800w，排名跃升至27  压力来到左神这边~,恶龙炮OvO,19:10,女流66
BV1dkTZ65EvJ,2026-07-04,YJJ主播巅峰赛开局4连跪  排到电棍被职业哥一脚踢si  ELo局遇到小铭清图得吃360w~,恶龙炮OvO,22:32,女流66
BV1T7TZ6aEmP,2026-07-04,【女流66】猜猜谁在打节拍？ 哇塞 真的尽力了 有点难度的,女流录像小屋,9:3,女流66|女流录像小屋
BV1KWTZ6tEFn,2026-07-04,【女流66】节奏天国第一大关 一遍过 满分！ 这就是考试型选手,女流录像小屋,2:15,女流66|女流录像小屋
BV1xtTt6VEiA,2026-07-04,【女流66】节奏天国：奇迹之星第四关 爷青回~ 这次的人物设计更简洁了呢,女流录像小屋,3:5,女流66|女流录像小屋
BV1peTt6uEoa,2026-07-04,【女流66】节奏天国 接飞盘关卡 客观评价一关比一关难了呢,女流录像小屋,4:22,女流66|女流录像小屋
BV1VVTt6XENp,2026-07-04,【女流66】节奏天国:奇迹之星 第二关 太可爱了 失误了还会嫌弃我,女流录像小屋,4:6,女流66|女流录像小屋
BV1RDTt64EY7,2026-07-04,【女流66】音游高手回来了！跟着节奏简单多了~,女流录像小屋,5:21,女流66|女流录像小屋
BV1SATb6EEBN,2026-07-03,【女流66】任天堂NS2《节奏天国：奇迹之星》第二期，休闲音游挑战继续，07.03直播录像弹幕版~,服部平次,162:22,女流66|女流 直播
BV13rTb6WEeo,2026-07-03,【女流66】【2026-07-02】《 节奏天国，点头准备开始啦~》,bobi华,162:20,女流66|女流 直播|女流 2026
BV1QXTx67ExU,2026-07-03,【弹幕版】【节奏天国，点头准备开始啦~】【2026-07-03】【女流66】,直播回放巴拉蹦吧,162:40,女流66|女流 直播|女流 回放|女流 2026
BV19XTx67EAJ,2026-07-03,【女流66】挑战绝对音感 任天堂NS2《节奏天国：奇迹之星》正式版 07.03完整直播录像弹幕版,不懒bot,161:59,女流66|女流 直播
BV1SfTx6VEyX,2026-07-03,【纯净版】【节奏天国，点头准备开始啦~】【2026-07-03】【女流66】,直播回放巴拉蹦吧,162:40,女流66|女流 直播|女流 回放|女流 2026
BV19ETn6KEdU,2026-07-03,【纯净版】【和炮炮在永劫“经常见”~】【2026-07-02】【女流66】,直播回放巴拉蹦吧,72:57,女流66|女流 直播|女流 回放|女流 2026
BV1xBTn6pEhk,2026-07-03,yjj和女流66玩永劫，最后一把，吃鸡，完美下播！炮神证明了自己！,证本明源,18:13,女流66
BV1StTn6FERT,2026-07-02,YJJ女流66小铭回忆永劫往事  炮炮上线发现女流好友没了！再提66与寅子恩怨  暴打战队21年夺冠太惊喜了,小恶龙炮,6:34,女流66
BV1aBT76dE9i,2026-07-02,【女流66】【2026-07-02】《 和炮炮在永劫“经常见”~》,bobi华,179:30,女流66|女流 直播|女流 2026
BV1Z4T76AEBc,2026-07-02,【弹幕版】【和炮炮在永劫“经常见”~】【2026-07-02】【女流66】,直播回放巴拉蹦吧,95:58,女流66|女流 直播|女流 回放|女流 2026
BV1o8T76cEY2,2026-07-02,【女流66】和YJJ小铭一起玩《永劫无间》五周年庆，金长剑就是经常见，07.02直播录像弹幕版~,服部平次,180:16,女流66|女流 直播
BV1LYT76FEhB,2026-07-02,【女流66】跟炮炮小铭一起玩《永劫无间》五周年庆 07.02完整直播录像弹幕版,不懒bot,179:25,女流66|女流 直播
BV119T76yEK3,2026-07-02,【女流66】我还以为他有多牛逼呢！你们老在直播间提723合适吗？YJJ没有我永劫好友？是吵架之后把我删了吗？！~,服部平次,8:5,女流66|女流 直播
BV12ST767EgS,2026-07-02,【女流66】《节奏天国：奇迹之星》全程直播录像,女流66,595:42,女流66|女流 直播
BV1vLTE68ELJ,2026-07-02,【寅子】五年之期已到？后天永劫无间娱乐赛，报仇雪恨的日子来了！讲鸡毛723，忘了那时失忆，断片了那玩意！~,服部平次,3:5,女流66
BV1LdTE6AE63,2026-07-02,【女流66】【2026-07-02】《 Switch 2 最新节奏天国来啦！》,bobi华,128:49,女流66|女流 直播|女流 2026
BV1nCTE63Ewi,2026-07-02,女流66姐:很少看见炮炮社交，但是他朋友还挺多的!,晚风遇66,0:59,女流66
BV1vSTj6bEnz,2026-07-02,YJJ单三蜂医完成GTI超人  激素针才是辐射的克星！3小时花费5kw也算是速通了吧~,恶龙炮OvO,12:17,女流66
BV1YFTk6ZE9W,2026-07-02,【女流66】任天堂NS2《节奏天国：奇迹之星》正式版 初见实况 07.02完整直播录像弹幕版,不懒bot,122:44,女流66|女流 直播
BV1eFTk6ZEgZ,2026-07-02,【女流66】玩《节奏天国奇迹之星》！【弹幕版&amp;通关完结】,艾米尔Official,531:55,女流66|女流 直播
BV1r1Tr6MEHe,2026-07-02,【女流66】任天堂NS2《节奏天国：奇迹之星》正式版，休闲音游首发体验，07.02直播录像弹幕版~,服部平次,129:44,女流66|女流 直播
BV1qRTr6wEww,2026-07-02,【纯净版】【Switch2最新节奏天国来啦！】【2026-07-02】【女流66】,直播回放巴拉蹦吧,153:11,女流66|女流 直播|女流 回放|女流 2026
BV1JpT66NEfd,2026-07-02,女流66姐谈和壮壮，炮炮一起密室逃脱!,晚风遇66,2:39,女流66|女流 直播
BV1zWT66eEsy,2026-07-02,【弹幕版】【鸣潮3.4】【2026-06-29】【女流66】,直播回放巴拉蹦吧,239:52,女流66|女流 直播|女流 回放|女流 2026
BV1NUTB6zE16,2026-07-02,女流66:打算什么时候断母乳？能不断吗？我想一直母乳下去！,炫面宿傩,1:39,女流66
BV1NUTB6zECL,2026-07-02,女流66:我来DY之后，给官方提了一些建议，没想到 有几个真的能被采纳！因为 它改的是整个APP，会很麻烦！,炫面宿傩,3:3,女流66
BV1QVTq6CEqy,2026-07-01,【弹幕版】【AI新内容实时生成中】【2026-06-30】【女流66】,直播回放巴拉蹦吧,140:42,女流66|女流 直播|女流 回放|女流 2026
BV1TpTq6BExe,2026-07-01,YJJ帮水友抽AK砖皮  再现极品B三词条！圆梦水友的心仪配色“猛男粉”,恶龙炮OvO,5:57,女流66
BV11CTe64EFZ,2026-07-01,女流聊为什么选窥秘人序列——生活中够理智了，选个疯狂的,去吧糖宝,1:35,女流66
BV1YsTe6zECh,2026-07-01,皮皮野排错失非心  弹幕刚提醒队友就出了T.T  皮皮声线太明显被认出：其实我就是皮皮,恶龙炮OvO,4:48,女流66
BV1G4Te6MEJe,2026-07-01,壮壮强烈推荐诡秘之主原著线，原著党给出高度评价,去吧糖宝,2:12,女流66|石大壮 女流
BV1MYTa6xERw,2026-07-01,【女流66】盛世天下女帝篇 安宁剧情  当妈了 看不得这些,音桃小丸子影视,5:11,女流66|女流 直播
BV1wCTa6UEVK,2026-07-01,【女流66】和壮壮 炮炮玩真人AI解密游戏  复刻《聋子瞎子哑巴》还好有弹幕传话,女流录像小屋,22:7,女流66|女流录像小屋
BV1ZBTc6DExb,2026-07-01,【女流66】【2026-06-30】《AI新内容实时生成中》,bobi华,80:11,女流66|女流 直播|女流 2026
BV1FeTc6sEaJ,2026-06-30,【女流66】跟炮炮壮壮一起玩《AI密室逃脱互动闯关》贝果AI欢乐空间解谜小游戏，06.30完整直播录像弹幕版,不懒bot,79:39,女流66|女流 直播|石大壮 女流
BV1nGTw6tEYT,2026-06-30,【纯净版】【AI新内容实时生成中】【2026-06-30】【女流66】,直播回放巴拉蹦吧,80:41,女流66|女流 直播|女流 回放|女流 2026
BV1HGTw6tEPQ,2026-06-30,【女流66】和壮壮炮炮一起玩《AI密室逃脱闯关》，爆笑空间解谜小游戏，06.30直播录像弹幕版~,服部平次,79:56,女流66|女流 直播|石大壮 女流
BV1HNTF6sEHZ,2026-06-30,YJJ强推SVCH步枪！秒人0.26s比M14猛？性价比改枪中远距离轻松压住~,恶龙炮OvO,3:4,女流66
BV1N6TF6hEib,2026-06-30,YJJ锐评新版本一些干员强度,恶龙炮OvO,1:39,女流66
BV1tUKo6tEwc,2026-06-30,【神仙酵母选手·协会女流雀王战 C1 第一节】第5轮,日本职业麻将协会NPM,115:57,女流 直播
BV1PdKo69Ep5,2026-06-30,女流66姐:去石家庄吃了正宗的安徽板面，真滴好吃!,晚风遇66,1:40,女流66
BV15jKZ6uEBr,2026-06-30,女流66姐:7月会去BW的现场哦!好耶!,晚风遇66,2:42,女流66|女流 直播
BV1LgKd6vEkL,2026-06-30,女流壮壮大聊设定，炮神一心刷怪——臣乃武将，不善言辞,孤城Lonelycitr,1:15,女流66|石大壮 女流
BV12TKR6mE3h,2026-06-30,【女流66】7月11号会去BW现场 不过最近有点秃  今天吃了石家庄安徽板面 太好吃了,女流录像小屋,3:45,女流66|女流录像小屋
BV1wLKR6VEfk,2026-06-30,【女流66】出门遛娃没涂防晒 66亲妈：再黑能有石悦黑？ 66学校也至今挂着这那张照片,女流录像小屋,3:10,女流66|女流录像小屋
BV1SFKR6pE8x,2026-06-30,【女流66】我们那一届高考三个清北的  教过我们的老师后面都被挖走了  弹幕：学校里至今流传着姐姐的故事,女流录像小屋,4:3,女流66|女流录像小屋
BV1tKKR6JEMk,2026-06-30,【女流66】高考出分？ 有次回老家播户外碰到个清北的水友 弹幕：都是你带的好头,女流录像小屋,2:36,女流66|女流录像小屋
BV1YvKR6bEGA,2026-06-30,【女流66】炮炮抽到极品s大叫吓到朵朵 看炮炮和小叮当聊天群,女流录像小屋,2:30,女流66|女流录像小屋
BV1aiKR6ZES8,2026-06-30,【女流66】朵朵太有意思了 买了玩具不爱玩 就爱探索奇怪的地方,女流录像小屋,8:23,女流66|女流录像小屋
BV11KKX66E1f,2026-06-30,【女流66】有一次偶遇考上了清华的学霸水友，教自己那届的老师都去了赤峰最好的学校,不懒bot,6:43,女流66
BV1ipKX6fE8E,2026-06-30,女流66 鸣潮3.4直播回放-弹幕版,理解与喇叭,168:27,女流66|女流 直播|女流 回放
BV1EAK96aE47,2026-06-30,【女流66】下午去遛娃，我妈突然对我说：再黑能有石悦黑，你涂点防晒吧！我在想BW要不要带朵朵一起去，7月11号见！~,服部平次,4:51,女流66|石大壮 女流
BV1jNK96cEax,2026-06-30,壮壮6+6？女流66抽卡提西娅,理解与喇叭,18:14,女流66
BV1s2KX6VE8j,2026-06-30,抽卡非完了！太羡慕壮壮6+6露西！女流66鸣潮抽卡提吃满大保底还狠狠破费！没办法我对大卡是真爱啊啊😭今天有说错什么话吗？,Er汐汐脑公罢,8:55,女流66|石大壮 女流
BV1KtK96LEfh,2026-06-29,【女流66】有次回家路上偶遇水友高考生，我说你考的好吗？她说我考上了清华！教过我们那届的老师，都被赤峰最好的学校挖走了！~,服部平次,6:43,女流66|石大壮 女流
BV1ahKD61Emr,2026-06-29,【女流66】【2026-06-29】《鸣潮3.4 下》,bobi华,169:3,女流66|女流 直播|女流 2026
BV1GjK96XETc,2026-06-29,【女流66】《鸣潮》3.4下半剧情「我们选择天空」洛瑟菈主线剧情 06.29全程直播录像弹幕版,不懒bot,169:3,女流66|女流 直播
BV1X8KD6jEDt,2026-06-29,【女流66】体验《鸣潮》3.4版本下半「未选择的梦」主线剧情「我们选择天空」，06.29直播录像弹幕版~,服部平次,169:11,女流66|女流 直播
BV1e4KD6EEsi,2026-06-29,【纯净版】【鸣潮3.4】【2026-06-29】【女流66】,直播回放巴拉蹦吧,169:43,女流66|女流 直播|女流 回放|女流 2026
BV1YsKD6SEDU,2026-06-29,我炮神只是喜欢打本而已，才不是插不上话！,一刻梵星丫,1:23,女流66|石大壮 女流
BV1zRKD6FEzE,2026-06-29,炮神风筝boss，精准闪避——问就是FPS视野,冰躺炖雪黎,2:30,女流66|石大壮 女流
BV11CKD6qEgZ,2026-06-29,流石大壮姐弟二人开豪车，小丑竟是炮神！？！,娜娜莉最可爱了F,1:35,女流66|石大壮 女流
BV1P1KD6TE3B,2026-06-29,女流壮壮大聊设定，炮神一心刷怪——臣乃武将，不善言辞,学霸萌渣渣渣,1:15,女流66|石大壮 女流
BV185KQ6jEPa,2026-06-29,壮壮带女流玩诡秘之主 来自亲姐的血脉压制,一刻梵星丫,0:59,女流66
BV133KQ6EEbR,2026-06-29,大壮：我熟悉所有boss习性，66姐研究穿搭中...,桐Cami,0:57,女流66|石大壮 女流
BV176KQ6bEPA,2026-06-29,重生之我在诡秘赞美太阳,娜娜莉最可爱了F,1:16,女流66
BV1QDKQ6DEqF,2026-06-29,华丽66姐与她的马车司机,拾点点,1:1,女流66|石大壮 女流
BV1aTTG6rEK5,2026-06-29,石大壮跟女流斗舞比穿搭 玩游戏笑到打鸣,鸭鸭的呆毛,4:32,石大壮 女流
BV1t5KS6BESt,2026-06-29,壮壮欲战YJJ?女流力荐三角洲“刚枪利器”,女流66,3:19,女流66|石大壮 女流
BV1HaT56AESo,2026-06-29,胆大壮壮对66口出狂言 终于有一天能把姐姐踩在脚下吧,一成傲骨,1:4,女流66|石大壮 女流
BV1HaT56AEmU,2026-06-29,曝光一个电台女主播,乔咿乔-唱见连,1:58,女流 直播
BV1a3T562EsT,2026-06-29,【神仙酵母选手·协会女流雀王战 C1 第二节】第4轮,日本职业麻将协会NPM,97:0,女流 直播|女流 切片
BV1a3T562EWh,2026-06-29,【神仙酵母选手·协会女流雀王战 C1 第二节】第5轮,日本职业麻将协会NPM,116:28,女流 直播|女流 切片
BV1QVT56LE4K,2026-06-29,【神仙酵母选手·协会女流雀王战 C1 第二节】第3轮,日本职业麻将协会NPM,72:36,女流 直播|女流 切片
BV1hVT56LEqX,2026-06-29,【神仙酵母选手·协会女流雀王战 C1 第二节】第2轮,日本职业麻将协会NPM,84:33,女流 直播|女流 切片
BV1YST56DED8,2026-06-29,【神仙酵母选手·协会女流雀王战 C1 第二节】第1轮,日本职业麻将协会NPM,110:31,女流 直播|女流 切片
BV15ST56DEeR,2026-06-29,女流谈YJJ抽到极品S大喊大叫吓到朵朵：他叫的时候朵朵都不知道看哪 因为她不确定那是不是爸爸！,高能游戏眼,2:10,女流66
BV1FJTL6cEMh,2026-06-29,女流66姐:泡泡，听说你抽中了极品S?价值十个W啊？,晚风遇66,1:36,女流66|女流 直播|女流 2026
BV1eTT56JENW,2026-06-29,セプター・リーグ個人戦プレーオフ3回戦～産経新聞社杯争奪麻雀女流リーグ２０２６～,岭上换绿发,92:7,女流 2026
BV1zQT36QEyR,2026-06-29,明天可能播鸣潮3.4下半,理解与喇叭,11:3,女流66
BV1RETu6iEjc,2026-06-28,YJJ游泳遇到两个肌肉男，很兴奋？女流66问弟弟，我给你30秒总结一下诡秘之主的故事！,证本明源,16:24,女流66
BV1jLTu6zEEM,2026-06-28,【女流66】和壮壮炮炮一起玩《诡秘之主》灰雾测试，主线剧情战斗副本体验！06.28直播录像弹幕版~,服部平次,159:45,女流66|女流 直播|石大壮 女流
BV1vFTg6BEVg,2026-06-28,【女流66】【2026-06-28】《诡秘之主》,bobi华,153:54,女流66|女流 直播|女流 2026
BV1odTu63EQq,2026-06-28,【女流66】小孩真的好神奇！给朵朵拼了地垫，她完全不玩，偏要爬去拍地板，何尝不是一种因果的体验！~,服部平次,9:8,女流66
BV1BXTu65E9F,2026-06-28,【女流66】《诡秘之主测试》跟炮炮壮壮一起玩，窥秘人主线+多人副本 06.28完整直播录像弹幕版,不懒bot,159:52,女流66|女流 直播|石大壮 女流
BV1voTu66Exs,2026-06-28,【弹幕版】【诡秘之主】【2026-06-28】【女流66】,直播回放巴拉蹦吧,161:25,女流66|女流 直播|女流 回放|女流 2026
BV16STu6LEJp,2026-06-28,【女流66】明天播鸣潮3.4下半！炮炮5000抽了3把极品S三词条？群里都在说夸张哦无敌了，他们词汇好匮乏！~,服部平次,3:42,女流66
BV1WJTg6REEX,2026-06-28,YJJ又出极品三词条  极品S星河光+镭射贵金属    在夜坝鉴赏绝了！以后要用AK跑刀了吗？！,恶龙炮OvO,5:31,女流66
BV1AsTg6pEmj,2026-06-28,什么是“因果律”玩具？炮炮抽中了价值10W的皮肤？,证本明源,10:16,女流66
BV1rxTg6DEyG,2026-06-28,女流YJJ夫妻坦白局，互爆网恋经历+甜蜜表白~,YJJ炮炮日记,2:14,女流66|女流 直播
BV1aKTg6eEb3,2026-06-28,【纯净版】【诡秘之主】【2026-06-28】【女流66】,直播回放巴拉蹦吧,161:25,女流66|女流 直播|女流 回放|女流 2026
BV1qUTT6MEB8,2026-06-28,女流66姐：今天玩《倩女》居然学会了夫妻相处之道，嘿嘿！,晚风遇66,2:22,女流66
BV1jhTM6zExP,2026-06-28,YJJ吐槽三角洲新图：图大打架节奏慢，好玩程度排监狱后面,恶龙炮OvO,1:18,女流66
BV1NM7s6dEwM,2026-06-28,セプター・リーグ個人戦プレーオフ2回戦～産経新聞社杯争奪麻雀女流リーグ２０２６～,岭上换绿发,102:28,女流 2026
BV1PM7s6dELi,2026-06-28,セプター・リーグ個人戦プレーオフ１回戦～産経新聞社杯争奪麻雀女流リーグ２０２６～,岭上换绿发,75:56,女流 2026
BV1Uo7H6sELo,2026-06-27,【女流66】斗鱼嘉年华邀请了66 但实在没空 得带孩子 带朵朵去怕添麻烦,女流录像小屋,2:6,女流66|女流录像小屋
BV1tZ7H6REfa,2026-06-27,【女流66】携手YJJ挑战《新倩女幽魂》侠侣副本，爆笑甜蜜双排，小炮弟弟接受灵魂拷问：和你一起打过游戏的女生里，配合最默契的是谁？~,服部平次,11:12,女流66
BV1Yh7p6wEqi,2026-06-27,【女流66】与YJJ共同挑战新倩女幽魂新侠侣副本落霞共誓，夫妻之间的双视角配合，我们第一遍就离心了~,不懒bot,8:39,女流66
BV1Sv7p6bEmp,2026-06-27,【女流66】YJJ玩新倩女幽魂落霞共誓   第一关就难倒了夫妻俩！66直呼：玩这关学会了夫妻相处之道,恶龙炮OvO,9:41,女流66
BV1uG7H6xEeY,2026-06-27,【主播对对碰】98 米娜娜也是娜娜！,南夕君cC,16:51,女流66
BV1Wm7p6nE7x,2026-06-27,【女流66】小时候还学过五笔打字呢 我是班里最小的 全是成年上班的人在学 不过后面全忘了,女流录像小屋,1:29,女流66|女流录像小屋
BV1VK7H6hEVa,2026-06-27,女流66姐:大家一直觉得我俩一起打游戏感觉不熟，为啥呀?,晚风遇66,1:2,女流66
BV1MG7J6mEwA,2026-06-27,女流66姐:我太牛了，早5晚11，闪电战!,晚风遇66,1:54,女流66|女流 直播
BV1Dk7L66Es9,2026-06-26,【女流66】【2026-06-26】《双人挑战落霞共誓殊途道》,bobi华,85:40,女流66|女流 直播|女流 2026
BV12D7L6NEZX,2026-06-26,【女流66】【2026-06-23】《潜水员戴夫最新DLC》,bobi华,120:2,女流66|女流 直播|女流 2026
BV1MU7L6qEPK,2026-06-26,【女流66】和炮炮一起玩《新倩女幽魂》，双视角侠侣挑战副本，考验默契的时刻到了！06.26直播录像弹幕版~,服部平次,86:26,女流66|女流 直播
BV1i37j6DEUA,2026-06-26,【女流66】《新倩女幽魂》跟炮炮体验侠侣副本「落霞共誓」殊途道 06.26完整直播录像弹幕版,不懒bot,86:22,女流66|女流 直播
BV1qg7j6HEL9,2026-06-26,YJJ，女流夫妻合体玩游戏，甜蜜双排，炮神被问网恋经历，被迫改名，获得奖状一枚！,证本明源,11:50,女流66
BV1qM7j6XEZr,2026-06-26,【弹幕版】【双人挑战落霞共誓殊途道，全靠配合】【2026-06-26】【女流66】,直播回放巴拉蹦吧,86:31,女流66|女流 直播|女流 回放|女流 2026
BV1eV7j6JErE,2026-06-26,【纯净版】【双人挑战落霞共誓殊途道，全靠配合】【2026-06-26】【女流66】,直播回放巴拉蹦吧,86:31,女流66|女流 直播|女流 回放|女流 2026
BV1LV7j6nEFR,2026-06-26,YJJ开出隐藏砖皮到处炫 让野排队友开开眼 看小新出优品笑嘻了！夜坝下的极品AK巨好看,恶龙炮OvO,4:29,女流66
BV1Xa7V6zEvq,2026-06-26,石大壮看鸣潮3.5前瞻，这次仙侠风格真神了，非常符合我对梦州的想象啊【全程弹幕版】,收容失效君,75:21,女流66|石大壮 女流
BV1BA756JEZN,2026-06-26,女流66姐:有自己的MCN公司，炮，壮都在，都是0分成!,晚风遇66,2:24,女流66|女流 直播
BV1yU7V6ZEYz,2026-06-26,雷主登场！石大壮看鸣潮3.5前瞻玄方地界PV，仙侠风格真神了，老库真神了,收容失效君,2:0,女流66|石大壮 女流
BV18E756MELk,2026-06-26,女流66姐:炮炮的世界真的好幸福啊!,晚风遇66,2:4,女流66
BV1yu7V6xETB,2026-06-26,YJJ抽AK新砖皮  星光河+镭射大理石！极品隐藏款女大配色  市场仅有5把顶级隐藏！,恶龙炮OvO,3:1,女流66
BV1Vzje6aEmJ,2026-06-26,セプター・リーググループ12第４節３回戦～産経新聞社杯争奪麻雀女流リーグ２０２６～,岭上换绿发,71:38,女流 2026
BV13Cje6fE9T,2026-06-26,セプター・リーググループ9節１節３回戦～産経新聞社杯争奪麻雀女流リーグ２０２６～,岭上换绿发,77:51,女流 2026
BV17E7a6wE4m,2026-06-25,惜败女流，千代婆婆和赤砂之蝎的战斗，不是有小樱就没戏，AI全民制作人,小妖剧吧,1:40,女流 2026
BV1Mj7Y6pEPC,2026-06-25,女流66姐:在线上直播和水友啥都聊，线下见面大家都是打个招呼，应该是不想打扰我们，但我还是挺想聊的，哈哈!,晚风遇66,2:38,女流66|女流 直播
BV1RP7Y6hE8P,2026-06-25,女流66姐:外国友人在他们网站上发现我，然后加了我，让我看看他们的游戏!,晚风遇66,2:38,女流66
BV1Bi7Y6BE4d,2026-06-25,女流66姐:上次和炮炮玩游戏吵架了，XDD还发信息来调节呢!,晚风遇66,1:42,女流66|女流 直播
BV1HC786TEQU,2026-06-25,保持与外界的接触,拾月对她好一点,1:24,女流66
BV19c7h69Eba,2026-06-25,YJJ单三AW闯航天 打个绿裤子耗了4发子弹！航天放生a达子弹的来~,恶龙炮OvO,8:33,女流66
BV1MG7h67E68,2026-06-25,女流66姐:采访下大家，认识网络上的我这么久,晚风遇66,1:59,女流66|女流 2026
BV1Ye7461Efi,2026-06-25,女流66：还没赚到钱 怎么办？先吃 先喝！别想以后的事！,张小沫A,1:18,女流66
BV1bC746zEes,2026-06-25,女流66：我现在给女儿买衣服 不计成本！太可爱了！我要把时间保留下来！,张小沫A,1:51,女流66
BV186746rEBS,2026-06-25,女流66：建筑学业刚毕业 就失业？这话题太沉重了！,张小沫A,1:11,女流66
BV1g1je6tErb,2026-06-25,麻雀女流リーグ2026 個人戦決勝戦（麻雀女王決定戦）,岭上换绿发,213:51,女流 2026
BV131je6tEPP,2026-06-25,麻雀女流リーグ2026 個人戦準決勝戦,岭上换绿发,409:6,女流 2026
BV15Gj96QEGN,2026-06-24,女流66姐:现在的出差活动基本都是推掉的，大概十选一吧!但得保持一定频率和这个世界接触!,晚风遇66,2:21,女流66
BV1nRjD6xEsF,2026-06-24,【女流66】和小叮当还蛮多聊天记录的 当时给他推荐书 和炮炮吵架他还安慰我呢,女流录像小屋,2:11,女流66|女流录像小屋
BV18BjD6TEXD,2026-06-24,【女流66】跟炮炮玩永劫吵过架，收到XDD的小作文，可安慰我呢，要互相包容，觉得这孩子真的挺成熟的,不懒bot,2:32,女流66
BV1DvjD6uE4F,2026-06-24,【女流66】朵朵奶粉过敏看了专家 除了母乳都不行 2岁之前都得靠母乳,女流录像小屋,8:56,女流66|女流录像小屋
BV1trjD6NE8H,2026-06-24,【女流66】想找炮炮再玩《画画躲猫猫》炮炮：你找壮壮去 男明星不好约了,女流录像小屋,1:40,女流66|女流录像小屋
BV11cjU69ESi,2026-06-24,【女流66】朵朵对奶粉过敏，专家医生建议羊奶粉骆驼奶粉都不能尝试，两岁之前要一直依赖母乳,不懒bot,12:45,女流66
BV1pPjv6LEAz,2026-06-24,麻雀女流リーグ2026 チーム戦決勝戦,岭上换绿发,264:1,女流 2026
BV1HPjv6LEjK,2026-06-24,麻雀女流リーグ2026 チーム戦準決勝戦,岭上换绿发,443:1,女流 2026
BV1kgjU6mE7x,2026-06-23,【女流66】《潜水员戴夫》丛林DLC，第四天完结撒花，06.23直播录像弹幕版~,服部平次,115:14,女流66|女流 直播
BV1wujU6JEPe,2026-06-23,【弹幕版】【潜水员戴夫最新DLC】【2026-06-23】【女流66】,直播回放巴拉蹦吧,71:27,女流66|女流 直播|女流 回放|女流 2026
BV1zjjU6CEP8,2026-06-23,【女流66】小涡感觉好起来了，过两天带它去医院复查，朵朵现在不怕小涡了，她会指着猫，让我模仿小涡叫！~,服部平次,2:39,女流66
BV1WmjU6WEUX,2026-06-23,【纯净版】【潜水员戴夫最新DLC】【2026-06-23】【女流66】,直播回放巴拉蹦吧,71:27,女流66|女流 直播|女流 回放|女流 2026
BV1n9jU6EEhN,2026-06-23,【女流66】以前跟炮炮玩永劫吵架，小叮当写小作文安慰我：姐姐，跟男朋友一起玩游戏是偶尔会吵架的！多年之后是不是跟皮皮打游戏也吵架？~,服部平次,3:37,女流66|石大壮 女流
BV1pDjU6nEGc,2026-06-23,【女流66】《潜水员戴夫》丛林DLC 通关完结 戴夫的丛林之旅 开荒游戏实况 06.23完整直播录像弹幕版,不懒bot,116:13,女流66|女流 直播
BV14rjU64EV9,2026-06-23,【女流66】朵朵奶粉过敏带她挂了专家号，医生说不能用羊奶粉代替，两岁之前母乳到底，尽量不要出差，我有这个心理准备！~,服部平次,12:39,女流66
BV1DGjS6KEZr,2026-06-23,【女流66】几年前和炮炮吵架  XDD写小作文安慰：男女朋友之间偶尔会吵架，要互相包容,恶龙炮OvO,2:13,女流66
BV1WCj267Em7,2026-06-23,壮壮谈来阿B点感受!感觉氛围很好啊!,有颗小小虎牙,1:47,石大壮 女流
BV1Fbjm62EQq,2026-06-23,【女流66】这就是大家说了戴夫和鸣潮的联动吗  阿漂来我烧烤店里当服务员,女流录像小屋,8:36,女流66|女流录像小屋
BV1Wzjy6GEMW,2026-06-23,【女流66】考虑下BW的时候和大家线下见面 让大家看看66有没有变憔悴 等朵朵长大点再带出来,女流录像小屋,3:51,女流66|女流录像小屋
BV1btjy6SEE6,2026-06-23,【女流66】国外游戏工作室收到国区差评 来请教66为什么 66玩10分钟就发现了红线问题,女流录像小屋,2:35,女流66|女流录像小屋
BV11ejy61EHP,2026-06-23,【女流66】弹幕提问：老公玩二游怎么办 66：我老公不玩但是我玩呢 也不能一杆子打死 很多二游剧情还是不错的,女流录像小屋,1:10,女流66|女流录像小屋
BV1YP7g6wEoL,2026-06-23,女流66姐:有了女儿的一大乐趣!可以买买买，给女儿进行打扮!,晚风遇66,2:15,女流66
BV1g47T6SEdc,2026-06-23,女流66体验《潜水员戴夫》跟《鸣潮》的联动彩蛋！直呼太惊喜！,鸣潮无心,6:7,女流66|女流 直播
BV1FkEF6JEGx,2026-06-23,2026アース製薬杯麻雀最強戦女流プロ出場枠争奪戦,岭上换绿发,297:50,女流 2026
BV1Pr7T6gEuS,2026-06-22,【女流66】【2026-06-22】《潜水员戴夫最新DLC》,bobi华,236:30,女流66|女流 直播|女流 2026
BV1Fy7N68EjT,2026-06-22,YJJ看新赛季前瞻爆料  尼泊尔军刀＆AKM新砖皮  无名深蓝蜂医联动彩6，联动枪皮免费送！,恶龙炮OvO,19:23,女流66
BV1Nq7N6NEPq,2026-06-22,【石大壮】看《诸播王座》第四集，姐姐好帅啊，好飒呀大女皇，这打戏做的也太好了！赞助一个648！~,服部平次,18:21,女流66|石大壮 女流
BV1UK7K65Ek8,2026-06-22,女流66姐:等朵朵长大一点，就可以带着一起出去旅旅游，逛一逛了!,晚风遇66,1:43,女流66
BV1kH7K6PE41,2026-06-22,【女流66】玩潜水员戴夫丛林DLC遇到漂泊者，店里给我当服务员，鸣潮联动彩蛋~,不懒bot,9:28,女流66
BV1WJ7K6iEXV,2026-06-22,【女流66】《潜水员戴夫》丛林DLC，第三天鸣潮联动彩蛋，06.22直播录像弹幕版~,服部平次,237:31,女流66|女流 直播
BV1m47A6AEYH,2026-06-22,【女流66】《潜水员戴夫》丛林DLC 戴夫的丛林之旅 开荒游戏实况 06.22完整直播录像弹幕版,不懒bot,237:19,女流66|女流 直播
BV1kv7A6oEeV,2026-06-22,【女流66】潜水员戴夫DLC惊现鸣潮漂泊者！真的是阿漂？索拉里斯第一魅魔？培训一下，来我店里当服务员！~,服部平次,12:25,女流66
BV14K7P6iEk4,2026-06-22,【弹幕版】【潜水员戴夫最新DLC】【2026-06-22】【女流66】,直播回放巴拉蹦吧,239:10,女流66|女流 直播|女流 回放|女流 2026
BV1mA7P6BEDe,2026-06-22,【纯净版】【潜水员戴夫最新DLC】【2026-06-22】【女流66】,直播回放巴拉蹦吧,239:10,女流66|女流 直播|女流 回放|女流 2026
BV1ad7A6VEmP,2026-06-22,YJJ单三踢完机坝踢绝巴  行政楼杀人魔2把17杀！杀人几率大于出红几率  失去的瞄准回来了~,恶龙炮OvO,15:16,女流66
BV1PX7P6NEBP,2026-06-22,女流66姐:小时候看动画城和大风车给眼镜看近视了!,晚风遇66,1:46,女流66
BV1gi7w6ME1D,2026-06-22,女流66:带朵朵去打疫苗，自己就会忍不住哭!心疼!,晚风遇66,1:12,女流66|女流 直播
BV1Dfjb6VEWY,2026-06-21,【女流66】《潜水员戴夫》丛林DLC，第二天开荒，06.21直播录像弹幕版~,服部平次,170:59,女流66|女流 直播
BV1imjb6DE5q,2026-06-21,【女流66】【2026-06-21】《潜水员戴夫最新DLC》,bobi华,171:11,女流66|女流 直播|女流 2026
BV1mKj86BEHS,2026-06-21,【女流66】《潜水员戴夫》丛林DLC 继续戴夫的丛林之旅 开荒游戏实况 06.21完整直播录像弹幕版,不懒bot,171:17,女流66|女流 直播
BV1tNj86uET9,2026-06-21,【女流66】鸣潮要有演唱会了？肯定在上海吧，为什么北京主播要次次出差！这次BW考虑去一下，好久没跟大家见面了！~,服部平次,6:56,女流66|石大壮 女流
BV1qCjb6WErM,2026-06-21,【弹幕版】【潜水员戴夫最新DLC】【2026-06-21】【女流66】,直播回放巴拉蹦吧,171:45,女流66|女流 直播|女流 回放|女流 2026
BV1dyjb6XEah,2026-06-21,【纯净版】【潜水员戴夫最新DLC】【2026-06-21】【女流66】,直播回放巴拉蹦吧,171:45,女流66|女流 直播|女流 回放|女流 2026
BV1jxj86REZy,2026-06-21,【寅子】看《诸播王座》第四集，阿海充钱了是吧，开始有打戏了，我还以为她有多牛逼呢！~,服部平次,13:54,女流66
BV1Vaj86DEYf,2026-06-21,【寅子】看大制作AI《诸播王座》第四集，阿海没少充钱啊,于冰岛某地方,13:54,女流66
BV1BEjt6QEBC,2026-06-21,从眉头紧锁到舒眉展眼！石大壮过鸣潮2.2主线剧情高潮到结尾部分，分析的有点享受了！【弹幕版】,收容失效君,68:55,女流66|石大壮 女流
BV1bkjt6KENV,2026-06-21,瞬间沉默！还是老片爽！壮壮看鸣潮2.2主线决战演出，从来没见过漂泊者这么生气，情绪如同过山车般好复杂,企鹅练习生,6:27,女流66|石大壮 女流
BV1e8jt65E18,2026-06-21,差点忘本！壮壮看卡提西娅娇羞名场面嘴角压不下来，赶紧报菜名让自己冷静下：今汐、守岸人、椿、珂莱塔,企鹅练习生,1:42,女流66|石大壮 女流
BV1t6jt6qEEu,2026-06-21,管泽元破绷了！YJJ航天单三被吐槽 《出红概率大于杀人概率》《还不如自雷》 炮炮左右脑互搏太难绷了,恶龙炮OvO,17:14,女流66
BV193jb6LEsf,2026-06-21,壮壮谈直播人数暴涨很考验主播素质，身为多坑玩家靠拉踩是能有流量，但这种节奏热度并没有什么用,企鹅练习生,3:6,女流66|女流 直播|石大壮 女流
BV1aGjb61EeM,2026-06-21,【女流66】炮炮为了拍VLOG买了个头戴设备，整天对着朵朵傻笑，给66拍成了1米2,女流录像小屋,6:33,女流66|女流录像小屋
BV1n9jt6ZEQ4,2026-06-21,【女流66】羡慕那些放假就出去玩的高精力人群  下次再玩超级变色龙  主机主播不好做 推流太混乱了,女流录像小屋,2:1,女流66|女流录像小屋
BV1RNjb6JESD,2026-06-21,【女流66】水友让66管下炮炮 66：根本管不了一点！买个香蕉都费劲,女流录像小屋,2:0,女流66|女流录像小屋
BV12nj46hEge,2026-06-21,女流66姐:很佩服那些假期能到处跑，到处玩的人，真的很有能量!,晚风遇66,1:27,女流66|女流 直播
BV1Eijs6CExP,2026-06-21,主机区史诗巨作《诸播王座》第四集！,真实56,13:39,女流66|石大壮 女流
BV1KGjp6HEWf,2026-06-21,【弹幕版】【潜水员戴夫最新DLC】【2026-06-20】【女流66】,直播回放巴拉蹦吧,318:46,女流66|女流 直播|女流 回放|女流 2026
BV1X6jp6wEvc,2026-06-21,【纯净版】【潜水员戴夫最新DLC】【2026-06-20】【女流66】,直播回放巴拉蹦吧,318:46,女流66|女流 直播|女流 回放|女流 2026
BV1WFjW6EEjd,2026-06-21,什么时候播原神？石大壮：播鸣潮2.4告诉姐姐，我才不告诉她呢！现在播鸣潮也挺放松，房管封人像抢业绩。桃子对我说空月之歌挺不错的，她告诉我准备抽6+5木偶呢,理解与喇叭,6:21,女流66|石大壮 女流
BV1NijW69E6D,2026-06-21,石大壮谈破圈涨粉，搞节奏话题虽然能更容易短期聚拢人气，但并非自己的直播方向，准备做内容型主播，循序渐进积累粉丝,收容失效君,1:55,女流66|女流 直播|石大壮 女流
BV1hxjW6hEkX,2026-06-21,石大壮坦言当时播鸣潮联动同接四五千的时候就开始紧张了，同接暴涨对主播能力考验太大了，明白越是大场面越不能慌，还好那场表现不错,收容失效君,1:32,女流66|石大壮 女流
BV15jjH6fENe,2026-06-20,【女流66】炮炮整了专业头戴设备，给朵朵拍vlog，他就对着朵朵一直傻笑，给我拍成了一米二！~,服部平次,8:43,女流66
BV1pfjn63ETJ,2026-06-20,石大壮难绷指导厨让自己先过2.2，坦言想自己体验游戏看哪个伴星就先跟着过了，公式化播公式化看反应这有啥意思啊,收容失效君,5:1,女流66|石大壮 女流
BV1XFjp6bE5u,2026-06-20,石大壮难绷弹幕一直刷我等了很久不会再等了，好奇你们这跟我交流还是在公式啊,收容失效君,1:50,女流66|石大壮 女流
BV1R9jH6YEfr,2026-06-20,【女流66】潜水员戴夫全新DLC：丛林  全程直播录像,女流66,840:20,女流66|女流 直播
BV1T4jJ65E9M,2026-06-20,【女流66】超级变色龙挺好玩的，那天玩完之后，炮炮说影响他第二天推流了！我特别能理解，为什么主机主播不好做，因为每次都在换游戏！~,服部平次,2:18,女流66
BV1UNjn67EQ6,2026-06-20,【女流66】朵朵打完麻腮风发烧了，针没扎我身上，我先掉眼泪了！羡慕朋友圈的高能量人群，假期还有劲全球跑！~,服部平次,3:39,女流66
BV1dDjJ6oE2n,2026-06-20,【女流66】【2026-06-20】《潜水员戴夫最新DLC》,bobi华,317:16,女流66|女流 直播|女流 2026
BV1X9jJ6REeo,2026-06-20,女流66姐玩《涂鸦躲猫猫》和炮神合作？坏，白给！,晚风遇66,6:5,女流66
BV199jJ6RERh,2026-06-20,【女流66】叛逆期到了！让炮炮帮朵朵买香蕉，他说吃桃吧！朵朵打了麻腮风，不能吃新食物！那我买苹果！~,服部平次,1:38,女流66
BV16Wjn6NEa7,2026-06-20,【女流66】《潜水员戴夫》丛林DLC开荒游戏实况 06.20完整直播录像弹幕版,不懒bot,317:12,女流66|女流 直播
BV1ohjn68E9p,2026-06-20,【女流66】《潜水员戴夫》全新DLC「丛林」开荒试玩，06.20直播录像弹幕版~,服部平次,317:40,女流66|女流 直播
BV182je6oE8Z,2026-06-20,セプター・リーググループ12第12節3回戦～産経新聞社杯争奪麻雀女流リーグ２０２６～,岭上换绿发,81:15,女流 2026
BV15Bje6AEMD,2026-06-20,セプター・リーググループ11第３節１回戦～産経新聞社杯争奪麻雀女流リーグ２０２６～,岭上换绿发,70:8,女流 2026
BV1VBje6AEXH,2026-06-20,セプター・リーググループ９第９節３回戦～産経新聞社杯争奪麻雀女流リーグ２０２６～,岭上换绿发,68:6,女流 2026
BV1eBje6AEZF,2026-06-20,セプター・リーググループ４第11節２回戦～産経新聞社杯争奪麻雀女流リーグ２０２６～,岭上换绿发,101:45,女流 2026
BV1Ykje68EuG,2026-06-20,セプター・リーググループ４第11節１回戦～産経新聞社杯争奪麻雀女流リーグ２０２６～,岭上换绿发,73:33,女流 2026
BV1Gkje68E32,2026-06-20,セプター・リーググループ４第４節１回戦～産経新聞社杯争奪麻雀女流リーグ２０２６～,岭上换绿发,95:59,女流 2026
BV1ajjk6JEdU,2026-06-20,【女流66】化身恐怖姜饼人 一抓一个准,女流录像小屋,5:35,女流66|女流录像小屋
BV1YVjk6HEfj,2026-06-20,【女流66】和炮炮一起cos厕所标志 炮炮害怕当逃兵跑了,女流录像小屋,4:35,女流66|女流录像小屋
BV1bpjk6LE1G,2026-06-20,【女流66】这是两个门神啊 左右护法 这也可以？,女流录像小屋,7:54,女流66|女流录像小屋
BV16Fjk6cEf5,2026-06-20,【女流66】玩《画画躲猫猫》 三人合力cos围栏  给大伙全都逗笑了,女流录像小屋,6:50,女流66|女流录像小屋
BV1dgjk6WExR,2026-06-20,【女流66】玩《画画躲猫猫》  当你以为自己藏的很好时.... 看队友的各种鬼斧神工,女流录像小屋,6:34,女流66|女流录像小屋
BV1nzjk6eE1Q,2026-06-20,【女流66】第一次和小叮当，皮皮玩游戏就被磕到的66,女流录像小屋,0:55,女流66|女流录像小屋
BV11yjz6YECb,2026-06-20,【女流66】玩《画画躲猫猫》画成垃圾袋 笑到破音！,女流录像小屋,7:40,女流66|女流录像小屋
BV1kDjz6bEZk,2026-06-20,【女流66】玩《画画躲猫猫》 画成气球根本找不到 积分遥遥领先,女流录像小屋,7:14,女流66|女流录像小屋
BV1LCjB6LEka,2026-06-19,YJJ比特修脚打游击  航天版《猪头追燕子》  别让我知道你没枪！最后一把修脚一穿三帅爆了,恶龙炮OvO,12:35,女流66
BV1wgjz6oE54,2026-06-19,【弧光猎人】Arc raiders减免高度伤害的几种办法。,比比糖布,3:53,女流66
BV1sEji69ECv,2026-06-19,女流66姐：第一次和皮皮，小叮当一起玩，就磕到了！,晚风遇66,0:57,女流66
BV16Djq6DEpL,2026-06-19,YJJ女流66玩涂鸦躲猫猫  炮炮绘画技术遭66吐槽：不行！我先跑了~,恶龙炮OvO,20:39,女流66
BV1Uijq6cEui,2026-06-19,影之刃零试玩混剪,云梦没有泽,1:30,女流66
BV13kje68ECB,2026-06-19,セプター・リーググループ２第９節２回戦～産経新聞社杯争奪麻雀女流リーグ２０２６～,岭上换绿发,71:25,女流 2026
BV13Cje6fE84,2026-06-19,セプター・リーググループ２節２節１回戦～産経新聞社杯争奪麻雀女流リーグ２０２６～,岭上换绿发,96:45,女流 2026
BV182je6oEuG,2026-06-19,セプター・リーググループ１第８節３回戦～産経新聞社杯争奪麻雀女流リーグ２０２６～,岭上换绿发,86:4,女流 2026
BV1SHjh6jEvE,2026-06-19,【弹幕版】【这游戏还得看本灵魂画手】【2026-06-18】【女流66】,直播回放巴拉蹦吧,130:5,女流66|女流 直播|女流 回放|女流 2026
BV14uja65Eb9,2026-06-19,【女流66】和朋友玩《画画躲猫猫》 上一秒自信满满‘’这谁能找到我！‘’ 下一秒被发现,女流录像小屋,20:41,女流66|女流录像小屋
BV1sVja6rEZQ,2026-06-19,【纯净版】【这游戏还得看本灵魂画手】【2026-06-18】【女流66】,直播回放巴拉蹦吧,130:5,女流66|女流 直播|女流 回放|女流 2026
BV1WVja6rEze,2026-06-19,YJJ女流66画画躲猫猫，夫妻俩当猎人被弹幕调侃：史密斯夫妇？！,恶龙炮OvO,4:45,女流66
BV1tUja6mEk3,2026-06-18,【女流66】和炮炮XDD皮皮兔子一起玩《画画躲猫猫》，爆笑多人联机游戏，06.18直播录像弹幕版~,服部平次,129:29,女流66|女流 直播
BV1g1ja6DEUc,2026-06-18,【女流66】【2026-06-18】《这游戏还得看本灵魂画手》,bobi华,129:10,女流66|女流 直播|女流 2026
BV1Rvja64ENY,2026-06-18,【弹幕版】【这游戏还得看本灵魂画手】【2026-06-18】【女流66】,直播回放巴拉蹦吧,60:1,女流66|女流 直播|女流 回放|女流 2026
BV15vja64ECt,2026-06-18,【女流66】《画画躲猫猫》跟炮炮XDD欢乐爆笑多人捉迷藏，我有三年的绘画经验，MECCHA CHAMELEON超级变色龙~06.18完整直播录像弹幕版,不懒bot,129:33,女流66|女流 直播
BV1Grja6pEGw,2026-06-18,【弹幕版】【这游戏还得看本灵魂画手】【2026-06-18】【女流66】,直播回放巴拉蹦吧,60:1,女流66|女流 直播|女流 回放|女流 2026
BV1gUjw6KE45,2026-06-18,【纯净版】【这游戏还得看本灵魂画手】【2026-06-18】【女流66】,直播回放巴拉蹦吧,60:1,女流66|女流 直播|女流 回放|女流 2026
BV1f3jA6JEJp,2026-06-18,Asaki大人感觉每个主播过鸣潮3.1感动的点都不一样，66姐就是舍不得女儿，自己的话就是心疼飘子，牛就牛在每个人有自己的切入点,奕笙Lang,0:46,女流66
BV1WwjA64EWw,2026-06-18,老吃家还是权威！Asaki大人看泛式和女流66鸣潮3.1切片，太变态了直接走出来了，泛式一直怪叫实在绷不住，还和水无月菌建联互关,奕笙Lang,1:30,女流66|女流 切片
BV1mejA6eEtt,2026-06-18,姐姐:虽然没时间直播，但一直在买游戏，更新游戏库啊!播不完，根本播不完!,晚风遇66,0:45,女流 直播
BV1N6jA6hEa2,2026-06-18,Asaki大人看泛式和女流66的3.1切片，泛式RE太变态直接让自己走出来了，还和水无月菌互关,七丘决斗王,1:38,女流66|女流 切片
BV1VtL96mEUr,2026-06-17,前有绝景！库洛巨献！壮壮看鸣潮2.0绝美景色满脸震撼：整哪来了这还是国内吗？成就玩了好多游戏梗笑死,企鹅练习生,1:41,女流66|石大壮 女流
BV1Y8L96jEaG,2026-06-17,【石大壮】库洛12周年礼盒开箱，睡觉三件套：短袖T恤+眼罩+空调毯，穿上嘉豪披风绷不住了！~,服部平次,29:43,女流66|石大壮 女流
BV1pXL96hE3r,2026-06-17,连连惊喜！反复观看！壮壮看鸣潮梦州角色立绘+实机建模，不断感慨怎么都这么好看，只需一眼就爱上锁瞑了,企鹅练习生,4:0,女流66|石大壮 女流
BV11WLR6uEhp,2026-06-17,急急急！石大壮看鸣潮秧秧穗穗实机演示，感慨自己才到2.0，现在看到3.5真要馋死了！,收容失效君,2:38,石大壮 女流
BV11sLR6BEAy,2026-06-17,太美了！石大壮看鸣潮梦州角色立绘，被惊艳到了，直言一定要抽秧秧了！,收容失效君,4:11,石大壮 女流
BV1gYLQ6iETK,2026-06-17,女流和壮壮玩叨叨巫师念咒语羞耻到脚趾扣地全程难绷：今天录播删掉啊 我不想朵朵长大后看到！,游戏BBQ,4:0,女流66|女流 录播|石大壮 女流
BV1g4LQ66EoM,2026-06-17,姐姐:你粉丝多，让他们帮我点点赞!壮壮:冲!占领女流66直播间!哈哈!,晚风遇66,1:35,女流66|女流 直播|石大壮 女流
BV1TZjL6qEii,2026-06-17,第三届传说女流赛决赛 二回,常州传说雀庄,57:11,女流 直播|女流 切片
BV1mZjL6iEph,2026-06-17,第三届传说女流赛决赛 一回,常州传说雀庄,63:28,女流 直播|女流 切片
BV1fvjL6HE6o,2026-06-17,【女流66】和壮壮玩《叨叨巫师》 魔法对轰 好羞耻啊 为什么要重复我的话,女流录像小屋,6:11,女流66|女流录像小屋
BV1hMjV6AEfn,2026-06-16,女流66和壮壮玩叨叨巫师，他们都说你在让我，和别人匹配一把！？,证本明源,51:54,女流66|石大壮 女流
BV1zDjG6yEve,2026-06-16,【女流66】和壮壮一起玩《叨叨巫师》，魔法对轰这游戏太羞耻了， 06.16直播录像弹幕版~,服部平次,118:15,女流66|女流 直播|石大壮 女流
BV1fejV65E5a,2026-06-16,【女流66】【2026-06-16】《叨叨巫师》,bobi华,118:3,女流66|女流 直播|女流 2026
BV1JajV62EbW,2026-06-16,【弹幕版】【叨叨巫师】【2026-06-16】【女流66】,直播回放巴拉蹦吧,118:52,女流66|女流 直播|女流 回放|女流 2026
BV1ZejV65EdK,2026-06-16,【女流66】《叨叨巫师》跟壮壮念咒语对决，太羞耻了这游戏 06.16完整直播录像弹幕版,不懒bot,118:51,女流66|女流 直播|石大壮 女流
BV1TVjV6fERQ,2026-06-16,【纯净版】【叨叨巫师】【2026-06-16】【女流66】,直播回放巴拉蹦吧,118:52,女流66|女流 直播|女流 回放|女流 2026
BV1FhjV67EHb,2026-06-16,【女流66】最近被鸣潮梦州刷屏了，好多中国风的角色，洛瑟菈我还没抽呢！三角洲女生局答应了，还没约时间，皮皮是不是职业三角洲主播呀？~,服部平次,3:6,女流66
BV1o5jG6uE4x,2026-06-16,YJJ航天扶贫大坝返贫  1kw大款去机坝当donk！被坝爷阴成ponk了  航天再赚1kw下次再来,恶龙炮OvO,15:7,女流66
BV1BMjg6vEkj,2026-06-16,up主们看武媚娘穿夜行衣钻李治被窝，很难绷住,战栗的三脚猫,3:9,女流66
BV1AujT6MERY,2026-06-16,【女流66】壮壮玩鸣潮3.4飙泪 这才哪到哪啊 往前玩有他哭的  66：播3.1的时候记得叫我,女流录像小屋,3:11,女流66|女流录像小屋
BV1EejP6WEkB,2026-06-16,【女流66】养的小猫唯一一次闯祸 玩游戏吓到它 爪子把静脉划出血,女流录像小屋,2:56,女流66|女流录像小屋
BV1U5jP6TEoE,2026-06-16,【女流66】炮炮想一出是一出 看见小动物就想养 看到朵朵喜欢小狗：我要养小狗！,女流录像小屋,3:53,女流66|女流录像小屋
BV13DjP6kE5m,2026-06-16,【女流66】要去玩三角洲的局 怕拖大家后腿呢 66:我让yjj播的三角洲 结果不带我了呢,女流录像小屋,1:53,女流66|女流录像小屋
BV1WFJg6QEEX,2026-06-15,炮炮三角洲引路人!原来还是姐姐推荐的!不错!不错!,晚风遇66,1:56,女流 2026
BV1x8JK61EXq,2026-06-15,【女流66】【2026-06-14】《盛世天下女帝篇 》,bobi华,202:12,女流66|女流 直播|女流 2026
BV1ZmJK6AEDm,2026-06-14,【女流66】女王的游戏《盛世天下：女帝篇》第五集，礼泰线完结撒花，06.14直播录像弹幕版~,服部平次,202:28,女流66|女流 直播
BV1N8JK61EMg,2026-06-14,石大壮看鸣潮2.0PV，彻底被惊艳到了，眼睛都开始放光了！甚至一眼就认出弗洛洛！,收容失效君,3:14,石大壮 女流
BV1pXJA6AECZ,2026-06-14,【女流66】壮壮抽不到绯雪气急败坏？那天问壮壮玩鸣潮3.4感受，他说他飙泪！这才哪到哪啊，他以后有的哭了！播3.1的时候叫我好吗？吸收悲鸣！~,服部平次,4:39,女流66|石大壮 女流
BV1tBJA6kEm2,2026-06-14,【弹幕版】【盛世天下女帝篇】【2026-06-14】【女流66】,直播回放巴拉蹦吧,204:8,女流66|女流 直播|女流 回放|女流 2026
BV1gqJA65EZR,2026-06-14,【纯净版】【盛世天下女帝篇】【2026-06-14】【女流66】,直播回放巴拉蹦吧,204:8,女流66|女流 直播|女流 回放|女流 2026
BV1hvJA6yEDp,2026-06-14,【女流66】炮炮楼下遛娃发现一只小黑猫，觉得特别有缘分，就想把它拿回来养！还有一次朵朵和狗狗玩巨开心，被炮炮看见了：我要养只狗，朵朵喜欢！~,服部平次,7:41,女流66
BV1xCJA6uEoX,2026-06-14,【女流66】YJJ说林树要组个女生局  和皮皮、猫猫晴一起玩洲  看皮皮发力了！,恶龙炮OvO,1:53,女流66
BV13jJP62EJt,2026-06-14,【女流66】林树要攒三角洲女生局，问我要不要去，皮皮猫猫晴肯定很强，我怕拖她们后腿！~,服部平次,5:34,女流66
BV1qPJP6RETA,2026-06-14,妈呀这特效！抽不到好气！壮壮试玩绯雪两眼放光，激动的不小心退出游戏：以后有试用别让我玩了！,企鹅练习生,7:45,女流66|石大壮 女流
BV17fJc6nEPF,2026-06-14,YJJ新歌《炮炮神降临》,恶龙炮OvO,0:58,女流66
BV156JF6yERH,2026-06-14,女流66姐:试玩了一下AI，不太会用，有点假，确实学习学习，还是得要会点方法的!,晚风遇66,1:59,女流66|女流 直播
BV1o7Jc6EErx,2026-06-14,女流66姐:你手上的黑色胎记到底是啥?大家还挺担心的!炮炮:铅笔扎的，哈哈，应该是胎记吧!不清楚说是!,晚风遇66,3:45,女流66
BV1GSJs6yERi,2026-06-14,【女流66】在真人配音下刷 AI 配音是很不尊重作者的,女流录像小屋,4:37,女流66|女流录像小屋
BV1reJs6REEe,2026-06-14,【女流66】【2026-06-13】《盛世天下女帝篇 》,bobi华,114:0,女流66|女流 直播|女流 2026
BV1ZoJH6GEaJ,2026-06-13,【女流66】《盛世天下：女帝篇》全流程实况 新世界篇礼泰线完结 真人互动影游 完整直播录像弹幕版,不懒bot,225:12,女流66|女流 直播
BV1t7Jp6ZEGR,2026-06-13,谁懂啊，女流66拉着猫猫一起磕CP上瘾了,-爱吃咖喱蛋包饭-,1:8,女流66
BV18uJp6PEDm,2026-06-13,【弹幕版】【盛世天下女帝篇】【2026-06-13】【女流66】,直播回放巴拉蹦吧,114:33,女流66|女流 直播|女流 回放|女流 2026
BV1QgJp6YEM7,2026-06-13,【纯净版】【盛世天下女帝篇】【2026-06-13】【女流66】,直播回放巴拉蹦吧,114:33,女流66|女流 直播|女流 回放|女流 2026
BV1XTJp6vEq9,2026-06-13,【女流66】女王的游戏《盛世天下：女帝篇》第四集，大周女皇6则天登基，06.13直播录像弹幕版~,服部平次,113:40,女流66|女流 直播
BV1LkJp6rE45,2026-06-13,女流66被质疑用AI配音，澄清我不会用，如果用了会标注的！,证本明源,5:21,女流66
BV1tgJn6REkS,2026-06-13,女流66姐:感觉大学把精力燃尽了，哇，那时候大家真的太卷了!,晚风遇66,2:5,女流66|女流 直播
BV1TSJE6nEaq,2026-06-13,【女流X弧光猎人】这只是我成为强者的前奏,女流66,10:48,女流66
BV124JL6BEHR,2026-06-13,【女流66】壮壮恋爱了？他这作息不像   结婚太累了，这辈子就炮炮这回了wt,菏水白泽,1:36,女流66
BV1BWJj68EWx,2026-06-13,【女流66】时间管理大师 喂朵朵 喂小涡 还剪了个视频 出了个差 大学时候更能熬,女流录像小屋,3:29,女流66|女流录像小屋
BV1xPJ56vEEk,2026-06-13,【弹幕版】【盛世天下女帝篇】【2026-06-10】【女流66】,直播回放巴拉蹦吧,77:4,女流66|女流 直播|女流 回放|女流 2026
BV15bJ56EEB2,2026-06-12,【女流66】直播网络波动终于修好了，炮炮去找了联通营业厅，今天上午来家里换了个猫！~,服部平次,5:12,女流66|女流 直播
BV1n7J56oELw,2026-06-12,【女流66】【2026-06-12】《盛世天下女帝篇 》,bobi华,195:37,女流66|女流 直播|女流 2026
BV1J7J56dERh,2026-06-12,【女流66】白天哄完朵朵吃辅食，进屋照顾小涡喝水吃药，就这我还剪了个视频，出了个差，时间管理大师宝刀未老！~,服部平次,5:50,女流66
BV1k9J56wEVy,2026-06-12,【纯净版】【盛世天下女帝篇】【2026-06-12】【女流66】,直播回放巴拉蹦吧,197:6,女流66|女流 直播|女流 回放|女流 2026
BV1CQJ56YEfa,2026-06-12,【女流66】女王的游戏《盛世天下：女帝篇》第三集，恭喜66可以称帝了，06.12直播录像弹幕版~,服部平次,196:25,女流66|女流 直播
BV1grEy6ZEkL,2026-06-12,姐姐:我现在直播和上网一样啊，是来吸收信息来了，哈哈!,晚风遇66,1:34,女流 直播
BV1HFE161EWV,2026-06-12,姐姐:孩子睡着了，大半夜跑来直播，你们咋能这么说捏?抽卡比是大保底说是?哈哈!,晚风遇66,1:14,女流 直播|石大壮 女流
BV118EC6jEgK,2026-06-12,【弹幕版】【盛世天下女帝篇】【2026-06-10】【女流66】,直播回放巴拉蹦吧,120:35,女流66|女流 直播|女流 回放|女流 2026
BV1DFEy6dEH7,2026-06-12,壮壮开箱轰轰送的生日礼物，巨大，以后运出去得找个吊车!哈哈!,晚风遇66,6:47,石大壮 女流
BV1NrEB6eEwx,2026-06-12,石大壮难绷弹幕说自己鸣潮氪金这么猛，如果姐姐女流站后面看会害怕吗，坦言自己至今还没敢告诉姐姐抽了6链露西,收容失效君,1:21,女流66|石大壮 女流
BV1EDEi6SE1A,2026-06-11,C哥谈鸣潮剧情！谁能不哭啊？,中山桥大霸,2:42,石大壮 女流
BV1CJEq6fEqZ,2026-06-11,女流和壮壮:情人节和咱俩没关系啊!壮壮:我想要有关系啊!,有颗小小虎牙,2:32,石大壮 女流
BV1XCEq6VEfx,2026-06-11,女流66:啥?壮壮生日收到了LV?谁送的？,晚风遇66,2:2,女流66|石大壮 女流
BV1hSEq6uEWA,2026-06-11,【石大壮】轰轰生日礼物拆箱，300多斤反浩克装甲，电梯都进不去，雇了4个师傅才抬上来，已成新家镇宅之宝！~,服部平次,17:3,女流66|石大壮 女流
BV1B4Ev6jEfw,2026-06-11,女流66姐:最近砸这么多人让炮炮开粉丝见面会啊？,晚风遇66,1:29,女流66|石大壮 女流
BV1kEEv6QEEK,2026-06-11,主播认不认识女流?壮壮:认识，和我要过签名，哈哈!,晚风遇66,1:39,女流 直播|石大壮 女流
BV19zEv6ME8T,2026-06-11,壮壮谈自己身边直播的朋友们，每一个都是杠杠的!,晚风遇66,1:9,女流 直播|石大壮 女流
BV1YqEv6zECK,2026-06-11,“有这么位神通广大的贵妇人，竟把电话要到我的前线指挥所”,YJJ炮炮日记,0:57,女流66
BV1eaEY6NEv5,2026-06-11,【黑猫】当上皇后了！女流之辈也要上朝堂！女王的游戏：盛世天下 女帝篇#04,本气黑猫,204:15,女流 直播
BV1YZEo6vE1g,2026-06-11,【女流66】盛世天下:女帝篇 安宁剧情 66：当妈了 看不得一点这些,女流录像小屋,5:11,女流66|女流录像小屋
BV1ZaEZ63EfP,2026-06-11,【石大壮】原作党圆梦！壮壮过鸣潮3.4联动剧情，露西大卫相遇感动到泪崩，库洛干得好，做的太棒了！~,服部平次,41:29,女流66|石大壮 女流
BV1RiEZ6BE2f,2026-06-10,彻底征服！石大壮玩鸣潮3.4联动，直言库洛圆梦自己，被感动到痛哭流涕，连说好几分好好好，已经不知道怎么形容这次联动了！游戏从1.0进化到这么恐怖了嘛,收容失效君,28:49,女流66|石大壮 女流
BV1PJEZ6nEej,2026-06-10,瞬间击沉！原作粉圆满了！壮壮鸣潮3.4决战亚当重锤，露西大卫劲爆尾杀多次泪崩：各方面都很顶的联动！,企鹅练习生,23:58,女流66|石大壮 女流
BV1AnEZ6SEfo,2026-06-10,多次感动泪崩😭原作党彻底圆梦！石大壮鸣潮3.4主线剧情精剪：库洛这次联动做得太好了！果然真心推荐没白期待！更多的是感动和欣慰~,Er汐汐脑公罢,20:7,女流66|石大壮 女流
BV16CER6TEnq,2026-06-10,【女流66】【2026-06-10】《盛世天下女帝篇 》,bobi华,172:28,女流66|女流 直播|女流 2026
BV14gEd6UErd,2026-06-10,【女流66】女王的游戏《盛世天下：女帝篇》第二集，女帝之路该如何走下去，06.10直播录像弹幕版~,服部平次,182:28,女流66|女流 直播
BV1LDER6aEDj,2026-06-10,【石大壮】体验《鸣潮》× 《赛博朋克：边缘行者》 联动剧情，06.10直播录像弹幕版~,服部平次,355:34,女流66|女流 直播|石大壮 女流
BV19qEd6FE9T,2026-06-10,【石大壮】给姐姐炫耀鸣潮大地图，不料被抓去做免费代肝！66：你特别喜欢探地图吗？那你把我号的宝箱也都捡了吧！~,服部平次,5:6,女流66|石大壮 女流
BV1wjEd6yE4t,2026-06-10,【女流66】真人互动影游《盛世天下：女帝篇》全流程完整直播录像,女流66,898:7,女流66|女流 直播
BV1RaEd6YEmg,2026-06-10,猪猪：女流66？我认识啊！和我要过签名！,中山桥大霸,1:23,女流66|石大壮 女流
BV1ALEd6LEUp,2026-06-10,喂，姐姐？鸣潮玩到哪里了。女流姐姐给石大壮打电话：你这么喜欢探地图能不能帮我整整？,理解与喇叭,5:1,石大壮 女流
BV1PoEd67EtM,2026-06-10,旅途愉快！壮壮过生日吃上好的，直飞3.0！,Mr_Lawliet,2:25,石大壮 女流
BV1dtE96tEpJ,2026-06-10,YJJ比特扶贫三把3kw！ 只打最强的一队稳定1v3，第四把来个乌鲁鲁救一下~,恶龙炮OvO,11:21,女流66
BV1AGE96zEpB,2026-06-10,三国志14 完美重制版 V3.0 新剧本 - 女流之争 势力介绍,奉孝一米五,5:49,女流 直播
BV1hLEX6mER8,2026-06-10,女流玩盛世天下三选一连死两次自己都没绷住：这是怎么能每一步都精准的选错的呢！,高能游戏眼,3:49,女流66|女流 直播
BV1ZFEX6ZEVB,2026-06-10,壮壮:菠神最近很奇怪，不叫我壮壮了，叫我小熊说是!,晚风遇66,2:48,石大壮 女流
BV1qAEX6dE8L,2026-06-10,【女流66】在小号录高考祝福，真有不少水友参加高考，我06年参加的高考，整整20年了~,服部平次,1:56,女流66
BV1HiEX6PEyd,2026-06-10,女流谈水友线下见到自己有种微妙的距离感：每次见面其实都很想跟他们聊天 但他们就会特别有分寸感！,高能游戏眼,2:41,女流66|女流 直播
BV1jCEX6bE7N,2026-06-10,壮壮:再播个十年，二十年奥，只要不塌房，当然也塌不了!,晚风遇66,2:12,石大壮 女流
BV1EkEX6FEkq,2026-06-10,女流直播突然想起壮壮在过生日自己都绷不住了：我昨天都还记得但是我今天忘了！,高能游戏眼,2:13,女流66|女流 直播|石大壮 女流
BV1F3ES69ENr,2026-06-10,【女流66】没给大家录高考祝福视频的两个原因  66：到时候给大家讲讲我的高考小故事,女流录像小屋,1:42,女流66|女流录像小屋
BV17bE26yE1g,2026-06-10,【女流66】水友线下见到炮炮 非常热情有礼貌 全程没理我 都是嘴上说说要办他,女流录像小屋,1:40,女流66|女流录像小屋
BV1EtE26LEfK,2026-06-10,【女流66】忘记了壮壮今生日 66:我都不过生日了 之前水友送的生日视频还存着 等老了看,女流录像小屋,2:18,女流66|女流录像小屋
BV1jaE26kECW,2026-06-10,【女流66】66线下遇到漂亮水友 大家都好有距离感 反倒是66想多聊点 66线上线下没啥差别,女流录像小屋,3:13,女流66|女流录像小屋
BV1sFEm6WEbw,2026-06-09,【女流66】【2026-06-09】《盛世天下女帝篇 》,bobi华,211:34,女流66|女流 直播|女流 2026
BV1uDE26hE43,2026-06-09,【女流66】女王的游戏《盛世天下：女帝篇》第一集，真人互动影游，06.09直播录像弹幕版~,服部平次,212:6,女流66|女流 直播
BV1gSE26wEEL,2026-06-09,【女流66】《盛世天下：女帝篇》全流程实况 回宫礼治线完结 真人互动影游 完整直播录像弹幕版,不懒bot,654:13,女流66|女流 直播
BV1gmE26aEzK,2026-06-09,【女流66】壮壮生日收到了LV包谁送的？怕我毛走藏起来了？我还少他一个LV吗，咱好几个！~,服部平次,7:35,女流66|石大壮 女流
BV1LEEm63ESk,2026-06-09,【弹幕版】【盛世天下女帝篇】【2026-06-09】【女流66】,直播回放巴拉蹦吧,212:13,女流66|女流 直播|女流 回放|女流 2026
BV1LjEm6kE8p,2026-06-09,【纯净版】【盛世天下女帝篇】【2026-06-09】【女流66】,直播回放巴拉蹦吧,212:13,女流66|女流 直播|女流 回放|女流 2026
BV1LjEm6kEMH,2026-06-09,【女流66】水友想要炮神办见面会？线上都说办他堵他，线下见到后合照笑嘻嘻的~,恶龙炮OvO,1:43,女流66
BV1VpEm6BEtJ,2026-06-09,【女流66】为什么最近这么多人想让炮炮开见面会？线下PK真想办他，都是嘴上说说！~,服部平次,5:40,女流66
BV19REF6gEjz,2026-06-09,开心元元说自己是男的对面女主播疯狂亲元元女流氓,元元拆弹,0:50,女流 直播|女流 切片
BV1aGEE6QEi3,2026-06-09,66姐:我们这YY3个人，咋一直就2个人在交流呢？,有颗小小虎牙,1:30,石大壮 女流
BV1ChEE6zEBg,2026-06-09,壮壮谈来阿B的感受:氛围很好，很舒服啊!,有颗小小虎牙,1:41,石大壮 女流
BV1ynEj6BE6s,2026-06-09,66姐:我和壮壮真没啥金钱交流!壮壮:其实我要过生活费!姐姐:啊？有吗？,晚风遇66,2:48,女流 直播|石大壮 女流
BV17iEj6tEeN,2026-06-09,谈一下结婚的好处!姐姐:这个问题真的太大了!,晚风遇66,1:36,石大壮 女流
BV1CME76iEzr,2026-06-09,66姐:壮壮每天玩这么开心，能不能来帮姐带带孩子?哈哈!,有颗小小虎牙,1:36,石大壮 女流
BV1Y1E56CEWv,2026-06-09,66姐谈哄炮炮，看见炮炮说:没人喜欢我!谁不心疼捏!,有颗小小虎牙,1:37,石大壮 女流
BV1hTE56zEUY,2026-06-09,【女流66】大卫跟露西月球上这一幕太经典，没想到多年后能看到边缘行者第11集，过鸣潮3.4联动剧情,不懒bot,27:35,女流66
BV1qQEV6SEMk,2026-06-09,【女流66】66鸣潮3.4 50抽出鉴心+露西 快拍照给壮壮看看！,女流录像小屋,8:37,女流66|女流录像小屋
BV195E36TELQ,2026-06-09,【女流66】直播看《归唐》17 分钟实机演示：运镜成熟，推测是电影线性叙事游戏,女流录像小屋,27:28,女流66|女流 直播|女流录像小屋
BV1VLE36qENf,2026-06-09,女流66鸣潮3.4赛博朋克联：就好像看了边缘行者的第11集,理解与喇叭,36:29,女流66|女流 直播
BV1AdEg6nEFR,2026-06-09,没想到多年后还能看到边缘行者第11集！女流66过鸣潮3.4联动剧情：大卫对露西的意义不止是送上月球,七丘决斗王,26:35,女流66
BV1WoEg6SEFq,2026-06-09,【女流66】过鸣潮3.4联动剧情，露西大卫月球相拥感慨万千，这一幕太经典了！没想到时隔多年之后，又看了第11集！~,服部平次,35:15,女流66
BV1fwE36LEDc,2026-06-09,【女流66】1w+和女流姐过鸣潮3.4联动剧情，弹幕满是又看了一集，女流姐推荐可以去看看边缘行者这个动画,TM想不出好ID,5:38,女流66|女流 直播
BV16wE36jEvA,2026-06-09,【女流66】小涡出院在家休养 66：不愧是主播养的猫 带病也要出镜,女流录像小屋,3:30,女流66|女流录像小屋
BV1JwE36jEUi,2026-06-09,没想到看完动画时隔多年后，又看了个第11集！女流66过鸣潮边缘行者联动剧情：痛！但露西有被治愈到！没看过动画的推荐去看下，大卫是个很有魅力的角色,切离,27:52,女流66
BV1fAE36yEzH,2026-06-09,【女流66】壮壮又入坑鸣潮了？ 66：我怎么感觉怪怪的 以后要跟壮壮讨论小爱的发色了,女流录像小屋,4:13,女流66|女流录像小屋
BV1wFE36mEGG,2026-06-09,这就是爱！第11集！女流66鸣潮3.4决战亚当重锤，看到露西大卫结局揪心感动：没想到这么多年还能再看一集,企鹅练习生,21:17,女流66
BV11eE36WEND,2026-06-09,相当于又看一集！彻底释怀终于圆梦！女流66鸣潮3.4主线剧情精剪：联动做得非常优秀！这完全相当于看了边缘行者第11集啊！,Er汐汐脑公罢,20:1,女流66|女流 直播
BV1DnE36AE2b,2026-06-09,女流66鸣潮3.4赛博朋克联动剧情回放-弹幕版,理解与喇叭,134:5,女流66|女流 直播|女流 回放
BV1m4E36FEiH,2026-06-08,闹麻了！石大壮玩鸣潮刚表示自己喜欢长离，难绷有人科普长离CV，壮壮直言这跟我有啥关系，你现在提什么意思，我就喜欢这个角色行不行！,收容失效君,1:6,女流66|石大壮 女流
BV1gsE36hEAm,2026-06-08,【女流66】鸣潮3.4联动池子，50抽双金出鉴心跟露西，吸欧气，截图发给石大壮~,不懒bot,8:34,女流66|石大壮 女流
BV1afE36TEYp,2026-06-08,拒绝指导！石大壮玩鸣潮坦言有自己的节奏，自己对指导厨的意见基本不会听的，劝指导厨别费心思省的看直播气到,收容失效君,1:48,女流66|女流 直播|石大壮 女流
BV1DAEG6eEmc,2026-06-08,【女流66】【2026-06-08】《鸣潮3.4 》,bobi华,239:26,女流66|女流 直播|女流 2026
BV1e9E366EGp,2026-06-08,YJJ回响单三猛攻航天  左右脑互搏帮号主清仓  又掏出比特连续两个天才少年！最后被小涡强制下机~,恶龙炮OvO,16:45,女流66
BV1oXE363EGa,2026-06-08,【女流66】鸣潮×赛博朋克：边缘行者 3.4联动剧情「边缘幻梦」06.08全程直播录像弹幕版,不懒bot,239:52,女流66|女流 直播
BV17SE365ECu,2026-06-08,【女流66】体验《鸣潮》× 《赛博朋克：边缘行者》 联动剧情，06.08直播录像弹幕版~,服部平次,240:18,女流66|女流 直播
BV1HpEG6DEHk,2026-06-08,【女流66】看《归唐》19分钟完整实机演示，打斗可以，运镜成熟，看最终定价是多少,不懒bot,24:50,女流66
BV1xPEM67EqY,2026-06-08,第21期女流桜花~Ａリーグ第２節Ｂ卓,岭上换绿发,267:41,女流 直播
BV1ZbEG6yE1k,2026-06-08,【女流66】吸吸欧气！鸣潮3.4小抽露西池子，50抽双金鉴心+露西，快截图发给壮壮！~,服部平次,9:22,女流66|石大壮 女流
BV1ExEG6UETB,2026-06-08,【弹幕版】【鸣潮3.4】【2026-06-08】【女流66】,直播回放巴拉蹦吧,240:28,女流66|女流 直播|女流 回放|女流 2026
BV1xgEG6fEj7,2026-06-08,【纯净版】【鸣潮3.4】【2026-06-08】【女流66】,直播回放巴拉蹦吧,240:28,女流66|女流 直播|女流 回放|女流 2026
BV18KEG6aEn8,2026-06-08,【女流66】看《归唐》19分钟完整实机演示！【弹幕版】,艾米尔Official,23:35,女流66|女流 直播
BV1bMEG6cE8W,2026-06-08,【女流66】看《归唐》19分钟完整实机演示，运镜非常成熟，电影叙事的游戏都不便宜，我想知道这游戏定价多少~,服部平次,24:50,女流66
BV1yLEG6xEgH,2026-06-08,我走不出来！女流玩鸣潮3.4联动，嘴里还不停念叨娅娅，要是蛋糕能早点送就好了呀，我的娅娅,收容失效君,1:16,女流66|石大壮 女流
BV118Eu6EE4b,2026-06-08,【女流66】谈鸣潮赛博朋克联动让很多人入坑，壮壮已经开始玩了？还氪了好几个648？想到他还会喜欢上小爱，心里感觉怪怪的！~,服部平次,6:34,女流66|石大壮 女流
BV1AiEu6LEtP,2026-06-08,女流66弟弟壮壮抽满链露西，令人舒适，库洛你记仇阿！,需要好运叶子菌,32:5,女流66
BV1mWEu6pELg,2026-06-08,在炮炮直播间被拉黑了，找我求情，帮忙解除拉黑说是!,晚风遇66,2:40,女流 直播|石大壮 女流
BV1VXEu6eExj,2026-06-08,66姐以前怼弹幕怼的很狠?66姐:我不咋怼弹幕，主打讲道理奥!姐姐真不咋怼弹幕吧!,晚风遇66,2:16,女流 直播|石大壮 女流
BV1ZCEu6zEMQ,2026-06-08,常驻五虎齐了？石大壮抽鸣潮联动池黑到爆炸，连氪数个648，最后都滩在椅子上，气的把战袍都脱了，最后也是氪服困难6链露西了【精剪版】,收容失效君,10:15,女流66|石大壮 女流
BV17CEu66ECk,2026-06-08,千问片酬知名演员配大导演和史诗级宣发?不该只是如此!《阿嫲的情书》的成功是个很好的正向例子!,晚风遇66,1:57,石大壮 女流
BV1w3EM6CEpd,2026-06-08,第21期女流桜花~Ａリーグ第１節Ｂ卓,岭上换绿发,246:36,女流 直播
BV18RET6WE9S,2026-06-08,仪式感！石大壮特意拿出大卫联动战袍，来抽鸣潮边缘行者联动卡池！这应该不会歪了吧,收容失效君,1:48,女流66|石大壮 女流
BV1uJE862EYh,2026-06-08,【石大壮】这就难受了？壮壮过鸣潮1.1今汐高潮剧情，小姑娘受这苦，看不了这个，后面有的享受了！~,服部平次,43:25,女流66|石大壮 女流
BV1xpE86yE8D,2026-06-08,【女流66】玩007 初露锋芒 发现翻译错误  没有人喜欢学霸 66：还好我不是..,女流录像小屋,1:53,女流66|女流录像小屋
BV1DoE86nEeN,2026-06-08,这才哪到哪！壮壮鸣潮1.1主线决战体验极佳：演出非常牛逼把情绪都调动起来了，小姑娘受这苦真不忍心看,企鹅练习生,15:20,女流66|女流 2026|石大壮 女流
BV1BjEb6fEGi,2026-06-07,女流66姐:我们三个人的YY，咋就2个人说话?还有一个人沉默呢？,晚风遇66,2:1,女流66|女流 直播|石大壮 女流
BV1ycE46wE31,2026-06-07,姐姐:那边播的咋样?壮壮:氛围很好，很舒服!,晚风遇66,2:4,石大壮 女流
BV1a8E46GEVR,2026-06-07,真心推荐2.0！壮壮谈这次来玩鸣潮的原因，最主要的还是66姐用那个眼神，说出“这个是真心推荐”,企鹅练习生,1:28,女流66
BV179E46dEiu,2026-06-07,推荐壮壮带父母去看《阿嫲的情书》一定切记:去几个人带几包纸巾!,晚风遇66,2:49,石大壮 女流
BV1LfE46pES7,2026-06-07,女流亲姐姐也真心推荐？壮壮哥讲自己玩鸣潮的几个原因,理解与喇叭,11:26,石大壮 女流
BV1foE469Ega,2026-06-07,【石大壮】体验《鸣潮》1.1版本剧情战斗，06.06直播录像弹幕版~,服部平次,209:32,女流 直播|石大壮 女流
BV1yqEs6fEyV,2026-06-07,66姐:看《阿嫲的情书》哭到头痛欲裂!,晚风遇66,2:1,石大壮 女流
BV1poEc6ZEox,2026-06-06,【2026決勝戦】女流プロ麻雀日本シリーズ,岭上换绿发,348:42,女流 2026
BV1xXEc6hEGU,2026-06-06,【2026プレーオフ第２節】女流プロ麻雀日本シリーズ,岭上换绿发,245:11,女流 2026
BV1sREc6FEwj,2026-06-06,【2026プレーオフ第１節】女流プロ麻雀日本シリーズ,岭上换绿发,254:36,女流 2026
BV1JBEn6kERo,2026-06-06,壮壮谈当伴郎遇到漂亮妹妹和姐姐，被夸帅气说是!,晚风遇66,3:8,石大壮 女流
BV1SEEn6xEUE,2026-06-06,壮壮回家谈自己当伴郎堵门，直言:自己就像个战神!,晚风遇66,4:31,石大壮 女流
BV1yn7Q6aEAv,2026-06-06,一眼爱上！壮壮试玩达妮娅被建模精度震撼到，当场掏空家底怒氪648，得知珊瑚能换共鸣链瞬间傻了,企鹅练习生,4:45,女流66|石大壮 女流
BV1P77Q6eET9,2026-06-06,YJJ航天修脚大师  打完对面甲都是好的！220发修脚打完上刺刀追，一个没抢一个没子弹  太戏剧了！,恶龙炮OvO,5:34,女流66
BV1i87S6mEBa,2026-06-06,姐弟互动，战老:咋还吵起来了捏?,晚风遇66,1:47,石大壮 女流
BV1pfEc64EA4,2026-06-06,【2026第７節】女流プロ麻雀日本シリーズ,岭上换绿发,337:1,女流 2026
BV1T8Ew6KEZU,2026-06-06,【2026第６節別日】女流プロ麻雀日本シリーズ,岭上换绿发,49:31,女流 2026
BV1NeEw6YEiP,2026-06-06,【2026第６節】女流プロ麻雀日本シリーズ,岭上换绿发,243:46,女流 直播|女流 2026
BV12hEw6vERU,2026-06-06,【2026第５節】女流プロ麻雀日本シリーズ,岭上换绿发,439:51,女流 直播|女流 2026
BV1p6Ew6bE3f,2026-06-06,【2026第４節】女流プロ麻雀日本シリーズ,岭上换绿发,459:1,女流 2026
BV1Y7Ew65EZP,2026-06-06,【2026第３節】女流プロ麻雀日本シリーズ,岭上换绿发,88:46,女流 2026
BV1a7EF6iE34,2026-06-06,【2026第２節】女流プロ麻雀日本シリーズ,岭上换绿发,379:26,女流 2026
BV1DcEc6KEiE,2026-06-06,【2026第１節】女流プロ麻雀日本シリーズ,岭上换绿发,299:6,女流 2026
BV1aP7k6HE1Y,2026-06-05,姐姐:壮壮太粗糙，得找个女朋友管理一下了，依稀记得:你三十没男人～三十没男人～回旋镖啊，老壮!,晚风遇66,1:34,石大壮 女流
BV1MU766CEXj,2026-06-05,YJJ扶贫卖红启动！ 投资一把滑膛枪回馈1200w  航天赚钱去机坝炸鱼，东楼来一队干一队~,恶龙炮OvO,11:11,女流66
BV1cF7z6tERV,2026-06-05,66姐:每天游戏打的这么开心，能不能帮带娃?壮壮:啊？鸡胸肉真好吃!,晚风遇66,2:41,石大壮 女流
BV18P766CEaY,2026-06-05,壮壮谈小窝肾衰竭严重，去医院看点时候嗷嗷哭，还好有菠神介绍点医院!,晚风遇66,17:17,石大壮 女流
BV1pJ766YEV4,2026-06-05,狂的没边！女流66亲弟弟石大壮被问为啥没女流66鸣潮好友，豪言壮语：我玩鸣潮时，我姐还在二游玩泥巴呢,奕笙Lang,1:5,女流66|石大壮 女流
BV1tu766gEzs,2026-06-05,担惊受怕多虑了！女流66亲弟弟石大壮凌晨偷偷玩鸣潮，害怕吵起来，没想到要更新30多个G，更新完直播间人数直接翻倍，但氛围还行,奕笙Lang,1:19,女流66|女流 直播|石大壮 女流
BV12JEN6zE9Q,2026-06-05,见一个爱一个！壮壮试玩鸣潮2.0角色满脸兴奋：我的天这技能搞这么帅，我是真拒绝不了电锯啊,企鹅练习生,11:48,女流66|石大壮 女流
BV1crEw6ZEdp,2026-06-05,石大壮为什么没有女流66的好友：自己刚玩鸣潮的时候姐姐还在二游玩泥巴呢,七丘决斗王,1:40,女流66|石大壮 女流
BV1fDEw6DEx3,2026-06-05,大大方方玩！壮壮谈原本担心大家会吵起来，没想到直播间氛围还挺好的，不想封任何一个人是心里话,企鹅练习生,1:33,女流66|女流 直播|石大壮 女流
BV11EEA6aE5x,2026-06-05,只想享受游戏！石大壮深夜入坑鸣潮吐露担忧：怕切片传出去大家又吵架！真不想亲手封任何一个人！但感觉粉丝还是很给面子的！现在的环境也能理解,Er汐汐脑公罢,1:37,女流66|女流 直播|女流 切片|石大壮 女流
BV16xEA6oEuq,2026-06-05,大大方方玩！女流66弟弟石大壮怕大家吵架只敢偷偷启动鸣潮！但发现是杞人忧天了氛围还不错！恐怖的是更新游戏的时候人数就翻了个倍,Er汐汐脑公罢,1:38,女流66|石大壮 女流
BV1m3EA6KEZr,2026-06-05,【石大壮】体验《鸣潮》1.0版本剧情战斗，06.04直播录像弹幕版~,服部平次,292:43,女流66|女流 直播|石大壮 女流
BV127EA6AEgU,2026-06-05,坏女人完全顶不住！女流66弟弟石大壮鸣潮初见椿瞬间心动😍嘴角根本下不来！中途多次坐立难安！同时猜到不少黑海岸背景故事,Er汐汐脑公罢,6:36,女流66|石大壮 女流
BV127EA6AE3i,2026-06-05,这个真心推荐！壮壮才明白“真心推荐”是什么意思，居然和自己姐姐有关系，还是在采访松伦的时候,企鹅练习生,1:25,女流66|石大壮 女流
BV1XCEA6LERQ,2026-06-04,大开眼界！女流66弟弟石大壮试用鸣潮长离😍被动作和建模深深吸引并反复品鉴！我真的很喜欢她在空中轻飘飘的那一段动作,Er汐汐脑公罢,2:22,女流66|石大壮 女流
BV149EA6BEVD,2026-06-04,单纯好色！女流66弟弟“石大壮”入坑鸣潮第一件事先找女角色声痕😍看到今汐和椿瞬间走不动道了！反复品鉴还有坏女人？,Er汐汐脑公罢,1:56,女流66|石大壮 女流
BV1qvEA6DEqS,2026-06-04,单纯想玩！女流66亲弟弟【石大壮】低调入坑鸣潮，怕被说是恰烂钱都想凌晨两点播，这两天也是高强度自搜,企鹅练习生,1:36,女流66|石大壮 女流
BV16WEc6nEwB,2026-06-04,壮壮的究极特种兵行程，好家伙，听着都累啊!,晚风遇66,5:34,石大壮 女流
BV1jhEc62EgR,2026-06-04,【影之刃零】女流66聊跳票：很多游戏跳票不止跳一次，半年一年起的都有,瞎某某Blinder,1:3,女流66
BV1ihEc61EVH,2026-06-04,女流66：影之刃零上线的时候，全球玩家会感受一波中式建筑的洗礼！,瞎某某Blinder,1:14,女流66
BV1Vu7Z6PECu,2026-06-04,女流66姐谈哄炮炮，看见炮炮说:没有人喜欢我，太可怜了，忍不住!水友:是不是在撒娇?撒娇男人最好命!,晚风遇66,1:42,女流66|石大壮 女流
BV1ni7Z61Ejd,2026-06-04,女流66姐:朵朵也加入哄炮炮的队伍了!哈哈!,晚风遇66,1:29,女流66|石大壮 女流
BV1rj7f67EH6,2026-06-04,小孩没有自主意识，理解不容易，现在只想帮帮她们!,晚风遇66,1:42,石大壮 女流
BV15f7X6sEQa,2026-06-03,女流66姐:现在我的推荐视频都是关于小孩的，还有那种很可怜的，都是卖塑料袋的，买了很多!,晚风遇66,3:10,女流66|石大壮 女流
BV1p17X6PE2c,2026-06-03,【石大壮】小涡手术成功已度过危险期，在无良医院踩了大坑，多亏菠神推荐了靠谱的宠物医院！~,服部平次,28:3,女流66|石大壮 女流
BV1edV26tEH6,2026-06-03,女流66姐:朵朵长大了，以前看书喊小姐姐的，现在喊小妹妹，哈哈!,晚风遇66,1:47,女流66|石大壮 女流
BV1BUV26AE8u,2026-06-03,女流66姐:不能接受朵朵奶粉过敏!现在完全依赖母乳，所以不能离开!,晚风遇66,2:38,女流66|石大壮 女流
BV1y7Vm6VEJ6,2026-06-03,08年开始看我直播？姐姐:那是我高考后第二年，你是我本科同学吗？哈哈!,晚风遇66,1:41,女流 直播|石大壮 女流
BV1hwV161Ewv,2026-06-03,【女流66】杂谈《影之刃零》宣布跳票10月29日！,艾米尔Official,3:19,女流66|女流 直播
BV1EJVC6xE6L,2026-06-03,泛式好奇：“这个真心推荐是什么梗？”玩战双新主线准备下播看到有人刷，知道是女流66和松伦的梗后：鸣潮3.1我也真心推荐！确实是集大成者,切离,1:1,女流66
BV11KVC6NE2H,2026-06-03,泛式好奇真心推荐是什么梗，得知松伦真心推荐女流66后，自己也真心推荐鸣潮3.1,七丘决斗王,1:2,女流66
BV189V66vEwf,2026-06-02,【女流66】炮炮像小孩一样 四颗蛀牙 爱吃甜的 桌子下放一袋大白兔,女流录像小屋,1:30,女流66|女流录像小屋
BV1hDV66qEjB,2026-06-02,【女流66】评论说66 当妈了还玩游戏 66：有一种穿越了的感觉..  66讲解007剧情,女流录像小屋,4:16,女流66|女流录像小屋
BV1i6V665E8t,2026-06-02,【女流66】玩007 特蕾莎穿泳衣 大家看爽了 我下播扣了好多分,女流录像小屋,3:18,女流66|女流录像小屋
BV1JLVr6nE3w,2026-06-02,【女流66】小涡住院做手术去了 去医院看它就哗哗流眼泪,女流录像小屋,2:24,女流66|女流录像小屋
BV1LpVr61ELK,2026-06-02,女流66姐:大家小时候有特别想要的东西，突然一天得到后，每天都很期盼，都很幸福点感觉吗？我现在每天早上看见朵朵就是这样，幸福!,晚风遇66,2:8,女流66|石大壮 女流
BV1esVz6iEH6,2026-06-02,女流氓的产生究竟是究竟是人性的毁灭还是道德的沦丧,白萝卜-穷鬼版,1:14,女流 直播
BV1mQVi6nEwX,2026-06-02,豆包：不死鸟总监确实是老胖秃！,监学家,1:0,女流 直播
BV1Rn5w6qEfH,2026-06-02,女流66：我觉得 炮神的智力！说他没有问题？是一种自我欺骗！但是 他偶尔 表现的 蛮聪明的！,龙小沫LOVE,2:22,女流66
BV1iXVd6HEVC,2026-06-01,炮神yjj帮粉丝打天才少年，遭遇生涯最大滑铁卢。,其实我是饱神,6:23,女流 直播
BV1AnVo6AEwJ,2026-06-01,女流氓的产生究竟是究竟是人性的毁灭还是道德的沦丧,白萝卜-近期开播,1:11,女流 直播
BV1hRV96GECX,2026-06-01,女流66姐:去医院看了小涡，眼泪真是止不住的掉!,晚风遇66,2:59,女流66|石大壮 女流
BV1j1V96EEga,2026-06-01,女流66姐:现在玩游戏注重体验，不太急着要通关了!,晚风遇66,1:19,女流66|女流 直播|石大壮 女流
BV1YgV96GEEk,2026-06-01,女流66：足球预选赛 一场没赢？足球对体力要求太高了！对个人能力要求高！对团队配合要求也高！很综合的一项运动！,龙小沫LOVE,1:41,女流66
BV1NMVR6YEwq,2026-06-01,姐姐谈《007》游戏中将错就错掩盖AI犯的错，所以大家会无条件相信AI吗？,晚风遇66,3:13,石大壮 女流
BV1eKVQ6TEDT,2026-05-31,【石大壮】朋友婚礼偶遇女粉小脸一红，可爱妹妹：你是壮壮哥吗？下一句话绷不住了：我经常看你在抖音直播？！~,服部平次,13:14,女流66|女流 直播|女流 抖音|石大壮 女流
BV19HVU6bEkq,2026-05-31,【女流66】《007 初露锋芒》游戏实况第四期（完结），间谍动作冒险游戏，05.31直播录像弹幕版~,服部平次,197:37,女流66|女流 直播
BV15yVS6YEwe,2026-05-31,【女流66】【2026-05-31】《 007初露锋芒 》,bobi华,196:27,女流66|女流 直播|女流 2026
BV1qvVS6zEBM,2026-05-31,【纯净版】【正在玩：007，初露锋芒】【2026-05-31】【女流66】,直播回放巴拉蹦吧,198:0,女流66|女流 直播|女流 回放|女流 2026
BV1gQVS6ZEuN,2026-05-31,【弹幕版】【正在玩：007，初露锋芒】【2026-05-31】【女流66】,直播回放巴拉蹦吧,198:0,女流66|女流 直播|女流 回放|女流 2026
BV1NTVn6KEEB,2026-05-31,女流66姐:炮炮不好好刷牙，蛀牙去补牙了，补完了，还是不好好刷牙!不觉得补牙痛苦吗？,晚风遇66,1:4,女流66|女流 直播|石大壮 女流
BV1EcVH6FEew,2026-05-31,女流66姐:旁观了下自己以前，现在已经戒掉了哄炮炮的习惯!,晚风遇66,1:13,女流66|石大壮 女流
BV19xVE65EK2,2026-05-31,女流66姐谈自己的私信，一半是真实水友分享故事，一半是要买我号的!,晚风遇66,2:5,女流66|女流 直播|石大壮 女流
BV11kVE6YEg2,2026-05-31,生完小孩如何保持身材?66姐:不必担心啊!,晚风遇66,2:30,石大壮 女流
BV1jLVj65ERs,2026-05-31,女流66姐谈给小孩起名字，出了月子才决定，每天看着备选点名字再纠结!,晚风遇66,1:37,女流66|石大壮 女流
BV1LYVV6NEp4,2026-05-30,水友问姐姐在追啥剧，66姐:《石悦带娃记》,晚风遇66,1:18,石大壮 女流
BV1GiV36sEgx,2026-05-30,66姐:现在搞不懂的东西太多了，现在好多视频都刷不懂，哈哈!,晚风遇66,1:27,石大壮 女流
BV1ccVG6MEQr,2026-05-30,【女流66】【2026-05-30】《 007初露锋芒 》,bobi华,117:48,女流66|女流 直播|女流 2026
BV1CZV36gEJg,2026-05-30,【女流66】《007 初露锋芒》游戏实况第三期，间谍动作冒险游戏，05.30直播录像弹幕版~,服部平次,118:9,女流66|女流 直播
BV1KSV361Ezj,2026-05-30,【弹幕版】【正在玩：007，初露锋芒】【2026-05-30】【女流66】,直播回放巴拉蹦吧,72:29,女流66|女流 直播|女流 回放|女流 2026
BV1NQV365Eoe,2026-05-30,【纯净版】【正在玩：007，初露锋芒】【2026-05-30】【女流66】,直播回放巴拉蹦吧,72:29,女流66|女流 直播|女流 回放|女流 2026
BV1r5Va6FERL,2026-05-30,【女流66】遗忘之海抽卡 这角色这么好出吗,女流录像小屋,11:11,女流66|女流录像小屋
BV16LVa6bEem,2026-05-30,【女流66】遗忘之海 我喜欢这种海上战斗！没有战斗的时候就是惬意的海上航行,女流录像小屋,11:17,女流66|女流录像小屋
BV15MVh6LExD,2026-05-29,【女流66】《007 初露锋芒》游戏实况第二期，间谍动作冒险游戏，05.29直播录像弹幕版~,服部平次,278:11,女流66|女流 直播
BV1euVh6yEkF,2026-05-29,女流谈评论区有人说自己都妈了还打游戏当场无奈：有水友回他这是我的工作 但难道纯打游戏也不行吗！,高能游戏眼,1:1,女流66
BV1f6Vh6pEH2,2026-05-29,【女流66】【2026-05-29】《 007初露锋芒 》,bobi华,277:33,女流66|女流 直播|女流 2026
BV1Z6Vh6pEpk,2026-05-29,【弹幕版】【正在玩：007，初露锋芒】【2026-05-29】【女流66】,直播回放巴拉蹦吧,278:44,女流66|女流 直播|女流 回放|女流 2026
BV1zdVt61EK1,2026-05-29,【纯净版】【正在玩：007，初露锋芒】【2026-05-29】【女流66】,直播回放巴拉蹦吧,278:44,女流66|女流 直播|女流 回放|女流 2026
BV1p2Vt6QESq,2026-05-29,【女流66】《遗忘之海》内测限时卡池抽卡，一个648成功拿下茉莉角色专武！~,服部平次,11:5,女流66
BV1ujVb6wEAB,2026-05-29,【女流66】我在遗忘之海当幽灵船长，这就是皇帝的新船吗？小游戏比谁能喝，能喝的过我内蒙的？~,服部平次,25:20,女流66
BV1X2Vb66E2K,2026-05-29,66姐:怎么回事?炮炮也模仿我创了个小号记录朵朵说是!,晚风遇66,1:32,石大壮 女流
BV1cxV467E6r,2026-05-29,女流66姐:给朵朵做肉丝辅食，真的巨成功，感觉到了可售卖点地步了!,晚风遇66,2:28,女流66|石大壮 女流
BV1diV46zEDG,2026-05-29,女流:最近在疯狂增肥，哺乳期真的瘦的太多了!,晚风遇66,1:50,女流 直播|石大壮 女流
BV15FV46NEMU,2026-05-29,【女流66】试玩《遗落之海》测试版 这战斗方式真挺有创意的呢,女流录像小屋,4:23,女流66|女流录像小屋
BV1HkVx62EUW,2026-05-29,【女流66】现在做辅食做的很好 可以去开账号的程度了,女流录像小屋,2:27,女流66|女流录像小屋
BV1kFVW6qEuS,2026-05-29,【女流66】自制猪肉松~朵朵吃的东西都亲自做 感觉可以开个账号教大家做辅食 弹幕：求配方,不懒bot,8:41,女流66
BV1jXVW6wErB,2026-05-28,【女流66】【2026-05-28】《 《遗忘之海》测试 》,bobi华,138:47,女流66|女流 直播|女流 2026
BV1pBVW6rEQJ,2026-05-28,【女流66】《遗忘之海》内测试玩，05.28直播录像弹幕版~,服部平次,138:59,女流66|女流 直播
BV1pBVW6rExC,2026-05-28,【弹幕版】【《遗忘之海》测试】【2026-05-28】【女流66】,直播回放巴拉蹦吧,139:1,女流66|女流 直播|女流 回放|女流 2026
BV1WBVW6rEgG,2026-05-28,女流66：开船翻了就丢人丢大了，这个怪能打过吗？,证本明源,50:19,女流66
BV1J2VW6KED4,2026-05-28,【女流66】《遗忘之海》内测试玩 第五人格工作室新作 开放世界航海冒险 05.28完整直播录像弹幕版,不懒bot,139:19,女流66|女流 直播
BV1nCVW6MEdb,2026-05-28,【女流66】今天亲自给朵朵做猪肉松，她吃的嘎嘎香，感觉可以开个账号，教大家做辅食了！~,服部平次,10:30,女流66
BV14GVs6EESf,2026-05-28,【纯净版】【《遗忘之海》测试】【2026-05-28】【女流66】,直播回放巴拉蹦吧,139:1,女流66|女流 直播|女流 回放|女流 2026
BV1GdVH6HEni,2026-05-28,童猪:问现在看轰轰和壮壮就是商务CP的感觉,晚风遇66,1:30,石大壮 女流
BV15XVH6WEyL,2026-05-28,【石大壮】看《诸播王座》第三集，表哥这两天请没请假，每次更新都没播？我姐夫也是本色出演！~,服部平次,23:33,女流66|石大壮 女流
BV1aqVp6WE76,2026-05-28,想看壮壮cos，轰轰:豆包去除壮壮衣物!,晚风遇66,1:28,石大壮 女流
BV188G96vEQv,2026-05-28,【寅子】看《诸播王座》第三集，表哥真本人出演，这动静都一样！阿飞踏踏实实做个二哥也挺好！~,服部平次,28:21,女流66
BV17UGQ6yEoQ,2026-05-28,姐姐:家里手柄都泛滥了，以后将被朵朵继承!,晚风遇66,2:44,石大壮 女流
BV1ZxGD66EYn,2026-05-28,女流66_007初露锋芒_2026-05-27_13-49-00,笨蛋雪人像素头,145:44,女流66|女流 直播|女流 抖音|女流 2026
BV1WhGm66EVs,2026-05-28,【女流66】《007 初露锋芒》最高画质完整直播录像,女流66,898:40,女流66|女流 直播
BV1TKGU62E8M,2026-05-28,【弹幕版】【007初露锋芒】【2026-05-27】【女流66】,直播回放巴拉蹦吧,46:41,女流66|女流 直播|女流 回放|女流 2026
BV1r7GU6uExf,2026-05-28,【女流66】拆箱007手柄 每出一个新游戏就收到一个新手柄 到时候都是朵朵来继承了,女流录像小屋,3:21,女流66|女流录像小屋
BV1nVGy6xEFv,2026-05-27,女流开箱007限定手柄：家里手柄都泛滥了 但没一个是舍得给壮壮的 每出一个游戏就能收到一个！,高能游戏眼,2:58,女流66
BV1mzGy6qEmy,2026-05-27,【女流66】【2026-05-27】《 007初露锋芒 》,bobi华,313:43,女流66|女流 直播|女流 2026
BV14kGy6iEgG,2026-05-27,【女流66】《007 初露锋芒》游戏实况第一期，间谍动作冒险游戏，05.27直播录像弹幕版~,服部平次,313:30,女流66|女流 直播
BV1D5G16CEn2,2026-05-27,【女流66】《007：初露锋芒》全流程实况合集 通关完结 完整直播录像弹幕版,不懒bot,902:1,女流66|女流 直播
BV1TnG166Eo5,2026-05-27,【弹幕版】【007初露锋芒】【2026-05-27】【女流66】,直播回放巴拉蹦吧,267:59,女流66|女流 直播|女流 回放|女流 2026
BV1m7G16rEsm,2026-05-27,【纯净版】【007初露锋芒】【2026-05-27】【女流66】,直播回放巴拉蹦吧,314:40,女流66|女流 直播|女流 回放|女流 2026
BV16PVA65ED8,2026-05-26,姐姐:看到朵朵奶粉过敏的切片下好多水友的建议和关心!,晚风遇66,1:22,女流 切片|女流 2026|石大壮 女流
BV1QRGf6XEr7,2026-05-26,姐姐谈小时候把壮壮摔在地上，老妈自责让自己去看着壮壮!,晚风遇66,2:24,石大壮 女流
BV1hMGR6zEs9,2026-05-25,姐姐:因为处理了2分钟工作，疏忽了朵朵，很自责，难过!一刻不能离人的阶段，只能说母亲的伟大无需多言!,晚风遇66,3:43,石大壮 女流
BV1JhGR69EWd,2026-05-25,姐姐谈带朵朵和其她阿姨家点小孩一起玩!朵朵:主打一手捧场奥!,晚风遇66,3:7,石大壮 女流
BV1fkG46rEJy,2026-05-25,姐姐谈朋友圈屏蔽父母，直言:怕父母伤心!,晚风遇66,2:4,石大壮 女流
BV1xrGW61EUc,2026-05-25,买别人的冻奶?暂时还不能接受，安全大于一切!,晚风遇66,2:12,女流 2026|石大壮 女流
BV1z5GH6xEpG,2026-05-24,女流看诡秘之主新PV，还有怪物的boss战？,莓莓冰沙,2:50,女流66
BV1kcGJ64EhX,2026-05-24,水友:炮炮真菜!姐姐:你们真是追着杀啊，哈哈!我炮神可是拿过世界冠军的男人!狐闹!,晚风遇66,1:39,石大壮 女流
BV162GJ6dEdu,2026-05-24,66姐谈当年中国队斤世界杯，父母请假，全校放假，都在看!,晚风遇66,2:37,女流 2026|石大壮 女流
BV1aHG76NEps,2026-05-24,【女流66】处理两分钟的工作，朵朵被小毯子盖到脸上，很自责！回忆起小时候摔壮壮经历~,不懒bot,8:44,女流66|女流 切片|石大壮 女流
BV1tbG768EZ5,2026-05-24,【女流66】炮炮晚上做噩梦，梦见有人追着他戳他屁股，今天他就背着包，去上海了找XDD玩了！~,服部平次,2:52,女流66
BV1uTGE6eE9V,2026-05-24,【女流66】处理了两分钟工作，朵朵脸上被毯子盖住，感到非常自责！想起小时候摔了壮壮，我妈现在还在自责！~,服部平次,9:13,女流66|石大壮 女流
BV12sGL6sEdx,2026-05-24,和壮壮吐槽了快1个小时，还考虑写封信，只希望怀旧服能名副其实!,晚风遇66,2:17,石大壮 女流
BV15DGL6qEqq,2026-05-24,姐姐谈冒险岛怀旧服，玩的很难受，发现不少问题，希望公测能修改，也希望游戏越来越好!,晚风遇66,6:2,女流 冒险岛|石大壮 女流
BV1p7Gz67Ebr,2026-05-24,成熟的胆小菇女流66鸣潮3.3下半主线剧情：后悔了，自己亲手做蛋糕早送过去了,七丘决斗王,28:35,女流66
BV1AFG66UEhg,2026-05-24,【女流66】看诡秘之主最新PV，感觉技能挺丰富，得看实机测试情况,不懒bot,3:35,女流66
BV1MSGz6xEe6,2026-05-24,【女流66】看鸣潮二周年潮声庆典纪念动画，中国风新地图梦州？,不懒bot,5:27,女流66
BV1byGz6fE3g,2026-05-24,【女流66】看诡秘之主新pv 壮壮有资格 但是对我也是保密的,女流录像小屋,3:28,女流66|女流录像小屋
BV197G66KEcz,2026-05-24,【女流66】因为处理了两分钟工作 朵朵被毯子盖住 感觉很自责 再也不看朵朵的时候玩手机了,女流录像小屋,5:33,女流66|女流录像小屋
BV1QsG66hEcu,2026-05-24,【女流66】看《鸣潮》二周年潮声庆典纪念动画 | Turning Around 余烬重燃，中国风地图帅爆了！~,服部平次,5:15,女流66
BV1SWG66wEfC,2026-05-24,【女流66】大家一起唱歌 就朵朵一个孩子在拍手鼓掌 朵朵太捧场了,女流录像小屋,2:3,女流66|女流录像小屋
BV1z2G66jE8F,2026-05-23,无力坐化！心急如焚就压力NPC？女流66鸣潮3.3达妮娅催泪剧情精剪：好女孩最后一刻都在故作轻松关心我们！不是这蛋糕怎么像上供啊？？,Er汐汐脑公罢,14:17,女流66
BV1yqG66pEfn,2026-05-23,【女流66】【2026-05-23】《听说是娅娅 》,bobi华,195:27,女流66|女流 直播|女流 2026
BV12bG66ZEQj,2026-05-23,【弹幕版】【听说是娅娅】【2026-05-23】【女流66】,直播回放巴拉蹦吧,196:49,女流66|女流 直播|女流 回放|女流 2026
BV1yqG66pEDT,2026-05-23,吓得额头冒汗！我真不敢看了！女流66玩鸣潮3.3会长丧尸小游戏：也没人告诉我鸣潮是恐怖游戏呀！让我故意被抓我可不敢去试,Er汐汐脑公罢,6:50,女流66|女流 直播
BV1PSGq6mEei,2026-05-23,【女流66】炮炮去找XDD玩了  早上还做了梦：有人追着戳他屁股！,恶龙炮OvO,1:14,女流66
BV16fGq6rEGV,2026-05-23,希望下次见面，能说我喜欢你。女流66鸣潮3.3下半直播回放，达尼娅,理解与喇叭,153:19,女流66|女流 直播|女流 回放
BV1wZGq6GEtz,2026-05-23,【女流66】《鸣潮》3.3下半剧情「在熔解的夜空下」主线剧情 05.23全程直播录像弹幕版,不懒bot,195:28,女流66|女流 直播
BV1cfGq6rEZo,2026-05-23,【女流66】体验《鸣潮》3.3版本下半「在熔解的夜空下」主线剧情，05.23直播录像弹幕版~,服部平次,195:28,女流66|女流 直播
BV1aiGq64EAh,2026-05-23,【纯净版】【听说是娅娅】【2026-05-23】【女流66】,直播回放巴拉蹦吧,196:49,女流66|女流 直播|女流 回放|女流 2026
BV1aqGq6dEhE,2026-05-23,女流66再谈小时候摔弟弟！看到朵朵差点摔了，发誓带孩子再也不玩手机了！,证本明源,5:59,女流66
BV1T2Gq6SEJ9,2026-05-23,女流66说YJJ梦见一个人追着他戳他皮鼓，所以他就和朋友一起去玩了！这对吗！,证本明源,3:55,女流66
BV142Gq6SEU1,2026-05-23,【女流66】看《诡秘之主》灰雾测试PV，招募开启！赞美愚者！感觉角色的多样性、技能挺丰富的~,服部平次,3:37,女流66|石大壮 女流
BV1X7GB6tEB8,2026-05-23,女流66的c盘爆了！300g的c盘0字节可用，怎么办？水友说C盘直接一个t，300g太小了！,证本明源,4:49,女流66
BV19XGB6eEBR,2026-05-23,66姐:以前玩游戏很纯粹，现在要是看见壮壮在游戏里叫人“老公”再没结婚，哈哈哈哈哈!那坏事，哈哈!,晚风遇66,1:35,女流66|女流 直播|石大壮 女流
BV1mnGi6mEi4,2026-05-23,姐姐:以前和壮壮用同一个号，结果自己游戏里的“老公”也成了壮壮“老公”那个人知道壮壮是男的后，怀疑人生了，哈哈!,晚风遇66,2:20,石大壮 女流
BV1ZcGi6hEsK,2026-05-23,晚上早点回来 外面女流氓很多 不是每个女人都像我一样啥都不要 就图你这个人.,账号已注销,0:16,女流 直播|女流 切片|女流 2026
BV1TpGi67EVx,2026-05-23,我说白了，冒险岛第一美女主播没毛病吧?支持!,晚风遇66,2:22,女流66|女流 冒险岛|石大壮 女流
BV1hZGi6pEoj,2026-05-23,【女流66】朵朵现在有点小脾气，小红温那个劲特像炮炮！那天大伙夸朵朵聪明，才7个月就听懂指令了！我家阿姨：她妈妈可是学霸！~,服部平次,11:23,女流66|石大壮 女流
BV1HjGq6gEfP,2026-05-23,【女流66】啥时候世界杯？我对足球的爱止于02年世界杯，当时中国队出线了，全校放假全家人一起看！对足球的渴望激动热情，就在那一天被浇灭了！~,服部平次,2:38,女流66
BV173Gh6JEig,2026-05-23,女流66_机械迷城工作室新作Phonopolis_2026-05-22_21-09-28,笨蛋雪人像素头,81:32,女流66|女流 直播|女流 抖音|女流 2026
BV1qvGa6QEEW,2026-05-23,【女流66】有人夸朵朵聪明 家里阿姨说：她妈可是学霸  66：嘘！担心朵朵长大有压力 看能瞒到几岁吧,女流录像小屋,6:59,女流66|女流录像小屋
BV1NiGb6sEnG,2026-05-22,女流66说女儿性格像她爸爸挺好的，不会内耗！红温已经遗传了，不知道将来学习怎么样！,证本明源,6:58,女流66
BV14YGb64ELS,2026-05-22,【女流66】Day2解谜冒险游戏《喇叭之城 Phonopolis》完结，《机械迷城》制作组新作，05.22直播录像弹幕版~,服部平次,81:29,女流66|女流 直播
BV14YGb64Epd,2026-05-22,【女流66】通关完结《喇叭之城 Phonopolis》机械迷城团队新作冒险解谜 05.22完整直播录像弹幕版,不懒bot,81:37,女流66|女流 直播
BV1gNG86vEPz,2026-05-22,【弹幕版】【机械迷城工作室新作Phonopolis】【2026-05-22】【女流66】,直播回放巴拉蹦吧,82:35,女流66|女流 直播|女流 回放|女流 2026
BV1GPG86KEFg,2026-05-22,【女流66】【2026-05-22】《机械迷城工作室新作Phonopolis》,bobi华,81:31,女流66|女流 直播|女流 2026
BV1XwG86iEjs,2026-05-22,女流66：完了，昨天没存档！,证本明源,34:42,女流66
BV1TgG86wEvS,2026-05-22,【纯净版】【机械迷城工作室新作Phonopolis】【2026-05-22】【女流66】,直播回放巴拉蹦吧,82:35,女流66|女流 直播|女流 回放|女流 2026
BV1jSGb61EQ4,2026-05-22,【女流66】聪明的朵朵8个月就听懂话了！性格上有点像她爸，小脾气上来就爆爆的~,恶龙炮OvO,7:7,女流66|石大壮 女流
BV1C5Gt6SETL,2026-05-22,【喇叭之城】《机械迷城》工作室续作女流 66 全流程完整直播录像,女流66,211:28,女流66|女流 直播
BV1AjGt6JEwL,2026-05-22,【女流66】机械迷城续作冒险解谜游戏 《喇叭之城》  66：有机械之城那味了,女流录像小屋,7:32,女流66|女流录像小屋
BV11RGt6pEuS,2026-05-22,女流回归冒险岛：冒险岛的记忆很难忘记，冒险岛是壮壮启蒙网游，游戏陪伴其实不分性别,江湖事儿少打听,2:38,女流 直播|女流 冒险岛
BV1RiGt6vENs,2026-05-22,女流回归冒险岛：玩冒险岛就喜欢结婚社交，怀旧服的第一bug被我发现了,江湖事儿少打听,3:43,女流 直播|女流 冒险岛
BV1bCLv6REG7,2026-05-22,YJJ野排奶奶盾组合  资深盾哥+虎头蜂杀穿核心区！最后极限撤离稳稳得吃~,恶龙炮OvO,9:45,女流66
BV1ZWLv6qETK,2026-05-22,YJJ起ID:女流老公?朵朵她爹?错!主打高调，哈哈!,晚风遇66,1:51,女流66|女流 直播|女流 2026|石大壮 女流
BV172Li6rEk4,2026-05-22,YJJ带老粉猛攻航天  一手AW威龙带队清图！  粉丝直呼：有点16年那味了~（bushi）,恶龙炮OvO,15:33,女流66
BV1SzLY6UEbn,2026-05-22,【女流66】对冒险岛怀旧服体验失望难过，取消了玩家交易，策划脱离群众脱离玩家，写了小作文，怀旧怀不了一点，公测不改变要跟冒险岛说再见？,不懒bot,14:24,女流66|女流 冒险岛|石大壮 女流
BV12fL86uEJC,2026-05-21,【女流66】这次就是带着钱来玩冒险岛的 但是对内测版本不满意  看看能改到什么程度吧,女流录像小屋,1:53,女流66|女流 冒险岛|女流录像小屋
BV1QaLh61EKU,2026-05-21,【女流66】解谜冒险游戏《喇叭之城 Phonopolis》，《机械迷城》制作组新作，05.21直播录像弹幕版~,服部平次,199:17,女流66|女流 直播|女流 冒险岛
BV1SaLh61EqC,2026-05-21,【女流66】对这次冒险岛怀旧服内测很失望 希望正式服出来会变好吧,女流录像小屋,9:34,女流66|女流 冒险岛|女流录像小屋
BV1ipLh6XEHE,2026-05-21,【女流66】【2026-05-21】《机械迷城工作室新作Phonopolis》,bobi华,199:6,女流66|女流 直播|女流 2026
BV1oELh6sEJx,2026-05-21,【弹幕版】【机械迷城工作室新作Phonopolis】【2026-05-21】【女流66】,直播回放巴拉蹦吧,199:12,女流66|女流 直播|女流 回放|女流 2026
BV1EELh6xExF,2026-05-21,【女流66】机械迷城团队新作冒险解谜《喇叭之城 Phonopolis》 05.21完整直播录像弹幕版,不懒bot,198:56,女流66|女流 直播
BV1RsLh6nEas,2026-05-21,【纯净版】【机械迷城工作室新作Phonopolis】【2026-05-21】【女流66】,直播回放巴拉蹦吧,199:12,女流66|女流 直播|女流 回放|女流 2026
BV1XtLh6EEfF,2026-05-21,【女流66】吐槽冒险岛怀旧服内测阶段令老玩家失望~,服部平次,14:38,女流66|女流 冒险岛|石大壮 女流
BV1LpLh6XEUa,2026-05-21,女流吐槽冒险岛：真的要和冒险岛说再见？怀旧服我是恨铁不成钢！,江湖事儿少打听,3:9,女流66|女流 冒险岛
BV1qZLh6ZE9Q,2026-05-21,【女流66】冒险岛让老玩家失望  怀旧服一点不像样！真的要说再见了吗？,恶龙炮OvO,4:5,女流66|女流 冒险岛
BV1fZLh6ZEe7,2026-05-21,女流吐槽冒险岛：怀旧服一点都不怀旧，不能自由交易严重阻碍游戏体验，社交属性不是只有聊天,江湖事儿少打听,4:47,女流 冒险岛
BV1oFLa64ENU,2026-05-21,【女流66】吐槽冒险岛迷之操作：不允许玩家交易    想氪金都觉得吃相难看了,恶龙炮OvO,5:13,女流66|女流 冒险岛
BV1RfLb6JEmj,2026-05-21,谈以前玩冒险岛时认的大哥和壮壮的2个老公?,晚风遇66,1:41,女流 冒险岛|石大壮 女流
BV1tLL86BEC2,2026-05-21,女流回归冒险岛：射手村才是最经典新手村，冒险岛所有知识点我都知道，冒险岛里都是战士哥哥,江湖事儿少打听,2:19,女流 直播|女流 冒险岛
BV1xHL86eEcs,2026-05-21,女流回归冒险岛：哪个服务区在冒险岛最出名，漂漂猪当年很多名人，每个人的键位都不一样,江湖事儿少打听,2:2,女流 直播|女流 冒险岛
BV1eAL862EyH,2026-05-21,【石大壮】冒险岛怀旧服偶遇南通，他说话巨有意思！壮壮：真正的同不会起这种名！66：你好像很懂？~,服部平次,30:42,女流66|女流 冒险岛|石大壮 女流
BV1aNL86LEfH,2026-05-21,YJJ：朵朵好像有点嫌弃我....,恶龙炮OvO,1:29,女流66
BV1x5Lt6hEHG,2026-05-21,女流66姐谈YJJ的一生执念!,晚风遇66,2:14,女流66|女流 直播|石大壮 女流
BV1eoLs6NEj8,2026-05-21,女流回归冒险岛：这是80后老登玩的游戏，这么多人抢怪才是童年，当年玩的是力量冰雷,江湖事儿少打听,6:32,女流 冒险岛
BV1s3Lx6REUi,2026-05-21,人类对YJJ点开发不足1%，了解了泡泡买那么对保健品了，商家听后立马行动，哈哈!,晚风遇66,2:26,女流66|石大壮 女流
BV14MLx6oEvc,2026-05-21,冒险岛开服!66姐:把壮壮拉来一起回忆一波当年因为冒险岛打架!,晚风遇66,1:28,女流 冒险岛|石大壮 女流
BV1urLW64Ej9,2026-05-21,【女流66】冒险岛抽卡整容 这怎么越抽越像我了啊,女流录像小屋,10:3,女流66|女流 冒险岛|女流录像小屋
BV1jsLW6ME6F,2026-05-21,【女流66】和炮炮冒险岛的不同体验 炮炮加家族被踢从此黑化,女流录像小屋,2:32,女流66|女流 冒险岛|女流录像小屋
BV1vhLW6PEPP,2026-05-21,【女流66】回忆小时候和壮壮玩冒险岛 66认大哥 壮壮找老公,女流录像小屋,2:55,女流66|女流 冒险岛|女流录像小屋
BV1tQLU6dEYY,2026-05-21,【女流66】当年玩冒险岛和壮壮共用一个号，我找了个老公，壮壮也喊人老公，后来得知壮壮是男的，他伤心了好久，都有点怀疑人生了！~,服部平次,16:17,女流66|女流 冒险岛|石大壮 女流
BV1doLS63EQa,2026-05-20,【石大壮】冒险岛怀旧服老登聚会，看到“打完这局我下了，接孩子放学”瞬间扎心！66：我们都到年龄了，只是你没孩子，但是你可以在游戏里再找个老公啊！~,服部平次,19:49,女流66|女流 冒险岛|石大壮 女流
BV1EMLm6TEuT,2026-05-20,女流回归冒险岛：社交才是冒险岛的灵魂，交易市场磕头乞讨求资助，壮壮乞讨都有经验了,江湖事儿少打听,6:51,女流 冒险岛
BV1rfL26VEEd,2026-05-20,女流66_等个冒险岛怀旧服开服_2026-05-20_13-43-41,笨蛋雪人像素头,135:36,女流66|女流 直播|女流 抖音|女流 冒险岛|女流 2026
BV1PqLm67E3v,2026-05-20,【女流66】【2026-05-20】《等个冒险岛怀旧服开服》,bobi华,217:43,女流66|女流 直播|女流 冒险岛|女流 2026
BV1svLm6UEyg,2026-05-20,女流回归冒险岛：冒险岛多会开始变味的，我如果真怀旧一定玩冰雷，临死都会记得冒险岛快捷键,江湖事儿少打听,3:44,女流 冒险岛
BV1seLm6JEhi,2026-05-20,YJJ跑刀杯复活赛  g18干碎堵桥乌鲁鲁，奖励飞升出3*4大红！  却惨遭猛攻队极限拦截  450w没了~~,恶龙炮OvO,6:49,女流66
BV1bsLm6xEhb,2026-05-20,现在是碎片化直播，因为要哄孩子，大家喜欢的话，可以多来点碎片化直播!,晚风遇66,1:39,女流66|女流 直播|石大壮 女流
BV1efLm6AEhV,2026-05-20,女流回归冒险岛：我终于登上蓝蜗牛了，今夕何夕童年的感觉又来了，当年跟人吵架刷过520,江湖事儿少打听,4:10,女流 直播|女流 冒险岛
BV1fmLm6zEhY,2026-05-20,【女流66】首日花巨资随发型，碰到本人同款发型，花光送的冒险券，重生之我在玩真·冒险岛怀旧服~,不懒bot,29:9,女流66|女流 冒险岛
BV1wHLU67EFx,2026-05-20,【下饭时刻】舔包遇到三只鸟  太绝望了！,恶龙炮OvO,9:7,女流66
BV16xLU6CEVw,2026-05-20,老公我的新发型好看吗？,证本明源,64:31,女流66
BV1muLU6sEP6,2026-05-20,和炮炮去过520?姐姐:那玩意咋过啊？好几年没过过了，哈哈!,晚风遇66,1:57,女流66
BV1MsL16mEhu,2026-05-20,女流回归冒险岛：bgm一响我快要哭了，这就是童年的味道，我要用我以前的盛大通行证,江湖事儿少打听,4:58,女流 直播|女流 冒险岛
BV1G5L16sEQf,2026-05-20,【女流66】玩到真冒险岛了！怀旧服随发型，跟本人一模一样，最后回到最初的起点，全白花了，我要退钱！~,服部平次,29:11,女流66|女流 冒险岛|石大壮 女流
BV1bnL16nEbc,2026-05-20,【女流66】壮壮疯狂叨叨 都长大了你还要管我怎么玩冒险岛！忘了小时候因为冒险岛打架了吗,女流录像小屋,4:37,女流66|女流 冒险岛|女流录像小屋
BV187L16pEZf,2026-05-20,【女流66】玩冒险岛怀旧服 回忆小时候和壮壮在自由市场乞讨,女流录像小屋,3:36,女流66|女流 冒险岛|女流录像小屋
BV15XL16bEZT,2026-05-20,女流玩冒险岛怀旧服跟YJJ撒娇要礼物：老公你520礼物还没给我呢 给我买个戒指吧！,高能游戏眼,4:36,女流66|女流 直播|女流 冒险岛
BV1RSL168EB2,2026-05-20,【女流66】炮炮白天游戏打不好 晚上就买保健品 18岁的竞技状态是他一生的执念,女流录像小屋,2:54,女流66|女流录像小屋
BV1n6L16qE7a,2026-05-20,女流谈YJJ游戏一打不好就疯狂下单保健品：建议厂商也不用打什么广告了 就天天三角洲狙击他！,高能游戏眼,3:6,女流66|女流 直播
BV1y5L26VEFM,2026-05-20,【女流66】《冒险岛怀旧服》内测，跟炮炮壮壮重回冒险岛 05.20全程直播录像弹幕版,不懒bot,217:20,女流66|女流 直播|女流 冒险岛
BV1y5L26VEgc,2026-05-20,【女流66】《冒险岛怀旧服》归岛测试启动，重回盛大的冒险！05.20直播录像弹幕版~,服部平次,218:10,女流66|女流 直播|女流 冒险岛|石大壮 女流
BV1yuL262E4e,2026-05-20,【纯净版】【等个冒险岛怀旧服开服】【2026-05-20】【女流66】,直播回放巴拉蹦吧,219:3,女流66|女流 直播|女流 回放|女流 冒险岛|女流 2026
BV1gFL269Eo6,2026-05-20,【弹幕版】【等个冒险岛怀旧服开服】【2026-05-20】【女流66】,直播回放巴拉蹦吧,219:3,女流66|女流 直播|女流 回放|女流 冒险岛|女流 2026
BV1tKL26SEDd,2026-05-20,【女流66】炮炮白天游戏打的不好，晚上就会下单一个保健品，我建议保健品厂商，天天在三角洲找人狙击他！~,服部平次,5:31,女流66
BV1UyL26XE39,2026-05-20,【女流66】聊YJJ玩三角洲迷信风水：没爆率是房间风水不好！,恶龙炮OvO,2:47,女流66
BV116L66wE4q,2026-05-20,【女流66】60抽出绯雪 武器比角色还难出,女流录像小屋,20:46,女流66|女流录像小屋
BV1ijL66mEb2,2026-05-20,【女流66】30抽出尤诺 10抽出专武 66：她真的吃我的威胁耶,女流录像小屋,10:58,女流66|女流录像小屋
BV1LZL66SE9W,2026-05-20,【女流66】我有冒险岛怀旧服内测码！冒险岛通 去找找青春的感觉,女流录像小屋,5:33,女流66|女流 冒险岛|女流录像小屋
BV1yrL66hExz,2026-05-20,女流66_突袭_2026-05-19_20-45-38,笨蛋雪人像素头,121:48,女流66|女流 直播|女流 抖音|女流 2026
BV1JQL669Efw,2026-05-20,【女流66】过鸣潮3.3后续，爱弥斯后日谈，能再次见到你真是太好了，嗯我也是~,不懒bot,9:54,女流66
BV1TJLr6vEKZ,2026-05-20,【女流66】过鸣潮3.3绯雪玉露后日谈，每个人都希望自己是最后一个巫女~,不懒bot,12:17,女流66
BV1YTLr6CErb,2026-05-20,【女流66】鸣潮50抽连金绯雪，快到怀里来，我的宝！最讨厌锻炼身体！雪豹不要过来！~,服部平次,12:37,女流66
BV1MjLr6qEvK,2026-05-20,【女流66】看《鸣潮》×《赛博朋克：边缘行者》联动预告，大卫衣服我还有呢，很期待这次联动，看达妮娅PV,不懒bot,9:54,女流66
BV1EiLr69EaA,2026-05-19,【女流66】【2026-05-19】《突袭》,bobi华,121:26,女流66|女流 直播|女流 2026
BV1Z9LB6yEBb,2026-05-19,【女流66】鸣潮抽绯雪尤诺莫宁 05.19全程直播录像弹幕版,不懒bot,122:30,女流66|女流 直播
BV1jdLB6VE17,2026-05-19,【女流66】看《鸣潮》×《赛博朋克：边缘行者》联动预告｜早上好，索拉里斯！&amp; 共鸣者「达妮娅」PV | 人类伪装指南~,服部平次,9:27,女流66
BV1ioLB6kEYp,2026-05-19,达妮娅好可怜！我真忍不了会长😡女流66看鸣潮达妮娅PV《人类伪装指南》我现在就想找会长的账号😡这回得抽娅娅太可怜了,Er汐汐脑公罢,5:13,女流66|女流 直播
BV1wrLB69E62,2026-05-19,非常期待这次联动！女流66看鸣潮x赛博朋克联动PV：我记得大卫而且还有那件衣服呢！66姐展示人脉中~,Er汐汐脑公罢,2:43,女流66|女流 直播
BV1NBLB6dEuV,2026-05-19,这段非常令人感动！女流66看鸣潮3.3主线绯雪和姐姐剧情后日谈！怎么老让她提预取未来的事儿呢？不会真要烧成灰吧？,Er汐汐脑公罢,8:54,女流66|女流 直播
BV1y6LB6WEGj,2026-05-19,【女流66】抽鸣潮绯雪莫宁池子，收手吧外面都是松伦！05.19直播录像弹幕版~,服部平次,122:50,女流66|女流 直播
BV1FmLB6SEp7,2026-05-19,【弹幕版】【突袭】【2026-05-19】【女流66】,直播回放巴拉蹦吧,123:42,女流66|女流 直播|女流 回放|女流 2026
BV1NJLz6oEu5,2026-05-19,【纯净版】【突袭】【2026-05-19】【女流66】,直播回放巴拉蹦吧,123:42,女流66|女流 直播|女流 回放|女流 2026
BV1XCLz6gEE4,2026-05-19,【女流66】 看壮壮被利维坦抓走了 66解读异星水域部分剧情,女流录像小屋,8:6,女流66|女流录像小屋
BV1FbLz6DED1,2026-05-19,【石大壮】重温经典《泉水叮咚》，一脸生无可恋大区蠕动！当时我玩CSGO正上瘾，我姐突然冲进我屋，拽着我去朝阳公园跳广场舞！~,服部平次,7:52,女流66|石大壮 女流
BV1zGL66nEqC,2026-05-19,【石大壮】带爸妈看了《给阿嬷的情书》，超级强烈推荐！我哭的好大声，一转头看我爹，北方硬汉强绷着抽搐！~,服部平次,11:47,女流66|石大壮 女流
BV1CoLq6XEmk,2026-05-19,壮壮新平台满月，姐姐:那我要续费舰长了？壮:啥?你居然不是提督?哈哈!,晚风遇66,2:54,女流66
BV1AbLu6uEh1,2026-05-19,SCBOY北大清华出来的素质就是高 女流66都会喊呱哥黄老师 我们在直播圈也是素质高的 起码是个夯 相比有些YY消音加字幕识别不出的没毛病,面包君录制有限公司,1:12,女流66|女流 直播
BV17SLP6JE8F,2026-05-18,YJJ跑刀杯115w小组第二  同是跑刀仔，没想吃酱味大鸡~,恶龙炮OvO,5:27,女流66
BV1n6Lw6mENT,2026-05-18,【女流66】看《给阿嬷的情书》 大家可以多支持下这种电影,女流录像小屋,2:10,女流66|女流录像小屋
BV1ALLA69Esp,2026-05-18,YJJ跑刀杯模拟考  G18航天跑刀3连撤10个红！ 爆率这么高的号怎么破产的？！,恶龙炮OvO,12:7,女流66
BV16JLc6VExF,2026-05-18,女流谈已经戒掉哄yjj的行为：因为你们老说我哄他 然后我旁观了一下自己的行为发现的确是！,高能游戏眼,1:21,女流66|女流 直播
BV1j65Z6wEX3,2026-05-18,【主播对对碰】 97 前面中间忘了，最后：你画你🐴呢,南夕君cC,17:33,女流66
BV1PT5f6CEy8,2026-05-18,Doinb停播退鱼！郑翔直言行业真相！翔哥:抖播游戏几千观众都不赚钱！不敢去问女流YJJ情况,白马火车,3:43,女流66
BV1YK5Z6sEZK,2026-05-18,【女流66】给朵朵起名字用的减法，等孩子断奶后再运动，现在体重比之前还瘦，不用焦虑这方面的事情~,不懒bot,6:33,女流66|女流 切片
BV1n7LH6NEKd,2026-05-18,【女流66】我戒掉了，不哄炮炮了，请大家见证吧！小时候天天和壮壮抢电脑玩，那时候他还没开智，还帮我放风呢！~,服部平次,4:24,女流66|石大壮 女流
BV15xLH6fE2Z,2026-05-18,【女流66】给炮炮看看玩异星水域建家的成果 你去睡桌子,女流录像小屋,2:33,女流66|女流录像小屋
BV1WDLH6kEpH,2026-05-17,【女流66】暂时完结撒花！和壮壮炮炮一起玩《Subnautica2：异星水域》（深海迷航2），05.17直播录像弹幕版~,服部平次,183:3,女流66|女流 直播|石大壮 女流
BV1uHLp6HEsb,2026-05-17,【女流66】当初给朵朵起名用的减法，一天看一次备忘录，名字不舒服就删掉！听说郭富城今年特别爽，又能领育儿津贴3600，坐公交车还可以办老人卡！~,服部平次,6:27,女流66
BV1TsLp6JEfX,2026-05-17,【女流66】【2026-05-17】《Subnautica2异星水域，队友壮壮yjj》,bobi华,181:46,女流66|女流 直播|女流 2026
BV1TpLp6DE3y,2026-05-17,【女流66】和壮壮玩游戏真开心 小时候抢电脑除外,女流录像小屋,1:45,女流66|女流录像小屋
BV1XGLp64EZ2,2026-05-17,【女流66】完结《深海迷航2：异星水域》跟炮炮壮壮一家人探索美丽水世界 Subnautica2 05.17完整直播录像弹幕版,不懒bot,180:52,女流66|女流 直播|石大壮 女流
BV1ZCLp6KEHc,2026-05-17,【弹幕版】【Subnautica2异星水域，队友壮壮yjj】【2026-05-17】【女流66】,直播回放巴拉蹦吧,184:9,女流66|女流 直播|女流 回放|女流 2026
BV1a9Lp6bESE,2026-05-17,【纯净版】【Subnautica2异星水域，队友壮壮yjj】【2026-05-17】【女流66】,直播回放巴拉蹦吧,184:9,女流66|女流 直播|女流 回放|女流 2026
BV1eCLE6SEaV,2026-05-17,【女流66】壮壮来B站满月了！壮壮：姐姐我没当主播之前，找你要生活费，月底还得吃泡面！66：啥时候啊，那你还我了吗？都充DNF里了！~,服部平次,7:12,女流66|女流 冒险岛|石大壮 女流
BV1rMLJ6YEa7,2026-05-17,YJJ航天野排三蜂医  哈基蜂见人就跑一碰就倒😂 虎头蜂枪法在线舔包一坨😄,恶龙炮OvO,10:46,女流66
BV1gpLV6fEJA,2026-05-17,【女流66】遇到被炮炮拉黑的水友留言评论，听听她怎么说的，我很少拉黑人~,不懒bot,2:54,女流66|女流 切片|女流 抖音
BV155LV6NEnx,2026-05-17,【女流66】谈壮壮没当主播前要生活费？一点印象没有，有这茬事儿，今天壮壮B站满月,不懒bot,6:3,女流66|女流 切片|石大壮 女流
BV1arL56vE6T,2026-05-16,【女流66】继续和壮壮炮炮玩《Subnautica2：异星水域》（深海迷航2），05.16直播录像弹幕版~,服部平次,221:36,女流66|女流 直播|石大壮 女流
BV1qbL56CEu2,2026-05-16,【女流66】壮壮来b站满月了！,女流录像小屋,6:0,女流66|女流录像小屋
BV1zxL561Eb1,2026-05-16,女流66和弟弟玩游戏，姐弟决裂？你老是单独行动！,证本明源,30:36,女流66
BV1Z6L36BE1D,2026-05-16,【女流66】被炮炮拉黑的水友 找66寻求帮助,女流录像小屋,3:55,女流66|女流录像小屋
BV1AYL365EQ3,2026-05-16,【女流66】【2026-05-16】《Subnautica2异星水域，队友壮壮yjj》,bobi华,221:52,女流66|女流 直播|女流 2026
BV1xtL36mErP,2026-05-16,【弹幕版】【Subnautica2异星水域，队友壮壮yjj】【2026-05-16】【女流66】,直播回放巴拉蹦吧,222:17,女流66|女流 直播|女流 回放|女流 2026
BV1s8L36jEZs,2026-05-16,【纯净版】【Subnautica2异星水域，队友壮壮yjj】【2026-05-16】【女流66】,直播回放巴拉蹦吧,222:17,女流66|女流 直播|女流 回放|女流 2026
BV12MLG6JEez,2026-05-16,【女流66】《深海迷航2：异星水域》跟炮炮壮壮一家人继续探美丽水世界 Subnautica2 05.16完整直播录像弹幕版,不懒bot,217:15,女流66|女流 直播|石大壮 女流
BV1QiLG6cErz,2026-05-16,【女流 66】Subnautica2:异星水域最高画质首发直播录像,女流66,605:35,女流66|女流 直播
BV1WS5B6WEQx,2026-05-16,【女流66】深海迷航2化身后期整理师 66：谁要是再往地上乱扔  一怒之下怒了一下,女流录像小屋,4:0,女流66|女流录像小屋
BV1no5B6UENf,2026-05-16,【女流66】和炮炮 壮壮一起玩深海迷航2 异星水域 这熟悉的感觉,女流录像小屋,5:42,女流66|女流录像小屋
BV1W95B6DE5f,2026-05-16,【女流66】跟炮炮看《给阿嬷的情书》看哭了，推荐你们去看这部电影，看的潮汕话版本~,不懒bot,7:35,女流66|女流 切片|石大壮 女流
BV1t65B68EkK,2026-05-16,【女流66】和炮炮一起去看《给阿嬷的情书》 两个人哭成金鱼眼了,女流录像小屋,4:41,女流66|女流录像小屋
BV16V5i6gEd6,2026-05-15,【女流66】和壮壮炮炮一起玩《Subnautica2：异星水域》（深海迷航2），05.15直播录像弹幕版~,服部平次,221:15,女流66|女流 直播|石大壮 女流
BV1CU5i6jEDQ,2026-05-15,找不到家了！女流66：我在海底找到了一个风水宝地！风有没有不知道，水管够！,证本明源,28:55,女流66
BV1De5i6dECp,2026-05-15,【女流66】【2026-05-15】《Subnautica2异星水域，队友壮壮yjj》,bobi华,221:14,女流66|女流 直播|女流 2026
BV1he5i6dE87,2026-05-15,【女流66】《深海迷航2：异星水域》跟炮炮壮壮一家人再探美丽水世界 Subnautica2 05.15完整直播录像弹幕版,不懒bot,221:18,女流66|女流 直播|石大壮 女流
BV1465i6QEZE,2026-05-15,【弹幕版】【Subnautica2异星水域，队友壮壮yjj】【2026-05-15】【女流66】,直播回放巴拉蹦吧,222:11,女流66|女流 直播|女流 回放|女流 2026
BV1tq5i69E8R,2026-05-15,【纯净版】【Subnautica2异星水域，队友壮壮yjj】【2026-05-15】【女流66】,直播回放巴拉蹦吧,222:11,女流66|女流 直播|女流 回放|女流 2026
BV1GV5q6FEjT,2026-05-15,【女流66】那天和炮炮去电影院看《给阿嬷的情书》，给我哭的头痛欲裂，炮炮还去二刷了，你们一定要去看！~,服部平次,7:37,女流66|石大壮 女流
BV1ye586aEsq,2026-05-15,【女流66】和战鹰壮壮 驴酱玩《掘地求狗》 大伙全程：救我 救我,女流录像小屋,3:23,女流66|女流录像小屋
BV1MQ596MEuK,2026-05-14,女流谈朵朵长大可能会加入哄YJJ的行列：他说话就一直可怜巴巴的 连我家阿姨都开始心疼炮炮了！,高能游戏眼,3:11,女流66|女流 直播
BV1MK5Q6wEXC,2026-05-14,女流谈朵朵奶粉过敏难受坏了：她现在完全依赖我 出门就是倒计时两个小时必须往回走！,高能游戏眼,2:54,女流66|女流 直播
BV1Ts5D6FEeR,2026-05-14,【掘地求狗】感觉我们团队哪里有点问题,石大壮zz,2:32,女流66|石大壮 女流
BV17p5S6rEaS,2026-05-14,女流66_和战鹰_壮壮_驴酱玩游戏_2026-05-13_20-25-25,笨蛋雪人像素头,143:35,女流66|女流 直播|女流 抖音|女流 2026
BV18o5U6bE2o,2026-05-14,【女流66】炮炮：没有人喜欢我  全家都要加入哄炮炮阵营了,女流录像小屋,2:29,女流66|女流录像小屋
BV1ho5U6bEEN,2026-05-14,【女流66】YJJ让朵朵笑一下，朵朵也不笑“没有人喜欢我”将来朵朵加入哄炮炮行列,不懒bot,4:16,女流66|女流 切片
BV1hd5U6FEbo,2026-05-14,【女流66】短视频总推送那种可怜的娃娃给我,女流录像小屋,3:0,女流66|女流录像小屋
BV1QM526WEBG,2026-05-14,【女流66】朵朵奶粉过敏 完全依靠母乳 现在比怀孕前还瘦了,女流录像小屋,3:31,女流66|女流录像小屋
BV19N526xEfM,2026-05-14,【女流66】朵朵对奶粉过敏，我不能接受，深度水解奶粉和氨基酸奶粉她一口不喝，目前依赖母乳，还没有合适她喝的一款奶粉,不懒bot,8:21,女流66|女流 切片
BV1xN5m6LEHi,2026-05-13,【女流66】和壮壮战鹰驴酱一起玩《掘地求狗》，四人联机下洞救狗！05.13直播录像弹幕版~,服部平次,148:29,女流66|女流 直播|石大壮 女流
BV18d526pECN,2026-05-13,女流66和壮壮，战鹰玩游戏，历经千辛万苦，终于过了第一关！,证本明源,28:52,女流66
BV1GX526sEuD,2026-05-13,战鹰女流壮壮驴酱联机！抽象游戏加神人班子 一说话我就笑了,战鹰整活录,1:52,女流66
BV1d45m6cEjX,2026-05-13,【女流66】朵朵可能会加入哄炮炮的行列，那天炮炮特别认真跟朵朵说：你都不理我，朵朵不跟爸爸笑，朵朵也不喜欢爸爸，没有人喜欢爸爸！~,服部平次,4:35,女流66
BV15t5m68EVy,2026-05-13,【女流66】跟壮壮战鹰驴《掘地求狗》欢乐四人联机挖洞探险 合作肉鸽 05.13完整直播录像弹幕版,不懒bot,148:55,女流66|女流 直播|石大壮 女流
BV16L5m6BEtr,2026-05-13,【女流66】【2026-05-13】《和战鹰_壮壮_驴酱玩游戏 》,bobi华,148:13,女流66|女流 直播|女流 2026
BV17n5m6NEY7,2026-05-13,【弹幕版】【和战鹰，壮壮，驴酱玩游戏】【2026-05-13】【女流66】,直播回放巴拉蹦吧,149:27,女流66|女流 直播|女流 回放|女流 2026
BV1E75m6TEMf,2026-05-13,【纯净版】【和战鹰，壮壮，驴酱玩游戏】【2026-05-13】【女流66】,直播回放巴拉蹦吧,149:27,女流66|女流 直播|女流 回放|女流 2026
BV1nL5m6BEu8,2026-05-13,女流66，壮壮，战鹰和驴玩游戏！太欢乐了，壮壮说姐姐丢了，不管她了！,证本明源,24:19,女流66
BV1775m6TE29,2026-05-13,【女流66】聊YJJ“朵朵没对爸爸笑，朵朵不喜欢爸爸，没有人喜欢我T.T”  长大后朵朵要加入哄炮炮行列了~,恶龙炮OvO,3:4,女流66
BV1EY5y68EiP,2026-05-13,【女流66】朵朵奶粉过敏，我不能接受，现在她完全依赖母乳，买了深度水解和氨基酸奶粉，朵朵一口不喝！~,服部平次,8:5,女流66
BV1DQ5y6jEpa,2026-05-13,【石大壮】看《诸播王座》1-2集，壮王爷当真要反？姐姐你这皇冠，我戴上更合适！~,服部平次,31:40,女流66|石大壮 女流
BV1WZ5k6eE8m,2026-05-13,YJJ：玩三角洲永远不要怪自己,恶龙炮OvO,0:33,女流66
BV1D15k6kENm,2026-05-13,YJJ组车队偶遇女粉  一句“你是炮神吗？”嘴角比AK还难压！   弹幕：破案了！是66的粉丝 爱屋及乌~,恶龙炮OvO,12:53,女流66
BV1aW5u6UENZ,2026-05-12,椰汁城的女流氓还是新王？【直播回放】赛博朋克2077一周目【已完结】,米娅羊仔,5451:18,女流 直播|女流 回放
BV1fa5g6wEtw,2026-05-12,龙天娜个人古装系列7 12-5-2026皇后和宫女。出巡视察民情，教训各地各种女霸主，女恶霸，女流氓，女土匪!解救各地被女权欺压的男人!,jacklo752,2:57,女流 2026
BV1bn5t6YE78,2026-05-11,鸟姐：3dm总监不接我电话！,监学家,1:17,女流 直播
BV1iMRQB3Ei2,2026-05-09,【寅子】看《诸播王座》第二集，Make CSTG Great Again！表哥还生我气呢？我会道歉？人设崩了嘛这不！~,服部平次,25:18,女流66|石大壮 女流
BV16ERDByE7C,2026-05-09,全网最强AI二创，主机区史诗巨作《诸播王座》第二集,真实56,11:10,女流 直播
BV1y6dTBeEhq,2026-05-08,XDD玩这是谐音梗小游戏深夜开播脑力爆发！猛撇弹幕有感觉吗！,小当家iz,6:51,女流66
BV1auR4BYEfn,2026-05-06,上古网红：女流66。学习、游戏我全都要的美女学霸,佳洛的杂谈日记,4:49,女流66
BV1yaRJBeE87,2026-05-06,YJJ秒仓出折扇  三把展现全知全能正确用法！做局、钓鱼、出大货！,恶龙炮OvO,6:27,女流66
BV1TeRyBgEME,2026-05-05,【石大壮】YJJ全知全能666w拿下金陵折扇？壮壮退游前殊死一搏，单格均价70w？出非洲之心了？！~,服部平次,12:23,女流66|石大壮 女流
BV14BRqBWETR,2026-05-04,【兰林汉】猴哥看 轰轰看生日祝福视频！轰子：猴哥造型有点帅！！！菠神简直不是人！！（弹幕版）,ihou俱乐部,9:2,女流66|石大壮 女流
BV1QbRqB8Et5,2026-05-04,OB轰轰的生日祝福视频，童猪看自己的轰轰哥哥眉头紧锁，还吃了一嘴炮神夫妇的狗粮，搞抽象的轰轰，结果全是正常人的祝福，,人间观丶观主,8:49,女流66
BV1reR7BsEf8,2026-05-03,女流66：太忙了 没有洗头 就出门 结果 碰见了粉丝 充满疑惑的比个6 就走了 没有过来跟我合照 他是不是看我太邋遢了,龙小沫LOVE,2:46,女流66
BV1B6R7BnEzA,2026-05-03,女流66：YJJ 你这胳膊上的胎记怎么回事 YJJ：小时候 拿铅笔扎的 弹幕：前女友的名字,龙小沫LOVE,3:2,女流66
BV1iLRGBAEW4,2026-05-02,女流66：朵朵得了新冠后 她就开始不吃米粉 感觉 她口味改编了,龙小沫LOVE,3:43,女流66
BV1u4RGBREZG,2026-05-02,女流66_鸣潮3_3_2026-05-01_18-03-36,笨蛋雪人像素头,202:15,女流66|女流 直播|女流 2026
BV1dBRVBKEvG,2026-05-02,【女流66】鸣潮 3.3 虽然我入坑的晚 但是我救小爱快啊~,女流录像小屋,2:2,女流66|女流录像小屋
BV1YyRVBwEtj,2026-05-02,【女流66】鸣潮 3.3 机甲大战  救回小爱 现实中的女儿也在等我,女流录像小屋,9:45,女流66|女流录像小屋
BV1BhR3BAEDM,2026-05-02,【女流66】过鸣潮3.3主线剧情，机甲大战帅爆了！隧者大战阿列夫一,不懒bot,34:14,女流66
BV113RuBMEnA,2026-05-01,演出超大杯！机甲大战帅爆了！文案太舒服了，女流66过鸣潮3.3剧情剪辑版,こ安静想梦游タ,81:37,女流66
BV1XoRMBUEGq,2026-05-01,66被不经意小刀一下，隧者的机甲大战燃的起鸡皮疙瘩！女流66鸣潮3.3主线剧情,七丘决斗王,32:19,女流66
BV1QFRuB1Eeo,2026-05-01,【女流66】过鸣潮3.3主线剧情，驾驶隧者决战阿列夫一！帅爆了，我从没想过在鸣潮里打机甲大战！~,服部平次,34:12,女流66
BV1YeRuBpEzH,2026-05-01,“帅 爆 了 ！”女流66过鸣潮3.3主线剧情：我从来没想过能在鸣潮里打机甲大战！依然是一个群像，回来了小爱！,切离,44:22,女流66|女流 切片
BV1vhRuBsEfi,2026-05-01,太帅了！这机甲大战！女流66过鸣潮3.3隧者大战剧情,こ安静想梦游タ,14:48,女流66
BV1vaRuB9EG2,2026-05-01,人类文明共同参与！女流66过鸣潮3.3。小爱支线再说，现实的女儿在等我,理解与喇叭,36:6,女流66
BV1h6RuBEEk5,2026-05-01,YJJ纯运出心！200w秒仓出红宝石  350w又秒出心！姐夫旺小舅子说是,恶龙炮OvO,3:48,女流66
BV1QqRuBnEyz,2026-05-01,【女流66鸣潮3.3节选】&quot;想不到有一天在鸣潮里玩机甲大战！&quot;二游顶尖boss 战,修女10号,24:34,女流66|女流 直播
BV19qRuBnEU8,2026-05-01,机甲大战帅爆了😱直起鸡皮疙瘩！女流66鸣潮3.3隧者大战阿列夫一超燃演出精剪！我从来没想过会在鸣潮里打机甲大战啊！,Er汐汐脑公罢,14:33,女流66|女流 直播
BV1soRuBqEFz,2026-05-01,哎不是啥意思啊？女流66看鸣潮3.3阿漂超帅启动隧者穿越隧门！但很快就被肘回来一脸迷惑？刚变身机甲就丢了直接痛苦面具,Er汐汐脑公罢,4:19,女流66|女流 直播
BV1nwRgBPEz4,2026-05-01,你干嘛啊库洛！女流66过鸣潮3.3开启隧者剧情,こ安静想梦游タ,4:41,女流66
BV1tmRuBCE1Z,2026-05-01,【弹幕版】【鸣潮3.3】【2026-05-01】【女流66】,直播回放巴拉蹦吧,204:53,女流66|女流 直播|女流 回放|女流 2026
BV119RuBzEdw,2026-05-01,【纯净版】【鸣潮3.3】【2026-05-01】【女流66】,直播回放巴拉蹦吧,204:53,女流66|女流 直播|女流 回放|女流 2026
BV1tSRuBGEvX,2026-05-01,【女流66】《鸣潮》3.3版本「自星海尽处回响」主线剧情 05.01全程直播录像弹幕版,不懒bot,205:10,女流66|女流 直播
BV1GJRgBQEsQ,2026-05-01,【女流66】【2026-05-01】《鸣潮3.3 ! 》,bobi华,204:50,女流66|女流 直播|女流 2026
BV14DRuBrEXK,2026-05-01,【女流66】体验《鸣潮》3.3版本「自星海尽处回响」主线剧情，05.01直播录像弹幕版~,服部平次,204:27,女流66|女流 直播
BV1Pe9iB5Ekp,2026-05-01,【女流66】直播中途 孩子哭了 出去喂孩子 66：流汗了 对不起大伙啊,女流录像小屋,4:35,女流66|女流 直播|女流录像小屋
BV1119YBuEnh,2026-05-01,【女流66】玩《卡牌魔王 只剩个头》被贪吃蛇boss打出表情包,女流录像小屋,11:16,女流66|女流录像小屋
BV18E9eB2EsL,2026-04-30,【女流66】玩《卡牌魔王 只剩个头》 66：看懂这波身法的已经在扣6了,女流录像小屋,4:18,女流66|女流录像小屋
BV13f9eBJEii,2026-04-30,【女流66】玩回合制肉鸽游戏《卡片魔王：只剩个头！》，04.30直播录像弹幕版~,服部平次,128:27,女流66|女流 直播
BV1Tu9vBkEAp,2026-04-30,女流66打BOSS，开始信心满满，频繁被“打脸”，连连求饶，最终......,证本明源,38:10,女流66
BV1879aBzEHa,2026-04-30,【女流66】《卡片魔王：只剩个头！》回合制动作肉鸽 游戏实况 04.30完整直播录像弹幕版,不懒bot,127:49,女流66|女流 直播
BV1Jd9hB9E19,2026-04-30,【女流66】【2026-04-30】《卡片魔王》,bobi华,129:12,女流66|女流 直播|女流 2026
BV17f9hBQEZf,2026-04-30,【弹幕版】【卡片魔王~~】【2026-04-30】【女流66】,直播回放巴拉蹦吧,129:0,女流66|女流 直播|女流 回放|女流 2026
BV1rR9hBsEjd,2026-04-30,【纯净版】【卡片魔王~~】【2026-04-30】【女流66】,直播回放巴拉蹦吧,129:0,女流66|女流 直播|女流 回放|女流 2026
BV1cY9aBbEZh,2026-04-30,女流66打史莱姆BOSS直呼我太无敌了，我是为这个游戏而生的，你们看我这走位！,证本明源,4:45,女流66|石大壮 女流
BV1J39QBLEQG,2026-04-29,【甜心战士】看《诸播王座》第一集，十年前大家都很瘦,甜心战士Miyuki,12:41,女流66
BV1Za9UBPEyM,2026-04-29,【寅子】看《诸播王座》全明星阵容，让树哥当回主角吧，要是作者看见的话，给我做成反派！~,服部平次,18:34,石大壮 女流
BV1wF9mBTEG7,2026-04-29,女流看鸣潮绯雪PV瞬间被她的声音吸引：这CV是谁 这简直就是我人生理想声音啊！,高能游戏眼,7:2,女流66
BV1Wo92BuEMn,2026-04-29,【女流66】女流66+yjj 这是谐音梗,123-发泡机,70:46,女流66|女流 直播
BV1Zc91BoEfS,2026-04-29,【女流66】水友调侃yjj胎记纹了前女友名字 66：他极度看护自己身体的,女流录像小屋,3:18,女流66|女流录像小屋
BV1dT91BXEnL,2026-04-29,【女流66】看鸣潮3.3pv 【绯雪】 66：这就是我人生理想声音啊,女流录像小屋,6:7,女流66|女流录像小屋
BV1zr91B8Ess,2026-04-29,【女流66】防止剧透 周五播鸣潮3.3 小爱我来啦！,女流录像小屋,2:9,女流66|女流录像小屋
BV15a92BxEGR,2026-04-29,阿列夫一你的对手是我！女流66看鸣潮3.3前瞻PV，表示好友里好多阿列夫一，来吧你们，面对我吧,奕笙Lang,2:57,女流66
BV1eY92BREi1,2026-04-29,强行续缘！女流66看绯雪战斗演示，表示俩人都来自下雪的地方，都是大高个，痣还是对称的,奕笙Lang,2:19,女流66
BV1CV92BBEWw,2026-04-29,女流66暂定周五劳动节过鸣潮3.3剧情，一定要救出小爱！,奕笙Lang,3:19,女流66
BV1fq9CBsEC1,2026-04-29,怎么还有粉丝咒人啊！女流66看鸣潮绯雪PV不见春，我要用最少的马内抽到你！绯雪你听到了吗！,奕笙Lang,6:7,女流66
BV1WM9yBPES1,2026-04-29,5月1号我要救出小爱！女流66看绯雪动画短片、战斗PV,理解与喇叭,24:37,女流66
BV1yu9yBYEn8,2026-04-29,【女流66】“小爱我来了”暂定本周五播鸣潮3.3剧情，3.2已过，绯雪拔刀很帅，很惊艳~,不懒bot,5:10,女流66
BV1su9yBYENq,2026-04-29,【女流66】水友非常担心炮炮的胎记，让我带他去医院看看！炮神：我用铅笔扎的！弹幕说你纹了前女友的名字？他绝对不会！~,服部平次,6:20,女流66
BV18d9CBGE4y,2026-04-29,阿列夫一你的对手是我！女流66看鸣潮3.3版本PV：还加了好多阿列夫一的好友呢,七丘决斗王,5:18,女流66
BV18o9CBrEnD,2026-04-29,这歌好听！女流66看莫宁服饰PV：才发现男漂比女漂高一点点,七丘决斗王,1:55,女流66
BV1aX9CB5ENu,2026-04-29,女流66看鸣潮绯雪PV：这CV简直是人生理想中的声音，终于和大家同步进度，小爱我来了！,七丘决斗王,8:57,女流66
BV1Rh9yBEEHe,2026-04-29,【女流66】跟YJJ玩《这是谐音梗》正式版 04.28完整直播录像弹幕版,不懒bot,119:52,女流66|女流 直播
BV1HG9yBhEQn,2026-04-28,好诗！女流66看鸣潮绯雪PV+战斗演示+3.3版本PV+莫宁皮肤PV：我的愿望是最少的代价抽到你，巫女大人你听见了吗？,切离,16:41,女流66
BV1CG9yBhESP,2026-04-28,女流66和老公继续玩谐音梗，YJJ说我领先让你一把！,证本明源,57:56,女流66
BV1EJ9yBdEEk,2026-04-28,【女流66】偶遇水友双手比6  是女流66吗？  质问YJJ手上黑斑：弹幕说纹的是前女友名字 真的吗？,恶龙炮OvO,5:39,女流66|石大壮 女流
BV1rj9yBZEVz,2026-04-28,【女流66】和炮炮一起玩《这是谐音梗》新关卡，04.28直播录像弹幕版~,服部平次,117:31,女流66|女流 直播
BV1Km9yBqEUq,2026-04-28,【女流66】看烛龙新作《吉时已到》首支预告片，多人合作又能解谜？国产合作遗迹探险游戏,不懒bot,4:27,女流66
BV1cf9yBFEN1,2026-04-28,【女流66】看鸣潮莫宁特别定制服饰「呢绒梦」PV，设定里男漂比女漂高吗，不一样的感觉，新歌好听~,不懒bot,3:28,女流66
BV1ty9yBzEy6,2026-04-28,【女流66】【2026-04-28】《晚上好》,bobi华,118:58,女流66|女流 直播|女流 2026
BV1gB9yBCEmR,2026-04-28,【女流66】看《鸣潮》共鸣者「绯雪」PV | 不见春，我的愿望是用最少的代价抽到你，达妮娅到底是不是个好女孩呢,不懒bot,16:45,女流66
BV1Gv9yB1ENs,2026-04-28,【女流66】看上海烛龙｜《吉时已到》首支预告片，古墓元素多人合作又能解谜，我就比较感兴趣！~,服部平次,5:40,女流66
BV1K29yBMESK,2026-04-28,【弹幕版】【晚上好】【2026-04-28】【女流66】,直播回放巴拉蹦吧,120:49,女流66|女流 直播|女流 回放|女流 2026
BV14c9kBcEpX,2026-04-28,【纯净版】【晚上好】【2026-04-28】【女流66】,直播回放巴拉蹦吧,120:49,女流66|女流 直播|女流 回放|女流 2026
BV1tZ9rBAEXq,2026-04-28,【女流66】看《鸣潮》共鸣者「绯雪」PV | 不见春，我们俩太有缘分了，都来自下雪的地方，还都是大高个！~,服部平次,22:11,女流66
BV11A9kBfEDy,2026-04-28,【女流66】暂定周五劳动节过鸣潮3.3剧情，虽然要带孩子，但是必须救小爱！我过3.2的时候，发现绯雪有点帅！~,服部平次,5:4,女流66
BV18Q9rBTEdE,2026-04-28,【鸣潮】女流66看绯雪pv，暂定周五直播，小爱，我来了！,带小爱游遍索拉里斯,6:45,女流 直播
BV1EForB9Eoz,2026-04-27,燃尽上千费用，爆肝4K《诸播王座》第一集,真实56,12:3,女流 直播
BV1yToJBBEaE,2026-04-26,【女流 - 草帽酱】—FLAC无损音频,冰雁灬,3:37,女流 直播
BV1NtoXBNEJq,2026-04-25,我居然在王者荣耀世界给我姐画了个大饼？,石大壮zz,4:29,石大壮 女流
BV1C5oYB3E4s,2026-04-23,两男一女流落荒岛，为争夺资源竟动起了歪脑筋,老登探影,0:55,女流 直播
BV155oeBcEDG,2026-04-23,女流66_王者荣耀世界_2026-04-22_18-53-17,笨蛋雪人像素头,347:27,女流 直播|女流 抖音|女流 2026
BV1Vgo8B7EzY,2026-04-23,寅子直播玩《竞拍之王》开出了绝版19371213的金陵折扇给老头高兴坏了！净赚1800万！寅子：牛不牛逼！,世一上陈泽bin,6:2,女流 直播
BV1CxotBtEid,2026-04-23,【女流66】玩双人解密恐怖游戏《女吊》被突脸惊吓,女流录像小屋,4:16,女流录像小屋
BV1XKotB3E4G,2026-04-23,【女流66】和壮壮玩恐怖游戏《女吊》 双人木头人 66：主打一个预判,女流录像小屋,3:50,女流录像小屋
BV1UVotBiE7u,2026-04-23,【女流66】和YJJ玩《竞拍之王》  小赚100万后错过黑匣子 66：这不纯赌吗！,女流录像小屋,11:0,女流录像小屋
BV1QuotBuEta,2026-04-23,【女流66】导师让66接着读博 66：我得溜了 要去追梦了 ，回忆科目二经历,女流录像小屋,3:48,女流录像小屋
BV1QuotBuEj3,2026-04-23,【女流66】朵朵长大会玩什么游戏 不能在YJJ后面玩三角洲吧,女流录像小屋,3:16,女流录像小屋
BV1RkotB2Er8,2026-04-23,【女流66】AI时代来临  完全可以取代心灵砒霜了,女流录像小屋,8:50,女流录像小屋
BV1H3obBoE2u,2026-04-23,【女流66】这条野生大黄鱼价值12万？谈第一次来我家我做的饭，跟YJJ一样血亏，他可能已经在倒立了，大黄鱼真臭~,不懒bot,5:8,女流 切片
BV1uBobBuEbH,2026-04-23,【女流66】还得是索菲，竞拍之王豪赌135万出飞机黑匣子，YJJ和66两人开心到互相击掌，最终赚了150万~,不懒bot,4:29,女流 切片
BV1eCoxBMEMH,2026-04-23,【女流66】YJJ跟女流66玩竞拍之王，一百万梭哈出跑车钥匙秒赚130万，学到了没，后续错过黑匣子~,不懒bot,8:42,女流 切片
BV1WAo4BsEUc,2026-04-22,女流66看老公玩游戏，依旧夸夸！水友说最后玩失败了跑了！,证本明源,48:37,石大壮 女流
BV1Mqo4BwE3j,2026-04-22,【女流66】跟YJJ玩《竞拍之王》04.22完整直播录像弹幕版,不懒bot,204:57,女流 直播
BV1ELo4BjEnX,2026-04-22,【女流66】和壮壮一起玩《王者荣耀世界》第8章，和炮炮一起玩《竞拍之王》，04.22直播录像弹幕版~,服部平次,356:0,女流 直播|石大壮 女流
BV1Nko4BZEuR,2026-04-22,【女流66】跟壮壮玩《王者荣耀世界》第八章04.22完整直播录像弹幕版,不懒bot,151:25,女流 直播|石大壮 女流
BV1TBo4BhEms,2026-04-22,【女流66】多年前读的心灵砒霜邮件，他现在已经直博啦，老优秀了！最后一次考科目二，教练给了我神秘药片，吃完就考过了！~,服部平次,4:45,石大壮 女流
BV1pwosB7EQC,2026-04-22,【女流66】【2026-04-22】《王者荣耀世界》,bobi华,355:44,女流 直播|女流 2026
BV1Pyo4B4E4A,2026-04-22,龙天娜古装系列4 22-4-2026 皇后和小宫女在宫外巡视各地，了解各地情况，教训女土匪女流氓，女恶霸，女村霸，女城霸，……，行侠仗义，体恤民情!,jacklo752,1:57,女流 2026
BV1kfoWBJERe,2026-04-22,【弹幕版】【王者荣耀世界~~~】【2026-04-22】【女流66】,直播回放巴拉蹦吧,357:1,女流 直播|女流 回放|女流 2026
BV16MosBVE7W,2026-04-22,【纯净版】【王者荣耀世界~~~】【2026-04-22】【女流66】,直播回放巴拉蹦吧,357:1,女流 直播|女流 回放|女流 2026
BV1NrdXBhEg5,2026-04-22,【女流66】壮壮十万粉丝福利女装？要不直播转姐姐10万，在线给弟弟想大伙想看的整活~,不懒bot,4:11,女流 直播|女流 切片|石大壮 女流
BV1jGdDBkELd,2026-04-22,【女流66】玩恐怖游戏 《女吊》 66：咱俩各论各的 你叫我姐 我叫你哥,女流录像小屋,5:24,女流录像小屋
BV1fSdDBjEAv,2026-04-22,【女流66】玩恐怖游戏不开摄像头等于吃粥没咸菜 观众看什么！,女流录像小屋,1:28,女流录像小屋
BV14adDBfExS,2026-04-22,【女流66】壮壮十万粉丝要女装？ 壮壮：那是弹幕说的！ 66：30多岁正是女装的年纪,女流录像小屋,3:49,女流录像小屋
BV1BUdUBgE8M,2026-04-21,【女流66】和壮壮双人联机吴越民俗解谜游戏《女吊》，04.21直播录像弹幕版~,服部平次,246:38,女流 直播|石大壮 女流
BV1WidUBEEyB,2026-04-21,【女流66】跟壮壮玩《女吊》双视角 国产双人联机合作民俗恐怖游戏实况 04.21完整直播录像弹幕版,不懒bot,478:2,女流 直播|石大壮 女流
BV1PidUBEEGQ,2026-04-21,女流66和弟弟玩恐怖游戏！女流直呼这俩主角最恐怖！,证本明源,38:49,石大壮 女流
BV1uKdSBZEHv,2026-04-21,【女流66】壮壮快十万粉了，我记得他要女装来着？要不直播给我转10万块，让大伙开心一下？！~,服部平次,5:20,女流 直播|石大壮 女流
BV1gPdSBFEUt,2026-04-21,【弹幕版】【别怕，躲我身后】【2026-04-21】【女流66】,直播回放巴拉蹦吧,247:25,女流 直播|女流 回放|女流 2026
BV1m3dSBWEKm,2026-04-21,【纯净版】【别怕，躲我身后】【2026-04-21】【女流66】,直播回放巴拉蹦吧,247:25,女流 直播|女流 回放|女流 2026
BV1UMdSBxEFD,2026-04-21,【女流66】【2026-04-21】《别怕，躲我身后》,bobi华,246:18,女流 直播|女流 2026
BV1jQdUBMEtK,2026-04-21,女流66对弟弟说：我叫你一声哥你敢答应吗！门口对着茅房，这风水不对吧？,证本明源,5:18,石大壮 女流
BV1DcdSBcEDt,2026-04-21,【女流66】壮壮10w粉福利   要不女装试试？或者给姐姐转10万块吧^_^,恶龙炮OvO,3:48,石大壮 女流
BV1VZdUBPE91,2026-04-21,果然是亲姐姐，女流提议弟弟10万粉女装！,证本明源,3:31,石大壮 女流
BV1kJocBmE71,2026-04-20,【女流66】玩家和主播对游戏的要求不太一样,女流录像小屋,1:47,女流录像小屋
BV16pocB1E1x,2026-04-20,【女流66】点名堕落之主 不知道怎么坚持玩下去的 全是人海战术,女流录像小屋,3:3,女流录像小屋
BV1AZocBQEHQ,2026-04-20,【女流66】很多 3A 直播效果是不如独立游戏的,女流录像小屋,6:14,女流 直播|女流录像小屋
BV1g2ocBFENQ,2026-04-20,【女流66】谈3A大作游戏存在好玩不好看问题，游戏类型供大家选择太多，大家的品味太差异化~,不懒bot,6:22,女流 切片
BV1jtdfBeEok,2026-04-20,【女流66】和壮壮一起玩《王者荣耀世界》第5章，04.19直播录像弹幕版~,服部平次,92:57,女流 直播|石大壮 女流
BV1ZsdfBiEKK,2026-04-19,女流66_王者荣耀：世界第五章_2026-04-19_20-15-09,笨蛋雪人像素头,92:14,女流 直播|女流 抖音|女流 2026
BV1zWdfBTE19,2026-04-19,【石大壮】壮壮直播间展示跟女流66的合照，在姐姐直播间第一次露脸，很有年代感~,不懒bot,1:15,女流 直播|女流 切片|石大壮 女流
BV1wfdfBVECi,2026-04-19,【弹幕版】【王者荣耀：世界第五章】【2026-04-19】【女流66】,直播回放巴拉蹦吧,93:36,女流 直播|女流 回放|女流 2026
BV1wfdfBVEnT,2026-04-19,女流66和弟弟组队打BOSS，直呼这给我干哪来了？,证本明源,10:12,石大壮 女流
BV1uydfBXEc2,2026-04-19,【女流66】继续跟壮壮玩《王者荣耀世界》04.19完整直播录像弹幕版,不懒bot,92:26,女流 直播|石大壮 女流
BV1msoFBsEB7,2026-04-19,【纯净版】【王者荣耀：世界第五章】【2026-04-19】【女流66】,直播回放巴拉蹦吧,93:36,女流 直播|女流 回放|女流 2026
BV1QHoFB4EMV,2026-04-19,【女流66】【2026-04-19】《王者荣耀世界》,bobi华,91:13,女流 直播|女流 2026
BV1sGdfByE43,2026-04-19,【甜心战士】看《诸播王座》AI寅子，AI女流，AI杨树,甜心战士Miyuki,5:54,石大壮 女流
BV19hdpBdEga,2026-04-18,2026年4月15日第37期日本女流名人战挑战赛2局，上野愛咲美VS藤沢里菜，黑胜2.5目,哈利路亚十亮,19:48,女流 2026
BV1etdpBZE1K,2026-04-18,2026年4月14日第37期日本女流名人战挑战赛1局，藤沢里菜VS上野愛咲美，白中盘胜,哈利路亚十亮,16:8,女流 2026
BV1mud7BvExD,2026-04-18,女流66：炮神 他对自己的技术，是有非常深的执念和追求，但凡直播间掉100个人，他都觉得 是因为自己菜！,龙小沫LOVE,3:3,女流 直播
BV1f4dLBLEqw,2026-04-18,【真栗】虽然我是个性感女人，但现在我不会在直播间嗦粉了！,孤箫丶寒月,3:44,女流 直播|石大壮 女流
BV1wJd7BfESV,2026-04-18,女流66：我本来想让炮神来我房间直播，结果 他嫌弃我房间靠北，风水不好！,龙小沫LOVE,1:32,女流 直播
BV1g7d5BYECz,2026-04-17,【石大壮】帮女流抽一把狼之绯,埃尔德利诺,2:37,女流 直播|石大壮 女流
BV1gJd5BwETK,2026-04-17,【石大壮】给老姐抽武器，不料女流的号武器池坐大牢,埃尔德利诺,2:44,女流 直播|石大壮 女流
BV144d5B4Ew4,2026-04-17,【石大壮】壮壮花1000给女流抽小庄，抽完还倒欠女流2000？,埃尔德利诺,2:40,女流 直播|石大壮 女流
BV1TUdBB8EtP,2026-04-17,姐姐找我抽庄方宜说报销，抽完我倒欠2000？,石大壮zz,5:33,石大壮 女流
BV1NRdBBxEoT,2026-04-17,【石大壮】爸妈已经入驻B站，一人戴个小花镜，已严肃观看，还问我舰长是啥？昨天关摄像头哭到崩溃，给我妈都吓到了！~,服部平次,5:34,石大壮 女流
BV1CzdzBsE24,2026-04-17,【女流66】炮神神了！玩洛克王国游戏ID其实我是炮神，抱着朵朵问你知道你爸是炮神吗~,不懒bot,4:50,女流 切片
BV1r1dzBnEj3,2026-04-17,【女流66】炮炮对“炮神”的强大执念，游戏ID其实我是炮神，抱着朵朵都说：朵朵，你知道你爸是炮神吗？~,服部平次,6:4,女流 冒险岛
BV1ESdzBmEkK,2026-04-17,【女流66】壮壮从小严重缺钙，一大群孩子在一起玩，他一直都趴着！当体育委员，半个学期就让老师辞了，跑的还不如女生快！~,服部平次,3:17,石大壮 女流
BV1nrdqBLEQX,2026-04-17,【女流66】试玩《竞拍之王》、和炮炮一起玩解谜游戏《便当积木 Bento Blocks》，04.16直播录像弹幕版~,服部平次,131:5,女流 直播
BV1cLdiB5EJu,2026-04-17,【女流66】冒险岛怀旧服出了？ 这不找终极粉丝66推广下,女流录像小屋,0:46,女流 冒险岛|女流录像小屋
BV1SBdiBtEh1,2026-04-17,【女流66】玩《bento blocks》益智小游戏  炮炮：还得靠我~,女流录像小屋,7:5,女流录像小屋
BV1iCdYBtE6K,2026-04-17,【石大壮】壮壮see重温经典视频《壮壮结石记》,不懒bot,53:24,石大壮 女流
BV1NMdeB3EuH,2026-04-17,【女流66】你们看了吗，壮壮B站首播，播的挺开心的呢，都上B站全站第一了，今天他播识质存在，我播点别的~,不懒bot,3:22,女流 切片|石大壮 女流
BV1F5deBTEqZ,2026-04-17,女流66_别笑_2026-04-16_21-11-15,笨蛋雪人像素头,125:35,女流 直播|女流 抖音|女流 2026
BV1b6deBJE9c,2026-04-17,【女流66】壮壮B站首播挺开心的，都上全站第一了，看他玩卡普空女孩，我播点别的避其锋芒！~,服部平次,3:15,石大壮 女流
BV1codeBBE8D,2026-04-16,【雪绘】给石大壮上舰长，壮壮怎么这么可爱呀天呐，B站也是好起来了，都请到我们壮壮了！~,服部平次,4:54,石大壮 女流
BV1VsdaBQEmX,2026-04-16,【女流66】《Bento Blocks》便当积木 跟YJJ玩解谜游戏实况 04.16完整直播录像弹幕版,不懒bot,131:34,女流 直播
BV1ELdaBZERR,2026-04-16,女流66夸老公，你咋这么聪明呢，这关我觉得你比89.7%的人厉害！,证本明源,13:42,石大壮 女流
BV1f5daBtEZz,2026-04-16,【纯净版】【别笑】【2026-04-16】【女流66】,直播回放巴拉蹦吧,132:10,女流 直播|女流 回放|女流 2026
BV1fGdaBfEeN,2026-04-16,【弹幕版】【别笑】【2026-04-16】【女流66】,直播回放巴拉蹦吧,132:10,女流 直播|女流 回放|女流 2026
BV1y1daBTE5u,2026-04-16,【女流66】【2026-04-16】《别笑》,bobi华,130:41,女流 直播|女流 2026
BV1QhdaB2EAB,2026-04-16,【石大壮】壮壮看众主播的首播祝福视频，看到姐姐说的话直接掉小珍珠~,不懒bot,21:26,石大壮 女流
BV1XMdYBHEkZ,2026-04-16,壮壮讲述父亲看他直播被房管封一年！看姐姐讲述自己肾结石求医，一路忽悠，一路波澜壮阔的行程！,证本明源,46:4,女流 直播|石大壮 女流
BV185dYB7EHj,2026-04-16,【石大壮】重温经典《壮壮结石记》，接下来说的话很重要，第一回家憋尿，吃药憋饱了尿，蹲着跳把你的结石全部跳出来！~,服部平次,55:48,石大壮 女流
BV1qfdaBtE2o,2026-04-16,【石大壮】来到B站定的目标，好好做视频，两年25万粉丝，减肥瘦到150，没做到我把总督退了，大家一起监督他！~,服部平次,4:9,石大壮 女流
BV17zdYBcEJg,2026-04-16,石大壮看好朋友们的首播祝福,鸭鸭的呆毛,27:42,石大壮 女流
BV1zqdYBaEZm,2026-04-16,壮壮看战鹰玩丝之歌，直呼让人实在是绷不住笑！,证本明源,1:59,石大壮 女流
BV1xHdYBkELd,2026-04-16,【石大壮zz】20260416壮壮的游戏小屋，今晚6点开业！-175134直播录像弹幕版,正在录像,366:5,女流 直播|女流 回放|女流录像小屋|石大壮 女流
BV1b7dYBLEuK,2026-04-16,壮壮看到姐姐的祝福泪目了！太感动了！你是我永远的底气和靠山！庆幸生在一个幸福的家庭，有这么好的姐姐！,证本明源,4:20,石大壮 女流
BV12EdYByEDA,2026-04-16,石大壮B站首播，YYF、阿飞、XDD等一众好友送上祝福，姐姐女流的话听得壮壮感动哭了！,是小A呀QAQ,7:9,石大壮 女流
BV1s4dYBgEw7,2026-04-16,【石大壮】B站直播首哭！壮壮看好朋友们的首播祝福，Hello壮壮我是你姐夫啊，看到姐姐的祝福绷不住了~,服部平次,21:24,女流 直播|石大壮 女流
BV1G1dhBEEYw,2026-04-16,我的好朋友们的首播祝福,石大壮zz,6:39,石大壮 女流
BV1UUdbBBESR,2026-04-16,女流操作太吸睛，打boss到底谁是主角！,米雪短剧,0:48,女流 直播
BV1Aod4BsEbP,2026-04-16,女流66_王者荣耀世界_2026-04-15_18-32-10,笨蛋雪人像素头,119:0,女流 直播|女流 抖音|女流 2026
BV1msQHBTEsv,2026-04-16,【女流66】以前的水友都管我叫&#x27;流酱&#x27;   壮壮笑什么！,女流录像小屋,2:23,女流录像小屋
BV1KTQpBBEyA,2026-04-16,【女流66】王者荣耀世界 66：终于知道壮壮为什么去b站了 那边都是白毛,女流录像小屋,5:25,女流录像小屋
BV1XRQHB1EAX,2026-04-16,【女流66】吐糟散播焦虑的账号 一点干货没有 为了起号脸都不要了,女流录像小屋,2:19,女流录像小屋
BV19QQHBmEQM,2026-04-16,【女流66】壮壮官宣入住B站 在哪都支持他 开播会去上舰长的,女流录像小屋,6:52,女流录像小屋
BV1zHQnBJEwV,2026-04-15,【女流66】和壮壮一起玩《王者荣耀世界》初体验，04.15直播录像弹幕版~,服部平次,121:28,女流 直播|石大壮 女流
BV1fHQnBJEKz,2026-04-15,【女流66】采访壮壮：菠萝赛东说你需要一些音乐，这两天有一首歌听了192回，叫追梦赤子心~,不懒bot,4:57,女流 切片|石大壮 女流
BV1rjQnBXEgQ,2026-04-15,【女流66】跟壮壮玩《王者荣耀世界》04.15完整直播录像弹幕版,不懒bot,121:30,女流 直播|石大壮 女流
BV1avQnB6EaF,2026-04-15,【女流66】【2026-04-15】《王者荣耀世界》,bobi华,121:10,女流 直播|女流 2026
BV1yQQnBfEBo,2026-04-15,【女流66】壮壮官宣B站首播已确定！B站全是朋友，去哪都支持他，明天首播会去上舰长~,不懒bot,9:12,女流 切片|女流 抖音|石大壮 女流
BV1gXQ7BaEJi,2026-04-15,【弹幕版】【王者荣耀世界~~】【2026-04-15】【女流66】,直播回放巴拉蹦吧,122:31,女流 直播|女流 回放|女流 2026
BV13XQ7BaEjz,2026-04-15,【女流66】采访B站新人主播石大壮：姐姐我这两天，追梦赤子心重复听了192回！你还不如听单身情歌呢！长情的壮壮，玩了14年三国杀！~,服部平次,5:36,石大壮 女流
BV1NAQEBREPB,2026-04-15,【纯净版】【王者荣耀世界~~】【2026-04-15】【女流66】,直播回放巴拉蹦吧,122:31,女流 直播|女流 回放|女流 2026
BV1R1Q7BKExb,2026-04-15,【女流66】谈壮壮官宣B站首播，他是资深B站用户，试播那两天有千万级UP主回关他，他老有成就感了！老壮是最纯粹的玩家，以他的技术水平，在哪里都是独一份的！~,服部平次,9:7,石大壮 女流
BV1YNQ4BxEjv,2026-04-13,【女流66】备份了巨多朵朵照片跟视频，以后跟我顶嘴就用来回血，炮炮跟我妈对话，不用不需要，听力竭了~,不懒bot,5:43,女流 切片
BV1LdQxBaE9M,2026-04-13,【女流66】玩洛克王国偶遇野生炫彩 壮壮直呼受不了！,女流录像小屋,3:18,女流录像小屋
BV1BYQ4BKEHQ,2026-04-13,【女流66】玩洛克王国 大家都好有爱 让炮炮玩 他还傲娇,女流录像小屋,1:44,女流录像小屋
BV1z8Q4BMEx4,2026-04-13,【女流66】存了很多朵朵的照片 到时候用来回血 听炮炮和妈妈对话听到力竭,女流录像小屋,3:4,女流录像小屋
BV1CHQ4BCEF6,2026-04-13,【女流66】还没确定壮壮在哪播呢 你们可以问问 66：壮壮稳重很多了,女流录像小屋,2:11,女流录像小屋
BV1eiQsBxEvV,2026-04-13,【洛克王国世界】火影秋风与女流66联动！以及随机转盘环节！,玉玉涟漪,725:11,女流 直播|女流 切片
BV1viQsBxEUf,2026-04-13,《怀念》还是轰砸以前的直播好啊！看的大司马女流等一众主播笑的合不拢嘴！,明阳呀YAY,9:22,女流 直播
BV1bQQsBLEce,2026-04-13,【女流66】炮炮买火腿纠结了十几个小时，块状不如片状口感好，我记得他刚开始直播，22天都吃小杨生煎，现在怎么对食物如此奢靡？~,服部平次,9:10,女流 直播|石大壮 女流
BV1DtQxBDEX7,2026-04-13,《诸播王座》混剪预告—全明星阵容,真实56,5:14,女流 直播
BV155QWBQEFF,2026-04-13,女流66_洛克王国：世界_2026-04-12_19-07-58,笨蛋雪人像素头,161:27,女流 直播|女流 抖音|女流 2026
BV1J9D9BCEgw,2026-04-13,最高位战中国本部女流联赛第2节直播桌3-4半庄,最高位战中国本部,170:15,女流 直播
BV1S9DRBaERX,2026-04-13,最高位战中国本部女流联赛第2节直播桌1-2半庄,最高位战中国本部,238:3,女流 直播
BV1BqDRBVEHy,2026-04-13,【女流66】掏出水友家抓的异色炫彩恶魔狼，壮壮羡慕哭了：你这橘色太丑了姐姐！我觉得老好看了，你绝对是嫉妒我！~,服部平次,2:44,石大壮 女流
BV16VDdBUEq9,2026-04-13,【女流66】炮炮特别喜欢的一个朋友，见面互相摸胳膊喝大酒，只聊生活，跟YJJ约好去成都一定要找我~,不懒bot,7:49,女流 切片
BV1rHDXB1ECn,2026-04-12,【女流66】玩洛克王国 抓炫彩鸭吉吉 66：和YJJ一样 红温的样子,女流录像小屋,11:35,女流录像小屋
BV12LDXBSEJM,2026-04-12,【女流66】和壮壮秋风一起玩《洛克王国：世界》，04.12直播录像弹幕版~,服部平次,162:48,女流 直播|石大壮 女流
BV1NEDXBUEHq,2026-04-12,【女流66】玩洛克王国世界，看我的异色炫彩恶魔狼，水友的世界里抓的，壮壮嫉妒坏了，橘色太丑了姐姐~,不懒bot,2:35,石大壮 女流
BV1UXDXBsEWm,2026-04-12,【女流66】【2026-04-12】《洛克王国：世界》,bobi华,162:20,女流 直播|女流 2026
BV1B5D9BgEHf,2026-04-12,单机一姐的肯定！女流66谈播鸣潮3.1同接创音符二游同接记录？鸣潮游戏质量优秀玩家才会愿意看！并直言后劲儿太大,Er汐汐脑公罢,1:31,女流 直播
BV11fDXBnE9g,2026-04-12,【女流66】跟壮壮和秋风玩《洛克王国：世界》04.12完整直播录像弹幕版,不懒bot,162:19,女流 直播|石大壮 女流
BV1WAD9BmEEc,2026-04-12,【弹幕版】【洛克王国：世界~~】【2026-04-12】【女流66】,直播回放巴拉蹦吧,163:19,女流 直播|女流 回放|女流 2026
BV1sBD9B9Eyf,2026-04-12,【纯净版】【洛克王国：世界~~】【2026-04-12】【女流66】,直播回放巴拉蹦吧,163:19,女流 直播|女流 回放|女流 2026
BV16oD2BtE5c,2026-04-12,女流66_洛克王国：世界_2026-04-11_18-46-31,笨蛋雪人像素头,200:3,女流 直播|女流 抖音|女流 2026
BV16GDyBSEyh,2026-04-12,【女流66】玩洛克王国世界，遇到鸭吉吉，YJJ？这德行，不就YJJ吗，还可以骑乘，你就受着吧~,不懒bot,2:54,女流 切片
BV1iEDyB1EsP,2026-04-12,女流66看B站3.1切片我在哭，他们在吸收我的悲鸣还说很美味！3.1切片太多了，而且鸣潮切片速度太快了,七丘决斗王,2:42,女流 切片
BV1ELDyBUEsz,2026-04-12,再见爱弥斯！女流66鸣潮3.1爱弥斯回归立马严肃，频频认可相信爱弥斯一定能完全回来！,海上鸣月共潮生,9:35,女流 直播
BV1BLDyBmEL1,2026-04-12,我是爱弥斯的妈？女流66收看鸣潮3.1大型认亲现场，原来爱弥斯一直在我们身边,海上鸣月共潮生,8:39,女流 直播
BV1q7DyBjEVF,2026-04-12,漂泊之因的揭露！女流66看鸣潮3.1爱弥斯于吞噬之中发现漂泊者如同流放的漂泊经历，心疼阿漂痛苦缠身,海上鸣月共潮生,9:56,女流 直播
BV1q7DyBjEuj,2026-04-12,从过去一同迈向明天！女流66看爱弥斯剧情，爱弥斯埋在漂泊者怀里哭的像个孩子，爱弥斯将要恢复？,海上鸣月共潮生,4:57,女流 直播
BV1Z7DyBjEKt,2026-04-12,走马灯虐爆全场！女流66看爱弥斯选择承担所有，走马灯再见小爱弥斯，我只希望你能为了自己而活,海上鸣月共潮生,4:51,女流 直播
BV1yADyBdERP,2026-04-12,【女流66】鸣潮3.1后劲太大，想起那句话我会待在大家身边，从过去迈向明天，带朵朵看喷泉眼睛流口水，晚上失眠，真的感冒了，切片都在狂吸悲鸣~,不懒bot,4:35,女流 切片
BV1uqDyBeENA,2026-04-12,【石大壮】菠神减肥瘦了20多斤，还发照片秀肌肉，壮壮你要不谢我礼物，下次见面一拳打死你！~,服部平次,9:51,石大壮 女流
BV1CyDyBZEje,2026-04-11,还有校服？女流66：真的切不过鸣潮的那个切片员们，他们太厉害了。,理解与喇叭,4:53,女流 切片
BV19sDyBrEb5,2026-04-11,【女流66】玩洛克王国 壮壮疯狂显摆 66：我怀疑你在凡尔赛,女流录像小屋,5:20,女流录像小屋
BV1VuD1BrEEp,2026-04-11,【女流66】【2026-04-11】《洛克王国：世界》,bobi华,201:47,女流 直播|女流 2026
BV1LwD1BjE2e,2026-04-11,【女流66】玩洛克王国  66：这不就是yjj吗,女流录像小屋,3:19,女流录像小屋
BV1vAD1B1EaC,2026-04-11,「女流66」女流姐过鸣潮3.1前半学院剧情,TM想不出好ID,42:18,女流 直播
BV1GKD1BCECt,2026-04-11,【女流66】鸣潮后劲太大  昨晚下播脑壳疼 带朵朵看到喷泉又流眼泪了,女流录像小屋,2:8,女流录像小屋
BV1foDyBSE79,2026-04-11,【女流66】和壮壮一起玩《洛克王国：世界》，04.11直播录像弹幕版~,服部平次,200:52,女流 直播|石大壮 女流
BV1whD1B4Eyj,2026-04-11,【女流66】玩洛克王国捕捉鸭吉吉，一下就打死了，鸭吉吉？这不YJJ吗！你看他那德行和嘴脸，姐弟所见略同！~,服部平次,2:57,石大壮 女流
BV1uED1BvEGf,2026-04-11,【女流66】跟壮壮玩《洛克王国：世界》04.11完整直播录像弹幕版,不懒bot,202:18,女流 直播|石大壮 女流
BV1W6DkBXECS,2026-04-11,【弹幕版】【洛克王国：世界~~】【2026-04-11】【女流66】,直播回放巴拉蹦吧,202:36,女流 直播|女流 回放|女流 2026
BV1szDkBWEgJ,2026-04-11,【纯净版】【洛克王国：世界~~】【2026-04-11】【女流66】,直播回放巴拉蹦吧,202:36,女流 直播|女流 回放|女流 2026
BV1zXQTBDEmn,2026-04-11,【女流66】过鸣潮3.1剧情 水友经典节目 66：3.1太精彩了 很感谢松伦推荐,女流录像小屋,4:38,女流录像小屋
BV1P3QuBtEKS,2026-04-11,【鸣潮】女流66过鸣潮3.1剧情，和采访松伦形成闭环！果然人做坏事是会笑的！松伦还是太坏了！,吃不够的桔c,3:40,女流 直播
BV1U8QNBZEBR,2026-04-11,女流66_鸣潮3_1_2026-04-10_18-51-53,笨蛋雪人像素头,293:52,女流 直播|女流 抖音|女流 2026
BV1AfQwBGEew,2026-04-11,【鸣潮超长切片】“如果回到那天，我还是会采访松伦，听他说真心推荐然后游玩游戏，我也要形成一个闭环”，女流过鸣潮3.1剧情，成熟女人直接掩面试图逃过一劫。,基米要乐奈,96:13,女流 切片
BV1k6QABVEdk,2026-04-11,「女流66」女流姐过鸣潮3.1空间站剧情段落,TM想不出好ID,54:28,女流 直播
BV1rrQABkEqT,2026-04-11,女流鸣潮3.1剧情过完后被潮友们追着刀,死亡-咫恋,3:13,女流 直播
BV1QpQABREAW,2026-04-11,压力给到松伦！等救回小爱再玩？女流66过完鸣潮3.1思考救回小爱但越想越没底！最后去小屋找小爱彩蛋“舒缓心情”,Er汐汐脑公罢,9:34,女流 直播|女流录像小屋
BV12aQABUEsH,2026-04-11,女流66：后面还有两个小时救回爱弥斯（结尾部分）,随心565,0:55,女流 直播
BV1UtQABHERv,2026-04-11,「女流66」成熟女人的坚强，女流姐说自己已经把阈值提高得很高了，但仍旧没想到会这么顶，一个游戏制作人能够这么真诚和自信地推荐的版本真是没毛病啊,TM想不出好ID,3:9,女流 直播
BV1ecQPBfEn8,2026-04-11,女流66：松伦啊松伦！你我无冤无仇！成熟女人女流鸣朝3.1版本的悲鸣，来吸收吧！！！,巳戊月,48:57,女流 直播
BV1UbQABDE4A,2026-04-11,女流66过3.1高潮部分,随心565,7:28,女流 直播
BV1ubQABQErW,2026-04-11,我现实中还有女儿😭不能陷太深！女流66过完鸣潮3.1看小爱摩托车皮听唱歌再度被刀！真的很感谢你们这些鸣式,Er汐汐脑公罢,1:40,女流 直播
BV1hTQPBREiu,2026-04-10,女流，一个母亲过鸣潮3.1！松伦松伦，你我无冤无仇！不敢去想女儿，但女儿想到了还是带给我了力量！,再探再报中的安可酱,24:24,女流 切片
BV1vfQABcE5V,2026-04-10,松伦我还得谢谢你😑女流66惊叹鸣潮3.1怎么全方位进步如此之快？无论是剧情台词还有演出！很敬佩松伦哥的魄力,Er汐汐脑公罢,1:39,女流 直播
BV1UuQPBWEyf,2026-04-10,阿列夫一依旧追着刀！女流66过完鸣潮3.1世界涌入大量鸣式！很感谢各位都来安慰我！不过心里还是想怎么拯救小爱,Er汐汐脑公罢,1:32,女流 直播
BV18PQPBoES2,2026-04-10,这个真心推荐！很感谢松伦！女流66鸣潮3.1剧情体验非常好，认识小爱也很幸运,奕笙Lang,29:15,女流 切片
BV1SKQPBxEe8,2026-04-10,松伦：3.1这个真心推荐！女流：松伦我与你无冤无仇,死亡-咫恋,9:39,女流 直播
BV1hKQPBxEwL,2026-04-10,这个真心推荐！女流66过鸣潮3.1主线，从遮脸落泪到直接拿出卷纸擦泪：松伦松伦，你我无冤无仇！全网最相信漂泊者的直播间：阿漂肯定有办法！,切离,29:16,女流 直播|女流 切片
BV1BSQABTEve,2026-04-10,【女流66】看鸣潮3.1爱弥斯小屋剧情 眼眶湿润 66：不能太带入朵朵去看,女流录像小屋,12:43,女流录像小屋
BV1FSQABME3B,2026-04-10,鸣潮3.1结尾给女流66带来希望，看到了拯救爱弥斯的希望！,s我辉煌,8:20,女流 直播
BV1JmQABzEmY,2026-04-10,【女流66】压力一只松伦，女流姐过面对小爱询问她自己想要做什么，不由得默默掩面,TM想不出好ID,8:12,女流 直播
BV16mQABBEFW,2026-04-10,听到阿漂那句话后，成熟女人女流已击沉！最后嘴硬只是感冒了！从过去一同迈向明天！【女流过鸣潮3.1主线】,再探再报中的安可酱,14:49,女流 切片
BV1odQABAEmr,2026-04-10,美味的悲鸣,羊角_official,3:56,女流 直播
BV1wpQPB1Eif,2026-04-10,【弹幕版】女流66过鸣潮3.1爱弥斯主线剧情全过程,切离,279:16,女流 直播|女流 录播
BV17XQABKEAe,2026-04-10,【女流66】这才是真正的群像戏，女流姐过鸣潮3.1漂子的自述,TM想不出好ID,7:53,女流 直播
BV1nxQPBkEGs,2026-04-10,【女流66】看鸣潮3.1动画短片丨拯救  发现小爱头上环的变化？ 66：我是细节控,女流录像小屋,7:59,女流录像小屋
BV1fhQPBuEag,2026-04-10,女流66看鸣潮3.1全文背诵，捂头流泪,带小爱游遍索拉里斯,5:50,女流 直播
BV1fhQPBuEtB,2026-04-10,女流66 鸣潮3.1直播回放,理解与喇叭,218:36,女流 直播|女流 回放
BV17eQPBTEMa,2026-04-10,女流66感冒了！过鸣潮3.1漂泊者圣经，被女漂妈妈形象说出的平常语句击沉！,こ安静想梦游タ,7:40,女流 直播
BV1pHQPBLEeQ,2026-04-10,女流鸣潮打辛吉勒姆时看到小爱哈气后说没想到小爱还有这样的一面，后面看到两个阿漂还以为漂泊者是克隆人,死亡-咫恋,8:20,女流 直播
BV1yHQPBLEtA,2026-04-10,完全没想到😱CPU瞬间爆炸！女流66鸣潮3.1主线超燃BOSS战爽飞了！都跟我说3.1剧情好也没人说战斗演出也这么厉害呀！阿飘是克隆人吗？,Er汐汐脑公罢,9:29,女流 直播
BV1yeQcBzEXm,2026-04-10,全国女流冠军赛-凤座战（解说录播）,粤龙雀庄,220:29,女流 直播|女流 录播
BV11jQPBUEB6,2026-04-10,【女流66】这个真心推荐，女流姐过鸣潮3.1爱弥斯与漂泊者渐湖小屋的剧情,TM想不出好ID,25:31,女流 直播|女流录像小屋
BV166QcBvEJn,2026-04-10,女流66播3.1了，这位必然又是个极其美味的悲鸣，去年刚生的闺女,卑渊海,0:35,女流 直播
BV1m8QcBGEV8,2026-04-10,【女流66】【2026-04-10】《鸣潮3.1》,bobi华,289:28,女流 直播|女流 2026
BV1U4QcB5EHJ,2026-04-10,【女流66】《鸣潮》体验3.1版本「拉海洛」爱弥斯「远航星」主线剧情 04.10全程直播录像弹幕版,不懒bot,299:58,女流 直播
BV1YfQcBpEWq,2026-04-10,【女流66】体验《鸣潮》3.1版本「赠予雪中的你」拉海洛主线剧情，04.10直播录像弹幕版~,服部平次,299:19,女流 直播
BV1tKQwBmEZC,2026-04-10,【弹幕版】【鸣潮3.1】【2026-04-10】【女流66】,直播回放巴拉蹦吧,300:28,女流 直播|女流 回放|女流 2026
BV18AQwBSEbn,2026-04-10,【纯净版】【鸣潮3.1】【2026-04-10】【女流66】,直播回放巴拉蹦吧,300:28,女流 直播|女流 回放|女流 2026
BV1EtQwBYEva,2026-04-10,松伦还能害我吗？女流66谈鸣潮3.1至今难忘松伦哥真诚推荐表情！期待拉满表示自己过剧情开弹幕也不会被剧透,Er汐汐脑公罢,1:28,女流 直播
BV166DfBoEM6,2026-04-10,【石大壮】收手吧大壮！壮壮玩王者荣耀世界，怒充3个648抽皮肤晴海雾纱，被姐姐当场逮住：壮壮你在干嘛？~,服部平次,34:13,石大壮 女流
BV1rxDnBXEeY,2026-04-09,韩国搞笑综艺 善宇和美女流落荒岛，竟遇美食主播在直播,小秃头娱乐,4:1,女流 直播
BV1i1DeB7E7W,2026-04-07,【自由魂】真栗说要介绍壮壮和我认识，结果我俩已经加上微信了，我还看过壮壮结石记，壮壮平时少喝点碳酸饮料吧！~,服部平次,7:27,石大壮 女流
BV12kDYB8ETC,2026-04-07,【女流66】【2026-04-06】《杀戮尖塔2》,bobi华,233:55,女流 直播|女流 2026
BV12zDYBaEft,2026-04-07,【石大壮】看桃纸品鉴自己唱歌，逆徒蛐蛐师傅当场逮捕，上演川剧变脸，这个可以好听→脸色对了，她没夸我→脸色不对了！~,服部平次,15:4,石大壮 女流
BV1vEDhBuEWh,2026-04-07,女流66_杀戮尖塔2_2026-04-06_19-35-11,笨蛋雪人像素头,222:43,女流 直播|女流 抖音|女流 2026
BV162DbB3EYQ,2026-04-07,【女流66】聊壮壮B站试播，还没定，挺好，多试试，之间互夸有个多么好的姐姐~,不懒bot,6:27,女流 切片|女流 抖音|石大壮 女流
BV1LCDFBDEJG,2026-04-07,【女流66】整理网盘古早视频录像，发现变化很大，我身上透着一股稚嫩的那种傻气~,不懒bot,5:45,女流 切片|石大壮 女流
BV1giDcBLEUu,2026-04-07,【女流66】鸣潮3.1剧情暂定本周五，看评论说我会哭，已经成熟女人有泪不轻弹的阶段,不懒bot,3:50,女流 切片
BV1LsDcBXEbR,2026-04-06,女流66：这鹿好像很弱！怎么打壮壮你说话呀！,证本明源,13:40,石大壮 女流
BV1BFDwBZEbX,2026-04-06,女流66姐弟双排杀戮尖塔2！,证本明源,62:43,石大壮 女流
BV1BfDcBbEej,2026-04-06,【女流66】和壮壮一起玩《杀戮尖塔2》双人爬塔，04.06直播录像弹幕版~,服部平次,236:1,女流 直播|石大壮 女流
BV1nMSfBdEWH,2026-04-06,【女流66】整理网盘发现早期直播录像 66:这些年变化好大 之前好幼稚,女流录像小屋,5:32,女流 直播|女流录像小屋
BV1wMSfBdELz,2026-04-06,【女流66】直播拷打壮壮，你从来没在你直播间夸过我！采访一下小时候的壮壮，被七大姑八大姨压力成什么样，你可是石悦她弟弟，你姐考个清华，你怎么也考个北大吧！~,服部平次,2:39,女流 直播|石大壮 女流
BV1MQSZBqEHc,2026-04-06,【女流66】姐弟直播互夸 66：采访小时候的壮壮都经历了什么压力啊,女流录像小屋,2:38,女流 直播|女流录像小屋
BV1uQSZBqEsU,2026-04-06,有个学霸姐姐，弟弟天天被身边人压力！女流让弟弟夸自己，你从来没在你直播间夸过我！,证本明源,6:38,女流 直播|石大壮 女流
BV1gUSZBzErw,2026-04-06,【女流66】《杀戮尖塔2》难度6 跟壮壮组队爬塔 04.06完整直播录像弹幕版,不懒bot,235:9,女流 直播|石大壮 女流
BV1toSZBPEgJ,2026-04-06,女流66和弟弟玩杀戮尖塔，我说实话，真没办法！,证本明源,35:7,石大壮 女流
BV1TRSZBvEe7,2026-04-06,【女流66】暂定周五播鸣潮3.1 大家都说66会哭 66：不会轻易掉眼泪,女流录像小屋,2:31,女流录像小屋
BV1SbSfB3ErN,2026-04-06,【弹幕版】【杀戮尖塔2】【2026-04-06】【女流66】,直播回放巴拉蹦吧,236:36,女流 直播|女流 回放|女流 2026
BV1G4SfBCEYc,2026-04-06,【女流66】整理网盘发现了上古时期的录像，真的蛮宝贵的！那时候身上透着一股稚嫩的傻气，壮壮在旁边就更傻！~,服部平次,5:41,女流 直播|石大壮 女流
BV13bSfBGEZf,2026-04-06,【女流】66问炮炮“女流66的梦是谁”，YJJ问老飞宇“为什么ID后面要带个66”~tx,幺汉神七,1:36,女流 直播
BV19WSfByErh,2026-04-06,【纯净版】【杀戮尖塔2】【2026-04-06】【女流66】,直播回放巴拉蹦吧,236:36,女流 直播|女流 回放|女流 2026
BV1Z5SfBDExo,2026-04-06,石大壮和水友聊天交心，水友只关心他有没有老婆或老公！,证本明源,2:51,石大壮 女流
BV1YGSXBfEdi,2026-04-06,四神降临2026 女流王座决定战,立直喵急便,543:11,女流 2026
BV1DjSDB7EAF,2026-04-05,【石大壮】时隔多年再唱成名曲《Because of You》，当年把姐姐唱出内伤，十年八年都缓不过来，桃神不愧是师门真传？！~,服部平次,23:20,女流 2026|石大壮 女流
BV1wVSQBgEwy,2026-04-05,四神降临2026女流王座决定战决定桌终回,里見佑梨,114:17,女流 2026
BV1izSUB9Eei,2026-04-05,四神降临2026女流王座决定战决定桌一回战,里見佑梨,88:18,女流 2026
BV1toSUBGE39,2026-04-05,四神降临2026女流王座决定战预选B桌,里見佑梨,107:17,女流 2026
BV1Z6DVBFEeX,2026-04-05,四神降临2026女流王座决定桌预选A桌,里見佑梨,117:39,女流 2026
BV1tAD5BLEf4,2026-04-05,【石大壮】想把B站名字改回石大壮zz，却发现ID被水友抢注，还关注了我！正主亲临直播间打假冒牌货！~,服部平次,4:41,女流 直播|女流 2026|石大壮 女流
BV1LiDTBzErK,2026-04-04,麻雀女流联赛2026　个人战半决赛・决赛「麻雀女王决定战」,立直喵急便,566:18,女流 直播|女流 2026
BV1e8XfBHEuW,2026-04-02,【寅子】抖音买衣服再次被坑，客服：宝宝身高多少？娜娜给女流小孩买童装，老头：也给我买一件！,带魔王,5:29,女流 抖音
BV1559LBqEyq,2026-04-01,【女流66】联手独立游戏解谜 炮炮纯靠蒙,女流录像小屋,12:24,女流录像小屋
BV1UhXCBvEst,2026-03-31,【石大壮】斗鱼最后一场直播，走马灯回顾玩过的游戏，游戏不止，直播暂别！~,服部平次,206:14,女流 直播|石大壮 女流
BV16mXCB9EZ3,2026-03-31,【石大壮】考古主播真会玩主机篇，抡大锤爆笑名场面，壮壮卡BUG陷入绝望，姐姐神之一手变路飞通关！~,服部平次,8:29,石大壮 女流
BV15hXBBcEz9,2026-03-31,女流66_her tree第二部[2026-03-21 21-36-03],沧溟行客_,116:12,女流 2026
BV1vhXBBcEAz,2026-03-31,女流66_her tree第一部[2026-03-27 21-02-30],沧溟行客_,137:56,女流 2026
BV1QrXhBgEUJ,2026-03-30,走出我们的未来！女流66看鸣潮2.7剧情，漂泊者携手大家击穿黑潮，白金色嘉贝莉娜闪亮登场！,海上鸣月共潮生,8:52,女流 直播
BV1hkXhBzEYn,2026-03-30,扳回一局！女流66看鸣潮2.7嘉贝莉娜绝境反击燃烧自己的血液，战斗如烟花般绽放绚丽,海上鸣月共潮生,9:56,女流 直播
BV1DkXhBzEpy,2026-03-30,黎那汐塔迎来崭新的光明！女流66看鸣潮2.7剧情小卡救场，众人齐心击碎利维亚坦，大芬再次亮相！,海上鸣月共潮生,8:25,女流 直播
BV1B3XaBSEbw,2026-03-30,【女流66】我自己注册了一个MCN，旗下艺人有我自己，未来看能不能发展壮壮加入！炮炮大主播非常抢手，好多MCN盯着他想签！~,服部平次,3:16,女流 直播|石大壮 女流
BV1YHXRB3EHA,2026-03-30,女流66_鸣潮2_7_2026-03-29_19-21-09,笨蛋雪人像素头,219:43,女流 直播|女流 抖音|女流 2026
BV1LXXXBGEox,2026-03-30,女流66鸣潮2.7下半直播录像（完整）,理解与喇叭,221:7,女流 直播
BV1jXXXBGE8i,2026-03-30,【弹幕版】【鸣潮2.7】【2026-03-29】【女流66】,直播回放巴拉蹦吧,221:59,女流 直播|女流 回放|女流 2026
BV1MMX9BwE2N,2026-03-30,【女流66】玩独立游戏解密 her trees,女流录像小屋,9:54,女流录像小屋
BV1DCX9BTEhZ,2026-03-30,【女流66】被嘉贝莉娜帅到捂嘴 66：我要嘉贝莉娜 不给我就闹！,女流录像小屋,15:59,女流录像小屋
BV1VBX9BrEBi,2026-03-29,这谁看这段不得说个NB啊！女流66鸣潮2.7主线大决战：真棒，每个人都有自己的高光！阿布拉克萨斯？难道阿布是鸣式？残星会又赢啦？这帮人真行！,切离,48:39,女流 切片
BV15QXDBNEb8,2026-03-29,【女流66】玩鸣潮2.7看到嘉贝莉娜 66：好帅啊 暂时爱上嘉贝莉娜了,女流录像小屋,22:58,女流录像小屋
BV16zXDBVEG5,2026-03-29,女流看鸣潮2.7大决战，哇这演出！难道阿布是鸣式？,游戏大志哥,11:37,女流 直播|女流 切片
BV1zkXDB3E5u,2026-03-29,【女流66】没辜负松伦的推荐 4月份就要玩到鸣潮3.1了 66：终于要赶上大家了,女流录像小屋,3:2,女流录像小屋
BV1B1XDBuEX3,2026-03-29,【女流66】继续体验《鸣潮》2.7版本「暗潮将映的黎明」黎那汐塔终章（下），03.29直播录像弹幕版~,服部平次,221:6,女流 直播
BV1j4XQB3EZK,2026-03-29,女流看鸣潮2.7嘉贝VS会长，我现在就要有嘉贝莉娜，不给我我就闹！,游戏大志哥,1:35,女流 直播|女流 切片
BV1nWXQBVEa3,2026-03-29,【女流66】【2026-03-29】《鸣潮2.7上》,bobi华,221:24,女流 直播|女流 2026
BV1EsXQBkETW,2026-03-29,女流看鸣潮2.7嘉贝第一视角，不低头少玩5块钱？这哪是5块钱的事！,游戏大志哥,1:58,女流 直播|女流 切片
BV1bNXQBxEE1,2026-03-29,【女流66】《鸣潮》体验2.7版本「暗潮将映的黎明」黎那汐塔「终章」下部分 主线剧情 03.29全程直播录像弹幕版,不懒bot,220:46,女流 直播
BV1DCXQBbEVb,2026-03-29,【纯净版】【鸣潮2.7】【2026-03-29】【女流66】,直播回放巴拉蹦吧,221:59,女流 直播|女流 回放|女流 2026
BV11DXQB9Ekv,2026-03-29,YJJ计划加公会直播，但很多公会不办事  66：刚好我开了个公会，壮壮要来,恶龙炮OvO,3:8,女流 直播
BV13zXQBAEXu,2026-03-29,“单机一姐”女流66谈鸣潮向其他人推荐时：很有底气他们肯定会有很好游戏体验！尤其是对剧情很看重的体验型玩家！,Er汐汐脑公罢,1:56,女流 直播
BV16NXXB5Env,2026-03-29,悲鸣预告？女流66聊直播鸣潮计划：下个月预计播完3.1，好期待和大家一起等更新！,不去想她不就好了,0:53,女流 直播
BV1yoXQBSEAA,2026-03-29,【战报】女流日本系列赛2026优胜者：御崎千结！（260329）,立直喵急便,0:38,女流 2026
BV1TZX2ByEd7,2026-03-29,女流66_鸣潮2_7上_2026-03-28_19-14-45,笨蛋雪人像素头,210:44,女流 直播|女流 抖音|女流 2026
BV1rtXyB4Ert,2026-03-29,【女流66】盘点直播这些年哭过多少次，黑神话钟馗玩法内容猜测~,不懒bot,6:5,女流 直播|女流 切片
BV17vXyBQE9z,2026-03-29,【女流66】壮壮在我的婚礼上哭的差点崩溃 晕厥，他恍然间成熟了很多~,不懒bot,4:24,女流 切片|石大壮 女流
BV1MzXLB4EUZ,2026-03-29,【女流66】玩鸣潮2.7看到新角色仇远 66：这咱们同胞啊必须拿下,女流录像小屋,20:36,女流录像小屋
BV1giXLBbEPQ,2026-03-28,指明通往天国的道路！女流66玩鸣潮2.7剧情，嘉贝莉娜以身入局坠入黑潮，地狱再会！,海上鸣月共潮生,6:37,女流 直播
BV1SqXLBoE7h,2026-03-28,真爱登场，女流66看鸣潮2.7剧情尤诺登场直接犯花痴，看得出来是真的喜欢,海上鸣月共潮生,6:3,女流 直播
BV1uqXLBZEmp,2026-03-28,上来小卡就被刀了？女流66玩鸣潮2.7，弹幕集体“晚安小卡”急哭66,海上鸣月共潮生,5:11,女流 直播
BV1SqXLBZEhi,2026-03-28,女流66试玩鸣潮2.7剧情内嘉贝莉娜，直呼好帅又小声提醒自己喜欢尤诺，疑似即将变心,海上鸣月共潮生,2:4,女流 直播
BV1uqXLBZEMg,2026-03-28,女流66看鸣潮2.7嘉贝莉娜初登场，被帅气登场惊艳到，女同属性大爆发,海上鸣月共潮生,5:26,女流 直播
BV17nXLBzE7t,2026-03-28,黑潮狼人杀！女流66看鸣潮2.7剧情，开启智斗狼人杀环节，但是小头控制大头,海上鸣月共潮生,6:24,女流 直播
BV1opXLBTEjK,2026-03-28,「女流66」女流姐过鸣潮2.7七丘大战篇，嘴里还在念叨着尤诺,TM想不出好ID,43:29,女流 直播
BV1RxXLBNEHw,2026-03-28,【女流66】黑神话钟馗会卖多少 66：大胆预测！猜想下黑神话钟馗剧情,女流录像小屋,3:1,女流录像小屋
BV1zfXLBkEMc,2026-03-28,【女流66】盘点玩游戏哭过几次 66：小小TGA有啥好哭的啊,女流录像小屋,2:28,女流录像小屋
BV1BcXjB3Esk,2026-03-28,【女流66】66结婚时，弹幕梦想破碎 壮壮哭到晕厥,女流录像小屋,3:6,女流录像小屋
BV1mCXLBXEwF,2026-03-28,【女流66】体验《鸣潮》2.7版本「暗潮将映的黎明」黎那汐塔终章（上），03.28直播录像弹幕版~,服部平次,215:57,女流 直播
BV1tsXjBREnd,2026-03-28,克苟你直接亮血条吧😡女流66看鸣潮2.7大维哥牺牲气得直接想开打！感觉残星会把属性全都加在闪避上了,Er汐汐脑公罢,3:59,女流 直播
BV1VVXjBPESC,2026-03-28,【女流66】【2026-03-28】《鸣潮2.7上》,bobi华,215:24,女流 直播|女流 2026
BV1XjXjBcEFW,2026-03-28,【弹幕版】【鸣潮2.7上】【2026-03-28】【女流66】,直播回放巴拉蹦吧,216:30,女流 直播|女流 回放|女流 2026
BV19VXjBAEnc,2026-03-28,【女流66】《鸣潮》体验2.7版本「暗潮将映的黎明」黎那汐塔「终章」上部分 主线剧情 03.28全程直播录像弹幕版,不懒bot,216:9,女流 直播
BV1jUXjBuEp8,2026-03-28,【纯净版】【鸣潮2.7上】【2026-03-28】【女流66】,直播回放巴拉蹦吧,216:30,女流 直播|女流 回放|女流 2026
BV15XXjBiEi8,2026-03-28,【女流66】我结婚的时候，壮壮差点哭到晕厥，自那之后感觉他就长大了！至今不知道哭点是啥，我想壮壮结婚的时候，我不会哭！~,服部平次,5:41,石大壮 女流
BV16iXjB7Ems,2026-03-28,怎么晚安了别吓我啊😱女流66看鸣潮2.7“卡提假死”名场面大脑当场宕机！眼睛瞬间瞪大！真有点急了,Er汐汐脑公罢,1:45,女流 直播
BV1WTXVB6EHg,2026-03-28,【女流66】这就是婚姻，讲述跟炮炮的广东婚礼流程，不再是一个人决定的事儿~,不懒bot,7:19,女流 切片
BV1mYXuBKENY,2026-03-28,【女流66】老姨，现在才知道你的含金量，当大舅家的孩子见到传说中的老姨~,不懒bot,8:12,女流 切片|石大壮 女流
BV11iXuBPEeL,2026-03-28,【女流66】想拥有尤诺，等鸣潮周年庆复刻我全都要，接下来将直播鸣潮2.7剧情，2.6私下玩了,不懒bot,7:24,女流 直播|女流 切片
BV13nXTBqEPj,2026-03-28,【女流66】影之刃零万众期待，希望把好最后一关，到时多买一些送给大家！游戏是做不完的，完成度比完美更重要！~,服部平次,9:7,石大壮 女流
BV1dMXTByEP9,2026-03-28,【女流66】影之刃首周销量多少？黑神话悟空从项目管理角度是值得借鉴的,女流录像小屋,6:46,女流录像小屋
BV1RVXTB3EJq,2026-03-28,【女流66】和炮炮玩解谜游戏《她的树：迷梦》，排列组合挑战脑洞，03.27直播录像弹幕版~,服部平次,138:50,女流 直播
BV1yiXTBxE5Q,2026-03-28,【女流66】【2026-03-27】《睡了吗》,bobi华,139:4,女流 直播|女流 2026
BV1YRXTBVEDk,2026-03-28,【女流66】被家族小孩当成“别人家的孩子”,女流录像小屋,4:26,女流录像小屋
BV1sVXMBcE4a,2026-03-27,【女流66】明天直播鸣潮2.7 之前喜欢今汐现在喜欢尤诺 66：感觉自己有点渣女,女流录像小屋,6:38,女流 直播|女流录像小屋
BV1CEXMBoEGH,2026-03-27,【女流66】《她的树》HER TREES THE PUZZLE HOUSE 跟YJJ玩解谜游戏实况 03.27完整直播录像弹幕版,不懒bot,214:33,女流 直播
BV1pEXMBoEvY,2026-03-27,【女流66】参加家族聚会，跟亲戚家小孩坐一桌：老姨，我现在我才知道，你的含金量！想起壮壮小时候：你姐考上了清华，你怎么也考个北大吧！~,服部平次,8:48,石大壮 女流
BV1PjXMBFETq,2026-03-27,【女流66】播十年解密游戏头一回被说看攻略？66：夸我聪明你不如夸我是美女,女流录像小屋,2:47,女流录像小屋
BV1YdXTBkEhc,2026-03-27,【女流66】YJJ低头教朵朵喊爸爸，朵朵看着他喊妈妈   炮炮对技术主播有执念，在直播上钻牛角尖了,恶龙炮OvO,4:58,女流 直播
BV18NXMBqEmr,2026-03-27,【纯净版】【睡了吗】【2026-03-27】【女流66】,直播回放巴拉蹦吧,139:28,女流 直播|女流 回放|女流 2026
BV1gNXMBqEg1,2026-03-27,【弹幕版】【睡了吗】【2026-03-27】【女流66】,直播回放巴拉蹦吧,139:28,女流 直播|女流 回放|女流 2026
BV1HnXMBxEF1,2026-03-27,「女流66」周年庆角色全都要，女流姐准备明天晚上播鸣潮2.7,TM想不出好ID,3:32,女流 直播
BV1q8XMBJEmo,2026-03-27,【石大壮】猴哥名人堂投票告急，壮壮发动人脉，哎老姐猴哥有事跟你说，别急我还有个姐夫，那啥我还有个徒弟！~,服部平次,22:32,石大壮 女流
BV11AQXBQEnb,2026-03-23,谢彬重温2018斗鱼嘉年华群星闪耀，王羽杉洛丽塔大哥提莫阿冷二珂女流泡泡呆妹XDD刘飞儿小缘,绝世薯片OuO,23:40,女流 直播
BV19KAGzmEt8,2026-03-22,【女流66】玩玩水友推荐的独立游戏 66：哇 这游戏真可以吧,女流录像小屋,10:58,女流录像小屋
BV1jrAGz9Ejn,2026-03-22,【女流66】玩《她的树：迷梦》解谜游戏  弹幕齐刷问号,女流录像小屋,5:47,女流录像小屋
BV1maATzsEL2,2026-03-22,女流66-解谜游戏[2026-03-21 21-33-33]《Her Trees : Puzzle Dream》[多久没这么用过脑子了]直播间3万人,沧溟行客_,118:8,女流 直播|女流 2026
BV19VANzfEQF,2026-03-22,【女流66】炮炮三角洲铁甲杯比赛翻车，要退网？安慰他再送他个火腿？,不懒bot,6:12,女流 切片
BV1mbANzUEKp,2026-03-22,【女流66】壮壮应该去哪个平台，问问大伙，他特别容易知足，追求快乐玩游戏,不懒bot,4:45,女流 切片|女流 抖音|石大壮 女流
BV1QcAKzoETe,2026-03-22,【女流66】玩解谜游戏《她的树：迷梦》，排列组合挑战脑洞，03.21直播录像弹幕版~,服部平次,118:43,女流 直播
BV1ZwAAzbEQS,2026-03-21,【女流66直播回放20260321】 多久没这么用过脑子了(弹幕版),YJJ和女流66的录像小屋,118:3,女流 直播|女流 回放|女流录像小屋
BV1fcAAzFEsz,2026-03-21,【女流66】《她的树：迷梦》HER TREES PUZZLE DREAM 解谜游戏实况 03.21完整直播录像弹幕版,不懒bot,222:22,女流 直播
BV19MAAzsE47,2026-03-21,【女流66直播回放20260321】 多久没这么用过脑子了 (纯净版),YJJ和女流66的录像小屋,118:2,女流 直播|女流 回放|女流录像小屋
BV1EwAAz8EKS,2026-03-21,【女流66】壮壮应该去哪个平台？今天他来北京，我看他老纠结了，你们给他拿拿主意！我们仨一起播，节目效果的确好，壮壮还是非常享受游戏本身的！~,服部平次,5:8,女流 直播|石大壮 女流
BV1FfAwzaEqD,2026-03-21,【弹幕版】【多久没这么用过脑子了】【2026-03-21】【女流66】,直播回放巴拉蹦吧,119:10,女流 直播|女流 回放|女流 2026
BV1oAAAzZE9Q,2026-03-21,【纯净版】【多久没这么用过脑子了】【2026-03-21】【女流66】,直播回放巴拉蹦吧,119:10,女流 直播|女流 回放|女流 2026
BV1ZNAAztEwy,2026-03-21,【女流66】【2026-03-21】《多久没这么用过脑子了》,bobi华,117:55,女流 直播|女流 2026
BV1AmAFzwETE,2026-03-21,【女流66】试玩红色沙漠 抓通缉犯 66：我成通缉犯了？,女流录像小屋,8:9,女流录像小屋
BV1mcAszzEK2,2026-03-21,【女流66】试玩红色沙漠 恶霸进村了说是,女流录像小屋,8:49,女流录像小屋
BV1YDAWz7EcM,2026-03-21,女流66_红色沙漠_2026-03-20_18-29-26,笨蛋雪人像素头,219:23,女流 直播|女流 抖音|女流 2026
BV1vfAnz5EdL,2026-03-21,【弹幕版】【红色沙漠】【2026-03-20】【女流66】,直播回放巴拉蹦吧,220:46,女流 直播|女流 回放|女流 2026
BV1haApz6EaG,2026-03-20,【女流66】【2026-03-20】《红色沙漠》,bobi华,220:25,女流 直播|女流 2026
BV1hhApz3Es2,2026-03-20,【女流66】推荐情侣们去玩杀戮尖塔 66：肯定会直播玩一次的,女流录像小屋,2:55,女流 直播|女流录像小屋
BV1zGApzWEmg,2026-03-20,【女流66】死亡搁浅2直播精剪  66：现在玩感觉不一样了啊,女流录像小屋,34:11,女流 直播|女流录像小屋
BV1VkAJzTEDJ,2026-03-20,【女流66】《红色沙漠》试玩 游戏实况中文配音 03.20完整直播录像弹幕版,不懒bot,220:34,女流 直播
BV1wWAJzJEXp,2026-03-20,【女流66直播回放20260320】 红色沙漠(弹幕版),YJJ和女流66的录像小屋,219:21,女流 直播|女流 回放|女流录像小屋
BV1xEAJzXEuz,2026-03-20,【纯净版】【红色沙漠】【2026-03-20】【女流66】,直播回放巴拉蹦吧,220:46,女流 直播|女流 回放|女流 2026
BV16tAJz2Er3,2026-03-20,【女流66直播回放20260320】 红色沙漠 (纯净版),YJJ和女流66的录像小屋,219:21,女流 直播|女流 回放|女流录像小屋
BV1F8AJzLEhr,2026-03-20,【女流66】《红色沙漠》试玩体验，开放世界奇幻动作冒险游戏，03.20直播录像弹幕版~,服部平次,219:58,女流 直播
BV1vVAjzbEEU,2026-03-20,女流66_死亡搁浅2(第一部分)[2026-03-19 22-06-45][死亡搁浅2登录pc啦],沧溟行客_,153:18,女流 直播|女流 2026
BV11QALzCEck,2026-03-20,【女流66】鸣潮2.7在四月份前，朵朵会看我们的直播录像吗，婴儿期特别珍贵，17岁年少成名,不懒bot,3:10,女流 直播|女流 切片
BV1TwAVzgErM,2026-03-20,【女流66】【2026-03-19】《死亡搁浅2登录pc啦》,bobi华,153:1,女流 直播|女流 2026
BV1TAAVzzEDF,2026-03-20,【女流66】朵朵以后长得随谁呢，朵朵是偏南方还是北方长相，炮炮跟阿姨对话，问力竭了,不懒bot,3:21,女流 切片|女流 抖音
BV11mAVzBERs,2026-03-20,【女流66】《死亡搁浅2：冥滩之上》PC版 中文配音 完整直播录像弹幕版,不懒bot,282:15,女流 直播
BV1PSAVzMEfC,2026-03-20,【弹幕版】【死亡搁浅2登录pc啦】【2026-03-19】【女流66】,直播回放巴拉蹦吧,154:13,女流 直播|女流 回放|女流 2026
BV1r9AVzeEMh,2026-03-19,【女流66直播回放20260319】 死亡搁浅2登录pc啦(弹幕版),YJJ和女流66的录像小屋,152:33,女流 直播|女流 回放|女流录像小屋
BV1DvAVz2Eaf,2026-03-19,【纯净版】【死亡搁浅2登录pc啦】【2026-03-19】【女流66】,直播回放巴拉蹦吧,154:13,女流 直播|女流 回放|女流 2026
BV1GvAVzmELT,2026-03-19,【女流66直播回放20260319】 死亡搁浅2登录pc啦 (纯净版),YJJ和女流66的录像小屋,152:33,女流 直播|女流 回放|女流录像小屋
BV186AVz5EgM,2026-03-19,【女流66】4月份之前播鸣潮2.7！朵朵会看我直播录像吗？突然间有点上包袱了，压力大了出汗了，炮炮不知道想没想过这个问题？！~,服部平次,4:24,女流 直播
BV1QvAVz2Em8,2026-03-19,YJJ陪老婆去做b超的时候哭了！明知是智商税的东西，买吗？女流被问会让朵朵看直播吗，直呼突然有包袱了，不知道孩子爸怎么看？,证本明源,4:3,女流 直播
BV1SqAVzjEtX,2026-03-19,【女流66】如果朵朵看直播录像  她会看到爸妈年少成名~,恶龙炮OvO,3:15,女流 直播
BV1x2AVzgEH7,2026-03-19,【女流66】下一代会对上一代的事情有好奇心的，只是这个时间会来的晚一些,女流录像小屋,4:18,女流录像小屋
BV1J1wyz7EGn,2026-03-19,【人族无敌】全能王第八届48强7组2，刀狼流不用非要用猛女流！裁判看了也肃然起敬！,CXmin,16:50,女流 2026
BV18mwozeEWc,2026-03-18,从一无所有到掌控上千家夜总会，看一介女流如何在江湖中展露锋芒,蒹葭飞影,13:4,女流 直播
BV1aEwdzvEYY,2026-03-17,【女流66】3月直播安排19号死亡搁浅 20号红色沙漠 月底前鸣潮2.7,女流录像小屋,0:57,女流 直播|女流录像小屋
BV1TEwmzYEKR,2026-03-17,女流66_夫妻直播，聊聊孩子和生活，玩谐音梗游戏[2026-03-16 21-26-03][女流66][别笑],沧溟行客_,77:38,女流 直播|女流 2026
BV1MXw1zaEGm,2026-03-17,【女流66】跟YJJ玩《这是谐音梗》新关卡03.16女流完整直播录像弹幕版,不懒bot,78:31,女流 直播
BV19zw1zgE8f,2026-03-17,女流66_别笑_2026-03-16_21-26-53,笨蛋雪人像素头,77:9,女流 直播|女流 抖音|女流 2026
BV1i7w2z5E8T,2026-03-17,【女流66】泡椒凤爪暴雷？爱吃凤爪的老公YJJ天塌了，那是他的主食之一，水友寄的酱板鸭吃完拉稀了,不懒bot,7:44,女流 抖音
BV1PFw2zoEE1,2026-03-16,【弹幕版】【别笑】【2026-03-16】【女流66】,直播回放巴拉蹦吧,80:18,女流 直播|女流 回放|女流 2026
BV16uw2zSENe,2026-03-16,【女流66】和炮炮一起玩《这是谐音梗》，春节新关卡，03.16直播录像弹幕版~,服部平次,79:14,女流 直播
BV1xzw2zFEje,2026-03-16,【女流66直播回放20260316】 别笑(弹幕版),YJJ和女流66的录像小屋,78:2,女流 直播|女流 回放|女流录像小屋
BV1k2w2zsEGX,2026-03-16,【女流66】【2026-03-16】《别笑》,bobi华,72:51,女流 直播|女流 2026
BV1htw2zqEz8,2026-03-16,【女流66直播回放20260316】 别笑 (纯净版),YJJ和女流66的录像小屋,78:1,女流 直播|女流 回放|女流录像小屋
BV1pyw2zdEPH,2026-03-16,【纯净版】【别笑】【2026-03-16】【女流66】,直播回放巴拉蹦吧,80:18,女流 直播|女流 回放|女流 2026
BV1agw7z4EDN,2026-03-16,【女流66】希望朵朵长大但不希望那么快 66：不会对朵朵很严格 自驱力更重要,女流录像小屋,3:51,女流录像小屋
BV1pmwjzGEHc,2026-03-16,【女流66】谈及家庭氛围 66爸妈都会跟66讲道理 很理智的,女流录像小屋,5:13,女流录像小屋
BV1FpwuzjEGY,2026-03-15,最高位战中国本部女流战第1节直播桌,最高位战中国本部,436:23,女流 直播
BV1MrwTzxEME,2026-03-15,【女流66】一个时代结束了 还挺美好的回忆呢,女流录像小屋,3:49,女流录像小屋
BV1BAwMzgEcf,2026-03-15,【女流66】66帮壮壮洗燕云武器 66：你这也太浮夸了吧！,女流录像小屋,28:2,女流录像小屋
BV1bpwMz4Ett,2026-03-15,女流66_燕云皇宫更新啦[2026-03-14 18-49-59],沧溟行客_,202:13,女流 直播|女流 2026
BV1fZwTzCEzx,2026-03-15,【女流66】国产游戏有些剧情文案挺有深度的 66的游戏库很多是水友推荐出来的,女流录像小屋,5:9,女流录像小屋
BV1DewNzHE9V,2026-03-15,姐姐:感觉家里多了个法师!炮炮房间摆了4个紫水晶，还加了“神算”水友，一直聊!,账号已注销,6:44,石大壮 女流
BV1xgwazXEJQ,2026-03-15,【女流66】提起YJJ婚前答应的两件事，少说脏话，一年读一本书，以及读一本书的习惯,不懒bot,10:25,石大壮 女流
BV18owbz9E94,2026-03-15,女流66_2026年03月08号18点45聊天环节,沧溟行客_,32:15,女流 直播|女流 2026
BV1zzwbzKEdv,2026-03-15,【女流66】YJJ没带66玩三角洲，炮炮直男式发言，因为你玩的不好啊，那个东西要学很久,不懒bot,2:9,女流 切片
BV1CGw8zCEKV,2026-03-15,【女流66】壮壮合同要到期了，说先播着试试，回想起早期敲钟回忆,不懒bot,2:30,石大壮 女流
BV1xwwtzkEzv,2026-03-14,【女流66】【2026-03-14 】《燕云皇宫更新啦》,bobi华,202:23,女流 直播|女流 2026
BV1TwwtzCEaG,2026-03-14,【女流66】炮炮结婚前答应我两件事，少说脏话，一年读一本书，他都没有做到！明朝那些事儿，他看到朱元璋登基就没看了！~,服部平次,10:20,石大壮 女流
BV1N2wtzkEvU,2026-03-14,【女流66】《燕云十六声》残章·是我非傩，萤烛照夜，封龙书院03.14女流完整直播录像弹幕版,不懒bot,201:32,女流 直播
BV1v4wtzxE5J,2026-03-14,【女流66直播回放20260314】 燕云皇宫更新啦(弹幕版),YJJ和女流66的录像小屋,202:14,女流 直播|女流 回放|女流录像小屋
BV13hwtzXEYY,2026-03-14,【女流66直播回放20260314】 燕云皇宫更新啦 (纯净版),YJJ和女流66的录像小屋,202:14,女流 直播|女流 回放|女流录像小屋
BV1GYwtzHEPd,2026-03-14,【纯净版】【燕云皇宫更新啦】【2026-03-14】【女流66】,直播回放巴拉蹦吧,201:14,女流 直播|女流 回放|女流 2026
BV13hwtzXECh,2026-03-14,【弹幕版】【燕云皇宫更新啦】【2026-03-14】【女流66】,直播回放巴拉蹦吧,201:14,女流 直播|女流 回放|女流 2026
BV1GhwtzXEUA,2026-03-14,【女流66】壮壮合同马上到期了，他说都播着试试？一个时代结束了，当时还敲过钟呢，还是很美好的回忆！~,服部平次,2:37,石大壮 女流
BV17jwxzsEGd,2026-03-14,女流66_燕云皇宫更新啦[2026-03-13 18-14-37],沧溟行客_,228:17,女流 直播|女流 2026
BV14ZwszqEKQ,2026-03-14,姐姐:有了朵朵后，老是自己瞎想，没事找事的感觉，想一些灾难的事件!,账号已注销,1:52,石大壮 女流
BV1C7wnzEE5c,2026-03-14,【女流66】炮炮在网上找人算命，发现居然是我的水友，跟YJJ哲学辩论，秀才遇上兵,不懒bot,9:49,女流 切片
BV142wnzbEoc,2026-03-14,【女流66】朵朵成长的太快了 和炮炮一样会瞬间脸红 66：基因太强大了,女流录像小屋,8:9,女流录像小屋
BV13nwHzKEjV,2026-03-14,【女流66】最近总是梦到朵朵 66：从此之后有了软肋,女流录像小屋,2:38,女流录像小屋
BV1MtwHzhE9w,2026-03-14,【女流66】《燕云十六声》赵大哥这也太帅了，束罪阁镇守-独夫战斗画面,不懒bot,12:54,女流 切片
BV1ZQcSz9Euf,2026-03-13,【女流66】炮炮网上找人算命，闹半天是66水友！这不是女流吗，我看你十年直播！~,服部平次,10:24,女流 直播
BV1ZDcSzWEgs,2026-03-13,【女流66】【2026-03-13 】《燕云皇宫更新啦》,bobi华,228:23,女流 直播|女流 2026
BV1JUcSzoExW,2026-03-13,【女流66】《燕云十六声》开封皇宫镇守 封桩库 束罪阁剧情03.13女流完整直播录像弹幕版,不懒bot,228:24,女流 直播
BV1w6cSzAE8A,2026-03-13,【纯净版】【燕云皇宫更新啦】【2026-03-13】【女流66】,直播回放巴拉蹦吧,228:40,女流 直播|女流 回放|女流 2026
BV1jRcSzXE1A,2026-03-13,【女流66直播回放20260313】 燕云皇宫更新啦(弹幕版),YJJ和女流66的录像小屋,227:52,女流 直播|女流 回放|女流录像小屋
BV1XFcDzEEgH,2026-03-13,【女流】66问炮炮“女流66的梦是谁”，YJJ问老飞宇“为什么ID后面要带个66”~td,账号已注销,1:36,女流 直播
BV1jRcSzXE13,2026-03-13,【弹幕版】【燕云皇宫更新啦】【2026-03-13】【女流66】,直播回放巴拉蹦吧,228:40,女流 直播|女流 回放|女流 2026
BV1PqcSzNExE,2026-03-13,【女流66直播回放20260313】 燕云皇宫更新啦 (纯净版),YJJ和女流66的录像小屋,227:52,女流 直播|女流 回放|女流录像小屋
BV1ekcDzSEuy,2026-03-13,女流66_体验鸣潮2.5剧情[2026-03-08 18-45-36],沧溟行客_,217:10,女流 直播|女流 2026
BV1ekcDzSEFJ,2026-03-13,女流66_玩《生灵重塑》_2026年02月13号-14号合集_4K,沧溟行客_,152:39,女流 直播|女流 2026
BV1xrckzEESv,2026-03-12,女流66姐:过完年带朵朵回来打疫苗，爹妈知道后嗷嗷哭啊!,账号已注销,3:48,石大壮 女流
BV1E9c6zaE5L,2026-03-12,女流66姐:GTA的话，咱这大概率是播不了的!,账号已注销,2:34,石大壮 女流
BV1S4cBzGEXj,2026-03-12,《影之刃·零》播不播?姐姐:那是游戏圈的盛宴，都得播!,账号已注销,3:13,石大壮 女流
BV18ScXzXE4m,2026-03-10,桃子看由师傅（sdz）主演的肾在囧途【小小桃纸哟】,嗤纸条,35:15,女流 直播|女流录像小屋
BV1MgNFz5EqG,2026-03-10,66姐谈来抖之后被封的几次，真是可恶啊!,账号已注销,4:32,石大壮 女流
BV1QBPdzBEQ5,2026-03-10,壮壮睡塌惨被扔出家门，以后只能打地铺了，哈哈!,账号已注销,1:40,石大壮 女流
BV1wQPQz5EXg,2026-03-09,【女流66】影之刃零肯定要播，出的那天会复刻黑神话悟空盛况吗？GTA6大概率播不了，你们觉得呢,不懒bot,5:44,女流 切片
BV1BcPXzTE7A,2026-03-09,66姐:过年期间真是疲惫并幸福，但感觉整个人都是飘的，每天只能睡3.4个小时!,账号已注销,3:9,石大壮 女流
BV17jPSz8E4B,2026-03-09,【女流66】带朵朵回北京打疫苗，姥姥姥爷想你，给朵朵置办了爬爬垫，把壮壮的榻换了,不懒bot,6:1,石大壮 女流
BV12rPSzGEPR,2026-03-09,66姐:啥招对炮炮都没用，感觉只有把他给扔到防空洞里说是，哈哈!,账号已注销,3:24,石大壮 女流
BV1ACPmzPELa,2026-03-09,【女流66】给朵朵弄了个爬爬垫，掐指一算把沙发扔了！家里已无壮壮容身之地，他来北京就要打地铺了！~,服部平次,3:43,石大壮 女流
BV11pNVzkEaz,2026-03-09,【女流66】《鸣潮》2.5版本，弗洛洛主线剧情高能到结尾部分，从无法反驳到我不得劲了..,不懒bot,33:53,女流 切片
BV1ACNGzgEUk,2026-03-08,不得劲。女流66鸣潮2.5剧情,理解与喇叭,41:45,女流 直播
BV1syNGzzEPe,2026-03-08,这...这我没法反驳啊！这个幽怨的小眼神！女流66过鸣潮2.5弗洛洛主线,再探再报中的安可酱,20:46,女流 切片
BV1f9NGzaELQ,2026-03-08,感觉做梦都是彼岸花！女流66过鸣潮2.5弗洛洛主线剧情：做得好棒，有点出不来的感觉！库洛就是有这个能力把聚光灯放在一个人身上的时候让你爱上她,切离,30:33,女流 切片
BV1n9NGzYEPm,2026-03-08,女流66鸣潮2.5主线剧情切片“库洛就是有这样的能力，把聚光灯放到一个人身上的时候就能让你爱上她”,网友立顺希゜,46:9,女流 切片
BV1FDNGzvEs6,2026-03-08,「女流66」3.1肯定是要播的，女流姐聊后面的鸣潮直播计划,TM想不出好ID,3:34,女流 直播
BV18eNGzjEgk,2026-03-08,【女流66】《鸣潮》体验2.5版本「生命不灭的轻歌」弗洛洛 主线剧情 全程直播录像弹幕版,不懒bot,216:30,女流 直播
BV1QhNGzEEFg,2026-03-08,女流66过鸣潮2.5二人转抢宝石片段：“我不得劲！”😭,可儿那由绯,2:15,女流 直播
BV1srNGzrE8Z,2026-03-08,女流直播鸣潮2.5剧情,死亡-咫恋,2:8,女流 直播
BV1NrNGzrEfz,2026-03-08,『女流66』过鸣潮2.5高潮片段 我心里不得劲了呀,尤诺Unove,9:20,女流 直播
BV14qNGz5EhK,2026-03-08,女流66看鸣潮2.5高潮剧情，这段顶级智斗写得真好！,游戏大志哥,4:33,女流 直播|女流 切片
BV1WcNgzcEbm,2026-03-08,清华才女的认可😱女流66称赞鸣潮2.5剧情文案非常有震撼感！就听这句话浑身鸡皮疙瘩就起来了！很有意境,Er汐汐脑公罢,1:44,女流 直播
BV1bSNuzBEnw,2026-03-08,【女流66】体验《鸣潮》2.5版本「生命不灭的轻歌」弗洛洛剧情，03.08直播录像弹幕版~,服部平次,216:25,女流 直播
BV1UUNuzuEzo,2026-03-08,【女流66】带朵朵回家 爸妈呜呜哭 66：朵朵坐高铁懂事的让人心疼了,女流录像小屋,3:58,女流录像小屋
BV182Nuz6ENA,2026-03-08,【女流66】影之刃零能复刻黑神话的盛况吗 66讲述直播被封趣事,女流录像小屋,4:27,女流 直播|女流录像小屋
BV157NgzJEi2,2026-03-08,【女流66直播回放20260308】 体验鸣潮2.5剧情(弹幕版),YJJ和女流66的录像小屋,216:12,女流 直播|女流 回放|女流录像小屋
BV1YnNgz7ExG,2026-03-08,【女流66】今天播鸣潮2.5 66：后悔没给大家播2.4 自己偷偷玩了,女流录像小屋,4:20,女流录像小屋
BV1VHNgz2Ej5,2026-03-08,【女流66】【2026-03-08 】《体验鸣潮2.5剧情》,bobi华,217:0,女流 直播|女流 2026
BV1VHNgz2EVL,2026-03-08,【弹幕版】【体验鸣潮2.5剧情】【2026-03-08】【女流66】,直播回放巴拉蹦吧,217:4,女流 直播|女流 回放|女流 2026
BV1g4NgzVEtG,2026-03-08,【女流66】喂孩子的什么感觉 66：感觉像在被抽血,女流录像小屋,3:35,女流录像小屋
BV1YHNgz2EtD,2026-03-08,【女流66】聊炮炮直播间隔音 搞了很多隔音也没用！本打算出去租房，但炮炮退缩了,恶龙炮OvO,2:10,女流 直播
BV1JKNgzoEer,2026-03-08,【纯净版】【体验鸣潮2.5剧情】【2026-03-08】【女流66】,直播回放巴拉蹦吧,217:4,女流 直播|女流 回放|女流 2026
BV1nANgzfESM,2026-03-08,【女流66】把壮壮的榻丢了，为朵朵的爬爬垫腾位置   朵朵回北京让姥姥姥爷泪奔 小孩懂事的让人心疼~,恶龙炮OvO,5:15,石大壮 女流
BV1kNNgztEc2,2026-03-08,【女流66】今天播鸣潮2.5版本，很后悔没直播玩2.4版本，要是直播就可以跟大家讨论，2.4剧情真不错,不懒bot,5:30,女流 直播
BV1f3NgzWE7L,2026-03-08,单机一姐顶级理解！女流66鸣潮2.5初见弗洛洛就感觉她有一丝别样的情愫！是我想多了吗？并且称赞蜜芽是真正的勇士,Er汐汐脑公罢,2:18,女流 直播
BV1H1NgzcEZw,2026-03-08,女流66鸣潮试玩嘉贝莉娜,星月夜nl,1:32,女流 直播
BV1N6NgzeEFp,2026-03-08,女流66鸣潮试玩陆，他有点帅，还有点装,星月夜nl,2:15,女流 直播
BV1mvPLzEE2c,2026-03-02,【壮壮】眉笔上线！石大壮怒充3个1200，抽燕云十六声新外观「龙腾岁宴」，我不是运气最差的人！~,服部平次,36:57,石大壮 女流
BV1x7PjzDESp,2026-03-02,3dm总监：突发下播，直播没法说的事！,监学家,1:45,女流 直播
BV1ZZAazCEw7,2026-03-02,【弹幕版】【生化危机9最高画质首播】【2026-02-28】【女流66】,直播回放巴拉蹦吧,218:43,女流 直播|女流 回放|女流 2026
BV1GaPMzME3b,2026-03-01,【女流66】讲述3a大作中配的问题以及中配的好处 大家要多习惯中配,女流录像小屋,6:13,女流录像小屋
BV1GqABzpETg,2026-03-01,【女流66】玩生化危机9 一个地方摔倒五次 66：我要验牌！,女流录像小屋,10:41,女流录像小屋
BV1nnABzPEHD,2026-03-01,【女流66】直播朵朵哭闹  66 中断直播去哄娃,女流录像小屋,4:53,女流 直播|女流录像小屋
BV17sABzhEhA,2026-03-01,姐姐:很多人反应被我踢出直播间，我也很纳闷!我哪有时间操作，啥情况？,账号已注销,1:34,女流 直播|石大壮 女流
BV1u2ABzjEHM,2026-03-01,66姐带娃，情绪被牵着走，真的很焦虑!,账号已注销,1:27,石大壮 女流
BV1wZAizcEH6,2026-03-01,女流66生化危机9高画质首播[2026-02-28 18-16-20],沧溟行客_,277:47,女流 直播|女流 2026
BV1TrAezPEcf,2026-02-28,【女流66】通关生化危机9  66：完结撒花  很满意这个结局,女流录像小屋,18:5,女流录像小屋
BV1P1AezhE9S,2026-02-28,【女流66】直播《生化危机9 安魂曲》 高能/搞笑 合集 day2,女流录像小屋,50:27,女流 直播|女流录像小屋
BV1ghAazAE8k,2026-02-28,【女流66】《生化危机9：安魂曲》Day3大结局，生存恐怖动作冒险游戏，02.28直播录像弹幕版~,服部平次,278:36,女流 直播
BV1foAaz5Ewz,2026-02-28,【女流66】通关完结《生化危机9：安魂曲》Day3初见体验中文配音 生存恐怖动作冒险游戏 完整直播录像弹幕版,不懒bot,278:52,女流 直播
BV14BAaztEUv,2026-02-28,【纯净版】【生化危机9最高画质首播】【2026-02-28】【女流66】,直播回放巴拉蹦吧,278:44,女流 直播|女流 回放|女流 2026
BV14zAazoEME,2026-02-28,【女流66直播回放20260228】 生化危机9最高画质首播(弹幕版),YJJ和女流66的录像小屋,278:41,女流 直播|女流 回放|女流录像小屋
BV1UvAaz8EoC,2026-02-28,【女流66】【2026-02-28 晚上】《生化危机9最高画质首播3》,bobi华,279:3,女流 直播|女流 2026
BV1KrAazxEMp,2026-02-28,【女流66直播回放20260228】 生化危机9最高画质首播 (纯净版),YJJ和女流66的录像小屋,278:41,女流 直播|女流 回放|女流录像小屋
BV1E3A8zuEm2,2026-02-28,【壮壮】不得不品！石大壮重返浣熊市，遇到天敌蜘蛛吓到变异，夺门而出召唤姐夫代打，我卡普空一生黑！~,服部平次,21:42,石大壮 女流
BV1dfA8zNE8c,2026-02-28,女流66生化危机9高画质首播[2026-02-27 20-33-07],沧溟行客_,156:56,女流 直播|女流 2026
BV1nPAtzNE5o,2026-02-28,女流66生化危机9高画质首播[2026-02-27 13-01-59],沧溟行客_,209:42,女流 直播|女流 2026
BV1o8AQzeEaG,2026-02-28,【弹幕版】【生化危机9最高画质首播】【2026-02-27】【女流66】,直播回放巴拉蹦吧,91:6,女流 直播|女流 回放|女流 2026
BV1FAADzNEGF,2026-02-28,【女流66】直播《生化危机9 安魂曲》 高能/搞笑 合集 day1,女流录像小屋,32:31,女流 直播|女流录像小屋
BV12aADz5EJg,2026-02-27,【女流66】炮炮和66玩生化危机9 炮炮：我这已经很厉害了吧 66：嗯嗯你最棒了,女流录像小屋,7:21,女流录像小屋
BV1WBADzgEx5,2026-02-27,【女流66】【2026-02-27 晚上】《生化危机9最高画质首播2》,bobi华,211:14,女流 直播|女流 2026
BV1eRAUzDE6S,2026-02-27,【女流66】【2026-02-27中午】《生化危机9最高画质首播2》,bobi华,209:38,女流 直播|女流 2026
BV19iASzXEfD,2026-02-27,【壮壮】人类驯服电锯珍贵影像，石大壮玩生化危机9，被电锯疯狂追杀，兄弟你不讲武德！~,服部平次,5:31,石大壮 女流
BV1o8ASzdEJ4,2026-02-27,【女流66】《生化危机9：安魂曲》Day2探索，生存恐怖动作冒险游戏，02.27直播录像弹幕版~,服部平次,420:2,女流 直播
BV1jaASzxE8b,2026-02-27,【女流66】《生化危机9：安魂曲》Day2初见体验中文配音 生存恐怖动作冒险游戏 完整直播录像,不懒bot,420:27,女流 直播
BV19DA2z1EVX,2026-02-27,【弹幕版】【生化危机9最高画质首播】【2026-02-27】【女流66】,直播回放巴拉蹦吧,329:36,女流 直播|女流 回放|女流 2026
BV15mA2zmExK,2026-02-27,【女流66直播回放20260227】 生化危机9最高画质首播(弹幕版),YJJ和女流66的录像小屋,420:57,女流 直播|女流 回放|女流录像小屋
BV1naA2zZESw,2026-02-27,【纯净版】【生化危机9最高画质首播】【2026-02-27】【女流66】,直播回放巴拉蹦吧,420:42,女流 直播|女流 回放|女流 2026
BV1W8A2zFEwx,2026-02-27,【女流66直播回放20260227】 生化危机9最高画质首播 (纯净版),YJJ和女流66的录像小屋,420:57,女流 直播|女流 回放|女流录像小屋
BV1LCAyzkEdy,2026-02-27,女流66生化危机9高画质首播[2026-02-26 19-07-00],沧溟行客_,240:6,女流 直播|女流 2026
BV1JYAyzJErV,2026-02-27,【女流66】《生化危机9 安魂曲》最高画质首发直播录像,女流66,943:12,女流 直播
BV1nxAkzjEx1,2026-02-26,【弹幕版】【生化危机9最高画质首播】【2026-02-26】【女流66】,直播回放巴拉蹦吧,244:4,女流 直播|女流 回放|女流 2026
BV1n4Akz1EeE,2026-02-26,【女流66】66姐2026年首播生化危机9 66：怕被封可是做足了准备啊,女流录像小屋,2:57,女流 2026|女流录像小屋
BV1bXAkzZEn8,2026-02-26,【女流66】《生化危机9：安魂曲》首发体验，生存恐怖动作冒险游戏，02.26直播录像弹幕版~,服部平次,244:13,女流 直播
BV13DAkzFEP5,2026-02-26,【纯净版】【生化危机9最高画质首播】【2026-02-26】【女流66】,直播回放巴拉蹦吧,244:4,女流 直播|女流 回放|女流 2026
BV1hDAkzFEpW,2026-02-26,【女流66】《生化危机9：安魂曲》Day1初见体验中文配音 生存恐怖动作冒险游戏 完整直播录像,不懒bot,243:37,女流 直播
BV1xVA6z2ENU,2026-02-26,【女流66直播回放20260226】 生化危机9最高画质首播(弹幕版),YJJ和女流66的录像小屋,243:53,女流 直播|女流 回放|女流录像小屋
BV1PEA6z5EJB,2026-02-26,【女流66】【2026-02-26】《生化危机9最高画质首播》,bobi华,244:1,女流 直播|女流 2026
BV1pJA6zkEzw,2026-02-26,【女流66直播回放20260226】 生化危机9最高画质首播 (纯净版),YJJ和女流66的录像小屋,243:53,女流 直播|女流 回放|女流录像小屋
BV1wEfeBLE2Y,2026-02-26,壮壮:这次过年回家，被70多岁的老舅爷拉着手语重心长的说:我记得你以前喜欢女孩子的呀!,账号已注销,3:14,石大壮 女流
BV1VsfzB1Es3,2026-02-24,各大主播看中渡桥结尾全是刀集体泪目哭惨：真的太痛了！,主播圈内事,19:40,女流 直播
BV1m5fBBYEi3,2026-02-24,【壮壮】炮炮在宁城直播火了，五六十岁的大姨都看他玩三角洲：你姐夫精神状态有点不稳定，拎把枪左打右打，一会吱哇乱叫的，突然间吓我一跳！~,服部平次,10:31,女流 直播|石大壮 女流
BV1Q2fBBrEfk,2026-02-23,【壮壮】过年参加家庭聚会，老舅爷语重心长握着我的手：壮啊，男人一定要有个家，我记得你小时候，是喜欢女孩的？！~,服部平次,6:41,石大壮 女流
BV1akfiBiE2Y,2026-02-23,第一届ZL女流杯樱花位胜者组决赛,浙南立联ZLeague,209:18,女流 直播
BV1mLZaByEGT,2026-02-19,弹幕:蓝衣服的是姐姐儿子吗？何意味啊？,账号已注销,2:24,石大壮 女流
BV1HPZhBPEcH,2026-02-19,菠：这个尹汇川到底啥意思啊？合意味啊？,中山桥大霸,2:21,石大壮 女流
BV1MuZXBgE2b,2026-02-18,66姐:情人节和我们是没关系了，壮壮:和你确实没啥关系了!,账号已注销,2:38,石大壮 女流
BV1ykZyByED8,2026-02-17,轰轰仔看姐姐直播，姐姐:你男朋友来了，壮壮!,账号已注销,4:13,女流 直播|石大壮 女流
BV1kCZkBKE1u,2026-02-17,【壮壮】初七去绵阳！C哥说话语气怪怪的：你一定要来哦，我已经跟我爹说好了，我爹可开心！怎么有种领对象回家的感觉？~,服部平次,8:6,石大壮 女流
BV1YPZCBQEJz,2026-02-17,【壮壮】德华上线！过年帮姐姐带娃，朵朵前一秒特别开心，盯着我瞅了三秒就开始哭，突然想去整容了！~,服部平次,5:40,石大壮 女流
BV1xGZTB6E7g,2026-02-16,【女流66】炮炮式抖音带货牛肉干，话术：我说实话，真好吃，直播间买鼠标垫送给男朋友,不懒bot,7:54,女流 直播|女流 抖音|石大壮 女流
BV1KXZTBVEgj,2026-02-16,成功加上小米手机部总经理，能搞台su7吗？哈哈！,中山桥大霸,2:50,石大壮 女流
BV1p5ZNBhEze,2026-02-16,66姐和壮壮达成共识:泡泡羞耻心太重，太害羞了!,账号已注销,4:8,石大壮 女流
BV193ZPBCEAH,2026-02-16,66姐:你们知道炮炮是咋带货的吗？就离谱!,账号已注销,3:40,石大壮 女流
BV18zZtBkEyf,2026-02-15,菠神谈以前和拉拉（那时候还不知道）一起睡觉，晚上被偷摸！,中山桥大霸,1:55,石大壮 女流
BV1E6ZsBLEcu,2026-02-15,菠神去英国旅游，没想到啊，打车20公里花了800块啊！,中山桥大霸,3:58,石大壮 女流
BV1C9ZxBsErq,2026-02-15,【女流66】一起玩恐怖游戏，从空巢老人变香饽饽，炮炮壮壮修罗场现场,不懒bot,6:32,石大壮 女流
BV1sNZWBnE9j,2026-02-15,从孤寡老姐变成修罗场!姐姐:怎会如此？,账号已注销,5:5,石大壮 女流
BV12iZHBnEbB,2026-02-15,姐姐:有同城代打的吗？要被气死了，给我办了YJJ!,账号已注销,2:26,石大壮 女流
BV1VeZjB7EYn,2026-02-14,菠神：为啥电脑放那几天不用，就会一堆毛病啊？,中山桥大霸,1:10,石大壮 女流
BV1rrZ7BhERx,2026-02-14,【女流66】何意味是什么意思？还有人说让德华帮我带朵朵！怎么一提德华，壮壮就坏肚子了？！~,服部平次,5:14,石大壮 女流
BV1bxZ7BrEgj,2026-02-14,没人陪66姐玩游戏?姐姐:给炮炮和壮壮打电话看能不能有奇迹!,账号已注销,3:15,石大壮 女流
BV1VoZ7BnELw,2026-02-14,【女流66】情人节和我们有啥关系 66询问新梗含义,女流录像小屋,3:32,女流录像小屋
BV1EyZ7BbETd,2026-02-14,【女流66】66和壮壮讨论炮炮直播带货  带货鬼才yjj,女流录像小屋,7:34,女流 直播|女流录像小屋
BV1o9Z7BpEFE,2026-02-14,快给66姐推荐点哄睡小技巧，遭不住了要!,账号已注销,2:37,石大壮 女流
BV16oZ5BXE1q,2026-02-14,【女流66】炮炮带货牛肉干，拿出来就开吃，我说实话真好吃！兄弟们今天是情人节，快买一款鼠标垫，送给你的男朋友！~,服部平次,11:12,石大壮 女流
BV1TsZLBvEdJ,2026-02-14,【女流66】《生灵重塑REANIMAL》壮壮炮炮一家人体验惊险之旅Day2 双人合作恐怖游戏 小小梦魇团队 完整直播录像,不懒bot,165:26,女流 直播
BV1bWZLBNEuc,2026-02-14,【女流66直播回放20260214】 小小梦魇工作室新游戏《生灵重塑》(弹幕版),YJJ和女流66的录像小屋,165:11,女流 直播|女流 回放|女流录像小屋
BV1VdZLBVEcA,2026-02-14,【女流66】【2026-02-14】《生灵重塑》,bobi华,166:1,女流 直播|女流 2026
BV13dZLBVEDp,2026-02-14,【女流66】炮炮 壮壮齐聚66直播间 66：从孤寡老人变成香饽饽,女流录像小屋,8:13,女流 直播|女流录像小屋
BV13oZLBkEyz,2026-02-14,【弹幕版】【小小梦魇工作室新游戏《生灵重塑》】【2026-02-14】【女流66】,直播回放巴拉蹦吧,165:56,女流 直播|女流 回放|女流 2026
BV1V9ZLByESn,2026-02-14,【女流66直播回放20260214】 小小梦魇工作室新游戏《生灵重塑》 (纯净版),YJJ和女流66的录像小屋,165:11,女流 直播|女流 回放|女流录像小屋
BV1tAZjBBEJa,2026-02-14,【纯净版】【小小梦魇工作室新游戏《生灵重塑》】【2026-02-14】【女流66】,直播回放巴拉蹦吧,165:56,女流 直播|女流 回放|女流 2026
BV1jyZLBDEbg,2026-02-14,【女流66】月嫂回家过年，66独自哄孩日常 66：燃尽了,女流录像小屋,4:27,女流录像小屋
BV1kacpzXEB1,2026-02-14,66姐:现在全职带娃，一天只能睡4个小时!,账号已注销,2:40,石大壮 女流
BV1xTcWzfE79,2026-02-14,【女流66】壮壮换了发型变帅好多？姐姐你这手柄都爆浆啦！壮壮拿来自己的手柄一看，姐弟俩一个样，就这好意思说我？！~,服部平次,1:48,石大壮 女流
BV1vhcWzVEbh,2026-02-14,女流66理解的人征服自然#鳌太线#朵朵#女流66#哄睡,z石大壮z,1:27,女流 直播
BV1HEcWzHEPK,2026-02-14,【女流66】和壮壮炮炮一起玩《生灵重塑REANIMAL》，小小梦魇团队新作，双人恐怖游戏，惊险求生逃离黑暗岛屿！~,服部平次,318:11,石大壮 女流
BV1J3cJz6Ebm,2026-02-14,【弹幕版】【女流66正在直播】【2026-02-13】【女流66】,直播回放巴拉蹦吧,153:39,女流 直播|女流 回放|女流 2026
BV1i7cJziEEJ,2026-02-14,【女流66】《Reanimal生灵重塑》全程直播录像,女流66,257:22,女流 直播
BV1P1cJz7EAt,2026-02-14,【女流66】直播间上演大型修罗场，从空巢老人变成香饽饽，要么都不来，一来就来俩！壮壮炮炮：咱俩石头剪刀布，赢的跟姐姐玩！~,服部平次,10:6,女流 直播|石大壮 女流
BV1ficnzGE9T,2026-02-14,【女流66】《生灵重塑REANIMAL》壮壮炮炮一家人体验惊险之旅Day1 双人合作恐怖游戏 小小梦魇团队 完整直播录像,不懒bot,152:1,女流 直播
BV1e2cnzvEUn,2026-02-14,【女流66直播回放20260213】 小小梦魇工作室新游戏《生灵重塑》(弹幕版),YJJ和女流66的录像小屋,152:29,女流 直播|女流 回放|女流录像小屋
BV1xWcnzHET2,2026-02-13,【女流66直播回放20260213】 小小梦魇工作室新游戏《生灵重塑》 (纯净版),YJJ和女流66的录像小屋,152:29,女流 直播|女流 回放|女流录像小屋
BV16ecnzCEUP,2026-02-13,【纯净版】【女流66正在直播】【2026-02-13】【女流66】,直播回放巴拉蹦吧,153:39,女流 直播|女流 回放|女流 2026
BV1k8cnzjEo3,2026-02-13,【女流66】【2026-02-13】[ 小小梦魇工作室新游戏《生灵重塑》],bobi华,152:15,女流 直播|女流 2026
BV14gcjzyEbp,2026-02-13,轰子去老马家直播，老马：你干脆就住下！,中山桥大霸,1:4,女流 直播|石大壮 女流
BV1nfcGzsERC,2026-02-13,姐姐:即使就差个2.300公里，地方风情也不一样，真是一步一景!,账号已注销,2:12,石大壮 女流
BV17scGzUEUX,2026-02-13,【OldSao】老骚严肃观看松伦接受女流66专访切片,网友立顺希゜,12:20,女流 切片
BV1HEcqzfEBQ,2026-02-12,【女流66】66边讲解中渡桥之战历史 边看燕云中渡桥剧情  66：后劲太大了！,女流录像小屋,28:48,女流录像小屋
BV1Qzcqz5ErD,2026-02-12,【女流66】66过燕云中渡桥战斗，壮壮音频突然出现 66：壮壮你也在中渡桥吗,女流录像小屋,1:57,女流录像小屋
BV1nHcqzoEpZ,2026-02-12,老骚看专访李松伦！《谢谢你玩我的游戏》对鸣潮玩家想说的话、鸣潮与虚幻引擎、松伦喜欢的游戏类型、什么是好玩的游戏？,游戏大志哥,12:12,女流 直播
BV1G9cezMEbi,2026-02-12,66姐:我觉得炮炮是个很成功的游戏主播!,账号已注销,2:46,石大壮 女流
BV1iHcYz3EeQ,2026-02-12,【女流series】不爱三色的神秘三色女部分和牌片段|女流series2026第4节,CitalopramL_,3:8,女流 2026
BV1BFcez5EiQ,2026-02-12,朵朵开始认生了，看见不熟的人就会哭，看见炮炮也哭!,账号已注销,1:28,石大壮 女流
BV1BfchzTEWZ,2026-02-12,66姐直言:现在根本没有自己的时间，甚至过年都没时间买衣服!,账号已注销,1:34,石大壮 女流
BV1RKcazaE3C,2026-02-12,炮神懂点事奥，多陪陪姐姐奥!,账号已注销,2:33,石大壮 女流
BV1igcsz2EEU,2026-02-11,66姐:看着奶奶抱着朵朵，都哭了!准备多记录一点视频!,账号已注销,1:55,石大壮 女流
BV1cMFoz5EnW,2026-02-11,从英国成功回家，菠菠:甚至想出一个防骗的视频!,中山桥大霸,2:31,石大壮 女流
BV1DwF9zDER4,2026-02-11,【壮壮】过小年去奶奶家，豆豆神秘兮兮把我拉进屋里：哥我明日方舟攒了50抽，你帮我抽一下子，我运气太差了！~,服部平次,9:53,石大壮 女流
BV1N5F9zCEn4,2026-02-10,【壮壮】看《黑神话：钟馗》新年实机短片，舌尖上的地府看馋了,旧炉新火,8:10,石大壮 女流
BV16qFDzFErr,2026-02-10,【女流66】66看鸣潮2.2剧情，和前面的剧情不太一样，意犹未尽,女流录像小屋,34:41,女流录像小屋
BV1i2FUzjErH,2026-02-10,女流：松伦极具感染力和热情让我玩3.1！特别眼睛发光！还是慢慢按节奏来~女流过2.2卡提希娅主线,再探再报中的安可酱,25:17,女流 切片
BV1HLFSzxEYP,2026-02-10,66姐看《黑神话·钟馗》实机演示，实则拜年视频!,账号已注销,10:0,石大壮 女流
BV1c5FmzJE3A,2026-02-10,姐姐:过年期间能不能把炮炮三角洲账号封了？整天打那个破三角洲!,账号已注销,2:6,石大壮 女流
BV1DLFUziEsi,2026-02-10,66姐:为什么电脑放在这啥也不动就会坏啊？,账号已注销,1:23,石大壮 女流
BV1a2FyzfEHR,2026-02-10,【女流66】巧了！刚回内蒙壮壮就感冒了，反侦查意识拉满！期待我玩鸣潮3.1，我们按顺序来吧，播完2.2下一个想看什么？！~,服部平次,5:9,石大壮 女流
BV1pPF1z7Ehi,2026-02-10,女流66看鸣潮2.2剧情盛赞坎特雷拉：绝世的好女人！我为她代言！,米其林零星餐厅,35:7,女流 直播
BV16MF1zyEQM,2026-02-09,鸣潮玩家特有的忘本，女流66看鸣潮2.2剧情杂谈：见一个爱一个怎么办,米其林零星餐厅,8:15,女流 直播
BV1ZBcuz3EdH,2026-02-09,【女流66】小小梦魇新作，该找壮壮还是炮炮？姐弟比较搞笑炮神比较好笑，分析炮炮自身节目效果,不懒bot,3:41,石大壮 女流
BV1AxcuznEC5,2026-02-09,【女流66】66再现名场面 你这背景是虚拟的吧！,女流录像小屋,1:52,女流 直播|女流录像小屋
BV1w4cuzSE7m,2026-02-09,【女流66】66和谁一起玩呢？ 弹幕：姐弟搞笑 炮炮好笑  66分析炮炮节目效果,女流录像小屋,3:50,女流录像小屋
BV12fcuzoEd9,2026-02-09,【女流66】朵朵看他爸会哭 66：过年期间看他表现，不然就酝酿一场大战,女流录像小屋,1:50,女流录像小屋
BV11PcgzWE5i,2026-02-09,【女流66】《燕云十六声》不见山镇守·滹沱河 中渡桥之战 完整直播录像,不懒bot,290:48,女流 直播
BV19xcgzuEif,2026-02-09,【女流66直播回放20260209】 燕云中渡桥剧情来了(弹幕版),YJJ和女流66的录像小屋,59:55,女流 直播|女流 回放|女流录像小屋
BV1z5cgz2ECD,2026-02-09,【女流66直播回放20260209】 燕云中渡桥剧情来了 (纯净版),YJJ和女流66的录像小屋,59:54,女流 直播|女流 回放|女流录像小屋
BV1V8cgzqEqk,2026-02-09,【弹幕版】【燕云中渡桥剧情来了】【2026-02-09】【女流66】,直播回放巴拉蹦吧,162:26,女流 直播|女流 回放|女流 2026
BV1rVcgz7EFu,2026-02-09,【女流66】新出了双人游戏，找炮炮玩还是找壮壮玩？弹幕：姐弟比较搞笑，炮神比较好笑！太有才了上房管！~,服部平次,6:18,石大壮 女流
BV1BJcgzVEXJ,2026-02-09,【女流66】【2026-02-09】[ 燕云中渡桥剧情来了],bobi华,162:1,女流 直播|女流 2026
BV1qJcgzVEfc,2026-02-09,【纯净版】【燕云中渡桥剧情来了】【2026-02-09】【女流66】,直播回放巴拉蹦吧,162:26,女流 直播|女流 回放|女流 2026
BV1fZcgz7EaM,2026-02-09,不是，你停播的时候都在干啥啊？还是被夺舍了？,中山桥大霸,5:26,石大壮 女流
BV1PAcMz7EWz,2026-02-09,66姐：最近吃那么多甜食，没胖，还掉了十几斤!,账号已注销,2:29,石大壮 女流
BV1VCcTzcELh,2026-02-09,轰轰仔把玩马哥的小肚腩！,中山桥大霸,1:35,石大壮 女流
BV1jpccznESJ,2026-02-09,女流66_体验鸣潮2_2主线剧情_2026-02-07_18-34-00,笨蛋雪人像素头,231:13,女流 抖音|女流 2026
BV1a5cwzyEhf,2026-02-08,马老师经常来杭州？轰轰：不如直接在杭州买房！我还能去住！,中山桥大霸,1:44,女流 直播|石大壮 女流
BV1UpcwzuEiE,2026-02-08,阿猪：不好意思和开开合照，还是请马老师去说的！,中山桥大霸,1:33,石大壮 女流
BV1P1FfzoE14,2026-02-08,看到姐姐哄泡泡，真是可恶啊!,账号已注销,3:6,石大壮 女流
BV1YgcFzzEDg,2026-02-08,不能让泡泡教孩子?姐姐:那每个人看问题的角度都是不一样的!,账号已注销,1:7,石大壮 女流
BV1V2FZzTEyA,2026-02-08,66姐:准备回家过年了，要all in 在小孩身上了!,账号已注销,8:52,石大壮 女流
BV1HaFxz4EQK,2026-02-08,猴：我怎么招进来个女流氓啊【魈格*nako】,发光炫彩大米饭nya_,5:5,女流 直播|女流 切片
BV1kUFszdERG,2026-02-08,【女流66】《鸣潮》体验2.2版本「真伪倒悬于高塔」黎那汐塔主线剧情 全程直播录像,不懒bot,231:9,女流 直播
BV1CbFxzbEGP,2026-02-08,【女流66】【2026-02-07】[ 体验鸣潮2.2主线剧情],bobi华,231:47,女流 直播|女流 2026
BV1GDFxz5E5x,2026-02-07,【女流66】为了给大家播鸣潮2.2疯狂过主线 66：好多问题都没明白呢,女流录像小屋,4:6,女流录像小屋
BV1MoFxzgECB,2026-02-07,【女流66】66抽鸣潮角色小爱 66：话筒起来！ 这也太可爱了吧 我的宝~,女流录像小屋,18:3,女流录像小屋
BV1ZJF4zWEa2,2026-02-07,【女流66】66谈鸣潮最喜欢的角色 66：目前排第一的是今夕，总是能想到朵朵,女流录像小屋,2:17,女流录像小屋
BV1pTF4zYE9f,2026-02-07,单机一姐“女流66”过鸣潮2.2结尾高潮顶级演出！称赞这演出做的真可以！战斗简直酣畅淋漓！,Er汐汐脑公罢,6:26,女流 直播
BV1NAF4zKEXn,2026-02-07,直播再出新规！主播生存越来越难！,中山桥大霸,3:33,女流 直播|女流 2026|石大壮 女流
BV1rtFWzHEn7,2026-02-07,刁德一也走了，老板：海鲜就剩你们几个了！,中山桥大霸,2:23,石大壮 女流
BV1TLFWzhEBr,2026-02-07,不愧是轰轰哥哥，去杭州玩真给兄弟们点模子啊！,中山桥大霸,2:0,石大壮 女流
BV13mFWzBE6D,2026-02-07,【女流66直播回放20260207】 体验鸣潮2.2主线剧情 (纯净版),YJJ和女流66的录像小屋,231:6,女流 直播|女流 回放|女流录像小屋
BV1moFWzaEt8,2026-02-07,【弹幕版】【体验鸣潮2.2主线剧情】【2026-02-07】【女流66】,直播回放巴拉蹦吧,231:0,女流 直播|女流 回放|女流 2026
BV1TdFWzAE86,2026-02-07,【纯净版】【体验鸣潮2.2主线剧情】【2026-02-07】【女流66】,直播回放巴拉蹦吧,231:0,女流 直播|女流 回放|女流 2026
BV15pFszyEh1,2026-02-07,悲鸣预警！“女流66”称赞鸣潮剧情：被今汐的坚强所深深触动！总会联想到自己的孩子😭母爱伟大但3.1有福了,Er汐汐脑公罢,4:18,女流 直播
BV1AfFHzpE2u,2026-02-07,【女流66】66遭弹幕激将法逐渐上头抽出燕云新皮肤，这弹幕是托吧！,女流录像小屋,41:52,女流录像小屋
BV1UhFpz8EaB,2026-02-07,【女流66】弹幕问起生完孩子炮炮的变化，66：让我好好想想啊，买了加湿器和摄像头,女流录像小屋,1:11,女流录像小屋
BV1MYFpzFEbD,2026-02-07,【女流66】66经历产后脱发期，66：这都是要经历的，早就做好心理准备了,女流录像小屋,2:14,女流录像小屋
BV1UaFpzfEpm,2026-02-07,66姐:剪了3天的视频不推流，原因太复杂了说是!,账号已注销,2:34,石大壮 女流
BV11dFJz2EVG,2026-02-07,姐姐:对当时播《黑神话》给我直播间掐掉这件事真是怨念深刻啊!,账号已注销,1:31,女流 直播|石大壮 女流
BV136FJzoETL,2026-02-07,【女流66】66玩《仁王3》挑战第一个boss，打完就去喂娃了,女流录像小屋,10:28,女流 直播|女流录像小屋
BV1YQFjzQEuY,2026-02-07,【女流66】女流试玩仁王3，刚过新手教程就遇剧情杀,女流录像小屋,20:54,女流 直播|女流录像小屋
BV1xTF7zrEVy,2026-02-07,【女流66】水友私信想看66玩鸣潮，66：那7号晚上给大家播下鸣潮2.2的内容,女流录像小屋,1:31,女流录像小屋
BV1KUF7zCE9H,2026-02-07,【女流66】《燕云十六声》探索开封皇宫新地图 聆音龙腾岁宴开抽 璎璎巧计酬恩义【弹幕版】02.06女流完整直播录像,不懒bot,359:20,女流 直播
BV1kEFkzgEM3,2026-02-06,马老师13号抖首播将送7位数的礼品，轰轰：到时候顺一点！哈哈！,中山桥大霸,1:11,女流 2026|石大壮 女流
BV1tmFkzHEvm,2026-02-06,轰轰：马老师13号抖首播，请我去帮忙，我去后面站着！哈哈！,中山桥大霸,2:45,石大壮 女流
BV1pZFkzCEEX,2026-02-06,轰轰仔收到猪哥法拉利，直接出问题？,中山桥大霸,5:17,石大壮 女流
BV1D1FkzQEEE,2026-02-06,【女流66】《仁王3》弹幕版游戏实况流程直播录像合集,不懒bot,128:53,女流 直播
BV1gyFkzWEJb,2026-02-06,布布遭遇洗号，游戏ID还被改成：你的号很美味！,中山桥大霸,3:3,女流 2026|石大壮 女流
BV1ijFCzhEG5,2026-02-06,【女流66】【2026-02-06】[ 更新拉~燕云新地图皇宫],bobi华,180:17,女流 直播|女流 2026
BV13kFkzREGk,2026-02-06,轰轰仔评好车计划，已有7人投资轰轰买菜！,中山桥大霸,3:22,女流 2026|石大壮 女流
BV1szFCz1Es3,2026-02-06,女流66直播录屏,糖荳包,15:49,女流 直播
BV1u4FCz9E9S,2026-02-06,炮炮当爸爸后有啥改变?姐姐:真是问到我了!,账号已注销,2:40,女流 2026|石大壮 女流
BV1LGFrzxENg,2026-02-06,【女流66】《仁王3》游戏实况，暗黑战国动作角色扮演游戏，02.06直播录像弹幕版~,服部平次,129:8,女流 直播
BV1nwFrzAEdH,2026-02-06,【女流66】【2026-02-06】[ 仁王3],bobi华,128:51,女流 直播|女流 2026
BV1wFFrzvE8S,2026-02-06,【女流66】7号直播鸣潮，都推荐2.2版本，昨天提了一下鸣潮，就收到好多私信让我玩玩,不懒bot,1:27,女流 直播
BV1AvFrz6EQv,2026-02-06,【女流66直播回放20260206】 仁王3(弹幕版),YJJ和女流66的录像小屋,308:22,女流 直播|女流 回放|女流录像小屋
BV1HrFrziEYq,2026-02-06,【女流66直播回放20260206】 仁王3 (纯净版),YJJ和女流66的录像小屋,308:22,女流 直播|女流 回放|女流录像小屋
BV1nrFrziEbD,2026-02-06,【弹幕版】【仁王3】【2026-02-06】【女流66】,直播回放巴拉蹦吧,308:16,女流 直播|女流 回放|女流 2026
BV1uxFrz2EHE,2026-02-06,【纯净版】【仁王3】【2026-02-06】【女流66】,直播回放巴拉蹦吧,308:16,女流 直播|女流 回放|女流 2026
BV1a5FzzjELQ,2026-02-06,多久能玩上《黑神话·钟馗》?姐姐:乐观点!,账号已注销,2:13,石大壮 女流
BV1F6FzzbErM,2026-02-06,66姐谈短视频的影响，搞的都没耐心了!,账号已注销,1:54,女流 2026|石大壮 女流
BV1mKF6z6EeR,2026-02-06,【女流66】炮炮做爸爸之后有什么改变？你问到我了！正常喝可乐吃鸭脖穿红秋裤，给朵朵养了好多条鱼！炮炮：我给朵朵买了个戴森球！~,服部平次,5:33,石大壮 女流
BV1vwFqz2Ekj,2026-02-06,【女流66】66被鸣潮制作人邀请试玩3.1版本  66：我还想着好好过剧情呢,女流录像小屋,2:15,女流录像小屋
BV1z3FizDERt,2026-02-06,女流66_和炮炮一起玩合作游戏《乱剪一通》_2026-02-05_18-43-30,笨蛋雪人像素头,108:28,女流 抖音|女流 2026
BV15NFqzyESr,2026-02-06,【女流66】和炮炮壮壮一起玩《乱剪一通》，欢乐混乱理发派对游戏，理发店试营业正式开始！~,服部平次,110:57,石大壮 女流
BV1nTFez2Evp,2026-02-05,【女流66】66和壮壮 炮炮 一家人欢乐游玩理发游戏《乱剪一通》！,女流录像小屋,7:27,女流录像小屋
BV1WyFeznE47,2026-02-05,【女流66】《乱剪一通》欢乐理发店！跟炮炮壮壮一家人经营理发店，联机洗剪吹，友尽游戏【弹幕版】02.05女流完整直播录像,不懒bot,221:2,女流 直播
BV1GKFvzKEJK,2026-02-05,童猪参加小象年会，偶遇那个男人！,中山桥大霸,1:27,石大壮 女流
BV1MGFvzwEdL,2026-02-05,猴哥真是太粘人了呀！崔崔呢？崔崔呢？,中山桥大霸,2:19,石大壮 女流
BV1H4FvzQEgm,2026-02-05,【女流66直播回放20260205】 和炮炮一起玩合作游戏《乱剪一通》 (纯净版),YJJ和女流66的录像小屋,110:35,女流 直播|女流 回放|女流录像小屋
BV1qRFezCESj,2026-02-05,阿猪谈想对另一半做的事！,中山桥大霸,1:31,石大壮 女流
BV1fvFvzLEVU,2026-02-05,【女流66】【2026-02-05】[ 和炮炮一起玩合作游戏《乱剪一通》],bobi华,110:58,女流 直播|女流 2026
BV1FYFvzmE4C,2026-02-05,【弹幕版】【和炮炮一起玩合作游戏《乱剪一通》】【2026-02-05】【女流66】,直播回放巴拉蹦吧,110:40,女流 直播|女流 回放|女流 2026
BV1MjFvzbEaC,2026-02-05,【纯净版】【和炮炮一起玩合作游戏《乱剪一通》】【2026-02-05】【女流66】,直播回放巴拉蹦吧,110:40,女流 直播|女流 回放|女流 2026
BV1ZtFhzeEuE,2026-02-05,老大和姐姐线下合体，壮壮：太难得了!,账号已注销,1:25,石大壮 女流
BV1qYFhzwE7W,2026-02-05,66姐谈喜欢男孩还是女孩，那当然是上天安排的最大啦!,账号已注销,1:27,石大壮 女流
BV1ATFwz4E3z,2026-02-05,不愧是朋友们，朋友们谈小时候干的离谱事，能活到现在不容易呀!,账号已注销,5:6,石大壮 女流
BV1JaFcznEUE,2026-02-05,女流66[2026-01-31 18-39-23][在终末地里拉电线],沧溟行客_,130:6,女流 直播|女流 2026
BV16PFFzSEDV,2026-02-04,阿猪：想吃爱情的苦了！宝贝，在干嘛？想你了！,中山桥大霸,3:42,石大壮 女流
BV1rAFFznEiv,2026-02-04,童猪：老爹从小给我灌输的思想就是替他喝酒，他有面！好面！,中山桥大霸,2:18,石大壮 女流
BV1shfdB1E9W,2026-02-04,66姐:我家真的不催婚，老爹:收到，立马给壮壮门上贴了个“马上有对象”,账号已注销,2:7,石大壮 女流
BV11rfDBYEqR,2026-02-03,【壮壮】出门参加完婚礼回来一看，我爹给我门上贴了个马上有对象,不懒bot,6:28,石大壮 女流
BV1nVFLzfEXd,2026-02-03,【壮壮】《明日方舟》新年礼盒开箱，联名红轴键盘？太大气了！我把姐姐的拆了，你们别告诉她！~,服部平次,11:54,石大壮 女流
BV1zJFLzRE3c,2026-02-03,【壮壮】鹰角网络新春礼盒键盘开箱，给我姐女流66那份开箱，没事，别告诉我姐,不懒bot,5:47,石大壮 女流
BV1xAFLziEnw,2026-02-03,敢说不敢听了！阿猪：崔崔，可以把摄像头打开吗？想看看*！不敢说话了！哈哈！,中山桥大霸,1:36,石大壮 女流
BV1xAFLziENZ,2026-02-03,童猪：不爱喝，感觉都没好喝的，只是爱微醺的感觉！支持！,中山桥大霸,1:13,石大壮 女流
BV1mwFLzTEaw,2026-02-03,【壮壮】出门一趟参加婚礼，回家就收到老爹的新年祝福：马上有对象！怕我看不见，特地贴我屋门上！~,服部平次,6:23,石大壮 女流
BV1kuFLzaEb3,2026-02-03,轰子迟到罚红包，给刁德一炸出来了，群里还有人开外挂？,中山桥大霸,3:26,石大壮 女流
BV1uqFLzVEe2,2026-02-03,猴哥奉菠皇圣旨，传召轰轰太监！轰轰：咋猴哥也成菠国太监了？,中山桥大霸,1:51,石大壮 女流
BV1K2FLzTEMX,2026-02-03,【壮壮】黑神话悟空马年礼盒开箱，夜叉王厌火套手办，药王葫芦，钟馗折扇，卫衣&amp;围巾，感谢游戏科学~,不懒bot,44:42,石大壮 女流
BV15bFLzUE3R,2026-02-03,【壮壮】《黑神话悟空》新年礼盒开箱，这是啥药王葫芦？正好猴头拿来下酒！多可恨，你买不着！~,服部平次,47:55,石大壮 女流
BV1e2F5z7EuE,2026-02-03,壮壮被催婚?姐姐:家里人还好，都是旁系亲戚会催!,账号已注销,1:37,石大壮 女流
BV1D3FGzYEPK,2026-02-03,让泡泡多带娃，以此提升亲密度?姐姐:实践起来很困难!哈哈。,账号已注销,2:32,石大壮 女流
BV1zYFGzEEUH,2026-02-03,66姐:现在有种回到了高考前夕的感觉!,账号已注销,1:54,石大壮 女流
BV177FVzEEQE,2026-02-03,66姐:真是一孕傻三年呐!因为这个还哭了!,账号已注销,5:48,石大壮 女流
BV1bkFMzdER5,2026-02-03,【女流66】聊YJJ的摄像头2w块！直播的时候糊成480p，难道不是人的问题？qi,业火不断,1:59,女流 直播
BV13jFTzREkd,2026-02-02,有段时间真的压力巨大啊！一晚上能醒四次啊！,中山桥大霸,1:54,石大壮 女流
BV1V9FTz8E2q,2026-02-02,菠：每次下播都想下次和轰轰友好相处，但一说话就兵刃相接了！,中山桥大霸,2:16,石大壮 女流
BV1dmFTzYEUF,2026-02-02,轰轰仔咋茶茶的？不知道啊，我的身材很曼妙啊！,中山桥大霸,1:44,女流 2026|石大壮 女流
BV16JFMzrEmh,2026-02-02,如何评价把玻璃水加进汽油箱里的人！豆包：纯没脑子，马大哈啊！,中山桥大霸,2:50,石大壮 女流
BV1zpFMzzErc,2026-02-02,菠神唱歌，猴哥不会夸了？赶快使用豆包救场！,中山桥大霸,2:13,石大壮 女流
BV12TFMzSEc8,2026-02-02,66姐:知道我和炮炮玩游戏为什么大家觉得是亲子互动了，炮炮不会提供情绪价值啊!,账号已注销,2:8,石大壮 女流
BV1UPFMzQETd,2026-02-02,崔崔：小狗不拉粑粑怎么办？菠：你舔舔它的PY就行！,中山桥大霸,1:28,石大壮 女流
BV1DXFAzCEFc,2026-02-02,朵朵应该喊XDD和寅子老大什么啊？,账号已注销,1:11,石大壮 女流
BV1uZFAz3ED3,2026-02-02,女流66直播录屏,糖荳包,128:43,女流 直播
BV1ZEFPzdEcf,2026-02-02,炮炮撒娇，成功拿下姐姐的20个648!,账号已注销,1:10,石大壮 女流
BV1NPFPzTEgK,2026-02-02,66姐谈自己的产后恢复，还是挺虚弱的!,账号已注销,2:9,石大壮 女流
BV1oy64BBEGv,2026-02-01,【女流66】弹幕：66姐太好哄了吧 让炮炮多参与带娃 66：哪那么容易啊,女流录像小屋,2:19,女流录像小屋
BV1Bm6bB5EtK,2026-02-01,【女流66】炮炮给朵朵换尿布，看不下去了，贴得东倒西歪，孩子一尿全洒了！弹幕：多换就好了！我爸妈要是催婚，相亲都能把壮壮安排死！~,服部平次,4:48,石大壮 女流
BV1nj6tB2Eeu,2026-02-01,【女流66】66讲述最近情绪失控事件 66：我真有点一孕傻三年了,女流录像小屋,4:52,女流录像小屋
BV1Xd64BcEs1,2026-02-01,高学历女性喜欢什么样的男孩子?,账号已注销,1:49,石大壮 女流
BV1XX64BAEym,2026-02-01,猪猪：猴哥听说你造谣我？猴哥：要相信朋友们的羁绊啊！,中山桥大霸,1:35,石大壮 女流
BV1js6tB3EC1,2026-02-01,【牢A】误伤留法女流子，本意是提醒大家有这现象，并不针对个人 请不要对号入座，更好的办法就是自证清白,三仓小堇力,25:46,女流 切片
BV1xK6tBWEs3,2026-02-01,【女流66】让壮壮带朵朵怎么样 66：比炮炮靠谱 炮炮不会哄人,女流录像小屋,2:53,女流录像小屋
BV1ch6sB6Eny,2026-02-01,崔崔：等菠神老了照顾她一手，把她的遗产搞过来！哈哈！,中山桥大霸,3:9,石大壮 女流
BV1NH6sB2ERY,2026-02-01,朋友们：菠神咋那么开心呢？菠：因为我不用上班啊！,中山桥大霸,1:23,石大壮 女流
BV1qk6sBwEnN,2026-02-01,【女流66】过年想玩生化危机9，让壮壮帮我带娃靠谱吗？教教他怎么换尿布！为什么一和炮炮玩游戏，大家都说是亲子互动？~,服部平次,5:43,石大壮 女流
BV1Bq6sBvEGC,2026-02-01,童猪：现在和轰轰的关系比和从小长到大的哥都亲！,中山桥大霸,1:36,石大壮 女流
BV1E76xBMEDY,2026-02-01,【女流66】水友：炮炮又在抽皮肤 66：让他自己充，我都给他充20个648了,女流录像小屋,2:9,女流录像小屋
BV1WK6xB1Ep3,2026-02-01,让轰轰生个娃移到我的名下？童猪：唠这犊子磕！哈哈！,中山桥大霸,1:23,石大壮 女流
BV1NC6xBnEiJ,2026-02-01,小猪老师展示太极拳？哈哈！,中山桥大霸,1:50,石大壮 女流
BV1aS6pBUEFj,2026-02-01,轰轰:不是，现在二次元的门槛这么低了吗？,账号已注销,3:10,石大壮 女流
BV1uQ6pBEEko,2026-02-01,以前真的有时候想“弄死”轰轰啊！以前感觉他挺夸张的！现在好多了！,中山桥大霸,2:23,石大壮 女流
BV1cM6WBqETg,2026-02-01,不是，这黄金到底啥意思啊？猛涨,中山桥大霸,3:10,石大壮 女流
BV1Hr6JBtEiS,2026-02-01,【女流66】2月1日终末地直播-基地改造变成屎山代码堆砌,埃尔德利诺,92:41,女流 直播
BV1GJ6JBkEQZ,2026-02-01,【女流66】开播聊天、《明日方舟：终末地》在终末地里拉电线，01.31直播录像弹幕版~,服部平次,129:55,女流 直播
BV1SK6nBgEgY,2026-02-01,【女流66】怎么还有地方我没去过？千里拉电线,埃尔德利诺,1:17,女流 直播
BV1Dc6nBCE12,2026-02-01,【女流66】传送拉电线，天选打工人,埃尔德利诺,1:44,女流 直播
BV1Qc6nBCEmt,2026-02-01,【女流66】基地已经水泄不通了，还把电池送种植机里去,埃尔德利诺,2:46,女流 直播
BV1Ap6nB8EFG,2026-01-31,女流直播改生产线，直呼“这就是拆东墙补西墙啊”,刀客塔早安,1:53,女流 直播|女流 切片
BV1kp6nBbEVi,2026-01-31,女流直播改生产线，改着改着就变成了“屎山代码”,刀客塔早安,1:32,女流 直播|女流 切片
BV1zb6nBsEmv,2026-01-31,【女流66】《明日方舟：终末地》拉电线【弹幕版】01.31女流完整直播录像,不懒bot,130:13,女流 直播
BV1z86nB9Eu9,2026-01-31,【女流终末地】单机玩家玩终末地就是慢慢悠悠的很佛系呀,超电磁小鱼,1:15,女流 直播|女流 切片
BV1rx6nB4EeS,2026-01-31,到底是什么让女流也摸不着头脑！原来是终末地的基建啊,超电磁小鱼,1:28,女流 直播|女流 切片
BV1Wn6CBFENo,2026-01-31,【女流66】66谈和炮炮谐音梗游戏 66：我真没哄他~  炮炮逐渐姨化,女流录像小屋,2:17,女流录像小屋
BV1VK61B7Ehw,2026-01-31,给朵朵规划清华还是北大?66姐:没必要上这么大压力!,账号已注销,1:41,石大壮 女流
BV1J96yBxEAz,2026-01-31,【女流66】【2026-01-31】[ 在终末地里拉电线],bobi华,129:56,女流 直播|女流 2026
BV1LF61BHERA,2026-01-31,【弹幕版】【在终末地里拉电线】【2026-01-31】【女流66】,直播回放巴拉蹦吧,130:15,女流 直播|女流 回放|女流 2026
BV1oo6yBWEgu,2026-01-31,【纯净版】【在终末地里拉电线】【2026-01-31】【女流66】,直播回放巴拉蹦吧,130:15,女流 直播|女流 回放|女流 2026
BV1V66CBjEtb,2026-01-31,【女流66】66被阿姨带偏教朵朵东北话 66：兔zhi不咬yin~,女流录像小屋,2:15,女流录像小屋
BV12F62BgE2y,2026-01-31,童猪问皮皮马是否去今年的年会，刁德一:最近行程有点多!,账号已注销,1:18,石大壮 女流
BV1gS6CBgEuW,2026-01-31,崔崔:去洗浴三楼不给女孩子进，只让男孩子进啥情况?,账号已注销,1:18,石大壮 女流
BV13y6CBCEeG,2026-01-31,【女流66】恭喜66抖音300万粉丝！炮炮粉丝怎么还少了 66：我们清了好多粉,女流录像小屋,1:29,女流 抖音|女流录像小屋
BV1hs6kBqEEJ,2026-01-31,66姐:不能一直躲在父母身后了，现在过年得自己办年货啥的了!,账号已注销,1:54,石大壮 女流
BV1Qa6qB4E7M,2026-01-30,看真真姐哄猴哥，真是法克了呀！,中山桥大霸,2:50,石大壮 女流
BV1Si6qB9Ep7,2026-01-30,童猪问刁德一去不去年会，刁德一：最近行程有点多啊！,中山桥大霸,1:38,石大壮 女流
BV1H96qBVEiF,2026-01-30,童猪看猴哥谐音梗，有点吓人了呀！,中山桥大霸,2:51,石大壮 女流
BV1ZA6BBKEtA,2026-01-30,姐姐:直播这么多年没语塞过，对炮炮一时语塞了，哈哈!,账号已注销,2:29,女流 直播|石大壮 女流
BV1uv6vBmEkB,2026-01-30,姐姐:为什么好多人有我们两的粉丝牌，在我这就是:比心，爱你，在炮炮那就是:不骂主播的是没有键盘吗？哈哈!,账号已注销,2:49,石大壮 女流
BV1Ht6eBYEoT,2026-01-30,66姐:朵朵真是从小就穿金戴银的，我都没穿过GUCCI，哈哈!,账号已注销,2:31,石大壮 女流
BV1YK6wBtEwQ,2026-01-30,【女流66】变成炮炮榜一？66：一进他直播间就想消费！,女流录像小屋,2:10,女流 直播|女流录像小屋
BV1k26cB3Ewo,2026-01-29,【女流66】主播关掉弹幕玩游戏？五万人在线干着急！,女流录像小屋,6:33,女流录像小屋
BV1UV6wBXEzr,2026-01-29,猴哥：看我耍把PUBG，轰轰：我看下闪购外卖！,中山桥大霸,1:51,女流 直播|石大壮 女流
BV1aA6FBQEqW,2026-01-29,不是，要就给啊？不愧是你菠神！,中山桥大霸,2:29,石大壮 女流
BV1FUzfBAEuG,2026-01-29,姐姐:抖现在涨粉不好涨了，以前发发切片一涨就是几十W!,账号已注销,2:3,女流 切片|石大壮 女流
BV1Wn6FBgEc8,2026-01-29,YG不说话？菠神：他看BL漫画去了说是！,中山桥大霸,2:4,石大壮 女流
BV1Lq6FBbE8D,2026-01-29,快来人办了炮神，姐姐锁家里带娃，炮神出去吃饭，洗澡，按摩，晚上10点才回来说是!,账号已注销,2:10,石大壮 女流
BV1bNzZBkERJ,2026-01-29,66姐:抖的人气浮动很大，但是上限很高!,账号已注销,3:37,石大壮 女流
BV1LizZBHE1w,2026-01-29,【女流66】朵朵都穿上Gucci了，我都没穿过！第一个奢侈品，寅伯伯送的太大气了！主播朋友对朵朵太好了！~,服部平次,3:58,石大壮 女流
BV1pczfBNE5W,2026-01-29,女流66帮yjj抽mp7新砖皮，优品c新赛季第一天炮神就抱着66哭,想听海风啊,3:22,女流 2026
BV1wwzfBeEpk,2026-01-29,姐姐:今年准备带朵朵回内蒙过年，家里已经开始各种准备了!,账号已注销,2:48,石大壮 女流
BV1VHzfBDECH,2026-01-29,【女流66】和炮炮一起玩《这是谐音梗》，真不是我在哄小孩，今天就分个高下，01.28直播录像弹幕版~,服部平次,84:12,女流 直播
BV1XHzfBSEeB,2026-01-29,66姐:最近洗澡一洗掉一把，很痛苦啊!,账号已注销,1:42,石大壮 女流
BV1CbzXBDEGH,2026-01-29,【女流66】万人在线开语音直播都在喊姐姐？到 yjj 那怎么变两副面孔,女流录像小屋,2:11,女流 直播|女流录像小屋
BV1mtzRBFEKq,2026-01-29,【女流66】抖音粉丝破300万，以前一条切片，回头涨了20多万粉丝，现在不好涨了，朵朵吃手咋办，弹幕支招,不懒bot,4:37,女流 切片|女流 抖音
BV1CbzXBDEee,2026-01-29,【女流66】【2026-01-28】[娃睡了来唠会],bobi华,83:0,女流 直播|女流 2026
BV11xzXBXES2,2026-01-29,【女流66】跟YJJ玩《这是谐音梗》Demo一起脑洞大开【弹幕版】01.28女流完整直播录像,不懒bot,85:0,女流 直播
BV1mEzXBtErq,2026-01-29,【女流66直播回放20260128】 娃睡了来唠会(弹幕版),YJJ和女流66的录像小屋,84:50,女流 直播|女流 回放|女流录像小屋
BV1RMzXBNEWQ,2026-01-29,【弹幕版】【娃睡了来唠会】【2026-01-28】【女流66】,直播回放巴拉蹦吧,85:47,女流 直播|女流 回放|女流 2026
BV1VSzXBME58,2026-01-29,【女流66直播回放20260128】 娃睡了来唠会 (纯净版),YJJ和女流66的录像小屋,84:50,女流 直播|女流 回放|女流录像小屋
BV1DLzXB8E24,2026-01-29,【纯净版】【娃睡了来唠会】【2026-01-28】【女流66】,直播回放巴拉蹦吧,85:47,女流 直播|女流 回放|女流 2026
BV1Q9zXBeE57,2026-01-28,【女流66】朵朵的第一件奢侈品  66：寅伯伯太大气了！NPC 也送了金手链,女流录像小屋,1:8,女流录像小屋
BV1hqz9BNEP5,2026-01-28,崔崔：我去洗浴，但是三楼不给女生进，只给男孩子进说是！,中山桥大霸,1:27,石大壮 女流
BV1uBz9BeEa6,2026-01-28,C哥生日拆礼物出大金，全球限量500多件！帅的一！,中山桥大霸,8:17,石大壮 女流
BV1b6z9BAEYQ,2026-01-28,C哥拆生日礼物，我滴孩，76度的白酒！,中山桥大霸,1:38,石大壮 女流
BV1vtz9B3EPk,2026-01-28,轰轰：成都见，壮壮！菠：什么意思？,中山桥大霸,2:11,石大壮 女流
BV1DF6EBiEpy,2026-01-28,弹幕：菠神滑雪脑震荡了？那是鱼鱼饱，你个假粉丝！,中山桥大霸,2:14,石大壮 女流
BV1n667BnEE2,2026-01-28,C哥认错菠神礼物，菠神急出凤鸣啊！,中山桥大霸,2:16,石大壮 女流
BV1x96EB8EhB,2026-01-28,太钓啦!真心话:对她做过最过分的事，大冒险:打给前任说爱她!,账号已注销,6:30,女流 2026|石大壮 女流
BV1N46LBHEmi,2026-01-28,自信炮啊，以为我对他一见钟情，哈哈!,账号已注销,1:36,石大壮 女流
BV1Um6uBkER9,2026-01-27,轰轰又走神！童猪：是不是又吃嘴子去了？哈哈！,中山桥大霸,2:33,石大壮 女流
BV1fu6gBtEPn,2026-01-27,真心话：对她做过最恨的事，大冒险：打给前任说爱她！三哥陷入了沉思！,中山桥大霸,6:33,石大壮 女流
BV11q6gBuEfU,2026-01-27,2026年1月26日第37期日本女流名人战循环圈，柳原咲辉VS上野梨纱，黑胜2.5目,哈利路亚十亮,17:8,女流 2026
BV1YLzeBmEJ9,2026-01-27,贴脸开大！童猪：你那个镜花水月是？哈哈！,中山桥大霸,1:3,石大壮 女流
BV1e9zeBQEkM,2026-01-27,经典颜值打分环节！不搞人情世故？,中山桥大霸,3:38,石大壮 女流
BV1aLzeBmErp,2026-01-26,猴哥谈逆天ID，真是有点水平的！,中山桥大霸,2:21,石大壮 女流
BV159zeBQEj5,2026-01-26,【女流66】66：好多游戏想玩，刚生完娃没有大块的时间玩了,女流录像小屋,1:30,女流录像小屋
BV1LDzeB9Egc,2026-01-26,童猪：我上次人脸解锁了轰轰的手机！刁德一：尊嘟假嘟啊！,中山桥大霸,1:51,石大壮 女流
BV1pqzeBYEuV,2026-01-26,刁德一谈《盒马史诗0》为什么好笑，还在嘴硬啊！,中山桥大霸,4:8,石大壮 女流
BV1W5zvBMEU9,2026-01-26,童猪：得重新审视下咱俩的关系了，马哥！,中山桥大霸,1:18,石大壮 女流
BV1wHzxBkEqs,2026-01-26,刁德一：复播后准备搞比赛啊！考虑拿100w当奖金！,中山桥大霸,5:29,石大壮 女流
BV1nWzxBgE2z,2026-01-26,刁德一：好多自己的梗，我自己都Get不到啊！,中山桥大霸,2:32,石大壮 女流
BV1EtzxBqEvG,2026-01-26,红皮鸭子宣传大使啊！见人就推！,中山桥大霸,1:34,石大壮 女流
BV1pAz4BCEVM,2026-01-26,阿猪大冒险惩罚！叫轰轰哥哥“主人”可恶啊！,中山桥大霸,1:43,石大壮 女流
BV1FMz4BgE7d,2026-01-26,朋友们真心话大冒险，上来就这么爆？上一次接吻啥时候？,中山桥大霸,2:46,石大壮 女流
BV1jYzxBPEDp,2026-01-25,复播时间彻底确定！大司马：二月！！！！！,中山桥大霸,2:2,石大壮 女流
BV1PfzxBjEvv,2026-01-25,轰轰谈自己对“XP”的看法！脚，腿！,中山桥大霸,3:7,石大壮 女流
BV1wNz4BGEwS,2026-01-25,很会找网站？轰轰很来劲，朋友们害怕啊！直播间幺妹了！,中山桥大霸,2:49,女流 直播|石大壮 女流
BV1MDzxBQEx5,2026-01-25,开心元元！嘿嘿！开心元元！,中山桥大霸,2:28,石大壮 女流
BV1umzxB9E5K,2026-01-25,刁德一忘记童猪的飞机？童猪：只见新人笑，不闻旧人哭！哈哈！,中山桥大霸,1:30,石大壮 女流
BV14XzxBnEYD,2026-01-25,刁德一对朋友们发布百万悬赏！怎么说？,中山桥大霸,1:16,石大壮 女流
BV1EfzQBGEP4,2026-01-25,【女流66】大家怀念屏风时期的66？那时候颜值太能打了！,女流录像小屋,2:0,女流录像小屋
BV1bQzUBJEAq,2026-01-25,【女流66】YJJ依旧直男拍照，谢谢中国boy的相机~,女流录像小屋,1:46,女流录像小屋
BV1NCzSByEwL,2026-01-25,猴哥出去按摩，直言:体验很不好，原因竟是这般?哈哈!,账号已注销,1:26,石大壮 女流
BV1ddzmBoEsV,2026-01-25,66姐让壮壮加自己好友，壮壮:我不想加你!最安静的2秒!,账号已注销,1:54,石大壮 女流
BV1MNzyBKEnf,2026-01-25,女流66[2026-01-22 18-05-59][明日方舟终末地公测啦],沧溟行客_,187:53,女流 2026
BV1zozkBQEQJ,2026-01-24,【女流66】 水友想看一家三口一起直播？66:那还太早了吧,女流录像小屋,1:43,女流 直播|女流录像小屋
BV12hz1BTEVD,2026-01-24,朋友们发现猴哥直播间屏蔽词，开始搞事，你玩的明白吗？哈哈！,中山桥大霸,2:21,女流 直播
BV13Ez1BLEQ6,2026-01-24,这就是爱C吗？C哥真是大明星，每年生日得大办几天！,中山桥大霸,1:11,石大壮 女流
BV1Y8zkBgEzU,2026-01-24,刁德一：“dashabi”是谁啊？猴哥：嗯........,中山桥大霸,1:32,石大壮 女流
BV1EfzkBnESh,2026-01-24,全体起立！鹅鸭杀缺人，刁德一：我喊开哥！开哥真回了？,中山桥大霸,2:9,石大壮 女流
BV1LKzCB1Evx,2026-01-24,【女流66】为了早点回家看朵朵 也是化身时间管理大师,女流录像小屋,1:27,女流录像小屋
BV1kXzkBsEKA,2026-01-24,还差十几W的观时流水？轰子：马哥你帮我播一天呗！全有了！,中山桥大霸,1:34,石大壮 女流
BV1AhzCBbEip,2026-01-24,刁德一：我发个弹幕口嗨一下，真给我逮来了说是！,中山桥大霸,1:18,石大壮 女流
BV1RmzCB2EST,2026-01-24,刁德一弹幕开搞？轰子：我去架一下他！,中山桥大霸,2:2,石大壮 女流
BV1LPzrBuEc2,2026-01-24,童猪：羡慕有圈内好友的主播，有点想吃爱情的苦了!,账号已注销,2:43,石大壮 女流
BV1W4zzB1E5p,2026-01-24,66姐：想办炮炮的有一半也想把壮壮给办了!,账号已注销,0:35,石大壮 女流
BV1uVzTBNEym,2026-01-23,凌晨2点，刁德一：杀不杀？杀不杀？,中山桥大霸,2:38,石大壮 女流
BV1ifzKByEdL,2026-01-23,猴哥和猪猪学习焚诀：如何爆一点！哈哈！,中山桥大霸,3:26,石大壮 女流
BV1LPzTB3EiC,2026-01-23,童猪谈自己线下是如何和轰轰交流的，说不了一点不好啊!,账号已注销,2:15,石大壮 女流
BV1ozzTBjERv,2026-01-23,按摩大姐：喲。你还是个老M啊？,中山桥大霸,1:37,石大壮 女流
BV16hzTBXERy,2026-01-23,女流66：明日方舟终末地公测啦。2026-1-22,贪心小狮子,188:9,女流 2026
BV1RrzNBTEkF,2026-01-23,66姐：朵朵的性格像我，像炮炮都一般，但像壮壮还是挺好的!,账号已注销,1:43,石大壮 女流
BV1DkzABZEyD,2026-01-23,【女流-66 直播录像】2026.1.22游戏:《 明日方舟终末地》❤弹幕版❤（女流66）直播录像回放,数码3C小子,188:4,女流 直播|女流 回放|女流 2026
BV1mQzABQECz,2026-01-23,姐姐：炮炮6K买的呼吸机用了3天就淘汰了!,账号已注销,1:24,石大壮 女流
BV1ydzcB3ERD,2026-01-23,【女流66】炮炮给我和朵朵拍合照，那技术真不行！摆了半天就拍了一张，站着一动不动和立正了似的！~,服部平次,11:22,石大壮 女流
BV1ucBfB3Edd,2026-01-22,【女流66】《明日方舟：终末地》全球公测【弹幕版】01.22女流完整直播录像,不懒bot,329:10,女流 直播
BV1TNBfBBEvG,2026-01-22,【女流66】66怎么不给弟弟介绍女朋友？壮壮现在挺好的，按照自己节奏来就行了！当年说我30没男人，这回旋镖！~,服部平次,6:1,石大壮 女流
BV19eBfBmEPm,2026-01-22,女流：三测黑的我将以全新姿态来到塔卫二。壮壮：沉默中。,刀客塔早安,1:16,女流 切片|石大壮 女流
BV15hBfBDEEj,2026-01-22,金牌销售壮壮：姐姐我只是说说的，没让你真出啊！这真是一场顶级智斗啊！,刀客塔早安,2:34,石大壮 女流
BV1AVBfBAE6g,2026-01-22,【女流66】开播聊天、玩《明日方舟：终末地》全球公测，01.22直播录像弹幕版~,服部平次,187:1,女流 直播|石大壮 女流
BV1c7BfB8EDD,2026-01-22,【女流66】【2026-01-22】[明日方舟终末地公测啦],bobi华,187:38,女流 直播|女流 2026
BV1KUBfBuELh,2026-01-22,壮壮翅膀硬了不加66好友，秒认怂哈哈哈,源石Man,2:52,石大壮 女流
BV1UCBfBrENh,2026-01-22,【女流66直播回放20260122】 明日方舟终末地公测啦(弹幕版),YJJ和女流66的录像小屋,185:29,女流 直播|女流 回放|女流录像小屋
BV1AdBfBeEem,2026-01-22,【女流66】明日方舟终末地开抽莱万汀池子，欧气爆发第一个10连就出大红？！马上打电话把好消息告诉壮壮！~,服部平次,34:7,石大壮 女流
BV1Y5zFBnEPp,2026-01-22,【女流66直播回放20260122】 明日方舟终末地公测啦 (纯净版),YJJ和女流66的录像小屋,185:29,女流 直播|女流 回放|女流录像小屋
BV1UkBfBGEwq,2026-01-22,菠神：C哥滑雪真是天赋异禀啊！C哥：因为不怕死啊！哈哈！,中山桥大霸,1:20,女流 2026|石大壮 女流
BV1gWzFBLEcE,2026-01-22,【纯净版】【明日方舟终末地公测啦】【2026-01-22】【女流66】,直播回放巴拉蹦吧,186:43,女流 直播|女流 回放|女流 2026
BV1gHzFB2Ekc,2026-01-22,【弹幕版】【明日方舟终末地公测啦】【2026-01-22】【女流66】,直播回放巴拉蹦吧,186:43,女流 直播|女流 回放|女流 2026
BV1hEzFBmEPX,2026-01-22,【女流66】办YJJ可以，但是下手轻点 炮炮晚上直播逃避带娃？,恶龙炮OvO,2:46,女流 直播
BV1ZAzFBZEhL,2026-01-22,原来童猪也是C萝党啊，太好了!,账号已注销,1:42,石大壮 女流
BV1zczFBFEzc,2026-01-22,菠神和鱼鱼饱请了1400的教练，还摔“脑震荡？”,中山桥大霸,4:40,石大壮 女流
BV1iMzFBsEPB,2026-01-22,童猪：你天天和小姐姐嘴对嘴说话，哈哈，汗流浃背了吧!,账号已注销,1:12,石大壮 女流
BV1nnzWBeEmu,2026-01-22,看崔崔的生日祝福，“主人”来了！哈哈！,中山桥大霸,5:40,女流 2026|石大壮 女流
BV1rJzWBNEtN,2026-01-22,刁德一深夜突袭鹅鸦杀，一听就是喝多了，天天小酌，舒服的一!,账号已注销,2:25,石大壮 女流
BV1U4zsBEExT,2026-01-22,好剧本！YJJ航天飞升被追、拉闸被蹲，最后一分钟杀4人，拉扯到最后都没得吃！,恶龙炮OvO,6:53,女流 直播
BV1N8zpBzEbE,2026-01-22,3dm总监：承认寅子是一哥，三国无双起源dlc首发试玩评测！,监学家,6:59,女流 2026
BV1qfz7B5EiX,2026-01-21,猴哥和壮壮私下聊天，猴哥嘴漏：piao完拉倒？啊？,中山桥大霸,1:38,石大壮 女流
BV1N6z7B4EyQ,2026-01-21,猴哥打电话给C哥邀请打游戏，轰轰：咋不打给我呢？,中山桥大霸,1:31,石大壮 女流
BV1XfzVBoE45,2026-01-21,童猪：回看自己的录像发现自己3秒5喷，无意识都!,账号已注销,3:4,石大壮 女流
BV1kJz5BVEmQ,2026-01-21,刁德一直播间特色之一：逆天ID：想闻童猪的屁说是!,账号已注销,1:13,女流 直播|石大壮 女流
BV1WekEBcEPJ,2026-01-21,【西栗子2025】决赛桌高达大战 大牌连发 狂轰乱炸 姐妹俩精彩高光混剪,四暗Ko,7:36,女流 2025
BV1TKkJBgEkB,2026-01-20,YJJ大秀广角之泪 XDD入镜配合演出，直播间真上了2000人！,恶龙炮OvO,1:56,女流 直播
BV1NukJBTEZv,2026-01-20,猴哥宣传CHI66，憋硕啦！上链接吧！,中山桥大霸,1:27,石大壮 女流
BV1nvkjBQEaw,2026-01-20,童猪：老爸第一次看见我和轰轰喝酒，巨担心啊!,账号已注销,2:31,石大壮 女流
BV1KKk7BhEkC,2026-01-20,私信被说一直在整容微调?换种说法是不是主播变得更美了？天天都在播，调个锤子!,账号已注销,1:33,石大壮 女流
BV1U6k7BTEPi,2026-01-20,崔崔生日，菠神，旭姐齐爆黄金，崔崔：啊，我以为金包银呢！,中山桥大霸,1:13,石大壮 女流
BV1VMkjB3ECR,2026-01-20,NPC团战还在尿，菠:你就不能尿裤子里吗？哈哈！,中山桥大霸,1:57,石大壮 女流
BV1vKkjBrEYJ,2026-01-20,童猪和大谋谈自己的前任，大谋：休想勾引我啊？大谋你是不是失了智了？,账号已注销,3:36,石大壮 女流
BV1xKkMBzEzG,2026-01-19,猴哥直言：肾不太好啊！哈哈!,中山桥大霸,1:5,石大壮 女流
BV142kMBGEZz,2026-01-19,菠神头痛要走，崔：吃个止疼药继续干！,中山桥大霸,1:20,石大壮 女流
BV1eqkYBsEJZ,2026-01-19,童猪醉酒吐水友一身，水友直呼：救命!哈哈!,账号已注销,3:32,石大壮 女流
BV1vGkaBXEou,2026-01-19,66姐和炮炮出门吃饭偶遇水友，不认识炮炮，你是?,账号已注销,2:8,石大壮 女流
BV1UNkhBBE37,2026-01-19,【西栗子2025】一把冲到榜一 ssk解说直呼爽快 高宫茉莉尾亲连庄8w分和牌高光混剪,四暗Ko,4:2,女流 2025
BV1jcktByEBp,2026-01-18,真相大白了！原来菠神拉堵的是猴哥家的厕所！,中山桥大霸,2:40,石大壮 女流
BV1VTktB6Eaa,2026-01-18,菠：我真的要和崔崔决裂了！猪，猴：支持！,中山桥大霸,1:28,石大壮 女流
BV1WDk4BHEwp,2026-01-18,女流66姐：得找时间学个女子防身术了，对付炮炮啊!,账号已注销,0:48,石大壮 女流
BV13ukxBhEkN,2026-01-18,姐姐：谁给炮炮推荐的呼吸机?每天晚上一带，噪音巨大!觉都睡不安稳!,账号已注销,4:36,石大壮 女流
BV1UokxBtEnd,2026-01-18,轰轰：猴哥咋老给C哥打电话?咋不给我打捏?,账号已注销,0:55,石大壮 女流
BV1ZarQB2EQU,2026-01-17,男人最嬴荡的衣服？菠神：猴哥，我给你买一套！,中山桥大霸,1:52,石大壮 女流
BV1rTrXBXE9Z,2026-01-17,小猴和菠姨，猪姨打招呼！,中山桥大霸,2:20,石大壮 女流
BV1BVrXBUEbt,2026-01-17,猪猪教小猴怎么要零食！猴哥：还好他没听见！哈哈！,中山桥大霸,1:13,石大壮 女流
BV1zGrXBJEpX,2026-01-17,66姐：得找时间学个女子防身术了，对付炮炮啊！,中山桥大霸,1:4,石大壮 女流
BV1SXrQBAEqN,2026-01-17,一孕傻三年?姐姐：我感觉傻的是炮炮啊!,账号已注销,1:14,石大壮 女流
BV1CArXBxEda,2026-01-17,女流66：炮炮买的呼吸机要了老命了，觉都睡不好了！,中山桥大霸,4:47,石大壮 女流
BV1zNrUBBEw1,2026-01-17,女流66被这个卷毛狒狒可爱到了，故乡的小曲茉莉花太有生活了,异世界的漫步者,1:17,女流 直播|女流 切片
BV1NRrmBjESp,2026-01-17,泡泡刷抖入了魔怔，姐姐：和我说说话!,账号已注销,2:31,石大壮 女流
BV1ttrUBXE3y,2026-01-17,【女流-66 直播录像】2026.1.15游戏:《66：有空 开开播聊聊天》《诡秘之主 游戏pv》❤弹幕版❤（女流66）直播录像回放,数码3C小子,60:1,女流 直播|女流 回放|女流 2026
BV1wor1BTE1o,2026-01-17,姐姐：朵朵现在一天一个样，软软的，太可爱了!,账号已注销,1:11,石大壮 女流
BV1C9r1BMESH,2026-01-17,66姐解释为啥二哥的人脉这么广，一切都是有原因滴!,账号已注销,1:39,石大壮 女流
BV1Wir2BzEJ2,2026-01-17,童猪：崔崔老是瞎搞八搞的，拿手戳你，扮鬼吓你，还搞老子内裤!哈哈!魔丸!,账号已注销,1:26,石大壮 女流
BV1HvryBaEeP,2026-01-17,女流66[2026-01-15 18-26-33][义薄云天二哥.诡秘之主PV.泡泡刷抖音.呼吸机大噪音],沧溟行客_,60:14,女流 直播|女流 抖音|女流 2026
BV1WwrrBtEiN,2026-01-16,炮炮刷抖入了魔怔！姐姐：能和我说说话不？,中山桥大霸,2:53,石大壮 女流
BV1fGrrBSETP,2026-01-16,姐姐：朵朵现在真是一天一个变化，软软的！,中山桥大霸,1:19,石大壮 女流
BV1MRr6BAEj8,2026-01-16,姐姐：现在理解老爹为啥人脉这么广了！,中山桥大霸,1:54,石大壮 女流
BV1NFrrBfEHt,2026-01-16,猴哥疯狂压力菠神！崔崔害怕：他桌子上有刀！,中山桥大霸,1:13,石大壮 女流
BV1ghrrBBEeE,2026-01-16,多少有点性骚扰了奥！菠：看我的勾吧！哈哈！,中山桥大霸,1:6,石大壮 女流
BV1RWrrBGEgm,2026-01-16,这就是夫妻俩的小情趣吗？悄咪咪说是!哈哈!,账号已注销,1:20,石大壮 女流
BV1eKrkBCEAG,2026-01-16,女流66：炮炮去新平台后，现在直播姿态可太好了!,账号已注销,2:34,女流 直播|石大壮 女流
BV1FdkKBtEak,2026-01-16,【女流66】看《诡秘之主》游戏最新PV| 完全被设定吸引了|完整版录播,冲浪时想画初音,17:29,女流 录播|女流 切片
BV1eBkcBeEVE,2026-01-16,女流66_开播拉_2026-01-15_18-27-03,笨蛋雪人像素头,56:0,女流 抖音|女流 2026
BV1sFkwBJEHc,2026-01-16,【女流66】闲下来炮炮就刷抖音，看神秘园和新三国解说，那几天给他忙坏了，没有时间跟我说话,不懒bot,5:46,女流 抖音
BV1ijkwBBEXp,2026-01-16,【壮壮】看《诡秘之主》主城廷根漫游PV，MMO画质这么高吗？如果中了测试资格，我就找时间就把整本书读完了去！~,服部平次,22:2,石大壮 女流
BV1f9kwBGEKJ,2026-01-15,【女流66】二哥为什么人脉这么好？他一朋友儿子结婚，跑前跑后跟了七天，群里疯狂发视频，比我结婚还上心！~,服部平次,4:1,石大壮 女流
BV16KkFBqENb,2026-01-15,【女流66】这竟然是MMO？女流66看诡秘之主新PV,谁兜不服舅服你,2:27,女流 直播
BV173kFBPEGh,2026-01-15,论女流如何评价诡秘之主pv,小xiao乐子人,1:52,女流 直播
BV1gxkFB9E4F,2026-01-15,【女流66直播回放20260115】 开播拉(弹幕版),YJJ和女流66的录像小屋,60:3,女流 直播|女流 回放|女流录像小屋
BV1WdrfB5Eyf,2026-01-15,女流66看诡秘之主pv，弹幕充满了对变成小南娘的憧憬,被晒黑了的源氏,2:3,女流 直播
BV1R7kFBFEbj,2026-01-15,【女流66直播回放20260115】 开播拉 (纯净版),YJJ和女流66的录像小屋,60:3,女流 直播|女流 回放|女流录像小屋
BV1GJkFBZEn9,2026-01-15,猪猪：我感觉我现在联盟水平和猴哥差不多啊！支持！,中山桥大霸,0:58,石大壮 女流
BV1EDkFBqEdt,2026-01-15,【女流66】《开播聊会》【弹幕版】01.15女流完整直播录像,不懒bot,55:6,女流 直播
BV1oDkFBiEt4,2026-01-15,壮壮说女流‘‘姐！你还没化好吗？莫西莫西”合集,DJxiedongqi东起K,0:6,女流 直播
BV1p6kFB5EHR,2026-01-15,【纯净版】【开播拉】【2026-01-15】【女流66】,直播回放巴拉蹦吧,60:12,女流 直播|女流 回放|女流 2026
BV1pCkFBGEsi,2026-01-15,【弹幕版】【开播拉】【2026-01-15】【女流66】,直播回放巴拉蹦吧,60:12,女流 直播|女流 回放|女流 2026
BV1XfkFBcEQ5,2026-01-15,大型连续剧《猴哥劝玩》菠神：今天说啥你都逮不到我了！,中山桥大霸,1:12,石大壮 女流
BV1NBkFB1E3f,2026-01-15,【女流66】【2026-01-15】[开播拉],bobi华,60:1,女流 直播|女流 2026
BV1F2kFBgEMY,2026-01-15,不是，谁搁直播间袅袅呢？猴哥：我倒水捏！,中山桥大霸,2:2,女流 直播|石大壮 女流
BV1rxkcBkESi,2026-01-15,猴哥又又又迟到啦，这次甩给了真真姐说是!哈哈!,账号已注销,2:21,石大壮 女流
BV1rpkcByE8v,2026-01-15,此视频永久有效奥！菠：功成名就送大家一人一套上海别墅！,中山桥大霸,1:6,石大壮 女流
BV1mgkcBXEop,2026-01-15,菠神要和旭姐去女仆咖啡厅说是！菠：不是奥，是jump的咖啡厅,中山桥大霸,1:34,石大壮 女流
BV1NhrZBkE5o,2026-01-15,大乱斗猫咪为啥要带闪现？菠神：我也想问啊！哈哈,中山桥大霸,1:18,石大壮 女流
BV1j3rZBxEGA,2026-01-15,轰轰说漏嘴：和老婆分房睡，原因竟是这?,账号已注销,3:8,石大壮 女流
BV1z1r5BVEAD,2026-01-15,皮皮是要对标女流66的女人XDD再次挑战极限食物皮皮_又被典狱长吓哭了,杨齐家三角洲行动鼠鼠,2:56,女流 2026
BV1rHrfBqEDM,2026-01-15,童猪：找猴哥这样的好男人当老公真的太难啦!,账号已注销,3:19,石大壮 女流
BV1UwrsBpE2h,2026-01-14,不是，这还是人类吗？尊属吓人呐！,中山桥大霸,1:0,石大壮 女流
BV1YersBhEBM,2026-01-14,猴哥：怎么感觉你声音和以前不一样了啊，菠神？,中山桥大霸,1:33,石大壮 女流
BV1hBrsBZE88,2026-01-14,猴哥劝玩！菠：绝对不玩了之就玩到8点之咋12点了？,中山桥大霸,2:40,石大壮 女流
BV1aqrsBbEWt,2026-01-14,友友们谈鲨仁后该如何处理，CC害怕啊！,中山桥大霸,2:10,石大壮 女流
BV1cErsBkE4q,2026-01-14,菠神玩海龟汤！不愧是菠神啊！,中山桥大霸,13:9,女流 2026|石大壮 女流
BV14SrsBnE6Q,2026-01-14,轰轰：我现实一哥们520去了另一哥们老婆家说是!嗨得是你轰轰哥哥!,账号已注销,1:11,石大壮 女流
BV1yXrpB6Ewq,2026-01-14,轰轰：鱼鱼饱滑雪给腿摔断了，还吹牛逼说自己国家队的!,账号已注销,1:24,石大壮 女流
BV1iGrjBCEtV,2026-01-13,菠神上压力，猴哥汗流浃背了吧？,中山桥大霸,1:18,石大壮 女流
BV14erjBbEAE,2026-01-13,菠神荣获MVP，猴哥：这个评分系统就是个大傻子！,中山桥大霸,1:46,石大壮 女流
BV1p6rjBsErd,2026-01-13,不敢骂菠神啊！因为根本骂不过她啊！哈哈！,中山桥大霸,2:31,石大壮 女流
BV1kdrVB2EC4,2026-01-13,坏！菠神甚至开始自己PUA自己了说是！,中山桥大霸,1:24,石大壮 女流
BV16cr5BVEzw,2026-01-13,菠神咋无精打采的？猴哥：来人，让菠神精神精神！,中山桥大霸,1:36,石大壮 女流
BV1ZUr5B3E6E,2026-01-13,杨树：C哥老是从后面抱住我，害怕啊!哈哈!,账号已注销,1:33,石大壮 女流
BV1D4rzBaEJW,2026-01-13,轰轰：我下班的时候我老婆上班，我老婆下班的时候，我下播睡觉!,账号已注销,1:19,石大壮 女流
BV1cUrzBEESt,2026-01-13,【壮壮】最近流行玩DOTA？宝可梦无压力直接收徒！看燕云演唱会现场好多小姑娘！个太高给UP主摄像头挡了？~,服部平次,13:59,石大壮 女流
BV1RorqBPEan,2026-01-13,【壮壮】复盘上海主机区聚会，大伙真性情，老大给我唠哽咽了，完事C哥上树了，阿飞一点没赖酒还抢着喝？！~,服部平次,13:17,石大壮 女流
BV1nFrvBvEbq,2026-01-13,皮皮是要对标女流66的女人！XDD再次挑战极限食物+皮皮！歪头典狱长又吓哭了！,小当家iz,2:56,女流 2026
BV1ZfraB4ECf,2026-01-12,菠：我都不播了，配你们打游戏还要我做节目效果？,中山桥大霸,1:3,石大壮 女流
BV1TzraB3EDW,2026-01-12,和菠神玩多了，自己都变菜了？敲你的，什么意思啊？,中山桥大霸,1:46,石大壮 女流
BV111raBTEK2,2026-01-12,一个不是人，一个没脑子，一个大傻子，一个大声发，真是完美的团队捏！,中山桥大霸,1:10,石大壮 女流
BV1mnrYBGEtc,2026-01-12,孝三和C哥激情合唱！菠神：孝C时代，激情澎湃！,中山桥大霸,5:3,石大壮 女流
BV1xWrhBYExk,2026-01-12,姐姐误开语音弹幕，水友争相喊话!害怕!不得不说66姐的水友没的说!素质高的一!,账号已注销,4:13,石大壮 女流
BV1XcrbBzEif,2026-01-12,Switch2 开箱 女流66 ns2 开箱 硬件 艾尔登法环黑夜君临,小黄龙下悬崖,2:56,女流 2025
BV1BL6ZBfE8Y,2026-01-11,アマ三段の声優・岡本信彦さんも登場…将棋の“観る”と“指す”両方の体験イベント 女流棋士が参加者にアドバイス (2026/01/11 18:59),艾琳·艾德勒,0:49,女流 2026
BV1cS6ZBiEXH,2026-01-11,猪猪线下活动遇到姐姐，美丽打波啊！,中山桥大霸,1:41,石大壮 女流
BV1Tz6ZBVEsF,2026-01-11,女流66姐和寅子老大线下活动会面，真是久违的合体！,中山桥大霸,1:49,石大壮 女流
BV1Yr6RB5EKH,2026-01-11,女流66：太吾绘卷上海线下试玩会。2026-1-10,贪心小狮子,112:53,女流 2026
BV1bU6RBzErD,2026-01-11,炮炮：最爱的他和最爱的她！哈哈！,中山桥大霸,1:40,石大壮 女流
BV1TY6dBzEDU,2026-01-11,姐姐和壮壮一起去黑猴线下实体店！介猴不卖！,中山桥大霸,2:16,石大壮 女流
BV1jZ6dBpEgq,2026-01-11,灵吉：加我粉丝团啊！兄弟们！,中山桥大霸,2:8,石大壮 女流
BV1iG69BLEH8,2026-01-11,女流66姐误开语音互动，水友轮番上阵，效果拉满！,中山桥大霸,4:19,石大壮 女流
BV1Ne69BcEdN,2026-01-11,C哥：谁稀罕你的臭钱？猴哥：我发了100，C：哪呢？哪呢？找不到焦急大喊！哈哈！,中山桥大霸,1:43,石大壮 女流
BV1oQ69BmEgQ,2026-01-11,菠菠：真是恨死你了，孙悟空！哈哈！,中山桥大霸,2:52,石大壮 女流
BV1NE6RBcE36,2026-01-11,菠菠：憋了这么久的脏话一次性都说了，不公平啊！哈哈！,中山桥大霸,3:27,石大壮 女流
BV1hy6XBeEGp,2026-01-11,女流66[太吾绘卷上海线下试玩会][2026-01-10 10-30-41],沧溟行客_,112:52,女流 2026
BV1DF6DBdEYP,2026-01-11,女流66[ 逛杭州黑神话线下店][2026-01-09 16-59-24],沧溟行客_,43:6,女流 直播|女流 2026
BV1x16UB7Eac,2026-01-10,【寅子】寅王与杨王鸿门宴文斗！杨王一口酒就喝迷糊了,阿琪琪丶,11:12,女流 直播
BV15T6SBAEmU,2026-01-10,【寅子】主机区三巨头史诗级同框 寅杨怪气文斗现场,阿琪琪丶,10:46,女流 直播
BV1un6SBWEAu,2026-01-10,菠神：恨一个人能持续那么久吗？,中山桥大霸,2:17,石大壮 女流
BV1Gg6mBpEcE,2026-01-10,Asaki大人回家后直播依旧回味66姐的温柔！！小猪忍不住用双手捧住她妈妈一般的慈爱啊啊！！,笙笙子,1:10,女流 直播
BV17Z62BaEdT,2026-01-10,【女流-66 直播录像】2026.1.09游戏:《太吾绘卷-上海线下试玩会》❤弹幕版❤（女流66）直播录像回放,数码3C小子,112:40,女流 直播|女流 回放|女流 2026
BV1Aa6mBME3s,2026-01-10,【寅子】在家带娃的YJJ来电：老大可以帮我要个66的签名吗？炮炮挺懂事的，好好陪孩子玩吧！~,服部平次,6:51,石大壮 女流
BV1xp6mB5EPz,2026-01-10,女流66_太吾绘卷上海线下试玩会_2026-01-10_10-30-46,笨蛋雪人像素头,112:28,女流 抖音|女流 2026
BV1Dd6mBDEix,2026-01-10,【寅子】太吾绘卷线下团建，主机区半壁江山都来了！一家人合影留念，少了谁很明显？阿飞谁朋友！~,服部平次,27:27,石大壮 女流
BV1TP6UBjErJ,2026-01-10,【女流66】拿寅子直播间代播，感叹上次这么齐还是上次,不懒bot,4:2,女流 直播
BV1R26mBoEpw,2026-01-10,【主机区大集结】参加《太吾绘卷》上海线下试玩！【合集】,艾米尔Official,301:42,石大壮 女流
BV1dC6mBfETr,2026-01-10,Asaki户外｜王老菊｜石大壮｜女流六六｜太吾绘卷正式版,bili_68217391405,19:11,女流 直播|石大壮 女流
BV19VrGB4EYF,2026-01-10,【寅子】杨树来了，在门口冒充老大签名？寅杨怪气一见面就开始文斗，树哥结婚了吗？还是那对象？~,服部平次,10:58,石大壮 女流
BV1YVrGB4EJ1,2026-01-10,【寅子】| 老大 树哥 66姐久违再同框 拷打杨树太吾绘卷100块一张图现在还记着在！,CSTG江湖酒一觞,10:41,女流 直播
BV1zkrGBqE2n,2026-01-10,【女流66】【2026-01-10】[太吾绘卷上海线下试玩会],bobi华,112:30,女流 直播|女流 2026
BV1mxrGBEEQo,2026-01-10,【壮壮】专业蛐蛐王来了！太吾绘卷寅子教女流抓蛐蛐，古法黑科技？66直呼：你好懂啊！~,服部平次,4:49,石大壮 女流
BV18PrVBpEGA,2026-01-10,【女流66直播回放20260110】 太吾绘卷上海线下试玩会(弹幕版),YJJ和女流66的录像小屋,80:18,女流 直播|女流 回放|女流录像小屋
BV1MTrVBnEEm,2026-01-10,【女流66】和壮壮参加《太吾绘卷》上海线下试玩，1.10直播录像弹幕版~,服部平次,112:19,女流 直播|石大壮 女流
BV1e9rGBFEih,2026-01-10,【女流66】《太吾绘卷》上海线下试玩会【弹幕版】01.10女流完整直播录像,不懒bot,87:34,女流 直播
BV13drGBZEWh,2026-01-10,【女流66直播回放20260110】 太吾绘卷上海线下试玩会 (纯净版),YJJ和女流66的录像小屋,80:18,女流 直播|女流 回放|女流录像小屋
BV1ZbrVBNELv,2026-01-10,【壮壮】寅子女流世纪同框！66玩太吾绘卷正上头，老头背着小书包就来了！~,服部平次,5:12,石大壮 女流
BV1XirVB8Ebj,2026-01-10,【弹幕版】【太吾绘卷上海线下试玩会】【2026-01-10】【女流66】,直播回放巴拉蹦吧,112:55,女流 直播|女流 回放|女流 2026
BV1QqrVBfEpM,2026-01-10,【纯净版】【太吾绘卷上海线下试玩会】【2026-01-10】【女流66】,直播回放巴拉蹦吧,112:55,女流 直播|女流 回放|女流 2026
BV1JvrgBeEbH,2026-01-10,【女流-66 直播录像】2026.1.09游戏:《抵达杭州》❤弹幕版❤（女流66）直播录像回放,数码3C小子,98:3,女流 直播|女流 回放|女流 2026
BV1CzrNBxEUf,2026-01-09,低情商：脸皮厚！高情商：大丈夫能屈能伸啊！,中山桥大霸,1:16,石大壮 女流
BV1yirNBtEd3,2026-01-09,菠神：崔崔喊我英雄联盟？让猴哥来喊我！哈哈！,中山桥大霸,3:36,石大壮 女流
BV1UgrKBNEYj,2026-01-09,女流66：到杭州了。2026-1-9,贪心小狮子,98:14,女流 2026
BV18TrKBTE3n,2026-01-09,猴哥：我每天搁家不出汗为啥要每天洗澡？,中山桥大霸,1:32,石大壮 女流
BV1vdrNByEgR,2026-01-09,菠神：堕落真是太容易啦！和朋友们玩游戏停不下来了！,中山桥大霸,1:46,石大壮 女流
BV1RZrNBVEA8,2026-01-09,轰轰看到童猪照片，以为是拿自己照片P的说是!,账号已注销,1:3,石大壮 女流
BV1qXrNB2EPu,2026-01-09,女流66：体验鸣潮3.0版本。2026-1-3,贪心小狮子,164:25,女流 2026
BV1jerKBUE5K,2026-01-09,女流66_到杭州了_2026-01-09_16-06-45,笨蛋雪人像素头,95:30,女流 抖音|女流 2026
BV1snrKBtEix,2026-01-09,【女流66】和壮壮一起逛「黑神话悟空」杭州线下店，1.9直播录像弹幕版~,服部平次,97:44,女流 直播|石大壮 女流
BV1CHrKBoEAH,2026-01-09,菠神：我会共情自己讨厌的人和讨厌我的人！怎会如此？,中山桥大霸,2:48,石大壮 女流
BV1ntrKBXEHV,2026-01-09,【女流66】【2026-01-09】[户外到杭州了],bobi华,98:12,女流 直播|女流 2026
BV1J4rKBWEo8,2026-01-09,还有嗑C童的?绝对不可能的!不如嗑我和C哥呢!,账号已注销,3:27,女流 直播
BV1PArTBfEqN,2026-01-09,【弹幕版】【到杭州了】【2026-01-09】【女流66】,直播回放巴拉蹦吧,97:49,女流 直播|女流 回放|女流 2026
BV132rKB6EEP,2026-01-09,【纯净版】【到杭州了】【2026-01-09】【女流66】,直播回放巴拉蹦吧,97:49,女流 直播|女流 回放|女流 2026
BV1vkrKBVEwC,2026-01-09,【女流66】杭州《黑神话线下零售店》跟壮壮一起户外【弹幕版】01.09女流完整直播录像,不懒bot,91:36,女流 直播
BV1o3rNByEs3,2026-01-09,战老：自从饿了么改名成淘宝闪购之后，连续三顿都是凉的啊!,账号已注销,1:42,石大壮 女流
BV1U9iXBXEJn,2026-01-08,事以密成！总有人见不得你好！没毛病！,中山桥大霸,2:22,石大壮 女流
BV1dni9BNEK1,2026-01-08,菠神分享自己的书单，雀氏有点猎奇了奥！,中山桥大霸,2:29,石大壮 女流
BV1hti9B8EZC,2026-01-08,菠菠透露最近的规划！支持！,中山桥大霸,2:7,石大壮 女流
BV1Dai9BoESS,2026-01-08,问：男人在什么时候嘴是最硬的?,账号已注销,2:59,石大壮 女流
BV1rNiQBqEfG,2026-01-08,轰轰看妹妹被小婷逮到?知道职业选手的反应速度吗？,账号已注销,4:5,石大壮 女流
BV1gMiXBsEEM,2026-01-08,第二届传说女流樱花位决定战 半决赛第一场 一回,常州传说雀庄,65:15,女流 直播|女流 切片
BV1hMiXBsEuG,2026-01-08,第二届传说女流樱花位决定战 半决赛第一场 二回,常州传说雀庄,55:11,女流 直播|女流 切片
BV1K7iXBEE1W,2026-01-08,YJJ扶贫出非洲之心 女流66围观情绪价值拉满  心理委员呢？！,恶龙炮OvO,5:25,女流 直播
BV1R6iXBaE2j,2026-01-08,YJJ抖音扶贫大兵第一颗非洲之心 念念不忘必有回响！女流66：当炮神水友能出心,Hason01,3:2,女流 抖音|女流 2026
BV1Jqi1BHE1k,2026-01-07,菠神：老猴你咋老是背后蛐蛐我啊？,中山桥大霸,1:38,石大壮 女流
BV1Wbi1BoEua,2026-01-07,菠神俱乐部新年活动3连唱。,中山桥大霸,15:42,石大壮 女流
BV1Wai1BREJ7,2026-01-07,【壮壮】9号参加太吾绘卷线下，特地烫了个头600，还办了1000的卡，得知桃纸烫头只花99，当场心态炸裂~,服部平次,18:46,石大壮 女流
BV1twi2BNE8o,2026-01-07,菠神：不是，你咋都开始直播漏点了啊？,中山桥大霸,1:36,女流 直播|石大壮 女流
BV1NMi2BcE9H,2026-01-07,菠神：我滴妈，这也太变态了吧！,中山桥大霸,1:56,石大壮 女流
BV1KNi2BAEoE,2026-01-07,进绝密不带呼吸机吸不了氧？这不欺负老实人吗？,中山桥大霸,0:56,女流 2026|石大壮 女流
BV1adi1BuEu7,2026-01-07,猴哥直接带60发AW红弹进绝密！号主：啊？,中山桥大霸,1:21,女流 2026|石大壮 女流
BV1V9i1B6Eb4,2026-01-07,【壮壮】身边的人都说我最近有问题？突然爱拾掇自己了，花5万追陪玩？还追女主播？我追谁我现追菠萝赛东！~,服部平次,7:23,石大壮 女流
BV1VXi1B3Ecp,2026-01-07,YJJ野排误闯共享航天 航天组队6v6！野排分包问题再现 到底谁吃了炮弹？,恶龙炮OvO,8:3,女流 直播
BV1b5iCBbEiv,2026-01-07,菠神：猴哥怎么回事？一没人骂就骂我2句？,中山桥大霸,1:44,石大壮 女流
BV1yTqTBHEB8,2026-01-07,第二届传说女流樱花位决定战 初赛第四场 二回,常州传说雀庄,83:47,女流 直播|女流 切片
BV1WTqTBHEb9,2026-01-07,第二届传说女流樱花位决定战 初赛第四场 一回,常州传说雀庄,72:23,女流 直播|女流 切片
BV19AqPB4E3T,2026-01-06,哈哈哈哈！给仓库整爆了，号主人麻辣！,中山桥大霸,1:38,石大壮 女流
BV1rtqPBgETi,2026-01-06,懂菠大师：NPC啊！没毛奥！,中山桥大霸,1:12,石大壮 女流
BV1xFqNBEEsq,2026-01-06,什么意思啊，轰轰仔？看不起你菠姐？,中山桥大霸,1:13,石大壮 女流
BV1WPqNB1EJP,2026-01-06,选手被分到菠神队伍，选手：真是遗憾啊！菠：什么意思啊？哈哈！,中山桥大霸,1:32,石大壮 女流
BV1a1qPBZEQH,2026-01-06,菠神：C哥变茂密了很多，分享秘诀啊！,中山桥大霸,1:30,石大壮 女流
BV1bQqPB9Emw,2026-01-06,崔崔：把你骂人的话都录下来了，等给春城阳光女士看！,中山桥大霸,2:0,石大壮 女流
BV14SqFBzEX4,2026-01-06,YJJ新平台直播感受：自己有进步！老观众还在新观众也有，推流机制很智能,恶龙炮OvO,2:37,女流 直播
BV13sqcB1E5F,2026-01-06,女流66：平时根本看不到泡泡社交，但朋友还不少，啥情况?,账号已注销,1:2,石大壮 女流
BV1MmiZBPEGg,2026-01-06,“准备二月份下海，到时候直播初夜”樱花妹谈自己近期的规划,maro酱_official,2:7,女流 直播
BV1LMifBUEZJ,2026-01-06,第二届传说女流樱花位决定战 初赛第三场二回战,常州传说雀庄,58:21,女流 直播|女流 切片
BV1xSixBrEzk,2026-01-06,女流66姐：炮炮和别的妹妹玩洲和和我玩游戏一点都不一样，得到了就不珍惜了啊！哈哈！,中山桥大霸,1:22,石大壮 女流
BV1KeibBJEei,2026-01-05,猴哥：我要给你们寄律师函了啊。,中山桥大霸,2:5,石大壮 女流
BV1UhibBHEru,2026-01-05,菠菠：我们家松饼不吃石，憋说啦。,中山桥大霸,1:55,石大壮 女流
BV1U1ixB5EhQ,2026-01-05,选游戏太折磨了！朋友们集合半天不知道玩啥！,中山桥大霸,1:58,石大壮 女流
BV1M2ixByEYL,2026-01-05,猪猪：和猴哥说话就得带点命令啊！哈哈！,中山桥大霸,1:12,石大壮 女流
BV1Aqi4BzE8S,2026-01-05,女流66：感觉壮壮最近有心事啊，这次来心不在焉的!,账号已注销,1:7,石大壮 女流
BV1unisBkE2t,2026-01-05,66姐谈当年老爸花半年工资买了个小霸王回家，和老妈大吵一架，然后2个人玩的很开心!,账号已注销,1:10,石大壮 女流
BV1cYipBdEqp,2026-01-05,姐姐生娃后第一次出差，坐车3小时都在翻朵朵照片!,账号已注销,1:41,石大壮 女流
BV1CgiWB8Ekv,2026-01-05,第二届传说女流樱花位决定战 初赛第二场一回,常州传说雀庄,71:21,女流 直播|女流 切片
BV1pgiWBhERa,2026-01-05,第二届传说女流樱花位决定战 初赛第二场 二回,常州传说雀庄,67:51,女流 直播|女流 切片
BV16jiWBxEuE,2026-01-05,炮炮会带娃吗？姐姐：他带娃和逗小猫一样!,账号已注销,1:29,石大壮 女流
BV1bMiEB4EZB,2026-01-04,66姐：感觉壮壮最近有心事！心不在焉的！,中山桥大霸,1:12,石大壮 女流
BV1JUi7BgEe3,2026-01-04,XDD来找姐姐告状：炮炮的呼噜声真的太大啦！,中山桥大霸,2:58,石大壮 女流
BV17Xi7BqEPu,2026-01-04,家人们来看完朵朵，一股脑都走了，空落落的！,中山桥大霸,1:1,石大壮 女流
BV16tiEBCE9W,2026-01-04,姐姐：离开朵朵去出差，坐车3小时全在翻朵朵照片！,中山桥大霸,1:45,石大壮 女流
BV1BYiEBgEY6,2026-01-04,炮炮会带娃吗？姐姐：他带娃和逗猫一样！,中山桥大霸,1:35,石大壮 女流
BV1M3iEBsEWb,2026-01-04,猪猪：菠神，你妹妹真的好帅啊！,中山桥大霸,3:29,石大壮 女流
BV1SDiEBoEGg,2026-01-04,菠菠吐槽下春城阳光女士：啥都和别人说，适合直播啊！,中山桥大霸,1:45,女流 直播|石大壮 女流
BV1EmiLBAEUW,2026-01-04,女流66玩鸣潮3.0摩托小游戏 直言简单后光速坠机被打脸,米其林零星餐厅,9:50,女流 直播|女流 回放|女流 切片
BV1zmiLBAE2C,2026-01-04,女流66挑战鸣潮全息大姐！多次尝试终于拿下！,米其林零星餐厅,3:5,女流 直播|女流 回放|女流 切片
BV1fbijBPEqr,2026-01-04,【女流66】《鸣潮》3.0版本初体验全息挑战01.03女流完整直播录像,不懒bot,163:55,女流 直播
BV1WWirByE95,2026-01-04,66姐谈以前的恶臭私信，几乎不看了，现在来这边好了很多，也会看看私信!,账号已注销,1:55,女流 直播|石大壮 女流
BV1uRirBWEYq,2026-01-04,有多少人是打着酒醉的名义去试探呢？,账号已注销,1:36,石大壮 女流
BV1Y1irB8E28,2026-01-04,女流谈和XDD一起吐槽YJJ睡觉打呼没绷住：我们两个怎么会有这种共同体验呢！,游戏BBQ,3:18,女流 直播
BV1jnikBiEab,2026-01-04,女流谈看电影看到最后一分钟才发现之前看过当场难受：我感觉我赖以生存的脑子废了！,游戏BBQ,2:25,女流 直播
BV1vcirB8EtN,2026-01-04,播黑猴一夜涨粉33W的UP女流66也玩鸣潮了？！看最有国风味的仇远、今汐PV！,再探再报中的安可酱,8:41,女流 切片
BV1AFi6BGEia,2026-01-04,第二届传说女流樱花位决定战 初赛第一场,常州传说雀庄,117:15,女流 直播|女流 切片
BV1QpiBBmEyM,2026-01-04,单机区300万粉UP女流66也玩鸣潮了？看卡提《天明》，直呼大卡太有安全感了！,再探再报中的安可酱,6:5,女流 切片
BV1sVizBCEZ7,2026-01-04,你管这叫科目二？！知名游戏主播女流66过鸣潮3.0摩托考驾照【鸣潮】,我梦_Gamu,10:11,女流 切片
BV1HsizBKEHK,2026-01-04,【女流66】想看炮炮带姐姐玩三角洲？想看我们俩吵架就直说！看他带别的妹妹打洲，冲在前面各种耍帅！~,服部平次,9:1,女流 2026|石大壮 女流
BV1yhiiBeEeS,2026-01-03,潮友最有文化的一集 知名游戏主播女流66体验鸣潮3.0版本全息挑战【鸣潮】,我梦_Gamu,7:19,女流 切片
BV1SKiqB6Ewz,2026-01-03,【女流66】开播聊天、《鸣潮》3.0版本初体验，01.03直播录像弹幕版~,服部平次,164:16,女流 直播
BV1Y9iiBUEJF,2026-01-03,【女流-66 直播录像】2026.1.03游戏:《鸣潮3.0版 游玩体验》❤弹幕版❤（女流66）直播录像回放,数码3C小子,164:12,女流 直播|女流 回放|女流 2026
BV1npiqBfEtW,2026-01-03,【女流66】小时候我爸花几个月工资买了小霸王，和我妈大吵一架，吵完之后两人玩了通宵，第二天早上像大兔子一样~,服部平次,7:53,石大壮 女流
BV15eiqBHEAD,2026-01-03,菠神：所以，赚多少钱才算够呢？,中山桥大霸,1:25,石大壮 女流
BV1cniqBwE3r,2026-01-03,菠菠：最近看BL本子看到无码的了！有点下头了！羞死了！羞死了！哈哈！,中山桥大霸,2:25,石大壮 女流
BV1KDiqB6E88,2026-01-03,菠菠：真是心疼壮壮啊！水友老是拿壮壮和姐姐进行比较！,中山桥大霸,1:34,石大壮 女流
BV1MmiqBkEXp,2026-01-03,【女流66】今天朵朵百天，全家人都来了巨热闹，吃完一顿饭哄全走了，又剩下安静的我~,服部平次,8:28,石大壮 女流
BV1AoiqBiEVm,2026-01-03,和妹妹说：没钱找我要，要多少给多少，但是妹妹很懂事啊！,中山桥大霸,1:47,石大壮 女流
BV1P9iqBBE7x,2026-01-03,女流66：燕云周年庆啦，体验下不见山新地图。2025-12-28,贪心小狮子,163:40,女流 2025
BV1PdiqBTEXo,2026-01-03,【女流66】【2026-01-03】[聊天&amp;体验鸣潮鸣潮3.0],bobi华,164:13,女流 直播|女流 2026
BV1WdiqBTEUx,2026-01-03,菠神：不理解贷款然后去超前消费的！甚至去买奢侈品！,中山桥大霸,1:34,石大壮 女流
BV19viqBDEEs,2026-01-03,菠神：我感觉自己很容易和gay处成朋友啊！啊？尊嘟假嘟,中山桥大霸,2:24,石大壮 女流
BV1M2iqBVE8s,2026-01-03,【弹幕版】【体验鸣潮3.0版本】【2026-01-03】【女流66】,直播回放巴拉蹦吧,164:46,女流 直播|女流 回放|女流 2026
BV1griqB2EhQ,2026-01-03,【纯净版】【体验鸣潮3.0版本】【2026-01-03】【女流66】,直播回放巴拉蹦吧,164:46,女流 直播|女流 回放|女流 2026
BV1GriqB2ETG,2026-01-03,299w粉远古游戏up女流66看仇远PV:有点意思哦,网友立顺希゜,5:11,女流 直播
BV18fieBqEDF,2026-01-03,音符300万博主女流66看鸣潮仇远pv：这个我真想抽！,不去想她不就好了,5:8,女流 直播
BV1gCiqBLEdo,2026-01-03,音符300万主播女流66看今汐pv：太美了，以前就很喜欢！,不去想她不就好了,3:41,女流 直播
BV1DfieBqEBS,2026-01-03,音符300万博主女流66看卡提希娅天明疯狂惊呼：这也太帅了！,不去想她不就好了,6:22,女流 直播
BV1adieBzEzA,2026-01-03,【女流66】炮炮带小叮当洗澡夜不归宿，一大早回来小叮当就跟我吐槽：66姐，炮炮打呼声音好大呀！~,服部平次,8:21,女流 2025
BV13eivBCE6K,2026-01-03,这一招叫做晚餐！YJJ航天猛攻太下饭 壮壮不用吃饭，看直播已经吃撑了~,恶龙炮OvO,4:26,女流 直播
BV1R5iiBLEPq,2026-01-03,女流：YJJ真是一天能有20个理由生气!,账号已注销,0:57,石大壮 女流
BV1e4iYB6EvX,2026-01-03,XDD空降炮神直播间66姐壮壮围观左神三角洲扶贫操作秀！,杨齐家三角洲行动鼠鼠,8:17,女流 直播|女流 2026
BV1ARicBwEE7,2026-01-02,YJJ&amp;XDD&amp;66&amp;SDZ_四人直播[2026-01-02 12-07-54][yjjimpaopao][3把1000W清空鸟窝],沧溟行客_,200:0,女流 直播|女流 2026
BV1ndicBhEEk,2026-01-02,菠神：我分享欲太强了，和iboy真是互相满足。,中山桥大霸,2:43,石大壮 女流
BV1C8iwBTEfJ,2026-01-02,菠神看C哥唱跳，真是太强啦。,中山桥大霸,3:20,石大壮 女流
BV11tiwBBEPa,2026-01-02,菠神：早就赚够了说是！（开玩笑）,中山桥大霸,1:32,石大壮 女流
BV16qiwBaEWq,2026-01-02,最近发现赚米还得是营造男女友人设，吃爱情票啊！,中山桥大霸,2:24,石大壮 女流
BV1keiwBeEEQ,2026-01-02,跨年歌会！菠神《Good time》电麻辣！,中山桥大霸,3:43,石大壮 女流
BV1mWiwB3Eks,2026-01-02,孝三：有人造谣说菠神连续撤离失败58次？菠神：也许吧，不知道！,中山桥大霸,1:15,石大壮 女流
BV1RTiFB5EPj,2026-01-02,C哥:以为菠神是装唐，原来是一直都唐!,账号已注销,1:31,石大壮 女流
BV19QiFB5Ehb,2026-01-02,C哥看《傻菠时刻》他笑的真是太开心了!,账号已注销,1:49,石大壮 女流
BV1bdiFBrERn,2026-01-02,英国剧情【叛逆女流】(2024)【新片上线】,EliasGo新剧每日推荐,1:4,女流 2024
BV12nvZBoEnU,2026-01-02,XDD也扶贫了？XDD空降炮神直播间66姐壮壮全来看左神三角洲扶贫操作秀！,小当家iz,8:16,女流 直播|女流 2026
BV1a1vZB6EQz,2026-01-02,&quot;左朗普&quot;做客YJJ直播间 帮粉丝圆梦幸运鸟窝 一家子都来看左神操作 号主得吃五把枪皮肥肥撤离!!!,Hason01,22:12,女流 直播|女流 2026
BV1QRvDBnEpt,2026-01-01,菠菠害怕！别乱说奥！别给菠国整没了！,中山桥大霸,2:0,石大壮 女流
BV1wjvQBTEaH,2026-01-01,菠菠和妹妹一起玩抽象！哈哈！,中山桥大霸,3:54,石大壮 女流
BV1g9vUB5EkY,2026-01-01,菠神：朋友们咋不骂我了？是不熟了吗？好难受啊!,中山桥大霸,4:49,石大壮 女流
BV165vSBfEFN,2026-01-01,好家伙，直接给友友们唱“哭了”哈哈！,中山桥大霸,4:20,石大壮 女流
BV12cvSBBExd,2026-01-01,C哥喝大了，直接开启醉酒狂暴！,中山桥大霸,1:7,石大壮 女流
BV11PvSBiEte,2026-01-01,菠菠跨年演唱《大东北我的家乡》＋《桃花笑》,中山桥大霸,4:41,石大壮 女流
BV1x1vSBBE5W,2026-01-01,新年第一糖！轰轰：菠萝赛东你就护着他吧！哈哈！,中山桥大霸,5:58,石大壮 女流
BV1XavSB7EG4,2026-01-01,菠神：回来陪大家跨完年，晚上还得出去玩呢！朋友们：太有生活了！,中山桥大霸,2:36,石大壮 女流
BV1EfvSBfEiu,2026-01-01,菠神看最美的夜刘欢老师，给老辈子冻毁了！,中山桥大霸,10:30,石大壮 女流
BV1JZvSB8EBJ,2026-01-01,菠神：坐车遇见2个CCS的粉丝，吓的不敢说话啊！,中山桥大霸,4:35,石大壮 女流
BV1CviLB3Edc,2026-01-01,菠神和妹妹合体跨年！给大家看看COS帅的一啊！,中山桥大霸,1:41,石大壮 女流
BV1z7igBEEoL,2025-12-31,五男两女流落荒岛，不仅有海盗，还有各种史前怪物,叭叭电影解说,3:22,女流 2025
BV1abiMBAEJH,2025-12-31,最惨劫匪绑架女流氓，强行喂下神秘药片，被折磨的生不如死,影院常打卡,1:55,女流 2025
BV1n4iTByEZy,2025-12-31,女流：有个能一起玩游戏的家人真是太好了!,账号已注销,1:59,石大壮 女流
BV1u1iNB9EaA,2025-12-31,最惨劫匪绑架女流氓，强行喂下神秘药片，被折磨的生不如死,爆笑小天地,1:55,女流 2025
BV1YHvaBwEse,2025-12-30,66姐：壮壮30了还没结婚，谈还得几年!,账号已注销,1:50,石大壮 女流
BV1kWvYBUEiL,2025-12-30,66姐问壮壮：炮炮生日你不表示表示?壮壮：我生日他也没表示啊!哈哈!扎心了!,账号已注销,1:7,石大壮 女流
BV1iXv8BwExL,2025-12-30,66姐：等哺乳期结束了，可能要去考虑植发了!,账号已注销,0:42,石大壮 女流
BV1cAvaB5EBx,2025-12-30,女流：没有壮壮介绍的话，都不会认识炮炮啊!,账号已注销,3:16,石大壮 女流
BV1xwv4BzE8c,2025-12-30,姐姐：炮炮生日你不表示表示吗？壮壮？壮壮：我生日，他从来没表示过！哈哈！,中山桥大霸,1:33,石大壮 女流
BV12cv4BgExx,2025-12-30,66姐：等哺乳期结束，考虑植发了！没辙！,中山桥大霸,1:5,石大壮 女流
BV18RvxB5E51,2025-12-29,女流：没有壮壮，我哪能和炮炮认识啊！,中山桥大霸,3:23,石大壮 女流
BV11Pv4BMEjR,2025-12-29,姐姐谈壮壮30还没结婚！等找到了还得谈几年！,中山桥大霸,2:8,石大壮 女流
BV11EvWBcEW7,2025-12-29,每次出去出差都是自己一个人啊！有时会带壮壮一起，不需要助理！,中山桥大霸,1:57,石大壮 女流
BV1kWvWBoEMo,2025-12-29,壮壮喜提新名：胖胖！哈哈！,中山桥大霸,2:11,石大壮 女流
BV1sHvWBFEnT,2025-12-29,66姐：有自己主见的理发师是真的可怕啊！,中山桥大霸,1:21,石大壮 女流
BV1GKvWBgEBv,2025-12-29,菠神谈直播间的底线，你拉屎都没事，但不能……,账号已注销,1:8,女流 直播|石大壮 女流
BV1gvvsBuEwq,2025-12-29,女流谈当初YJJ和自己互加微信老得意了：他总以为我一见钟情了 其实那会加了很多主播！,游戏BBQ,3:16,女流 直播
BV1PrvpB4Epo,2025-12-29,可算是体会到嗑CP的乐趣了!C萝!!!,账号已注销,2:31,石大壮 女流
BV1AyvpBsEpA,2025-12-29,送王瀚哲生日礼物没有回礼?Hans：主打实际!,账号已注销,2:36,石大壮 女流
BV1Udv2BPEDW,2025-12-29,【女流66】有个能一起玩游戏的弟弟太好了，我和炮炮玩就总生气，炮炮给朵朵讲小鸭子，爸爸最爱吃的鸭脖就来自它哦~,服部平次,9:16,石大壮 女流
BV1h4v1BNET7,2025-12-29,66姐生动演绎yjj教育朵朵，直播间笑成一片，朵朵识图：“童话教育”VS“鸭脖法则”,科目二终结者,0:33,女流 直播
BV1M3vyB4Eaf,2025-12-29,【女流66】刚上班的时候兼职做直播，被小领导知道了，问赚多少钱，如实回答后，第二天就要和我签合同~,服部平次,4:56,女流 直播
BV1wJvkBVEoe,2025-12-28,【女流66】爽这就是音乐！燕云十六声追杀壮壮，我这有好几首你的成名曲快听，为什么要互相伤害？！~,服部平次,9:55,石大壮 女流
BV1tMvkBDE1D,2025-12-28,【女流66】【2025-12-28】[燕云周年庆啦，体验下不见山新地图],bobi华,163:40,女流 直播|女流 2025
BV1QzvkBbE7H,2025-12-28,女流66：燕云周年庆啦，体验下不见山新地图。2025-12-27,贪心小狮子,244:16,女流 2025
BV1XzvkBbEnd,2025-12-28,【女流66】锐评壮壮:你对女人一！无！所！知！爆笑金句,水顺顺丶,4:11,女流 直播
BV1mUvkBpE4d,2025-12-28,【女流-66 直播录像】2025.12.28游戏:《燕云十六声：周年庆》❤弹幕版❤（女流66）直播录像回放,数码3C小子,163:28,女流 直播|女流 回放|女流 2025
BV1NXvkBDEsN,2025-12-28,【纯净版】【燕云周年庆啦，体验下不见山新地图】【2025-12-28】【女流66】,直播回放巴拉蹦吧,163:48,女流 直播|女流 回放|女流 2025
BV1igvCBMEfX,2025-12-28,【弹幕版】【燕云周年庆啦，体验下不见山新地图】【2025-12-28】【女流66】,直播回放巴拉蹦吧,163:48,女流 直播|女流 回放|女流 2025
BV1BMvCBzERn,2025-12-28,【女流66】昨天问了炮炮，他真不记得壮壮生日，还是壮壮介绍我俩认识的，第一次见炮炮他迷之自信，以为我老喜欢他了~,服部平次,11:17,石大壮 女流
BV11dvkBmEsE,2025-12-28,【女流66】《燕云十六声》不见山主线金乌衔枝Day2【弹幕版】12.28女流完整直播录像,不懒bot,326:25,女流 直播
BV1t8vCBsEGB,2025-12-28,菠神：你们2个小偷，整天偷你菠神语录！,中山桥大霸,1:26,石大壮 女流
BV1U4vCB4Efv,2025-12-28,菠神：3.0是WeGame的下限，但不是你菠神的下限啊！,中山桥大霸,1:31,石大壮 女流
BV1WYvrByEsq,2025-12-28,猴哥：试探下菠神有没有变成黑心资本家啊！,中山桥大霸,2:3,石大壮 女流
BV1yvvrBVEQP,2025-12-28,啥?壮壮在炮炮俱乐部花了5W多?干啥呢？,账号已注销,1:40,石大壮 女流
BV1ajvrBxEry,2025-12-28,菠神巨没面啊！被C哥怒挂电话，只得请猴哥出马！,中山桥大霸,2:34,石大壮 女流
BV1vuvzBpEu4,2025-12-28,【女流66】壮壮燕云给姐姐秀女号穿搭，66疯狂吐槽：听姐一句劝，你对女人一无所知！~,服部平次,24:31,石大壮 女流
BV1opvBB9Ehw,2025-12-28,麻雀最强战2026 女流雀士出场权争夺战,立直喵急便,297:50,女流 2026
BV1c5vBBcEGm,2025-12-28,燕云最吸引的你的是什么？不知不觉已然一周年！66姐和壮壮聊到燕云的变化,科目二终结者,1:32,石大壮 女流
BV1Z7viBJEer,2025-12-28,【女流66】送炮炮的生日礼物，伊比利亚黑猪大火腿，直播可以抱着啃，半年都吃不完~,服部平次,7:16,女流 直播
BV1N6BCBbERv,2025-12-27,【女流66】燕云十六声周年庆氪金抽新外观，欧气爆发30抽出走地鸡，70抽又出八音窍，壮壮你怎么不开心？~,服部平次,43:40,石大壮 女流
BV1FDBCBQELm,2025-12-27,【女流-66 直播录像】2025.12.27游戏:《燕云十六声：周年庆》❤弹幕版❤（女流66）直播录像回放,数码3C小子,244:14,女流 直播|女流 回放|女流 2025
BV1XMByBuEQA,2025-12-27,【女流66】壮壮皮痒了？燕云当姐姐面放左手指悦！希望你带着这首歌走遍燕云十六州，其他玩家不要模仿！~,服部平次,4:41,石大壮 女流
BV1VAByBCEhm,2025-12-27,菠神：C哥能不能别学我说话了？搞的我好像智障啊！,中山桥大霸,1:13,石大壮 女流
BV1BeByBHECZ,2025-12-27,C哥：来5手！菠：我不想给陈某赚钱啊！,中山桥大霸,6:2,石大壮 女流
BV11HByB8Evv,2025-12-27,【女流66】【2025-12-27】[燕云周年庆啦，体验下不见山新地图],bobi华,243:58,女流 直播|女流 2025
BV1M7ByBPEWf,2025-12-27,【弹幕版】【燕云周年庆啦，体验下不见山新地图】【2025-12-27】【女流66】,直播回放巴拉蹦吧,244:17,女流 直播|女流 回放|女流 2025
BV1AxByBZESQ,2025-12-27,【纯净版】【燕云周年庆啦，体验下不见山新地图】【2025-12-27】【女流66】,直播回放巴拉蹦吧,244:17,女流 直播|女流 回放|女流 2025
BV1ysByBtETs,2025-12-27,【女流66】《燕云十六声》不见山主线金乌衔枝Day1【弹幕版】12.27女流完整直播录像,不懒bot,487:30,女流 直播
BV1PqBrBXEfW,2025-12-27,66姐：最近炮炮疯狂念叨XDD，安排这，安排那的！,中山桥大霸,1:16,石大壮 女流
BV1gxBrBcEWN,2025-12-27,我经常打壮壮？66姐：我一点都记不起来。怀疑他是编的！,中山桥大霸,1:30,石大壮 女流
BV1ThBrBoEML,2025-12-27,女流：带朵朵打疫苗，最后自己都掉眼泪了！,中山桥大霸,2:23,女流 2025|石大壮 女流
BV1gTBkBAEgv,2025-12-27,菠神：准备整个10W的麦克，为自己的爱好买单!羡慕了!,账号已注销,2:8,石大壮 女流
BV1oRBrBgEFJ,2025-12-27,YJJ炮神生日快乐，新平台直播的第一次生日，有66姐和老观众还有新水友的祝福，一年又一年,食堂属于哈基炮,2:19,女流 直播
BV1jQBzBvEY5,2025-12-27,菠神用眼动仪看大大大!好好好，开自锁了是吧？,账号已注销,1:5,石大壮 女流
BV1jpBiBdEHk,2025-12-27,女流：我奶奶大电话给妈妈说：炮炮疯了！,中山桥大霸,6:26,石大壮 女流
BV1ZrBvBREGt,2025-12-26,【甜心战士】看主播对对碰91，南夕君都几年了还记仇！,甜心战士Miyuki,16:6,女流 直播
BV1BJBiBfEWf,2025-12-26,66姐：炮炮就不是走浪漫路线的！还圣诞礼物？生日都没！,中山桥大霸,1:47,石大壮 女流
BV1etBiBWEsK,2025-12-26,菠神：老登们居然全部复吸了！还互相推脱！,中山桥大霸,1:43,石大壮 女流
BV1ebBiBXEL4,2025-12-26,菠神：真的好想再重新看一遍鬼灭啊！,中山桥大霸,2:48,石大壮 女流
BV19bBiBXEiQ,2025-12-26,菠神：我看BL又不是纯粹为了凿！还要看感情线的！我是小孩，我听不懂！,中山桥大霸,2:34,石大壮 女流
BV1C3BiBNE8U,2025-12-26,女流：奶奶打电话给妈妈，说YJJ疯了，哈哈!,账号已注销,1:3,女流 直播|石大壮 女流
BV1f7BiBcEo7,2025-12-26,菠神看《苦命鸳鸯》属实是被震惊到了！,中山桥大霸,2:26,石大壮 女流
BV1F8BYBxEkG,2025-12-26,菠神：和女邻居一起看完鬼灭之后，她就一直喊我：老婆！,中山桥大霸,2:15,石大壮 女流
BV1YxBaBuE2z,2025-12-26,日本將棋女流棋士呼籲修改懷孕生產規定 _ NHK WORLD-JAPAN News - 夸克 2025-12-26 12-51-40,薄刃澄美_已故之人,0:38,女流 2025
BV1MVBYBTEze,2025-12-26,女流66_体验今天上线的仙境传说：重生_2025-12-25_18-15-18,笨蛋雪人像素头,137:21,女流 抖音|女流 2025
BV13gBYBuEnt,2025-12-26,【女流66】朵朵性格上像炮炮也不错，从不内耗，他那天直播状态不好，打不好老死，一定是因为昨天泡澡水太凉了~,服部平次,8:34,女流 直播
BV1UzBoBiEQt,2025-12-26,小菠开播哭泣，呜呜呜～真是太想大家了!,账号已注销,2:40,石大壮 女流
BV1QjBZB3EMb,2025-12-26,女流的奶奶看YJJ直播：泡泡疯了😅,爆了TV,6:50,女流 直播
BV1NFBRBxED2,2025-12-25,【女流66】开播聊天、玩《仙境传说：重生》公测，12.25直播录像弹幕版~,服部平次,137:39,女流 直播
BV17tBQBzEDD,2025-12-25,【女流66】爷爷奶奶看YJJ直播被惊吓 偷一打一路边一：炮炮他疯了！狂薅自己头发！,恶龙炮OvO,7:4,女流 直播
BV1viBQBPE7E,2025-12-25,【女流-66 直播录像】2025.12.24游戏:《仙境传说：重生》❤弹幕版❤（女流66）直播录像回放,数码3C小子,137:31,女流 直播|女流 回放|女流 2025
BV1LiBQBPEmY,2025-12-25,【女流66】奶奶给我妈打紧急电话，说看炮炮直播他疯啦，又掐脸，又薅头发,不懒bot,2:35,女流 直播
BV1HWBQBGEsN,2025-12-25,【女流66】【2025-12-25】[体验今天上线的仙境传说：重生],bobi华,137:19,女流 直播|女流 2025
BV1PoBQBSEnU,2025-12-25,停播后很有生活啊！菠神：我车呢？交警：你猜！,中山桥大霸,1:39,石大壮 女流
BV13yBQBZEP8,2025-12-25,【弹幕版】【体验今天上线的仙境传说：重生】【2025-12-25】【女流66】,直播回放巴拉蹦吧,138:7,女流 直播|女流 回放|女流 2025
BV18mBQBdEWi,2025-12-25,【女流66】笑不活了！奶奶看炮炮直播，给我妈打紧急电话：炮炮啊他疯啦，一直抓自己的脸，还薅自己头发！~,服部平次,9:29,女流 直播
BV1u2BQB4EBz,2025-12-25,【纯净版】【体验今天上线的仙境传说：重生】【2025-12-25】【女流66】,直播回放巴拉蹦吧,138:7,女流 直播|女流 回放|女流 2025
BV1tSBQBsEUC,2025-12-25,看见YJJ就烦？菠神：年纪小不懂事啊！,中山桥大霸,1:29,石大壮 女流
BV19EBXBeErj,2025-12-25,菠神：感觉生完小孩后，66姐和炮炮都变了！,中山桥大霸,1:42,石大壮 女流
BV1v7BXBKE5W,2025-12-25,菠菠：我的外卖被连续偷了三天！罪魁祸首有点难崩！,中山桥大霸,5:47,石大壮 女流
BV1XHBXBaEsm,2025-12-25,菠菠哭惹！好久没播了！真是太想大家了！,中山桥大霸,2:46,石大壮 女流
BV1GWBXBwEXY,2025-12-25,菠神：这辈子忘不了C哥的EZ和金甲啊!,账号已注销,1:2,石大壮 女流
BV1AABXB1EgB,2025-12-25,菠菠：壮壮是不是“男童”啊？和每个男同胞都私下交流，哈哈!,账号已注销,1:26,石大壮 女流
BV1KQBSBLEiH,2025-12-25,菠神：尹汇川你为什么老是针对我?,账号已注销,3:13,石大壮 女流
BV1V7BjB8ETM,2025-12-24,【麻雀】第20期女流桜花決定戦優勝は清水香織！2025.12.24,fan_mahjong,1:33,女流 2025
BV1PQBLB7Erk,2025-12-24,两男一女流落荒岛，他们到底能不能活下去？2,小可龙说剧,1:47,女流 2025
BV1smBVBGEzA,2025-12-24,战锤3——高速、超低战损攻城战——女流氓迪卡菈血张力拉满,bk66666,7:23,女流 直播
BV1rpBKBLELC,2025-12-23,菠神买小土狗花了1W多?直言：不敢说，怕大家觉得我是傻呗!,账号已注销,3:22,石大壮 女流
BV1PYBNBSEUF,2025-12-23,菠神：真有人是把主播搞破防，自己就会很爽吗？,账号已注销,1:46,石大壮 女流
BV1fKB8B5E1d,2025-12-23,五男两女流落荒岛，遭遇各种巨型怪物,八卦扒综,1:30,女流 2025
BV1EMBtBKE46,2025-12-22,【壮壮】复盘承德醉酒吹气球，拉着商务大哥和小小桃纸死磕，内蒙水龙王仰天长吐，C哥豪横用茅台洗烟灰缸~,服部平次,40:31,石大壮 女流
BV16ZBsBPESF,2025-12-22,菠神：现在大部分商务都是会被他们内部人员吃回扣!,账号已注销,2:46,石大壮 女流
BV1peBxBzESn,2025-12-22,朋友们极致的嘴臭，直播间直接全被拿下!哈哈!,账号已注销,2:16,女流 直播|石大壮 女流
BV1LkBHBmE4Q,2025-12-22,菠菠：“女神”2个字用在我和崔崔身上，感觉好奇怪啊!,账号已注销,2:11,石大壮 女流
BV1nxBJBDEfE,2025-12-22,女流66[2025-11-14 18-57-12][使命召唤],沧溟行客_,95:14,女流 直播|女流 2025
BV1YFBJBBEsu,2025-12-21,2025年魂上位女流雀王战决赛第一半庄,魂上文化,67:15,女流 2025
BV1awBJBMEZ9,2025-12-21,2025年魂上位女流雀王战决赛第三半庄,魂上文化,59:45,女流 2025
BV1eoBEB6EUy,2025-12-21,2025年魂上位女流雀王战决赛第二半庄,魂上文化,83:4,女流 2025
BV1GQqSBHE7n,2025-12-21,菠：上次看见有人嗑我和壮壮的CP，啊？离谱了奥!,账号已注销,2:20,石大壮 女流
BV1FGqUBFEUx,2025-12-21,朋友们欢声笑语!菠：谁送我个游戏?瞬间鸦雀无声!,账号已注销,2:3,石大壮 女流
BV1v9qyByECD,2025-12-21,震惊！年度报告全年3400小时直播,监学家,3:48,女流 直播
BV14cqzB1EWZ,2025-12-20,菠神:朋友们一起洗澡真的不会觉得尴尬吗？,账号已注销,3:1,石大壮 女流
BV1jpqzBhEro,2025-12-20,菠神:我举报啊!崔崔老是喜欢咬我!,账号已注销,2:51,石大壮 女流
BV17JqzBYEja,2025-12-20,女流66：主播，这是什么游戏？2025-12-17,贪心小狮子,152:34,女流 2025
BV1aoqQBdEHX,2025-12-18,泡泡去新平台直播很带劲，太刺激了!,账号已注销,1:42,女流 直播|石大壮 女流
BV18UqpBzEgq,2025-12-18,66姐：YJJ说话像放屁，不听他的承诺了!哈哈!,账号已注销,1:12,女流 直播|石大壮 女流
BV1ogqGB9Ex4,2025-12-18,日本将棋連盟が「妊娠不戦敗」規定を削除　福間女流六冠「少し前進」【知っておきたい！】【グッド！モーニング】(2025年12月17日),高大大日语工作室,1:51,女流 2025
BV1bxqHBvESv,2025-12-18,66姐：壮壮不笨的，上学的时候老师说他比我聪明!,账号已注销,0:57,石大壮 女流
BV1BTqHBmEaH,2025-12-18,姐姐开始给朵朵进行规划，竟是这种?好好好!,账号已注销,2:36,石大壮 女流
BV1UBqEBfEdY,2025-12-18,女流66_主播_这是什么游戏_2025-12-17_18-16-23,笨蛋雪人像素头,151:28,女流 抖音|女流 2025
BV1gXqLBXEUB,2025-12-18,【女流66】炮炮不再熬夜，转头跟XDD玩游戏，说话跟放屁一样，来抖音炮炮的直播状态,不懒bot,4:45,女流 直播|女流 抖音
BV1psqVBPEVh,2025-12-17,【女流66】开播聊天、玩卡普空新作《虚实万象 Pragmata》、音乐节奏游戏《啵点节奏 Bits &amp; Bops》，12.17直播录像弹幕版~,服部平次,151:44,女流 直播
BV1scq5BzEBL,2025-12-17,【女流66】朵朵长大了得多开心，未来玩的游戏都规划好了，让壮壮辅导朵朵作业，小苏打复仇计划~,服部平次,8:5,石大壮 女流
BV1KZqVBrE6o,2025-12-17,女流：最近給小孩选东西，感觉自己觉醒了另外的人格!,账号已注销,1:50,石大壮 女流
BV1cTq5BvEML,2025-12-17,【女流-66】2025.12.17《虚实万象》◇弹幕版●（女流66）直播录像回放,数码3C小子,152:30,女流 直播|女流 回放|女流 2025
BV1WPq5BqEcA,2025-12-17,孩子离不开我?66姐：其实更多点是我离不开孩子!,账号已注销,0:41,石大壮 女流
BV1M9qVB5EQz,2025-12-17,【女流66】《啵点节奏 Bits &amp; Bops》类节奏天国游戏【弹幕版】12.17女流完整直播录像,不懒bot,164:49,女流 直播
BV1Gxq5BpETR,2025-12-17,【女流66】聊YJJ在抖直播状态 兴奋！观众起伏勾起了炮炮的干劲！,恶龙炮OvO,2:50,女流 直播
BV1D8q5BUEkv,2025-12-17,【女流66】谈炮炮刚到小风车，好多年直播没这么兴奋了，玩的就是心跳，说一句话噌上2000人，上个厕所嘭掉3000~,服部平次,5:25,女流 直播
BV1Z5q5BfEaT,2025-12-17,【女流66】【2025-12-17】[主播_这是什么游戏],bobi华,152:22,女流 直播|女流 2025
BV1cgq5BYE79,2025-12-17,【弹幕版】【主播，这是什么游戏？】【2025-12-17】【女流66】,直播回放巴拉蹦吧,152:44,女流 直播|女流 回放|女流 2025
BV1fGq5BcEAn,2025-12-17,【纯净版】【主播，这是什么游戏？】【2025-12-17】【女流66】,直播回放巴拉蹦吧,152:44,女流 直播|女流 回放|女流 2025
BV1FGq5BwEzG,2025-12-17,【女流66】《PRAGMATA》虚实万象/识质存在Demo试玩，卡普空新作【弹幕版】12.17女流完整直播录像,不懒bot,140:4,女流 直播
BV1ojq5BtE97,2025-12-17,【女流66】谈33号远征队TGA大满贯，拿那么多奖我蛮震惊的！岛哥哥领奖台都没上？还不如去颁奖呢！~,服部平次,4:58,女流 2025
BV12YqYB8E4i,2025-12-16,【壮壮】太变态了！燕云十六声加入小小桃纸战斗BGM，还未开战已受重伤，这TM诗人啊？这不会是我三徒弟吧？！~,服部平次,7:21,石大壮 女流
BV1tkq8BdEUx,2025-12-16,水友发来小作文?老爱菠的真情流露了!,账号已注销,2:32,石大壮 女流
BV1iUqhBrEdx,2025-12-16,【东爱璃Lovely】直播是知名女流氓，流氓那么多多我一个又如何,虚拟放送机,1:8,女流 直播|女流 切片
BV1KTqaBbErR,2025-12-16,朵朵爸yjj的成长，来自66姐的夸赞,科目二终结者,0:47,女流 直播
BV1PhqbBLEWY,2025-12-16,【壮壮】回忆高中初恋，出门旅游三天，女朋友和好兄弟在一起了？当时可放心了！弹幕：怪不得你跟C哥玩得好呢！~,服部平次,21:55,石大壮 女流
BV1fYqsB4E3Q,2025-12-15,外国人看女流氓搞笑合集：开场就笑到停不下来！,小峰说世界,3:0,女流 直播
BV1ZeqsBdEe6,2025-12-15,菠神：这泼天的流量没吃上!哎!,账号已注销,1:58,石大壮 女流
BV1xNmqBhEw1,2025-12-14,OneRepublic助阵明日方舟终末地公测!好大的牌面啊终末地,超电磁小鱼,4:34,石大壮 女流
BV1gVmiBTE1f,2025-12-14,菠神：还好没和朋友们一起去户外啊，强度太大了!自己直接倒下!,账号已注销,1:38,石大壮 女流
BV1VHmYBPEkW,2025-12-14,【麻雀】産経新聞社杯争奪 麻雀女流リーグ2025 麻雀女王決定戦優勝は菅原千瑛！2025.05,fan_mahjong,0:46,女流 2025
BV168meB2EEv,2025-12-14,【麻雀】女流プロ麻雀日本シリーズ2025優勝は高宮まり！ 2025.03.30,fan_mahjong,1:59,女流 2025
BV168meB2Eco,2025-12-14,【麻雀】第19期女流桜花決定戦 優勝は清水香織！2024.12.25,fan_mahjong,0:58,女流 2024
BV17UmQBtEg3,2025-12-13,C哥喜欢男的?三哥理想型是童猪?（造谣奥）,账号已注销,2:42,石大壮 女流
BV1SkmXBnEaC,2025-12-13,YJJ抖音首秀有点瓦~生气认真起全装，mk4清图得吃1500w！,恶龙炮OvO,6:11,女流 抖音
BV1Ekm7BeExw,2025-12-12,女流66：TGA游戏颁奖典礼一起看。2025-12-12,贪心小狮子,205:43,女流 直播|女流 切片|女流 2025
BV1zHmjBFEeL,2025-12-12,喂 壮壮 有大事！ 26年1月22号 明日方舟终末地公测了【女流切片】,五十块芝士卷,0:58,女流 切片
BV1ZJmjB8EoZ,2025-12-12,【女流-66】2025.12.12 《TGA2025 年度游戏颁奖》◇弹幕版●（女流66）直播录像回放,数码3C小子,205:29,女流 直播|女流 回放|女流 2025
BV16JmjBhEHX,2025-12-12,菠萝赛东：像C哥这样整天把爱挂在嘴边，“渣男”来的!,账号已注销,5:11,石大壮 女流
BV1wRmjBqEQC,2025-12-12,【女流66】一起看《TGA2025》颁奖典礼【弹幕版】12.12女流完整直播录像,不懒bot,411:19,女流 直播|女流 2025
BV1romjBNEC2,2025-12-12,【女流66】看《影之刃零》TGA 定档宣传片，斩断情仇之刃！怎么还要9个月，但是有盼头了！~,服部平次,4:52,女流 2025
BV1DvmjBJEk6,2025-12-12,3dm总监：突发意外！TGA公布年度游戏后中断直播！33号远征队大满贯，拿下10个大奖！,监学家,2:50,女流 直播
BV1DvmjBJEBC,2025-12-12,【女流66】看《影之刃零》TGA 定档宣传片2026年9月9日发售，有盼头了,旧炉新火,4:48,女流 直播|女流 2025|女流 2026
BV1TkmjB1Ew6,2025-12-12,【女流66】看影之刃零预告：9.9！怎么还要九个月！,恶龙炮OvO,4:36,女流 直播
BV19tm5BjEHj,2025-12-12,【弹幕版】【TGA游戏颁奖典礼一起看】【2025-12-12】【女流66】,直播回放巴拉蹦吧,205:15,女流 直播|女流 回放|女流 2025
BV19sm5BEELi,2025-12-12,【纯净版】【TGA游戏颁奖典礼一起看】【2025-12-12】【女流66】,直播回放巴拉蹦吧,205:15,女流 直播|女流 回放|女流 2025
BV1Rsm5BEEQa,2025-12-12,【女流66】【2025-12-12】[TGA游戏颁奖典礼一起看],bobi华,205:19,女流 直播|女流 2025
BV1Gxm5BUEfi,2025-12-12,【女流66】 TGA游戏颁奖典礼一起看-084309-20251212直播回放,正在录像,205:19,女流 直播|女流 回放|女流 2025
BV1AKm5BaExt,2025-12-12,TGA2025最佳独立游戏《光与影：33号远征队》,科目二终结者,0:30,女流 2025
BV16Lm5BxETi,2025-12-12,【女流66】一起看TGA2025年度游戏大选，12.12直播录像弹幕版~,服部平次,205:10,女流 直播|女流 2025
BV1nsm3BQEDT,2025-12-11,你心中的2025TGA年度最佳游戏是谁，究竟花落谁家,科目二终结者,1:16,女流 2025
BV1VimuBiEmH,2025-12-11,66姐爱不释手（是炮神不是猪头肉），yjj现身直播间，迎来66姐爱的抚摸,科目二终结者,0:12,女流 直播
BV1BMmgByEc4,2025-12-11,C哥倾情演绎《偏爱》前奏响起，回忆上头!,账号已注销,3:46,石大壮 女流
BV1K8mMBQEVY,2025-12-11,菠神：我的抽象老爹啊!直播效果全是遗传啊!,账号已注销,3:54,女流 直播|石大壮 女流
BV1oNmKBFETV,2025-12-11,【女流66】武陵城门口的演出太好看了吧！女流直接问壮壮能不能拥有庄方宜!,虎式震鲸,2:17,女流 直播|女流 切片|石大壮 女流
BV1WQmtBMEvM,2025-12-10,菠神：再也不和父母一起旅游了!是来睡觉的还是来旅游的说是!哈哈!,账号已注销,1:59,石大壮 女流
BV1Y5mbBpEbG,2025-12-10,菠神谈偶遇社牛男大，被强行加V!,账号已注销,4:23,石大壮 女流
BV1yTmtBME9p,2025-12-10,【女流66】42姐首战，特效动作很炫酷，但是队友等级太低被秒了,虎式震鲸,1:48,石大壮 女流
BV1zCmJBrEoH,2025-12-09,“做的真好啊！咱都有一些原创的风格！”女流初到武陵城外发出感慨,虎式震鲸,1:15,女流 直播|女流 切片|石大壮 女流
BV1TGmnBQEJZ,2025-12-09,菠神：一家人出去旅游，我就是女仆河行走的钱包!,账号已注销,2:4,石大壮 女流
BV1qj2QBxEfx,2025-12-09,【女流和壮壮】玩终末地，这模型和cv也太棒了！然后被壮壮忽悠氪金抽卡了,虎式震鲸,1:28,女流 直播|女流 切片
BV1oa2UBmEEq,2025-12-09,十年直播生涯，面临重新抉择，虽然是新道路，但是有66姐在，fighting,科目二终结者,1:39,女流 直播
BV1JE2kBPEYD,2025-12-08,【壮壮】去北京看朵朵，只要朵朵一哭，四面八方骑士聚集，炮炮不在斗鱼直播了，我成孤家寡人了~,服部平次,7:0,女流 直播|石大壮 女流
BV1fo26BbEik,2025-12-08,壮壮谈小时候被姐姐摔哭，现在都不敢抱朵朵，哈哈!,账号已注销,3:3,石大壮 女流
BV1ok2rBZEQm,2025-12-08,姐姐谈是怎么和壮壮认识的!,账号已注销,2:45,石大壮 女流
BV1oo2BBDEEq,2025-12-08,壮壮开始去健身房，还开始打扮自己，姐姐：你不对劲!,账号已注销,3:13,石大壮 女流
BV1eA2zB2Ec1,2025-12-08,姐弟同款!壮壮咋嫩瘦了？郭冬临，林俊杰说是!,账号已注销,2:27,石大壮 女流
BV1GcmFBzEME,2025-12-07,哥当起了红娘，要给壮壮介绍对象，让壮壮感受一下江浙沪独生女的含金量,人间观丶观主,6:15,石大壮 女流
BV1Kg2ZBREoc,2025-12-07,菠神谈自己早年直播上厕所忘关麦克，尴尬的一!,账号已注销,1:55,女流 直播|石大壮 女流
BV1YE2fBME21,2025-12-07,弹幕好奇：为什么66姐这么喜欢陶喆，直播一直循环播放，顿时思绪拉到北大时期，开始古早回忆。,科目二终结者,1:43,女流 直播
BV1N42RBjEJ1,2025-12-07,66姐有娃后，壮壮作为舅舅一日不见甚是想念，大包小包进门就是喊朵朵,科目二终结者,1:27,石大壮 女流
BV13V2XB7E1H,2025-12-06,【女流66】和壮壮玩《明日方舟：终末地》全面测试，12.6直播录像弹幕版~,服部平次,202:18,女流 直播|石大壮 女流
BV1nQ2QBaE5U,2025-12-06,【女流-66】2025.12.06 游戏:《终末地》◇弹幕版●（女流66）直播录像回放,数码3C小子,202:42,女流 直播|女流 回放|女流 2025
BV1HD2QBAESp,2025-12-06,游戏里居然有大学城？社区定点单位？ 便民服务中心？【女流切片】,五十块芝士卷,1:32,女流 切片
BV1fi2XBhEeL,2025-12-06,【弹幕版】【来终末地武陵转转】【2025-12-06】【女流66】,直播回放巴拉蹦吧,202:56,女流 直播|女流 回放|女流 2025
BV1s42XBBEx2,2025-12-06,【女流66】壮壮去健身房后，变得爱拾掇了，越听越不对劲！我从来没提过，驾校教练是咱们家表叔~,服部平次,8:42,石大壮 女流
BV11x2XBuEUG,2025-12-06,女流：终末地的赛博国风太惊艳了 而且步移景异 徐徐展开的感觉【女流切片】,五十块芝士卷,1:7,女流 切片
BV1QQ2XBnEKw,2025-12-06,女流初试终末地 抽到42了赶紧试一下 这技能太帅了吧！,袜师傅CC,1:8,女流 切片|石大壮 女流
BV1QX2XBSE5q,2025-12-06,【女流66】和壮壮回忆童年，你很在意我摔过你这件事吗？当时你掉地之后巨安静，然后爆发出嘶吼性的哭声~,服部平次,7:10,石大壮 女流
BV1Mf2XB2E6c,2025-12-06,【女流66】【2025-12-06】[来终末地武陵转转],bobi华,202:26,女流 直播|女流 2025
BV1Ez2XB8EEZ,2025-12-06,【纯净版】【来终末地武陵转转】【2025-12-06】【女流66】,直播回放巴拉蹦吧,202:56,女流 直播|女流 回放|女流 2025
BV1RC2XBdErn,2025-12-06,女流和壮壮初试终末地 建模CV这么顶级？都是我的菜！,袜师傅CC,1:29,女流 切片|石大壮 女流
BV1Zz2XBbEU2,2025-12-06,【女流66】跟壮壮玩《明日方舟：终末地》全面测试【弹幕版】12.06女流完整直播录像,不懒bot,202:41,女流 直播
BV1Zn29BhEeg,2025-12-06,女流玩终末地 壮壮对着别礼直言不讳 女流笑的说不出话来【女流切片】,五十块芝士卷,0:44,女流 切片
BV1SC2WBPEPs,2025-12-06,【女流-66】2025.12.05 游戏:《休闲小游戏》《逃离鸭科夫》◇弹幕版●（女流66）直播录像回放,数码3C小子,108:3,女流 直播|女流 回放|女流 2025
BV1R42HBTESs,2025-12-06,泡泡真是直播上瘾，停播了开始唱《煎熬》,账号已注销,1:46,女流 直播|石大壮 女流
BV1jN2pB3Eem,2025-12-06,女流66_你我的游戏时光_2025-12-05_20-17-40,笨蛋雪人像素头,106:11,女流 抖音|女流 2025
BV1BN2pB3EFz,2025-12-06,【女流66】自从有了朵朵之后，壮壮每月都往北京跑，戴一大黑框眼镜跟野比大雄似的，朵朵就喜欢盯着他大脸看，记忆点太足了~,服部平次,5:4,石大壮 女流
BV1M72EB2E4M,2025-12-06,【弹幕版】【你我的游戏时光】【2025-12-05】【女流66】,直播回放巴拉蹦吧,108:2,女流 直播|女流 回放|女流 2025
BV1Rr2EBFEoH,2025-12-06,【纯净版】【你我的游戏时光】【2025-12-05】【女流66】,直播回放巴拉蹦吧,108:2,女流 直播|女流 回放|女流 2025
BV1xC2JBmECq,2025-12-06,【女流66】听YJJ唱煎熬，他一天不直播浑身煎熬~,不懒bot,2:30,女流 直播
BV1Ev2jB4EPg,2025-12-05,【女流66】【2025-12-04】[你我的游戏时光],bobi华,107:27,女流 直播|女流 2025
BV1RB2jBWEeV,2025-12-05,【女流66】发现YJJ不正常：他唱了一天《煎熬》 好像直播瘾犯了！,恶龙炮OvO,2:0,女流 直播
BV1CP27BiEdS,2025-12-05,【女流66】跟YJJ玩《逃离鸭科夫》PVE俯视角撤离射击游戏【弹幕版】12.05女流完整直播录像,不懒bot,121:34,女流 直播
BV1xr27B3Exk,2025-12-05,【女流66】继续玩《A Little to the Left》强迫症解压整理游戏【弹幕版】12.05女流完整直播录像,不懒bot,93:43,女流 直播
BV17R27BaEbo,2025-12-05,女流66：不是强迫症玩不了的游戏。2025-12-4,贪心小狮子,152:56,女流 直播|女流 切片|女流 2025
BV16s25BxEFF,2025-12-05,三角洲销冠YJJ 女流:你还我钱! 女流普坝出量子存储 新手在操作老手在学习! 打一把就歇炮神夺舍直播间失败over,Hason01,11:4,女流 直播
BV1oh25BnECb,2025-12-05,YJJ把老婆的电脑搞坏之后成功把自己电脑也搞出问题了2025年12月4日,DChao_,30:54,女流 直播|女流 2025
BV1gf23BvEjk,2025-12-05,【女流-66】2025.12.04 游戏:《休闲小游戏》《三角洲行动》◇弹幕版●（女流66）直播录像回放,数码3C小子,252:37,女流 直播|女流 回放|女流 2025
BV1Z32BBHEMa,2025-12-05,女流66_不是强迫症玩不了的游戏_2025-12-04_19-11-19,笨蛋雪人像素头,250:19,女流 抖音|女流 2025
BV1pf2vBXEkG,2025-12-04,【女流66】跟YJJ玩《三角洲行动》抽枪皮，遇到ACE扫盘,不懒bot,92:38,女流 直播
BV11Y2iBbEgP,2025-12-04,【弹幕版】【不是强迫症玩不了的游戏】【2025-12-04】【女流66】,直播回放巴拉蹦吧,254:12,女流 直播|女流 回放|女流 2025
BV1YJ2iBuEpi,2025-12-04,【女流66】【2025-12-04】[不是强迫症玩不了的游戏],bobi华,223:0,女流 直播|女流 2025
BV1Sx2iBPEV5,2025-12-04,【女流66】满足YJJ启动三角洲摄像头画面卡撕裂了,正在录像,9:43,女流 直播|女流 回放
BV17K2eBgEsz,2025-12-04,【纯净版】【不是强迫症玩不了的游戏】【2025-12-04】【女流66】,直播回放巴拉蹦吧,254:12,女流 直播|女流 回放|女流 2025
BV1EP2eBrEQZ,2025-12-04,【女流66】和炮炮玩强迫症解压游戏《A Little to the Left》&amp; 三角洲行动，12.4直播录像弹幕版~,服部平次,251:45,女流 直播
BV1wR2YBmEdb,2025-12-04,【女流66】跟YJJ玩《A Little to the Left》强迫症解压整理游戏【弹幕版】12.04女流完整直播录像,不懒bot,305:0,女流 直播
BV1bN2vBfENk,2025-12-04,菠神：要和面神一直在一起，就算以后结婚了，直接把她老公也拉来!,账号已注销,1:53,石大壮 女流
BV1QG2aB4Ee3,2025-12-04,【YJJ】有缘千里来相会,Hason01,13:30,女流 直播
BV11T2YBSEfo,2025-12-04,菠神和妹妹玩恐怖游戏，直接吓的跪到了爸爸的脚上说是!,账号已注销,2:39,石大壮 女流
BV13B2YBbEg7,2025-12-04,菠神：很多次想线下单杀C哥，老是被他搞破防!,账号已注销,3:21,石大壮 女流
BV1p32hBuETp,2025-12-04,菠神：下播会给朋友们开小会，大多是自我反省!,账号已注销,2:4,石大壮 女流
BV1WJ2xBbERB,2025-12-03,【AG酒馆 UU】UU惨遭职场偷拍霸凌，底裤都被看光了，一群女流氓😭·2025-12-03,Sora酱_小瑶专属版,2:18,女流 直播|女流 2025
BV1vi2xB2Emp,2025-12-03,菠神：艾尔是个好人，但是不会和他一起玩游戏!,账号已注销,1:24,石大壮 女流
BV1wZShBUEzm,2025-12-03,布姐迟到?C：我直接去举报她的直播间，我上面有人!,账号已注销,3:39,女流 直播|石大壮 女流
BV1QqShBwESx,2025-12-03,一到辱菠环节，大家是根本停不下来啊!,账号已注销,2:28,石大壮 女流
BV1C2S4BzEiL,2025-12-02,C哥嘲讽崔崔商单报价低，崔：难不成你比菠神还高?你是?,账号已注销,2:25,石大壮 女流
BV1QNSxBUEUV,2025-12-02,女流66-2025年11月28日，江山北望立个称霸的小目标_202511281944,ww540530281,114:0,女流 直播|女流 2025
BV1DTSWBzEGT,2025-12-02,菠神：咋@我的都是关于河马的视频啊？,账号已注销,1:25,石大壮 女流
BV1oQSpBSERw,2025-12-02,壮壮：给你看个好东西：《我是逆蝶》!,账号已注销,1:11,石大壮 女流
BV1dZSpB1EA4,2025-12-02,菠神谈这辈子最大的投资!养老有保证了!,账号已注销,1:54,石大壮 女流
BV1B4SkBBEwy,2025-12-01,菠神：Steam游戏多的一!要不买每月抽舰长绑定家属?弹幕：妈妈!妈妈!,账号已注销,2:3,石大壮 女流
BV1kMSBBNEHG,2025-11-30,女流66：闲聊+江山北望：立个称霸的小目标。2025-11-28,贪心小狮子,211:6,女流 直播|女流 切片|女流 2025
BV17YSvBHE9f,2025-11-30,不合群的C哥，菠：我们三都来魔法了，就差C哥了!,账号已注销,1:30,石大壮 女流
BV156SvB2ES3,2025-11-30,菠神：来来回回就是那几个B游戏，早都玩腻了，速来推荐新游戏!,账号已注销,3:3,石大壮 女流
BV1gRSNBREdd,2025-11-30,姐姐：理解红太狼为啥拿平底锅了!自己也想拿了!,账号已注销,2:58,石大壮 女流
BV1EUSFBWEZU,2025-11-29,女流：感觉产后脑力下降了，玩游戏时还莫名其妙掉眼泪!,账号已注销,1:11,石大壮 女流
BV1YjUZBqEwR,2025-11-29,女流66直播《江山北望》片段：有妻如此 夫复何求？,未尽歌未竟,12:41,女流 直播
BV1zrUZBnEpu,2025-11-29,女流66_江山北望：立个称霸的小目标_2025-11-28_18-10-43,笨蛋雪人像素头,208:10,女流 抖音|女流 2025
BV1AvUZBxECk,2025-11-29,姐姐：不管泡泡如何选择，都会无条件支持!得妻如此，夫复何求啊!,账号已注销,1:19,石大壮 女流
BV139UdBvEDx,2025-11-29,【女流-66】2025.11.28 游戏:《江山北望》◇弹幕版●（女流66）直播录像回放,数码3C小子,211:0,女流 直播|女流 回放|女流 2025
BV1s3SJBnEQ8,2025-11-29,【女流66】上次YJJ不关门，直播间大声吼他，让大伙监督,不懒bot,5:30,女流 直播
BV13ESnBvERA,2025-11-29,【女流66】炮炮不直播在干嘛？在家跟个大毛毛虫似的！前两天壮壮来带娃，朵朵成功捕获舅舅一只~,服部平次,8:20,女流 直播|石大壮 女流
BV1yhSnBxEkx,2025-11-28,【弹幕版】【江山北望：立个称霸的小目标】【2025-11-28】【女流66】,直播回放巴拉蹦吧,210:55,女流 直播|女流 回放|女流 2025
BV1YYS7BtEJQ,2025-11-28,【女流66】上次炮炮不关门大喊大叫，我在直播间大声吼他，大伙听到就能一起监督他，你看我多聪明！~,服部平次,6:32,女流 直播|女流 2025
BV1weSEB2EUp,2025-11-28,【女流66】继续玩名利游戏团队新作《江山北望》3-5章，11.28直播录像弹幕版~,服部平次,210:20,女流 直播
BV1QZSEBFESZ,2025-11-28,【纯净版】【江山北望：立个称霸的小目标】【2025-11-28】【女流66】,直播回放巴拉蹦吧,210:55,女流 直播|女流 回放|女流 2025
BV1uASJBoExM,2025-11-28,【女流66】【2025-11-28】[江山北望：立个称霸的小目标],bobi华,206:1,女流 直播|女流 2025
BV1xKSJB9EFw,2025-11-28,【女流66】聊YJJ休息状态 他会忍不住直播的，现在带朵朵看金鱼，多种秋衣混着穿！,恶龙炮OvO,3:3,女流 直播
BV1eQSEBPEuT,2025-11-28,【女流66】《江山北望》第3-5章 国产权谋真人互动影游 隐形守护者团队新作【弹幕版】11.28女流完整直播录像,不懒bot,421:8,女流 直播
BV1L1SjBhEU3,2025-11-28,菠神：感觉父母给我生了个小孩啊，为妹妹操碎了心!,账号已注销,1:59,石大壮 女流
BV1KcSLBkE5e,2025-11-28,菠菠展示与C哥聊天记录，合伙骗兄弟们呢？,账号已注销,3:55,女流 直播|石大壮 女流
BV1pXSMBXEYz,2025-11-27,小米粥是不是暗恋我啊？羡慕小米粥的退休生活!,账号已注销,1:49,石大壮 女流
BV1pRSMBHEKH,2025-11-27,YJJ直播合同到期  观众水友泪目T.T 小炮食堂休业半月,恶龙炮OvO,2:9,女流 直播
BV1RoUzB4EVk,2025-11-27,何去何从？YJJ十年直播九年斗鱼，老婆也是在斗鱼找的  临近续约将休息半月！,小恶龙炮,1:49,女流 直播
BV1oXUzBFE2r,2025-11-27,菠菠：分享给崔崔一个好网站，崔崔半天没说话!,账号已注销,1:12,石大壮 女流
BV14rUaBsEEu,2025-11-26,菠菠展示崔崔小时候照片?雀氏像，但不是奥!只是像!不是崔崔自己小时候多照片!,账号已注销,1:29,石大壮 女流
BV12cUaBQEmd,2025-11-26,菠神：错过了和姐姐一起睡觉的机会，可恶啊!,账号已注销,5:33,石大壮 女流
BV1NCUCBXEGL,2025-11-24,壮壮的不要笑挑战！YJJ跑刀给小胖子笑yue了 还抱着酱板鸭下饭！,恶龙炮OvO,15:35,石大壮 女流
BV1pHUKBVE7b,2025-11-23,【东爱璃】谁是女流氓啊！气死我了！我真该去真实这个嚣张的生姜了！,狼羊百合是真的,2:27,女流 切片
BV1mNUwBqEeG,2025-11-23,菠神，三哥：小时候报警抓过自己老爹，真是哄堂大孝啊!,账号已注销,1:13,石大壮 女流
BV1Z4UwBpEHb,2025-11-23,崔崔没穿裤子，还暴露胸肌?怪不得老是被超管警告，哈哈!,账号已注销,2:11,石大壮 女流
BV1HZUwBwEdt,2025-11-23,菠神：有商单找我，都想办法带朋友们一起，他们赚钱了，就会一直播，就能一起一直玩游戏了!,账号已注销,1:42,女流 直播|石大壮 女流
BV1AQUpBoERD,2025-11-22,布姐逆天发问，不是，这真是人类吗？,账号已注销,1:40,石大壮 女流
BV186UVBVEJC,2025-11-21,女流66：闲聊+江山北望：立个称霸的小目标,贪心小狮子,145:31,女流 直播|女流 切片
BV1EpUVBdExA,2025-11-21,【黑丝，让人趋之若鹜，男舰长的黑丝，更是美妙！】,江映瑜,0:41,女流 切片
BV1FByMBvEHP,2025-11-21,壮壮：和女生聊天没想法!姐姐：怎么会这样呢？,账号已注销,1:11,石大壮 女流
BV1wvyMBqEEN,2025-11-21,姐姐谈被水友找上门，还是蛮害怕的当时，还好有壮壮!,账号已注销,0:37,石大壮 女流
BV19pyABgEF9,2025-11-20,【女流66】谈以前狂热水友敲门送花，被壮壮教育走了，老大还没看过朵朵，有机会我就带朵朵去天津找他~,服部平次,4:58,石大壮 女流
BV1H4yPB4EeQ,2025-11-20,【女流66】自从有了孩子以后，家里亲戚开始集火壮壮，那要是当我的弟妹，我们两个一起暴打壮壮~,服部平次,6:0,石大壮 女流
BV1hMyPBzEVr,2025-11-20,【女流66】【2025-11-20】[江山北望：立个称霸的小目标],bobi华,145:16,女流 2025
BV15CyPB1E6F,2025-11-20,【弹幕版】【江山北望：立个称霸的小目标】【2025-11-20】【女流66】,直播回放巴拉蹦吧,146:18,女流 回放|女流 2025
BV1jQycBkEVs,2025-11-20,【纯净版】【江山北望：立个称霸的小目标】【2025-11-20】【女流66】,直播回放巴拉蹦吧,146:18,女流 回放|女流 2025
BV1FKycB5E3C,2025-11-20,姐姐：和YJJ说话不太好使，打字舅好使，什么情况？,账号已注销,1:48,石大壮 女流
BV12DyFBWEph,2025-11-20,66姐谈产后抑郁方面，自己还好，主要有很多窗口!,账号已注销,1:22,石大壮 女流
BV1ZfCdBaE8Q,2025-11-20,女流66_今天当个天龙手游轻松掌门_女流学姐的养成经济学_2025-11-19_18-16-49,笨蛋雪人像素头,106:17,女流 抖音|女流 2025
BV1QEyHBRE3U,2025-11-20,【女流66】炮炮大脸出现吓哭朵朵，给他一个扫堂腿加过肩摔！朵朵长得像炮炮，眼睫毛身高随我，弹幕：智商要随姐姐！~,服部平次,7:12,石大壮 女流
BV1DnyHBWESB,2025-11-20,【女流66】发工资让炮炮全职带娃？YJJ入门手册，相互文字交流,不懒bot,7:50,女流 切片
BV1HnypBVEB5,2025-11-19,【女流66】弹幕提议给炮炮发工资，让他全职带娃，66谈YJJ入门手册，口头说听不见，打字给他就能做到~,服部平次,9:42,石大壮 女流
BV18NypBWEvx,2025-11-19,【女流66】家里有可靠的阿姨，装了三个APP专门看着朵朵，在直播都能知道她什么时候哭,不懒bot,6:9,女流 切片
BV1q8ypBTE2h,2025-11-19,【女流66】【2025-11-19】[今天当个天龙手游轻松掌门_女流学姐的养成经济学],bobi华,106:48,女流 2025
BV15MyJBREcA,2025-11-19,629458933女流66，抖音,ww540530281,53:8,女流 抖音
BV1Y5yJBDEGv,2025-11-19,女流：准备让泡泡取名的，他说叫：何香菇，还是算了!,账号已注销,1:49,石大壮 女流
BV19VyJBHEFW,2025-11-19,66姐小孩出生，壮舅和菠姨值得信赖!,账号已注销,1:7,石大壮 女流
BV188y5BNEWL,2025-11-18,【壮壮】无意间翻到自己一周岁跟姐姐的合照，原来我小时候这么可爱，家里有朵朵了再看到这个，真感觉不一样~,服部平次,3:7,石大壮 女流
BV1uvCYBDEfy,2025-11-17,何以解忧?唯有兰花!C哥醉酒，直言：想小兰花了!,账号已注销,1:56,石大壮 女流
BV1HXCYBMEum,2025-11-17,崔崔：菠神给我分享拉拉的视频，C哥给我分享男娘的视频!,账号已注销,3:10,石大壮 女流
BV1JVCdBPECg,2025-11-16,2025年女流赛第四半庄,一楽馆,68:56,女流 切片|女流 2025
BV1FVCdBNErw,2025-11-16,2025年女流赛第五半庄,一楽馆,69:25,女流 切片|女流 2025
BV1KBC9BuEMg,2025-11-16,2025一楽馆女流赛第一半庄,一楽馆,75:54,女流 切片|女流 2025
BV14BC9BuEVq,2025-11-16,2025年一楽馆女流赛第二半庄,一楽馆,82:2,女流 切片|女流 2025
BV1uYC9BkEMZ,2025-11-16,2025一楽馆女流赛第三半庄,一楽馆,40:39,女流 切片|女流 2025
BV1UvC9BgEFG,2025-11-16,女流66：产后第一次直播，和炮炮以及弟弟玩COD啦,贪心小狮子,144:56,女流 切片
BV1zzC1BvEcV,2025-11-15,【女流66】孩子小名叫朵朵“何香菇”炮炮起的名字，理由爱吃香菇,不懒bot,8:25,女流 切片
BV1cvC1BuEUB,2025-11-15,【女流66】谈炮炮表现，天天对着朵朵傻笑，你家宝爸缺钙~,不懒bot,5:38,女流 切片
BV1riC1BqEW2,2025-11-15,【女流66】产后首播，每天都挺漫长，心态变化挺大的,不懒bot,6:13,女流 切片
BV1kbCCBeEuw,2025-11-15,【弹幕版】【没错，就是使命召唤】【2025-11-14】【女流66】,直播回放巴拉蹦吧,144:18,女流 回放|女流 2025
BV1HgCyBiELM,2025-11-15,【纯净版】【没错，就是使命召唤】【2025-11-14】【女流66】,直播回放巴拉蹦吧,144:18,女流 回放|女流 2025
BV1F9CgBuE8L,2025-11-15,女流66_没错_就是使命召唤_2025-11-14_18-09-24,笨蛋雪人像素头,142:50,女流 抖音|女流 2025
BV1k8C3BCE8i,2025-11-15,【女流66】找老弟聊点刺激的，今年TGA年度游戏，你觉得是谁？丝之歌玩到1/3了，差点把手柄砸了！~,服部平次,2:35,石大壮 女流
BV1ZRCMBfEUk,2025-11-14,【女流66】【2025-11-14】[没错 就是使命召唤],bobi华,143:13,女流 2025
BV1VPCuB9EHr,2025-11-14,【女流66】谈给孩子起名，小名叫朵朵，大名纠结了半年，炮炮想取名“何香菇”，叫了三天没人理他~,服部平次,9:4,石大壮 女流
BV1hDCuBHERK,2025-11-14,【女流66】我回来啦！跟大伙唠唠嗑，和炮炮壮壮玩《使命召唤：黑色行动7》，11.14直播录像弹幕版~,服部平次,144:42,石大壮 女流
BV1UuCTBrEZ7,2025-11-14,着就是你菠神商单多的原因吗？,账号已注销,2:29,石大壮 女流
BV1gUCEByEPn,2025-11-13,【壮壮】星布谷地找咖啡店老板娘告状真情流露：如果你有一个状元姐姐，小时候摔了你一下，你会记恨她吗？~,服部平次,5:1,石大壮 女流
BV1ZQC7BXEHS,2025-11-12,菠菠：东西坏了寄回去返修，半年没动静，昨天给他们骂了一顿，第二天寄了个新的来!,账号已注销,3:25,石大壮 女流
BV1PfCjBFEqK,2025-11-12,菠神科普历史?那真是“唐”完了啊!,账号已注销,2:28,石大壮 女流
BV1AokkBYEXi,2025-11-11,菠菠：不敢走擦边路线啊，怕遇见奇怪的人!,账号已注销,2:49,石大壮 女流
BV1TkkBB4E2m,2025-11-11,菠神请客吃饭，遭个大的!180一瓶的矿泉水干了6瓶!,账号已注销,2:49,石大壮 女流
BV1isCcBTE7C,2025-11-10,2025年11月5日第44期日本女流本因坊战挑战赛决胜局，藤沢里菜VS星合志保，黑中盘胜,哈利路亚十亮,11:49,女流 2025
BV1Pv1DBhE3u,2025-11-08,C哥老是辱菠?菠神：和小时候的小男生一样!,账号已注销,1:26,石大壮 女流
BV1mC1mBtEWU,2025-11-08,菠神和父母开玩笑说喜欢女孩子，父母：也行!哈哈!,账号已注销,1:28,石大壮 女流
BV13a2MB4EY2,2025-11-07,菠神：前几年被父母催生小孩，现在正好没啥事，为啥不出去旅游旅游呢？（冷饭）,账号已注销,2:0,石大壮 女流
BV1A22KBuEjb,2025-11-07,菠神谈阿B和抖在直播方面的区别!,账号已注销,3:28,石大壮 女流
BV14P1fB9End,2025-11-06,菠神谈妹妹以前在学校被欺负，真是可恶啊!,账号已注销,2:48,女流 2025|石大壮 女流
BV13v1fBYEvX,2025-11-06,菠菠：和朋友吵架，一般自己先让步，弹幕：那C哥呢？哈哈!（考古）,账号已注销,2:35,石大壮 女流
BV13v1sBvEuF,2025-11-05,菠神：不敢和黑子对喷啊，我现在的人生很圆满，害怕极端粉丝!,账号已注销,1:20,石大壮 女流
BV1Sj1WBZE3Z,2025-11-05,C萝党只听自己想听的：和C哥互相见过家长了？哈哈（考古）,账号已注销,2:20,石大壮 女流
BV1dA1WBBE2r,2025-11-05,菠神谈营销号恶意带节奏，仔私下找主播要钱!,账号已注销,3:0,石大壮 女流
BV1ut1rBVEJT,2025-11-04,夸一个异性就得在一起吗？不要吝啬自己的夸赞!,账号已注销,2:37,石大壮 女流
BV1ED1rBbErK,2025-11-04,女流66姐：现在的产品更新换代都太快了!,账号已注销,2:1,石大壮 女流
BV1AC1rBNEVK,2025-11-04,20多年没联系的同学，突然发来慰问信息，果然是因为这事!,账号已注销,1:44,石大壮 女流
BV13D1YB4EqU,2025-11-03,想老公了？女流:我又不是恋爱脑!,账号已注销,1:43,石大壮 女流
BV1c41hBKETw,2025-11-03,66姐谈吃石榴过敏，肿成猪头了，真的巨吓人!,账号已注销,2:22,石大壮 女流
BV1wK1aBBEA4,2025-11-03,女流:还有隐私吗？买个房子，几百个装修电话!,账号已注销,1:36,石大壮 女流
BV1Yp1aBoE6h,2025-11-03,66姐爆Steam账号被盗，号里那么多游戏!,账号已注销,1:19,石大壮 女流
BV1eFyfBYEkJ,2025-11-02,女流66:北京的一个车位都顶我们县城的一套房了!,账号已注销,1:49,女流 2025|石大壮 女流
BV13nydBpEUM,2025-11-02,女流66:当兴趣成为工作会失去原本的乐趣吗？,账号已注销,2:36,石大壮 女流
BV178yoBNEZc,2025-11-02,女流66:泡泡太敏感了，和他玩游戏和跟小孩玩一样,账号已注销,1:41,石大壮 女流
BV1hc17B1E3Y,2025-11-01,女流:YJJ收拾收拾还是可以的，浪费了自己的颜值!,账号已注销,1:27,石大壮 女流
BV1521GBzEkW,2025-11-01,姐姐咋和壮壮关系保持的那么好?,账号已注销,1:33,女流 2025|石大壮 女流
BV1dC1GB6E6v,2025-11-01,商务上门?咋发了一堆的自拍?奇怪!,账号已注销,1:2,石大壮 女流
BV1JC1TBKEEc,2025-10-31,咱直播间有南通和啦啦吗？都是直男直女的小把戏吧？,账号已注销,1:44,石大壮 女流
BV14t1TBjE67,2025-10-31,猪猪：这些一听就是女生的ID！,账号已注销,1:32,石大壮 女流
BV1Na1TByE8T,2025-10-31,直接给小菠给哄成胎盘了说是！,账号已注销,1:31,石大壮 女流
BV1fH1PB9ECx,2025-10-31,女流66:很肝的游戏玩起来像上班一样啊!,账号已注销,1:18,石大壮 女流
BV1Lt1PBSEb9,2025-10-31,女流66:有个兴趣爱好相同的弟弟还蛮不错的!,账号已注销,1:55,石大壮 女流
BV1M11PBMEsu,2025-10-31,YJJ:经常挨骂会变笨啊!,账号已注销,2:46,石大壮 女流
BV1yX1PBaEMr,2025-10-31,女流66:小时候辅导壮壮都被气哭了都!,账号已注销,2:7,石大壮 女流
BV1AGyaB6EbW,2025-10-30,C哥成功百万撤离！毛价值过W金项链！,账号已注销,1:47,石大壮 女流
BV1suyaBkEtD,2025-10-30,C哥偷毛生日礼物被菠神逮到！,账号已注销,1:5,石大壮 女流
BV1myyaBmE5C,2025-10-30,菠菠生日拆礼物，C哥上门当模特！,账号已注销,4:21,石大壮 女流
BV1UryaBSEkR,2025-10-30,出大金啦！内蒙王名不虚传！,账号已注销,2:35,石大壮 女流
BV1yDyaBCEgT,2025-10-30,猪猪看菠神拆自己送的礼物！,账号已注销,11:29,石大壮 女流
BV19hyaB4Et3,2025-10-30,拆礼物环节，急需C哥上门啊！,账号已注销,2:37,石大壮 女流
BV1DqyaBpEDr,2025-10-30,打了这么久的窝，是时候收网了！哈哈！,账号已注销,1:27,石大壮 女流
BV1zNyYBPEFJ,2025-10-30,泡泡把直播间搬进卧室，姐姐:哇哇叫，觉都睡不好!,账号已注销,1:11,石大壮 女流
BV1YVyYBZE1Z,2025-10-30,菠菠：朋友们都还是很银翼的！,账号已注销,1:32,石大壮 女流
BV1xWybBvEvT,2025-10-30,采访评论有人说我和泡泡在一起是看上了他的钱!啊？招笑呢？,账号已注销,1:41,石大壮 女流
BV1eSybBmEPc,2025-10-30,女流66:现在入坑新事物太难了!成本太大!,账号已注销,1:41,石大壮 女流
BV1yeyWBpEvo,2025-10-29,猪猪看菠神看生日祝福视频！,账号已注销,9:11,石大壮 女流
BV1C6yWBJEjy,2025-10-29,恭喜壮壮成为神孙！！！,账号已注销,1:38,石大壮 女流
BV1yvyWBQEha,2025-10-29,轰轰和C哥续约海鲜有没有后悔？连后悔的时间都没有！,账号已注销,1:6,石大壮 女流
BV1GnyWBAEcz,2025-10-29,菠菠：我要开始当温柔小女人了！,账号已注销,2:10,石大壮 女流
BV1usyWB8EsS,2025-10-29,猪猪：猴哥复播打《黑神话》怎么说？,账号已注销,0:45,石大壮 女流
BV1v9yWBzE2C,2025-10-29,猪猪：播完黑猴涨了得有几十W的粉丝啊！,账号已注销,0:51,石大壮 女流
BV18NysBwEL6,2025-10-29,猴哥终于复播啦！2号一起杀昏！,账号已注销,1:12,石大壮 女流
BV1QKymBfEGK,2025-10-29,YJJ和石大壮同时掉水里先救谁说是?,账号已注销,3:24,石大壮 女流
BV11FyUBXEUS,2025-10-29,女流66姐谈抖观时计算规则!,账号已注销,0:51,女流 2025|石大壮 女流
BV12KyCBVEva,2025-10-28,猪猪：《凡人》明年真出大电影的话，百分百去支持啊！,账号已注销,1:23,石大壮 女流
BV1kLyCBTEBU,2025-10-28,猪猪：我想给自己买一个小绿瓶啊！,账号已注销,1:15,石大壮 女流
BV1chy6B8Ek4,2025-10-28,舰长活动，奖励又是推广金说是！,账号已注销,1:33,石大壮 女流
BV1Fvy6BoEp3,2025-10-28,猪猪：努力直播赚钱养毛孩子们！,账号已注销,2:30,石大壮 女流
BV1Jey6BtEaY,2025-10-28,猪猪：真是意外，头脑一热啊！但有好好对待！,账号已注销,1:55,石大壮 女流
BV177smzCEXZ,2025-10-27,快追上更新进度了！猪猪：舍不得看完啊！,账号已注销,1:13,石大壮 女流
BV15WsmzzE1t,2025-10-27,韩立脸模也太帅了！这平平无奇？,账号已注销,1:53,女流 2025|石大壮 女流
BV15xsmzMEW8,2025-10-27,《凡人》真可以出个院线大电影吧！,账号已注销,1:51,石大壮 女流
BV1zdsmz2E8f,2025-10-27,猪猪：《凡人》十年之内能更完吗？,账号已注销,1:44,石大壮 女流
BV1hRszzLEZJ,2025-10-26,壮壮三国小知识问答！菠菠：滚滚滚！,账号已注销,2:46,石大壮 女流
BV18fszzkEW7,2025-10-26,童猪前辈穿黑丝？C：都好朋友啊！,账号已注销,2:16,石大壮 女流
BV158s6zHErP,2025-10-26,小婷：菠神赚钱也不容易，别搞她了！,账号已注销,1:56,石大壮 女流
BV13zs6zjEvF,2025-10-26,金钱的魅力，菠菠直接策反猴哥！,账号已注销,2:12,石大壮 女流
BV1zns6ztEjB,2025-10-26,CS饰品惨遭大跳水！,账号已注销,1:44,石大壮 女流
BV1YZxPznEnD,2025-10-26,猪猪：铁胃是怎么练成的？,账号已注销,1:14,石大壮 女流
BV1wzxPzYE2M,2025-10-26,纯是硬造谣啊！关键还有人信了！,账号已注销,1:34,石大壮 女流
BV1C7xNziEvb,2025-10-26,给菠神准备了一大堆的时尚小垃圾当生日礼物啊！（菠神很喜欢）,账号已注销,0:59,石大壮 女流
BV1AMsfzJExf,2025-10-25,CS饰品大跳水，屯的是不是亏麻了？,账号已注销,1:15,石大壮 女流
BV1wusfzUEz6,2025-10-25,小红书在招主播？入驻小红书？,账号已注销,1:51,石大壮 女流
BV1z5sfzLEC5,2025-10-25,来！大声的告诉我：21世纪什么最珍贵？,账号已注销,1:35,石大壮 女流
BV16Gsfz1EHT,2025-10-25,坏！已经开始自己PUA自己了！,账号已注销,2:41,石大壮 女流
BV13wsHzZEGD,2025-10-24,金贝贝：摔断脚的佩琪与炉石区最大女流氓,贪心小狮子,2:32,女流 切片
BV179s3zVEPn,2025-10-23,不要再笑菠菠了！求求了！软妹小婷要笑疯了！哈哈！,账号已注销,2:29,石大壮 女流
BV1iRs3zrEqJ,2025-10-23,很是大胆啊！敢不理我菠皇是吧？,账号已注销,1:54,石大壮 女流
BV1fYsGz1EAt,2025-10-23,直播间观众都跑完了！C：我直接爽吃啊！,账号已注销,2:12,石大壮 女流
BV1J8sGzmER3,2025-10-23,懂菠莫过C啊！精准猜出菠神的举动！,账号已注销,2:35,石大壮 女流
BV1VrsGzgESi,2025-10-23,当整个门派都是韩立的时候！,账号已注销,1:25,石大壮 女流
BV1WpsGzpEw9,2025-10-23,菠神银铃般的笑声，有想我吗？友友们？,账号已注销,2:48,石大壮 女流
BV1WJsGzsEdc,2025-10-23,菠菠：停播的这段时间过的是真惬意啊！,账号已注销,1:38,石大壮 女流
BV1JPsazTESP,2025-10-22,月播主播，大家不会忘记可爱的菠菠吧！,账号已注销,1:21,石大壮 女流
BV1wcsazgE4d,2025-10-22,猪猪批评：看动漫不认真是吧？,账号已注销,1:22,石大壮 女流
BV1frWdzNEQd,2025-10-21,小作坊标准：阿B没有的且正能量的！,账号已注销,2:7,石大壮 女流
BV1JrWdzKEWM,2025-10-21,奶油：不是真正的真草皮我不拉啊！,账号已注销,2:1,女流 2025|石大壮 女流
BV1TxWdzjEBY,2025-10-21,猪猪：必须要拆新手机了，哆来咪叮咚女士明天要来了，哈哈！,账号已注销,2:39,石大壮 女流
BV18nWdzSE3E,2025-10-21,猪猪：看完《凡人》动漫都想去补小说了！,账号已注销,2:11,石大壮 女流
BV1yaWdzGEq7,2025-10-21,猪猪：还好以前没看过《凡人》现在一口气看太爽了！,账号已注销,1:39,石大壮 女流
BV13ZWdzsEcj,2025-10-21,天气一冷，人就开始怠惰了啊！,账号已注销,1:1,石大壮 女流
BV1ucW1zXEDx,2025-10-21,不要找自己和主播的问题，有问题找阿B奥！哈哈！,账号已注销,1:9,石大壮 女流
BV1tAW1zHE6n,2025-10-21,咋突然大降温了？遛狗要被冻死了！,账号已注销,1:20,石大壮 女流
BV1UUWmztEnc,2025-10-20,「第20期女流桜花」2025.10.20 二階堂亜樹 每局一高光系列,安安安雨滴,5:0,女流 2025
BV1ucW1zXEeU,2025-10-20,漫版的韩立建模是不是有点像杨洋？,账号已注销,1:41,女流 2025|石大壮 女流
BV1j2WyzAEft,2025-10-20,极阴岛大师姐：猪老魔申请出战！,账号已注销,1:34,石大壮 女流
BV17CWyzNED4,2025-10-20,《凡人》剧情水？猪猪：没觉得，感觉文戏打戏都很好！,账号已注销,1:22,石大壮 女流
BV1eQWyzfEn6,2025-10-20,猪猪：无形剧透，最为致命啊！,账号已注销,1:55,石大壮 女流
BV15DWyz8EnX,2025-10-20,猪猪：我要是修仙的话，也会带点邪啊！哈哈！,账号已注销,1:43,石大壮 女流
BV1uisPzrEDm,2025-10-19,猪猪：猪猪爱给奶油舔碗，奶油又给猪猪舔碗！,账号已注销,1:25,石大壮 女流
BV1D5sNzyE8W,2025-10-19,猪猪展示舰长三折叠痛伞！,账号已注销,0:59,石大壮 女流
BV17csNzsEPf,2025-10-19,猪猪：感觉自己像街溜子啊！哈哈！,账号已注销,1:14,石大壮 女流
BV1ypWbzYEgG,2025-10-19,小婷为啥叫“S姐”？是因为轰轰是‘M’吗？,账号已注销,1:30,石大壮 女流
BV1TLWbzuE8t,2025-10-19,王菠萝舔狗之歌？真是可可又爱爱！,账号已注销,3:34,石大壮 女流
BV1hDWbz5Ege,2025-10-19,CC夸小姐姐可爱！菠神：咋从来不夸我呢？,账号已注销,1:11,石大壮 女流
BV1CsWbzwEqe,2025-10-18,菠神停播竟是进入了寺庙！你信吗？,账号已注销,1:52,石大壮 女流
BV1zaWbz4Ext,2025-10-18,菠菠：C哥现在这么火？这么多贵宾？,账号已注销,1:4,石大壮 女流
BV1SgWbzrEqD,2025-10-18,神雕侠侣组合说是！,账号已注销,1:11,石大壮 女流
BV11JWbzvEeN,2025-10-18,好好好！自己迟到还刁水友是吧？胖十斤！,账号已注销,1:43,石大壮 女流
BV18QWbzCENm,2025-10-18,菠给C哥介绍小姐姐，笑的有点恐怖了！,账号已注销,1:46,石大壮 女流
BV1ToWbz3EBM,2025-10-18,猪猪看《凡人》直言：感觉节奏挺快的啊！,账号已注销,1:0,石大壮 女流
BV19wW4zuEuo,2025-10-18,【壮壮】看后台粉丝数据，男女比例98:2，这2%是姐姐和菠神？难怪30没女人！~,服部平次,6:56,石大壮 女流
BV1CTWnzrEsn,2025-10-18,什么？菠神在我C哥床上搞这些是吧？好样的！,账号已注销,2:44,石大壮 女流
BV1tzWnzSEfW,2025-10-18,猪猪：苹果17到了，但没时间拆，哆来咪叮咚女士：不拆我用了！,账号已注销,1:31,石大壮 女流
BV1yTWnzrEEx,2025-10-17,恶心下头弹幕？C哥：头给它们打歪！,账号已注销,1:48,石大壮 女流
BV1tzWnzSEd5,2025-10-17,什么？C哥被菠菠整哭了说是！,账号已注销,3:33,石大壮 女流
BV18iWnzQESd,2025-10-17,猪猪：最近一点不想吃饭，只想吃面包，火鸡面啥的！,账号已注销,2:6,石大壮 女流
BV1bBWnzHEdi,2025-10-17,猪猪看凡人修仙传，直呼：好！过瘾！,账号已注销,1:45,石大壮 女流
BV111Wnz1E7M,2025-10-17,猪猪看《凡人修仙传》被疯狂建议从后面开始看！,账号已注销,1:4,石大壮 女流
BV19bWnz4EMk,2025-10-17,迪拜巧克力风味？加了迪拜2个字直接贵一倍啊！,账号已注销,1:13,石大壮 女流
BV11d4azEEMG,2025-10-15,V圈女流芒的嘴脸,刷刷堡QwQ,0:30,女流 切片
BV1Yn4AzSEQM,2025-10-11,菠菠：直播必须要停了！！！！,账号已注销,1:30,女流 2025
BV1FZxvzQEZQ,2025-10-08,五男两女流落神秘岛，遇到了一系列危机最终逃出荒岛,零度_影视,5:50,女流 冒险岛
BV1pPHLzHEuo,2025-10-03,猪猪和刁德一采访，饭堂集合！饭堂集合！,账号已注销,4:54,女流 2025
BV1DKHGzpETo,2025-10-03,麻雀最强战2025：#7 女流下克上决战 - 决胜桌,立直喵急便,93:8,女流 2025
BV1KVHGzUE8A,2025-10-03,麻雀最强战2025：#7 女流下克上决战 - B桌,立直喵急便,90:26,女流 2025
BV1KLHGz7EwT,2025-10-03,麻雀最强战2025：#7 女流下克上决战 - A桌,立直喵急便,69:33,女流 2025
BV1jZHPz1EMb,2025-10-02,猪猪：举报诈骗啊！都想报警了都！,账号已注销,1:51,女流 2025
BV1sVHWz7EoU,2025-10-01,猪猪也开始高强度冲浪了，还刷到过王扁啊！,账号已注销,1:44,女流 2025
BV1JLH7zQEtm,2025-10-01,【轴伊Joi】唉 女流氓,伯爵红茶獭,0:52,女流 切片
BV14onJzBE7x,2025-09-27,【熟】二阶堂瑠美赛后采访|麻雀最强战2025 女流下克上A桌,CitalopramL_,2:29,女流 2025
BV1ZYn7zjEN5,2025-09-27,産経新聞社杯争奪麻雀女流リーグ2025【little】丸山奏子,Kingsleeeeey,90:7,女流 2025
BV1ZenMz9E9R,2025-09-26,麻雀最强战2025：#6 女流头衔持有者决战 - 决胜桌,立直喵急便,86:34,女流 2025
BV1FhnMzoEvy,2025-09-26,麻雀最强战2025：#6 女流头衔持有者决战 - A桌,立直喵急便,99:47,女流 2025
BV1cFWcz1ERT,2025-09-21,麻雀最強戦2025女流下克上決戦 B桌选手介绍,随缘的阿东,7:47,女流 2025
BV1wFWcz2EHb,2025-09-21,麻雀最強戦2025女流下剋上決戦 A桌选手介绍,随缘的阿东,6:50,女流 2025
BV1tZpozJETq,2025-09-21,麻雀最強戦2025女流下克上決戦B卓選手紹介⧸木下遥・川上レイ・日向藍子・菅原千瑛⧸9月27日ABEMA生放送,REVERSI,7:47,女流 2025
BV1uvWuz9Emr,2025-09-19,2025 エンタメ～テレ杯 理麗麻雀8 最強女流ペア決定戦 #6 二阶堂队 vs 新人姐妹队 vs 最速灰姑娘队 vs 雙子缪斯队,安安安雨滴,92:1,女流 2025
BV19xWuzfEBs,2025-09-19,2025 エンタメ～テレ杯 理麗麻雀8 最強女流ペア決定戦 #5 强大的套索队 vs  信玄餅队 vs 真野獸队 vs 野獸队,安安安雨滴,92:2,女流 2025
BV1chp1zuECE,2025-09-16,猪猪：我咋突然多了这么多切片员啊？,账号已注销,1:49,女流 切片
BV1sEpFzSEi8,2025-09-14,猪猪：有点不理解家里的厨具搭配啊！,账号已注销,1:32,女流 2025
BV1uvpHzEEnK,2025-09-14,麻雀最強戦2025女流タイトルホルダー決戦 B桌选手介绍,随缘的阿东,6:45,女流 2025
BV1MvpHzEEfs,2025-09-14,麻雀最強戦2025女流タイトルホルダー決戦 A桌选手介绍,随缘的阿东,7:16,女流 2025
BV1X6HvztEgd,2025-09-11,说沈阳趣事？菠菠：准备潜行的！没想到被发现了！,账号已注销,1:9,女流 2025
BV18eHQzqEDE,2025-09-10,我没见过我的粉丝洗澡 你们好脏,沐曼-mua,2:58,女流 切片
BV1t6HQzYEEw,2025-09-10,麻将最强战2025女流下克上决战A桌选手介绍（生）,CitalopramL_,6:50,女流 2025
BV1M6HQzYE5f,2025-09-10,麻将最强战2025女流下克上决战B桌选手介绍（生）,CitalopramL_,7:47,女流 2025
BV1kqHCzYEFj,2025-09-09,不是骚0？是男软妹？那我得看看怎么个事了！,账号已注销,1:37,女流 2025
BV1gnHCz5EHN,2025-09-09,猪猪：玩杀鸡体验到了宫斗的感觉！,账号已注销,1:14,女流 2025
BV1QoHCzUE4p,2025-09-09,【熟】二阶堂瑠美赛前介绍 | 麻雀最强战2025 女流下克上决战A桌,CitalopramL_,1:44,女流 2025
BV1jQYKzmEnZ,2025-09-06,猪猪看自己的年度报告！看了6W个视频？,账号已注销,2:47,女流 切片
BV1obahz1Ebs,2025-09-05,马成女老师 流瑜伽 2025.9.5早9:00,Worldwowo,124:0,女流 2025
BV19taSzFEtP,2025-09-04,猪猪：以前阿姨买菜找我报销，老贵了，现在去找我妈报销，好多了！,账号已注销,1:38,女流 切片
BV1frarz7EU4,2025-09-03,住在北京的水友太爽了，阅兵的飞机飞到家里楼顶说是！,账号已注销,1:19,女流 2025
BV1NjaczVEUJ,2025-09-02,二階堂亜樹 第20期女流桜花Aリーグ第6節 2回戦 切片,安安安雨滴,7:50,女流 切片
BV1X6aHz7EK6,2025-09-01,二階堂亜樹 第20期女流桜花Aリーグ第6節 1回戦 切片,安安安雨滴,6:33,女流 切片
BV1AFapzeEiE,2025-09-01,10多块的炒米粉，2公里要35的跑腿费啊！,账号已注销,1:27,女流 2025
BV1m3aGzLEX1,2025-08-31,猪猪：为啥睡了12个小时还是困啊？,账号已注销,1:53,女流 2025
BV1fShUzwEwq,2025-08-29,兔娘老师：其实诶 我真的 将心比心阿 我在网络上虽然一直装的是这种女流氓的人设阿 其实我内心还是一个非常纯情的小女孩 20250725 切片,才没有喜欢兔娘老师呢,0:57,女流 切片
BV1G6hmzJEwi,2025-08-28,2025 エンタメ～テレ杯 理麗麻雀8 最強女流ペア決定戦 #1 二階堂队 vs  信玄餅队 vs 真野獸队 vs 新星队,安安安雨滴,85:1,女流 2025
BV12xekzNEBK,2025-08-27,2025 エンタメ～テレ杯 理麗麻雀8 最強女流ペア決定戦 #4 野兽队 vs 新人姐妹队 vs 最速灰姑娘队 vs 信玄饼队,安安安雨滴,92:1,女流 2025
BV1gpedzyEL2,2025-08-26,C哥：我们男人帮的那种关系说出来会羞羞的！,账号已注销,2:26,女流 2025
BV19oedznEFM,2025-08-26,朋友们看布不拆礼物！想带货labubu的说是！,账号已注销,1:37,女流 2025
BV1DceozmE2B,2025-08-25,猪猪看布布生日祝福视频！武魂真身！哈哈！,账号已注销,7:16,女流 2025
BV1NpeLzpEqa,2025-08-24,産経新聞社杯争奪麻雀女流リーグ2025【一久】東城りお,Kingsleeeeey,86:56,女流 2025
BV1uLebzvEZt,2025-08-22,参加比赛后悔？没有呀！很充实！！,账号已注销,2:20,女流 2025
BV1wqY4zUEaz,2025-08-18,气质大美女-2025年08月10日-周日-1843-DY—播回放-中国女主播记录,事成有我,55:21,女流 回放|女流 2025
BV1B1Y4zGEd7,2025-08-18,小阿七-2025年08月18日猜猜今天在哪里唱歌啊_202508181950,事成有我,13:27,女流 2025
BV1miYkzeEGb,2025-08-17,猪猪消息错发给运营！运营：哈？,账号已注销,1:13,女流 2025
BV1KkYYzzEgJ,2025-08-16,打游戏是不是容易开智啊？,账号已注销,2:44,女流 2025
BV1DdbnziEhD,2025-08-15,3猫一狗，伙食这一块奥！猛炫！,账号已注销,2:12,女流 2025
BV1UZbEz4Ept,2025-08-15,坏！怎么感觉这群人已经神志不清了！哈哈,账号已注销,1:8,女流 2025
BV1getozeEQ4,2025-08-13,女流66：玩游戏就是要开心嘛。2025-08-10,贪心小狮子,263:18,女流 2025
BV16itdzVEJ9,2025-08-12,【女流66】视频说孩子容易随父母缺点，炮炮：我不爱学习，他肯定爱学习,不懒bot,1:58,女流 切片
BV1p3tozJECp,2025-08-12,【女流66】YJJ跟弹幕相爱相杀，他的性格是直接刚，嘴比脑子快,不懒bot,2:44,女流 切片
BV12Jt9zjE4j,2025-08-12,【不死鸟总监】《2025.8.12》《锐评寅子事件》《嘀嘀咕咕》《咕咕嘀嘀》,不死鸟咕噜,28:20,女流 2025
BV1pTtRz5EoP,2025-08-12,【女流66】心灵砒霜系列，聊刚做主播没啥收入来源怎么办,不懒bot,2:48,女流 切片
BV19rtQzWE2Y,2025-08-12,産経新聞社杯争奪麻雀女流リーグ2025【オールシリウスイースト】内村翠【麻雀＆BARフュージョン】中川由佳梨,Kingsleeeeey,81:5,女流 2025
BV1nutXzNEuG,2025-08-12,産経新聞社杯争奪麻雀女流リーグ2026【一久】逢川恵夢【Puamelia】間宮夢花,Kingsleeeeey,77:51,女流 2026
BV1ijbLzZEun,2025-08-11,66姐怀宝宝了？弹幕都说像YJJ就完了被猪猪公主Asaki一眼看穿：你们是不是嫉妒了？哈哈哈！！！,笙笙子,0:46,女流 切片
BV1k1bVzcEFe,2025-08-11,女流66官宣怀孕！抖音评论区现状：很喜欢菠萝赛东的一句话：看见yjj就烦！,世一上陈泽bin,3:3,女流 抖音
BV1M1bgzeE3g,2025-08-11,産経新聞社杯争奪麻雀女流リーグ2025【TEAM雀輪】二階堂亜樹【麻雀一番街】小宮悠,Kingsleeeeey,79:39,女流 2025
BV1uTbGzMEP6,2025-08-11,産経新聞社杯争奪麻雀女流リーグ2025【一久】東城りお【赤坂スピカ】新榮有理,Kingsleeeeey,70:23,女流 2025
BV1TgbGzKEVr,2025-08-11,【女流66】开播聊天、看《影之刃零》&amp;《穿越火线：虹》实机、和炮炮玩《A Little to the Left》直播录像弹幕版~,服部平次,262:53,女流 2025
BV1dEbKzvEvc,2025-08-10,【女流66】玩游戏就是要开心嘛 2025/08/10 19时场 直播回放,安乐冈花火w,262:31,女流 回放|女流 2025
BV18uthzREtN,2025-08-09,【壮壮】体验人生第一次烫头，变身成翻版古烈，明天去上海和光头NPC碰一碰~,服部平次,13:2,女流 2025
BV1dzthzNEs7,2025-08-09,産経新聞社杯争奪麻雀女流リーグ2026【龍龍】高宮まり  【ジーネクストクイーンズ】松田彩花,Kingsleeeeey,96:45,女流 2026
BV1Z6t2zUEBi,2025-08-08,女流66。战地666666666666666。2025-08-07,贪心小狮子,268:6,女流 2025
BV1SZt2zTEGM,2025-08-08,【女流66】和炮炮一起远光84排位 2025/08/08 19时场 直播回放,安乐冈花火w,129:17,女流 回放|女流 2025
BV1PptyzWE2a,2025-08-08,2025 エンタメ～テレ杯 理麗麻雀8 最強女流ペア決定戦 #3 二阶堂队 vs 强大的套索队 vs 真野兽队 vs 雙子缪斯队,安安安雨滴,91:59,女流 2025
BV15htBz9Eia,2025-08-08,【女流66】战地666666666666666 2025/08/07 17时场 直播回放,安乐冈花火w,271:45,女流 回放|女流 2025
BV1GQtvzkEz2,2025-08-07,2025 エンタメ～テレ杯 理麗麻雀8 最強女流ペア決定戦 #2 野兽队 vs 强大的套索队 vs 最速灰姑娘队 vs 雙子缪斯队,安安安雨滴,87:1,女流 2025
BV14vtTzSEjE,2025-08-07,11期女流最高位决定战 柳まお No听立直,天才雀士虎牙猫猫厨,8:23,女流 切片
BV1VGhGzQEw6,2025-08-03,女流66。和炮炮壮壮一家三口打矩阵。2025-08-02,贪心小狮子,104:50,女流 2025
BV1nKhNzkE8p,2025-08-02,【女流66】直播录像《矩阵：零日危机》跟YJJ壮壮玩肉鸽射击游戏2025.08.02,不懒bot,104:38,女流 2025
BV1prhNzUE5h,2025-08-02,【女流66】和炮炮壮壮一家三口打矩阵 2025/08/02 18时场 直播回放,安乐冈花火w,103:38,女流 回放|女流 2025
BV1rChNz7ER3,2025-08-02,【弹幕版】【和炮炮壮壮一家三口打矩阵】【2025-08-02】【女流66】,直播回放巴拉蹦吧,104:50,女流 回放|女流 2025
BV11ohbzREXp,2025-08-02,【纯净版】【和炮炮壮壮一家三口打矩阵】【2025-08-02】【女流66】,直播回放巴拉蹦吧,104:50,女流 回放|女流 2025
BV1NAh8zQEPF,2025-08-02,【女流66】录播弹幕版《矩阵：零日危机》跟YJJ壮壮玩肉鸽射击游戏2025.08.02,不懒bot,104:26,女流 录播|女流 2025
BV1iThWz9EKq,2025-08-01,女流氓弥希Miki疑似有点喝大了？这里是绿色直播间！【瑞娅/弥希/米汀/悠亚】,哈哈那日OvO,2:30,女流 切片
BV1qPhWzdEie,2025-08-01,【魈格Yezpi】兄弟们救命啊，我被女流氓骚扰了,青山雨雀,6:24,女流 切片
BV1Jchcz8EXb,2025-07-30,【女流66】直播录像《燕云十六声》开封侠迹终卷·公子书2025.07.26,不懒bot,192:25,女流 2025
BV1iPhcztEfB,2025-07-30,B站的运营好像大多数都是海鲜跳槽过来的！why？,账号已注销,2:13,女流 2025
BV1Z2hczZEEp,2025-07-30,【女流66】录播弹幕版《燕云十六声》开封侠迹终卷·公子书2025.07.26,不懒bot,192:27,女流 录播|女流 2025
BV1KX8XzXEnD,2025-07-29,去大厂赚点钱，再去消费低的城市居住！,账号已注销,2:42,女流 2025
BV1VN8pzVERW,2025-07-29,【弹幕版】【女流66】【2025-07-27】【姐弟之战机甲之战解限机】,直播回放巴拉蹦吧,207:30,女流 回放|女流 2025
BV1LZ8JzgEHq,2025-07-29,【纯净版】【女流66】【2025-07-27】【姐弟之战机甲之战解限机】,直播回放巴拉蹦吧,207:30,女流 回放|女流 2025
BV1V987zNEdT,2025-07-28,女流66_姐弟之战_机甲之战_《解限机》_2025-07-27_19-25-45,笨蛋雪人像素头,217:41,女流 抖音|女流 2025
BV1VE87zFEEM,2025-07-28,【女流66】直播录像《A Little to the Left》通关完结2025.07.27,不懒bot,93:32,女流 2025
BV1pz87zyE3c,2025-07-28,【女流66】录播弹幕版《A Little to the Left》通关完结2025.07.27,不懒bot,93:58,女流 录播|女流 2025
BV1zr87zVECC,2025-07-28,在抖抖你给歌改个节奏就很容易火了！,账号已注销,2:6,女流 2025
BV1jA8LzaEpA,2025-07-28,女流66。姐弟之战，机甲之战~《解限机》。2025-07-27,贪心小狮子,217:16,女流 2025
BV1kS85zgEyF,2025-07-28,游戏区主播大比拼？得50w粉丝才能参加！,账号已注销,2:4,女流 2025
BV1Wb8LzCENw,2025-07-28,猪猪：今天去吃饭压力有点大了，还吃的不舒服了！太爱了！,账号已注销,1:40,女流 2025
BV1wQ8GzwEJe,2025-07-28,【女流66】姐弟之战，机甲之战~《解限机》 2025/07/27 19时场 直播回放,安乐冈花火w,217:21,女流 回放|女流 2025
BV1j78gz2ELT,2025-07-27,【女流66】【2025.07.27】[机甲之战_《解限机》],bobi华,217:53,女流 2025
BV1F28gzoEmk,2025-07-27,女流66。燕云新boss，来挑战。2025-07-26,贪心小狮子,193:1,女流 2025
BV12j8ezeEju,2025-07-27,女流66_燕云新boss_来挑战_2025-07-26_18-15-25,笨蛋雪人像素头,192:1,女流 抖音|女流 2025
BV1JD8YzpEex,2025-07-27,只要是美腿配黑丝，C哥不卡颜值，不卡性别奥！,账号已注销,1:28,女流 2025
BV1DU8ezkErR,2025-07-27,猪猪连着猛攻天，有点说不明白话了说是！哈哈！,账号已注销,1:42,女流 2025
BV1vd8bzYELS,2025-07-26,【女流66】燕云新boss，来挑战 2025/07/26 18时场 直播回放,安乐冈花火w,192:5,女流 回放|女流 2025
BV1wz8bz5Ehz,2025-07-26,【女流66】【2025.07.26】[燕云新boss_来挑战],bobi华,192:40,女流 2025
BV1N388zpEUp,2025-07-26,【弹幕版】【女流66】【2025-07-26】【燕云新boss来挑战】,直播回放巴拉蹦吧,190:22,女流 回放|女流 2025
BV1Ca84z3ENW,2025-07-26,【纯净版】【女流66】【2025-07-26】【燕云新boss来挑战】,直播回放巴拉蹦吧,190:22,女流 回放|女流 2025
BV1BJ8xz8EA4,2025-07-26,抖抖PK挺有意思，平时还会小刷点！,账号已注销,2:43,女流 2025
BV1nR8xziEgY,2025-07-26,展示帮朋友们约的头像！嗯~嗯.........,账号已注销,2:27,女流 2025
BV1qj8Wz9EPV,2025-07-26,ZooM电竞俱乐部董事会开始！！！！！！,账号已注销,2:52,女流 2025
BV1WSb9zSEnt,2025-07-25,菠菠支持C轰打PK，小刷一点？菠菠：不在榜说是！,账号已注销,5:5,女流 2025
BV1TqbSzVEjb,2025-07-25,女流66_正在直播《明末：渊虚之羽》_2025-07-24_18-04-31,笨蛋雪人像素头,270:1,女流 抖音|女流 2025
BV1T5bUzuE53,2025-07-25,基金赚的比直播多了说是！坏？好耶？,账号已注销,1:58,女流 2025
BV117bUzTE1Q,2025-07-25,鬼王养成！猪猪：白天直播好奇怪，面前有阳光哎！哈哈,账号已注销,1:46,女流 2025
BV1ThbmzzEXV,2025-07-25,女流66：明末：渊虚之羽。2025-07-24，第二场,贪心小狮子,271:29,女流 2025
BV1Web1zZEhS,2025-07-24,【女流66】正在直播《明末：渊虚之羽》 2025/07/24 21时场 直播回放,安乐冈花火w,130:31,女流 回放|女流 2025
BV1rkb1zpEFy,2025-07-24,【弹幕版】【女流66】【2025-07-24】【正在直播明末渊虚之羽】,直播回放巴拉蹦吧,87:18,女流 回放|女流 2025
BV1kzb1zsENU,2025-07-24,【纯净版】【女流66】【2025-07-24】【正在直播明末渊虚之羽】,直播回放巴拉蹦吧,87:18,女流 回放|女流 2025
BV1zcbCzkEHk,2025-07-24,20250724【最高位战女流ABCD战报+24000切片】,立直喵急便,8:20,女流 切片
BV1nBbCz7EPZ,2025-07-24,女流66_女流66正在直播《明末：渊虚之羽》_2025-07-24_10-00-51,笨蛋雪人像素头,314:8,女流 抖音|女流 2025
BV1XLbCzAE5H,2025-07-24,【女流66】【2025.07.24】[晚间正在直播《明末：渊虚之羽》],bobi华,270:20,女流 2025
BV19L8MzuEhc,2025-07-24,女流66：明末：渊虚之羽。2025-07-24,贪心小狮子,314:30,女流 2025
BV1wk8MzQEiK,2025-07-24,【女流66】女流66正在直播《明末：渊虚之羽》 2025/07/24 10时场 直播回放,安乐冈花火w,314:46,女流 回放|女流 2025
BV1Li8uzyEeS,2025-07-24,【女流66】【2025.07.24】[正在直播《明末：渊虚之羽》],bobi华,308:17,女流 2025
BV1mu8TzsEnX,2025-07-24,【弹幕版】【女流66】【2025-07-24】【女流66正在直播明末渊虚之羽】,直播回放巴拉蹦吧,492:45,女流 回放|女流 2025
BV18w8TzFEV1,2025-07-24,【纯净版】【女流66】【2025-07-24】【女流66正在直播明末渊虚之羽】,直播回放巴拉蹦吧,492:45,女流 回放|女流 2025
BV1tP8TzZEkw,2025-07-24,【满满学车记①】朋友们，我又重新开始学车了！,满满的小宠坏,3:28,女流 切片
BV1K8bozcE9A,2025-07-23,是张震啊短剧女流氓版-2025年07月21日-周一-0956-DY—是张震啊短剧女流氓版-直播回放-中国女主播记录,事成有我,20:36,女流 回放|女流 2025
BV1npgJzvEvV,2025-07-22,猪猪看轰轰恐怖游戏！轰C崔三连叫！最搞笑的是还有延迟说是！,账号已注销,2:7,女流 2025
BV12PgBz8E2V,2025-07-21,菠神和C哥一起鉴赏腐团儿！,账号已注销,2:51,女流 2025
BV1PYgzz8EhU,2025-07-21,女流66：远光84，我挡枪真准。2025-07-20,贪心小狮子,277:54,女流 2025
BV1VugqzMEeR,2025-07-21,女流66_远光84_我的枪真准_2025-07-20_18-13-09,笨蛋雪人像素头,278:6,女流 抖音|女流 2025
BV1S9gYzDEWm,2025-07-21,【女流66】直播录像《A Little to the Left》《远光84》2025.07.20,不懒bot,277:58,女流 2025
BV1UvgezXEni,2025-07-21,【女流66】【2025.07.20】[远光84_我的枪真准&amp;a little to the left],bobi华,269:50,女流 2025
BV1qHgezaEFh,2025-07-20,【女流66】远光84，我的枪真准 2025/07/20 18时场 直播回放,安乐冈花火w,277:20,女流 回放|女流 2025
BV19zghzpEr3,2025-07-20,菠菠：男生的房间随手就能找到纸巾，不是在笑什么鸭？,账号已注销,2:5,女流 2025
BV1sqgazCE1V,2025-07-20,【弹幕版】【女流66】【2025-07-20】【远光84我的枪真准】,直播回放巴拉蹦吧,274:15,女流 回放|女流 2025
BV1eHgaz9EZg,2025-07-20,【女流66】录播弹幕版《远光84》跟YJJ玩国产英雄射击游戏2025.07.20,不懒bot,118:14,女流 录播|女流 2025
BV184gaznEh1,2025-07-20,【纯净版】【女流66】【2025-07-20】【远光84我的枪真准】,直播回放巴拉蹦吧,274:15,女流 回放|女流 2025
BV1ERgazwEd6,2025-07-20,【女流66】录播弹幕版《A Little to the Left》2025.07.20,不懒bot,159:56,女流 录播|女流 2025
BV1bxg8zVEEi,2025-07-20,圆律的撒娇八连！哈哈！,账号已注销,1:59,女流 2025
BV1krg8zAE4V,2025-07-20,有人现实里矮矮的？不是，暗示谁呢？,账号已注销,2:0,女流 2025
BV1cpghzNERq,2025-07-20,女流66。Switch2新作，咚奇刚：蕉力全开。2025-07-17,贪心小狮子,254:37,女流 2025
BV1TgghzVEyV,2025-07-20,女流66：远光84，战场一切皆有可能。2025-07-19,贪心小狮子,139:36,女流 2025
BV1ZMudzoEco,2025-07-19,【女流66】直播录像《远光84》跟YJJ玩国产英雄射击游戏2025.07.19,不懒bot,139:20,女流 2025
BV1MguozLEky,2025-07-19,【女流66】远光84，战场一切皆有可能 2025/07/19 18时场 直播回放,安乐冈花火w,139:34,女流 回放|女流 2025
BV1T3uozyEMp,2025-07-19,【女流66】【2025.07.19】[远光84_战场一切皆有可能],bobi华,139:41,女流 2025
BV1VdudzREEK,2025-07-19,【弹幕版】【女流66】【2025-07-19】【远光84战场一切皆有可能】,直播回放巴拉蹦吧,123:56,女流 回放|女流 2025
BV1GwuozDE8V,2025-07-19,【纯净版】【女流66】【2025-07-19】【远光84战场一切皆有可能】,直播回放巴拉蹦吧,123:56,女流 回放|女流 2025
BV1cWuoziEx5,2025-07-19,【女流66】录播弹幕版《远光84》跟YJJ玩国产英雄射击游戏2025.07.19,不懒bot,139:30,女流 录播|女流 2025
BV1zJuXzXE3g,2025-07-19,没有妈妈活不下去！哈哈！遇事不决，先喊老妈！,账号已注销,1:13,女流 2025
BV1iPu9zQEiz,2025-07-19,猪猪看朋友们的生日祝福！,账号已注销,7:5,女流 2025
BV1SDggzsEWb,2025-07-18,猪猪教学如何当上副总裁！,账号已注销,1:32,女流 2025
BV1MjgGz4EoV,2025-07-18,【女流66】给我爸换手机，华为pura70？80？他说用不习惯能退吗,不懒bot,4:11,女流 切片
BV1U7gGzREkj,2025-07-18,【女流66】锐评最近的电影，没看呢，这两天在看张译演的以法之名,不懒bot,1:29,女流 切片
BV1D3gGzfEvj,2025-07-18,【女流66】来抖音担心YJJ嘴上不把门，他合同马上到期,不懒bot,2:35,女流 切片|女流 抖音
BV1qegMztE6U,2025-07-18,【女流66】直播录像《咚奇刚：蕉力全开》任天堂NS2游戏2025.07.17,不懒bot,257:14,女流 2025
BV1tUgKzgE32,2025-07-18,【女流66】Switch2新作，咚奇刚：蕉力全开 2025/07/17 22时场 直播回放,安乐冈花火w,254:5,女流 回放|女流 2025
BV1jxgPzEEKV,2025-07-17,【弹幕版】【女流66】【2025-07-17】【Switch2新作咚奇刚蕉力全开】,直播回放巴拉蹦吧,247:12,女流 回放|女流 2025
BV1pRgPztExD,2025-07-17,【纯净版】【女流66】【2025-07-17】【Switch2新作咚奇刚蕉力全开】,直播回放巴拉蹦吧,247:12,女流 回放|女流 2025
BV1nfgPzREJM,2025-07-17,【女流66】【2025.07.17】[咚奇刚：蕉力全开],bobi华,253:9,女流 2025
BV1EwgNzXEvX,2025-07-17,【女流66】4K弹幕版《咚奇刚：蕉力全开》任天堂NS2游戏2025.07.17,不懒bot,258:5,女流 2025
BV1E1gNzWE9A,2025-07-17,郑翔观看3DM总监切片，直播间观众造谣女流可以提前播明末,账号已注销,6:19,女流 切片
BV1FigAzQENg,2025-07-17,女流66：国产独立游戏，霓虹深渊2。2025-07-16,贪心小狮子,282:2,女流 2025
BV1PHgczWEQn,2025-07-17,猪猪：坏!原来是冤枉阿B了呀！,账号已注销,1:26,女流 2025
BV15KgczeE7Y,2025-07-17,【女流】我刚玩完死亡搁浅，小岛就来中国了，听说BW和冯骥合影了，岛哥哥也是好起来了~,服部平次,2:24,女流 2025
BV1u9gczaEx4,2025-07-17,电信，移动齐上门，碰到一起，大眼瞪小眼了！,账号已注销,1:11,女流 2025
BV1vngFzNEPE,2025-07-17,女流66_国产独立游戏_霓虹深渊2_2025-07-16_18-06-05,笨蛋雪人像素头,281:29,女流 抖音|女流 2025
BV1GjuhzLExz,2025-07-17,【女流66】直播录像《霓虹深渊2》跟壮壮玩动作肉鸽游戏2025.07.16,不懒bot,283:14,女流 2025
BV1hVubzzEc3,2025-07-16,【女流66】国产独立游戏，霓虹深渊2 2025/07/16 18时场 直播回放,安乐冈花火w,283:24,女流 回放|女流 2025
BV1EZutzSENM,2025-07-16,【女流66】【2025.07.16】[国产独立游戏_霓虹深渊2],bobi华,180:3,女流 2025
BV1vxu8zJEKC,2025-07-16,【弹幕版】【女流66】【2025-07-16】【国产独立游戏霓虹深渊2】,直播回放巴拉蹦吧,276:4,女流 回放|女流 2025
BV1iWu8zDEN4,2025-07-16,【纯净版】【女流66】【2025-07-16】【国产独立游戏霓虹深渊2】,直播回放巴拉蹦吧,276:4,女流 回放|女流 2025
BV1k5u8zoEFi,2025-07-16,【女流66】录播弹幕版《霓虹深渊2》跟壮壮玩动作肉鸽游戏2025.07.16,不懒bot,281:55,女流 录播|女流 2025
BV1qnu8zXEbd,2025-07-16,女流66：独立游戏，缓解你的压力。2025-07-15,贪心小狮子,131:40,女流 2025
BV11dupz1EpK,2025-07-16,【弹幕版】【女流66】【2025-07-15】【独立游戏缓解你的压力】,直播回放巴拉蹦吧,129:38,女流 回放|女流 2025
BV1akupzxEPb,2025-07-16,【女流66】直播录像《A Little to the Left》2025.07.15,不懒bot,131:15,女流 2025
BV1Y9uJznEaE,2025-07-15,【女流66】【2025.07.15】[独立游戏_缓解你的压力],bobi华,60:2,女流 2025
BV1wVunzqExr,2025-07-15,【纯净版】【女流66】【2025-07-15】【独立游戏缓解你的压力】,直播回放巴拉蹦吧,129:38,女流 回放|女流 2025
BV1nHunzwEs7,2025-07-15,【女流66】录播弹幕版《A Little to the Left》2025.07.15,不懒bot,131:15,女流 录播|女流 2025
BV1m9uPzNE2r,2025-07-13,BW圆满结束，和朱家军们大合影！,账号已注销,1:32,女流 2025
BV1hmuwzhEhC,2025-07-13,【YJJ】炮神展示今日BW战利品，牛角大王配上非洲之心，考虑小叮当福赏2000卖给XDD~,服部平次,10:59,女流 2025
BV1jtuFzqEiZ,2025-07-13,哈哈，猪猪粉丝见面会，死亡角度？不不不！这个角度不行！,账号已注销,1:2,女流 2025
BV12MuFzJEUb,2025-07-13,下一位！下一位！合理安排！速度速度！,账号已注销,1:27,女流 2025
BV19quFz8EuH,2025-07-13,【YJJ】炮神BW现场做反诈问卷，我觉得要骗我还挺难的！几分钟后抽小叮当上头花了1000大洋~,服部平次,23:24,女流 2025
BV1XquFz8EqL,2025-07-13,小猪现身BW现场！,账号已注销,0:39,女流 2025
BV1tkMZzJEas,2025-07-13,养小三很花钱说是，水友太懂了！哈哈！,账号已注销,1:41,女流 2025
BV1HNMQznEaU,2025-07-12,【女流66】分享YJJ钓鱼那些事儿，家里有很多鱼竿很多工具,不懒bot,6:27,女流 切片
BV1VBu3zbENH,2025-07-12,【女流66】壮壮人缘很好，他玩三角洲跟YJJ吵过架，直播唯一的一次,不懒bot,7:36,女流 切片
BV1Myuuz2Ez2,2025-07-11,【女流66】现在是短视频时代，聊用户画像大多数在广东，江浙沪地区,不懒bot,2:59,女流 切片
BV1Tyuuz2EY8,2025-07-11,父母根本不舍得花钱，太不注意生活质量了！,账号已注销,1:51,女流 2025
BV1nwGMzMER1,2025-07-10,【女流66】家里我跟壮壮还有我妈都近视，聊聊近视问题,不懒bot,6:46,女流 切片
BV1QaGAz3Ehk,2025-07-09,【女流66】电视剧潜伏真的好看，跟YJJ一起看的潜伏，还有什么看的推荐,不懒bot,11:5,女流 切片
BV1VgG4zyEsW,2025-07-09,【女流66】吐槽YJJ跟豆包交流，逗死了，对鱼缸有洁癖,不懒bot,2:16,女流 切片
BV19gG4zCEFP,2025-07-09,【女流66】YJJ是那种听话的，要输入指令，夫妻生活要磨合,不懒bot,2:48,女流 切片
BV1ZmGJzNEAF,2025-07-08,曾经和大蛇丸不相上下的蝎 竟会败给一介女流 ？他究竟放没放水？小樱巅峰时刻,三言爱说搞笑,9:19,女流 2025
BV1PBGJzGE5z,2025-07-08,【女流66】会不会说北京话，口音问题,不懒bot,4:4,女流 切片
BV1AzGJzrEUp,2025-07-08,【女流66】聊北京新房子装修，现在考虑的东西比较多,不懒bot,2:35,女流 切片
BV158GEzfEXG,2025-07-08,维修师傅上门，我也不会说是，如修了！,账号已注销,2:29,女流 2025
BV1aj31zbENt,2025-07-07,常州传说雀庄第一届女流樱花位决定战半决赛直播回放,常州传说雀庄,179:11,女流 回放
BV1gJ31z4Exj,2025-07-07,常州传说雀庄第一届女流樱花位决定战总决赛直播回放,常州传说雀庄,135:43,女流 回放
BV1i53Bz2Eh6,2025-07-07,女流66：死亡搁浅2，今日完结。2025-7-5,贪心小狮子,327:41,女流 2025
BV1qU3ozKEFi,2025-07-06,【女流66】死亡搁浅2，今日完结 2025/07/05 18时场 直播回放,安乐冈花火w,327:47,女流 回放|女流 2025
BV1183Rz6Es4,2025-07-05,【弹幕版】【女流66】【2025-07-05】【死亡搁浅2今日完结】,直播回放巴拉蹦吧,326:28,女流 回放|女流 2025
BV1Kb3RzGEBb,2025-07-05,【纯净版】【女流66】【2025-07-05】【死亡搁浅2今日完结】,直播回放巴拉蹦吧,326:28,女流 回放|女流 2025
BV1Cv3RzTE5o,2025-07-05,【女流66】【2025.07.05】[死亡搁浅2_今日完结],bobi华,309:19,女流 2025
BV1Yy3DzyEEx,2025-07-05,菠菠：轰轰把奶干寄成自己的臭衣服了说是！,账号已注销,1:10,女流 2025
BV1HK3Qz8EXQ,2025-07-05,女流66_和炮炮一起体验梦幻西游畅玩服_2025-07-04_18-59-38,笨蛋雪人像素头,304:17,女流 抖音|女流 2025
BV1rt3DzxEVR,2025-07-05,女流66：和炮炮一起体验梦幻西游畅玩服。2025-7-4,贪心小狮子,304:3,女流 2025
BV1tq3QzuExk,2025-07-05,猛架C哥，成功套出500！麻了！,账号已注销,3:55,女流 2025
BV1iq3UzrEjk,2025-07-05,【女流66】直播录像《梦幻西游》跟YJJ一起体验畅玩服2025.07.04,不懒bot,72:51,女流 2025
BV1ra3EzYEkP,2025-07-05,【女流66】和炮炮一起体验梦幻西游畅玩服 2025/07/04 19时场 直播回放,安乐冈花火w,303:36,女流 回放|女流 2025
BV1uj3EzyEuD,2025-07-04,【女流66】【2025.07.04】[和炮炮一起体验梦幻西游&amp;死亡搁浅2最高画质最高难度],bobi华,294:10,女流 2025
BV1EJ3JzhEpw,2025-07-04,【女流66】4K弹幕版《梦幻西游》跟YJJ一起体验畅玩服2025.07.04,不懒bot,73:14,女流 2025
BV1Kk3Jz1EVE,2025-07-04,【弹幕版】【女流66】【2025-07-04】【和炮炮一起体验梦幻西游畅玩服】,直播回放巴拉蹦吧,304:2,女流 回放|女流 2025
BV1w93JzMEWD,2025-07-04,【纯净版】【女流66】【2025-07-04】【和炮炮一起体验梦幻西游畅玩服】,直播回放巴拉蹦吧,304:2,女流 回放|女流 2025
BV1MB3JzEE3F,2025-07-04,女流66。解限机，我来啦。2025-7-3,贪心小狮子,234:29,女流 2025
BV1vB3jzDEsV,2025-07-04,菠神：你们看的都太俗了，我只看男男漫画啊！,账号已注销,1:46,女流 2025
BV1BG3LzSEau,2025-07-04,【女流】66谈读书时期没啥存在感，在台湾老受欢迎了，石悦吼，要不要跟我一起去看进击的巨人~,服部平次,8:5,女流 2025
BV1Fm3LzdEFS,2025-07-04,猪猪侠爆料：梗子和轰轰经常线下肌肤接触！,账号已注销,1:33,女流 2025
BV1rj3gzrEzQ,2025-07-04,【女流66】直播录像《解限机》首遇寅大美，惜败寅子，跟壮壮玩机甲游戏2025.07.03,不懒bot,158:35,女流 2025
BV1Pa33znENW,2025-07-03,【女流66】解限机，我来啦~ 2025/07/03 18时场 直播回放,安乐冈花火w,232:10,女流 回放|女流 2025
BV1m63Mz7EQu,2025-07-03,【女流66】4K弹幕版《解限机》首遇寅大美，惜败寅子，跟壮壮玩机甲游戏2025.07.03,不懒bot,157:59,女流 2025
BV1Yb3MzREDf,2025-07-03,【女流66】【2025.07.03】[解限机_我来啦],bobi华,232:28,女流 2025
BV1bv3MzDEEh,2025-07-03,【弹幕版】【女流66】【2025-07-03】【解限机我来啦】,直播回放巴拉蹦吧,234:42,女流 回放|女流 2025
BV16d3MzTE6G,2025-07-03,【纯净版】【女流66】【2025-07-03】【解限机我来啦】,直播回放巴拉蹦吧,234:42,女流 回放|女流 2025
BV11W38zBEQs,2025-07-02,【女流66】直播录像《解限机》跟壮壮玩机甲游戏2025.07.02,不懒bot,132:29,女流 2025
BV1YP3tzCECZ,2025-07-02,【女流66】4K弹幕版《解限机》跟壮壮玩机甲游戏2025.07.02,不懒bot,132:59,女流 2025
BV1E934zHEUM,2025-07-02,【女流66】解限机，我来啦~ 2025/07/02 18时场 直播回放,安乐冈花火w,132:8,女流 回放|女流 2025
BV1iZ34zmEWf,2025-07-02,【女流66】【2025.07.02】[解限机_我来啦],bobi华,129:4,女流 2025
BV19F3tzjEhN,2025-07-02,【弹幕版】【女流66】【2025-07-02】【解限机我来啦】,直播回放巴拉蹦吧,132:46,女流 回放|女流 2025
BV1yJ3tzYESg,2025-07-02,【纯净版】【女流66】【2025-07-02】【解限机我来啦】,直播回放巴拉蹦吧,132:46,女流 回放|女流 2025
BV1Pv3szdEsT,2025-07-02,女流66：继续死亡搁浅2最高难度。2025-7-1,贪心小狮子,174:0,女流 2025
BV1M2gQzuEm8,2025-07-01,【女流66】继续死亡搁浅2最高画质最高难度 2025/07/01 21时场 直播回放,安乐冈花火w,279:1,女流 回放|女流 2025
BV1megXzKErG,2025-07-01,【弹幕版】【女流66】【2025-06-28】【死亡搁浅2最高画质最高难度】,直播回放巴拉蹦吧,281:48,女流 回放|女流 2025
BV1GpgXzyE6o,2025-07-01,【纯净版】【女流66】【2025-07-01】【继续死亡搁浅2最高画质最高难度】,直播回放巴拉蹦吧,281:48,女流 回放|女流 2025
BV19HgXz5Eph,2025-07-01,【女流66】【2025.07.01】[死亡搁浅2最高画质最高难度  DAY6],bobi华,269:15,女流 2025
BV1Ujg2zWENQ,2025-07-01,猪猪：举报！举报！孤立我小猪老师是吧？哈哈！,账号已注销,1:30,女流 2025
BV1Q3g2zoEHp,2025-07-01,盘点那些“女流氓系列”：高端的猎手，往往以猎物的身份出现,一起来挺郭德刚,11:8,女流 2025
BV1AGgfz1E3o,2025-06-29,【女流】66小时候玩冒险岛被骗，全服刷喇叭通缉骗子，壮壮玩女号找了个老公，天天带他打副本~,服部平次,11:44,女流 冒险岛
BV11ygfzXEC8,2025-06-29,女流66：新作一起玩：死亡搁浅2最高难度。2025-6-28,贪心小狮子,298:47,女流 2025
BV1Kygfz9Era,2025-06-29,女流66：新作一起玩：死亡搁浅2最高难度。2025-6-26,贪心小狮子,304:53,女流 2025
BV12ygfzXEjX,2025-06-29,女流66：新作一起玩：死亡搁浅2最高难度。2025-6-27,贪心小狮子,278:33,女流 2025
BV12ygfzXEG3,2025-06-29,女流66：异人之下二测，我来体验体验！2025-6-26,贪心小狮子,117:8,女流 2025
BV1AAgRzKEsi,2025-06-29,【女流66】死亡搁浅2最高画质最高难度 2025/06/28 18时场 直播回放,安乐冈花火w,297:23,女流 回放|女流 2025
BV18yKmznEaM,2025-06-28,【纯净版】【女流66】【2025-06-28】【死亡搁浅2最高画质最高难度】,直播回放巴拉蹦吧,297:31,女流 回放|女流 2025
BV1vVKUz8En8,2025-06-28,【弹幕版】【女流66】【2025-06-27】【死亡搁浅2最高画质最高难度】,直播回放巴拉蹦吧,297:31,女流 回放|女流 2025
BV1NiKUzyETM,2025-06-28,【女流】炮炮今年BW和CJ都去，线下很多女生找他签名！都是我请的托？那我可太真爱了~,服部平次,3:59,女流 2025
BV1XcKSz4Ekx,2025-06-28,【女流66】【2025.06.28】[死亡搁浅2最高画质最高难度  DAY5],bobi华,293:44,女流 2025
BV1PeK2zMECj,2025-06-28,2025年6月21日第12期日本女流立葵杯挑战赛第1局，上野愛咲美VS藤沢里菜，黑中盘胜,哈利路亚十亮,11:38,女流 2025
BV1NeK2zMEcV,2025-06-28,2025年6月22日第12期日本女流立葵杯挑战赛第2局，藤沢里菜VS上野愛咲美，黑胜1.5目,哈利路亚十亮,19:8,女流 2025
BV1WvK2zqE4E,2025-06-28,2025年6月23日第12期日本女流立葵杯挑战赛3番棋决胜局，藤沢里菜VS上野愛咲美，白中盘胜,哈利路亚十亮,13:18,女流 2025
BV1hbKrzKEX3,2025-06-28,【弹幕版】【女流66】【2025-06-27】【死亡搁浅2最高画质最高难度】,直播回放巴拉蹦吧,276:46,女流 回放|女流 2025
BV1NWKkzbEUZ,2025-06-28,【纯净版】【女流66】【2025-06-27】【死亡搁浅2最高画质最高难度】,直播回放巴拉蹦吧,276:46,女流 回放|女流 2025
BV1EDKzzVEbe,2025-06-27,【女流66】死亡搁浅2最高画质最高难度 2025/06/27 18时场 直播回放,安乐冈花火w,216:32,女流 回放|女流 2025
BV1xGKizkE5w,2025-06-27,【女流66】【2025.06.27】[死亡搁浅2最高画质最高难度  DAY4],bobi华,268:34,女流 2025
BV1RETwzYEJu,2025-06-27,菠菠：老大真是我最羡慕的主播了！,账号已注销,1:32,女流 2025
BV1kBKZzPEUX,2025-06-27,【女流66】直播录像《异人之下二测》格斗竞技新游2025.06.26,不懒bot,117:1,女流 2025
BV1BUKZz4EMx,2025-06-27,【女流66】4K弹幕版《异人之下二测》格斗竞技新游2025.06.26,不懒bot,116:51,女流 2025
BV1veKfzdEXV,2025-06-26,【女流66】【2025.06.26】[晚间 异人之下二测_我来体验体验],bobi华,116:6,女流 2025
BV1wRKozeEUd,2025-06-26,【女流66】新作一起玩：死亡搁浅2最高难度 2025/06/26 12时场 直播回放,安乐冈花火w,302:59,女流 回放|女流 2025
BV1NSKRzFEK9,2025-06-26,【弹幕版】【女流66】【2025-06-26】【新作一起玩死亡搁浅2最高难度】,直播回放巴拉蹦吧,421:30,女流 回放|女流 2025
BV1VhKRzGE1E,2025-06-26,【女流66】【2025.06.26】[午间   新作一起玩：死亡搁浅2  DAY3],bobi华,299:0,女流 2025
BV1hvKRzzEPJ,2025-06-26,【纯净版】【女流66】【2025-06-26】【新作一起玩死亡搁浅2最高难度】,直播回放巴拉蹦吧,421:30,女流 回放|女流 2025
BV1YtKXziEu2,2025-06-26,産経新聞社杯争奪麻雀女流リーグ2026【さやちゃんねるω】根本佳織,Kingsleeeeey,87:49,女流 2026
BV1j1KHz9EJN,2025-06-25,【女流66】新作一起玩：死亡搁浅2 2025/06/25 12时场 直播回放,安乐冈花火w,300:30,女流 回放|女流 2025
BV185KJzTEqR,2025-06-25,【女流66】【2025.06.25】[午间   新作一起玩：死亡搁浅2  DAY2],bobi华,287:4,女流 2025
BV16aKJz9E5K,2025-06-25,菠菠：C哥，你下播了记得来我家哦！,账号已注销,1:56,女流 2025
BV1nVKnzdEv5,2025-06-25,【弹幕版】【女流66】【2025-06-25】【新作一起玩死亡搁浅2】,直播回放巴拉蹦吧,241:6,女流 回放|女流 2025
BV1ngKnzZEUa,2025-06-25,【女流66】推荐小说《神们自己》，科幻小说关怀人的终极问题，结局不一定是好的,恶龙炮OvO,5:5,女流 2025
BV1xFKnzvEmZ,2025-06-25,【纯净版】【女流66】【2025-06-25】【新作一起玩死亡搁浅2】,直播回放巴拉蹦吧,301:7,女流 回放|女流 2025
BV1wqKGzMEP9,2025-06-24,【女流66】新作一起玩：死亡搁浅2 2025/06/24 19时场 直播回放,安乐冈花火w,122:39,女流 回放|女流 2025
BV1rJKVzBEfR,2025-06-24,【女流66】【2025.06.24】[晚间党-新作一起玩：死亡搁浅2],bobi华,124:20,女流 2025
BV14CK3zLE6y,2025-06-24,【女流66】新作一起玩：死亡搁浅2 2025/06/24 11时场 直播回放,安乐冈花火w,278:42,女流 回放|女流 2025
BV1trK3z1EMB,2025-06-24,女流66。点进直播间看游戏：多重人生。2025-6-23,贪心小狮子,253:35,女流 2025
BV1qHK3zbE8X,2025-06-24,女流66：主播没洗头，但沉迷游戏2025-6-22,贪心小狮子,313:30,女流 2025
BV1wGKuzZEuS,2025-06-24,【女流66】【2025.06.24】[新作一起玩：死亡搁浅2_],bobi华,277:11,女流 2025
BV1aYKuzVEMs,2025-06-24,【弹幕版】【女流66】【2025-06-24】【新作一起玩死亡搁浅2】,直播回放巴拉蹦吧,405:30,女流 回放|女流 2025
BV1vWKuzJELx,2025-06-24,【纯净版】【女流66】【2025-06-24】【新作一起玩死亡搁浅2】,直播回放巴拉蹦吧,405:30,女流 回放|女流 2025
BV1WWKhzfEs1,2025-06-24,【女流66】单机游戏：多重人生 2025/06/23 19时场 直播回放,安乐冈花火w,252:36,女流 回放|女流 2025
BV1GgKhzzEeV,2025-06-24,【女流66】【2025.06.23】[单机游戏：多重人生],bobi华,251:56,女流 2025
BV1ZpKazEEPs,2025-06-23,【弹幕版】【女流66】【2025-06-23】【单机游戏多重人生】,直播回放巴拉蹦吧,90:35,女流 回放|女流 2025
BV1PKKazcEHv,2025-06-23,【纯净版】【女流66】【2025-06-23】【单机游戏多重人生】,直播回放巴拉蹦吧,90:35,女流 回放|女流 2025
BV1mrKazKESp,2025-06-23,[女流66/直播回放] 单机游戏：多重人生 2025年06月23日,怪盗基德KID,247:45,女流 回放|女流 2025
BV1XaKpzHEQX,2025-06-23,【生中継】産経新聞社杯争奪　麻雀女流リーグ2025［個人戦準決勝・決勝「麻雀女王決定戦」]【無料放送】,Amy-yui,557:38,女流 2025
BV193KWz9EcF,2025-06-22,[女流66/直播回放] 主播没洗头，但沉迷游戏 2025年06月22日 (弹幕版),怪盗基德KID,312:43,女流 回放|女流 2025
BV1meN9z4EgQ,2025-06-22,【女流66】主播没洗头，但沉迷游戏 2025/06/22 15时场 直播回放,安乐冈花火w,311:52,女流 回放|女流 2025
BV1gMNRzNEwG,2025-06-22,女流66。点进直播间看游戏：多重人生。2025-6-21,贪心小狮子,264:19,女流 2025
BV1VCNRzgE7i,2025-06-22,【女流66】【2025.06.22】[主播没洗头_但沉迷游戏],bobi华,313:4,女流 2025
BV1psNRzpEin,2025-06-22,【弹幕版】【女流66】【2025-06-22】【主播没洗头但沉迷游戏】,直播回放巴拉蹦吧,302:23,女流 回放|女流 2025
BV1qSNQzBEo9,2025-06-22,【纯净版】【女流66】【2025-06-22】【主播没洗头但沉迷游戏】,直播回放巴拉蹦吧,302:22,女流 回放|女流 2025
BV1z1NQz3EzN,2025-06-22,[女流66/直播回放] 主播没洗头，但沉迷游戏 2025年06月22日,怪盗基德KID,312:43,女流 回放|女流 2025
BV16qNmzcE4h,2025-06-22,【女流66】点进直播间看游戏：多重人生 2025/06/21 19时场 直播回放,安乐冈花火w,262:39,女流 回放|女流 2025
BV1RAN1z2Emh,2025-06-21,[女流66/直播回放] 点进直播间看游戏：多重人生 2025年06月21日 (弹幕版),怪盗基德KID,263:39,女流 回放|女流 2025
BV1YmN1z1EHm,2025-06-21,【弹幕版】【女流66】【2025-06-21】【点进直播间看游戏多重人生】,直播回放巴拉蹦吧,260:0,女流 回放|女流 2025
BV16bN1zZETG,2025-06-21,【纯净版】【女流66】【2025-06-21】【点进直播间看游戏多重人生】,直播回放巴拉蹦吧,260:0,女流 回放|女流 2025
BV1BeN1zsEup,2025-06-21,[女流66/直播回放] 点进直播间看游戏：多重人生 2025年06月21日,怪盗基德KID,263:43,女流 回放|女流 2025
BV1zvN1z9Esj,2025-06-21,【女流66】【2025.06.21】[点进直播间看游戏：多重人生],bobi华,263:58,女流 2025
BV1CmNZzPEpq,2025-06-20,【WRC世界麻雀】亜樹が女流プロ代表チームに選出されたことについて語ってみた！【TOKYO2025】,返璞留春,9:28,女流 2025
BV1CYN7zHE2b,2025-06-18,【魈格Yezpi｜霜露ShuangLu｜云路翼Tsubasa｜骸菈Hella】猴哥锐评梦镜组，霜露和鸮鸮的变态是不一样的，霜露像个痴汉，而鸮鸮就是女流氓,青山雨雀,2:8,女流 切片
BV1u3NezrE7u,2025-06-17,女流66：wegame游戏之夜，关注新游信息。2025-06-16,贪心小狮子,75:58,女流 2025
BV1siNhzoEeL,2025-06-17,【女流66】【2025.06.16】[wegame游戏之夜_关注新游信息],bobi华,72:44,女流 2025
BV1YLNbzYEBt,2025-06-16,【女流66】4K弹幕版《看WeGame游戏之夜》2025.06.16,不懒bot,76:30,女流 2025
BV153NbzTEar,2025-06-16,【弹幕版】【女流66】【2025-06-16】【wegame游戏之夜关注新游信息】,直播回放巴拉蹦吧,74:33,女流 回放|女流 2025
BV1quNbzqEx6,2025-06-16,【女流66】直播录像《看WeGame游戏之夜》2025.06.16,不懒bot,76:30,女流 2025
BV1xhNbzpE4X,2025-06-16,【纯净版】【女流66】【2025-06-16】【wegame游戏之夜关注新游信息】,直播回放巴拉蹦吧,74:33,女流 回放|女流 2025
BV1xhNbzpEm6,2025-06-16,【女流66】wegame游戏之夜，关注新游信息 2025/06/16 19时场 直播回放,安乐冈花火w,75:12,女流 回放|女流 2025
BV15oMbzjEYD,2025-06-16,女流66：无主星渊，和壮壮组队无主星渊，老六当到底。2025-06-15,贪心小狮子,141:28,女流 2025
BV1dRMbz2EPr,2025-06-16,女流66：无主星渊，和壮壮组队无主星渊，老六当到底。2025-06-14,贪心小狮子,141:10,女流 2025
BV1ynM8zfETw,2025-06-16,【女流66】直播录像《无主星渊》和壮壮四人联机2025.06.15,不懒bot,141:0,女流 2025
BV1CjMtz9EVS,2025-06-15,【女流66】和壮壮组队无主星渊，老六当到底 2025/06/15 17时场 直播回放,安乐冈花火w,141:16,女流 回放|女流 2025
BV1scMhzaEtj,2025-06-15,【女流66】4K弹幕版《无主星渊》和壮壮四人联机2025.06.15,不懒bot,141:15,女流 2025
BV1UMMtzFEVi,2025-06-15,【女流66】【2025.06.15】[和壮壮组队无主星渊_老六当到底],bobi华,135:4,女流 2025
BV12gMtzZEKk,2025-06-15,【弹幕版】【女流66】【2025-06-15】【和壮壮组队无主星渊老六当到底】,直播回放巴拉蹦吧,138:52,女流 回放|女流 2025
BV1a6MtzMEGP,2025-06-15,【纯净版】【女流66】【2025-06-15】【和壮壮组队无主星渊老六当到底】,直播回放巴拉蹦吧,138:52,女流 回放|女流 2025
BV12SMUzQEan,2025-06-15,【女流66】直播录像《无主星渊》和壮壮四人联机2025.06.14,不懒bot,139:12,女流 2025
BV1T1M2zmEr5,2025-06-14,【女流66】和壮壮组队无主星渊，老六当到底 2025/06/14 17时场 直播回放,安乐冈花火w,139:50,女流 回放|女流 2025
BV1tAM2zjEtp,2025-06-14,【女流66】4K弹幕版《无主星渊》和壮壮四人联机2025.06.14,不懒bot,139:13,女流 2025
BV1vTMmzaEW2,2025-06-14,【弹幕版】【女流66】【2025-06-14】【和壮壮组队无主星渊老六当到底】,直播回放巴拉蹦吧,134:26,女流 回放|女流 2025
BV1qKMmzAE4w,2025-06-14,【纯净版】【女流66】【2025-06-14】【和壮壮组队无主星渊老六当到底】,直播回放巴拉蹦吧,134:26,女流 回放|女流 2025
BV1EPMmzvEVe,2025-06-14,【女流66】【2025.06.14】[和壮壮组队无主星渊_老六当到底],bobi华,139:22,女流 2025
BV19tMyznE2V,2025-06-14,夕刊フジ杯争奪麻雀女流リーグ2025【TEAM trinity】瑞原明奈,Kingsleeeeey,71:4,女流 2025
BV1XJM6zgE4K,2025-06-14,女流66：沙丘觉醒，从零开始异星探险。2025-06-13,贪心小狮子,186:15,女流 2025
BV1KiM6z8EyP,2025-06-14,【女流66】直播录像《沙丘：觉醒》跟壮壮玩生存游戏2025.06.13,不懒bot,186:15,女流 2025
BV1PRMqzSEsZ,2025-06-13,【女流66】【2025.06.13】[沙丘觉醒，从零开始异星探险],bobi华,185:8,女流 2025
BV1CiMBzDEGJ,2025-06-13,【女流66】沙丘觉醒，从零开始异星探险 2025/06/13 18时场 直播回放,安乐冈花火w,186:23,女流 回放|女流 2025
BV1U4MBzoEsH,2025-06-13,【女流66】4K弹幕版《沙丘：觉醒》跟壮壮玩生存游戏2025.06.13,不懒bot,186:28,女流 2025
BV1ckMBzmEDM,2025-06-13,【弹幕版】【女流66】【2025-06-13】【沙丘觉醒从零开始异星探险】,直播回放巴拉蹦吧,173:27,女流 回放|女流 2025
BV1crMBzEErm,2025-06-13,[女流66/直播回放] 沙丘觉醒，从零开始异星探险 2025年06月13日,怪盗基德KID,63:6,女流 回放|女流 2025
BV1fmMBzVE8Y,2025-06-13,【纯净版】【女流66】【2025-06-13】【沙丘觉醒从零开始异星探险】,直播回放巴拉蹦吧,173:27,女流 回放|女流 2025
BV1rkMBz2Eni,2025-06-13,【女流】66谈歌手2025第四期&amp;《长安的荔枝》，单依纯李白网上争议还挺大，我和炮炮看的挺开心的~,服部平次,5:45,女流 2025
BV1jYMTzpESv,2025-06-13,[yjjimpaopao/yjj直播回放] 回归修脚！ 687423 2025年06月13日,怪盗基德KID,629:53,女流 回放|女流 2025
BV1NyMczDERF,2025-06-12,女流66：无主星渊，和YJJ小叮当组队挑战匹配。2025-06-10,贪心小狮子,104:47,女流 2025
BV1XGMwzhE9o,2025-06-12,[yjjimpaopao/yjj直播回放] 开饭开饭开饭！ 687423 2025年06月12日 （带弹幕版）,怪盗基德KID,514:59,女流 回放|女流 2025
BV11HMFz2EMF,2025-06-12,[yjjimpaopao/yjj直播回放] 开饭开饭开饭！ 687423 2025年06月12日,怪盗基德KID,514:59,女流 回放|女流 2025
BV1GFMEzyEeW,2025-06-11,[yjjimpaopao/yjj直播回放] 伟大就需要多说实话 2025年06月11日 （带弹幕版）,怪盗基德KID,479:10,女流 回放|女流 2025
BV1HpMEzfEeb,2025-06-11,令郎的胸大肌为何如此健硕啊？,账号已注销,2:5,女流 2025
BV1Q2MEzGEmh,2025-06-11,[yjjimpaopao/yjj直播回放] 伟大就需要多说实话 2025年06月11日,怪盗基德KID,479:10,女流 回放|女流 2025
BV1GZMLzMEsW,2025-06-11,菠神参加老年痴呆测试！线下演练过是吧?,账号已注销,1:44,女流 2025
BV1qwM3zFExc,2025-06-10,【女流66】直播录像《无主星渊》和YJJ&amp;XDD四人联机合作2025.06.10,不懒bot,104:55,女流 2025
BV1tJM3zmEJx,2025-06-10,【女流66】4K弹幕版《无主星渊》和YJJ&amp;XDD四人联机合作2025.06.10,不懒bot,104:22,女流 2025
BV1jyM3zaEyZ,2025-06-10,【女流66】无主星渊，和YJJ小叮当组队挑战匹配 2025/06/10 18时场 直播回放,安乐冈花火w,103:17,女流 回放|女流 2025
BV1L2M3zFEUk,2025-06-10,【女流66】【2025.06.10】[无主星渊_和YJJ小叮当组队挑战匹配],bobi华,104:56,女流 2025
BV1eDM3z4EAa,2025-06-10,【弹幕版】【女流66】【2025-06-10】【这是个能发现宝藏游戏的直播间今日体验沙丘觉醒】,直播回放巴拉蹦吧,104:16,女流 回放|女流 2025
BV1phM3zgEJb,2025-06-10,【纯净版】【女流66】【2025-06-10】【这是个能发现宝藏游戏的直播间今日体验沙丘觉醒】,直播回放巴拉蹦吧,104:16,女流 回放|女流 2025
BV1goM3zpEYY,2025-06-10,[女流66/直播回放] 无主星渊，和YJJ小叮当组队挑战匹配 2025年06月10日,怪盗基德KID,5:38,女流 回放|女流 2025
BV1goM3zpEvy,2025-06-10,[女流66/直播回放] 无主星渊，和YJJ小叮当组队挑战匹配 2025年06月10日 (弹幕版),怪盗基德KID,5:38,女流 回放|女流 2025
BV1CfTkztErd,2025-06-10,[yjjimpaopao/yjj直播回放] 修复超过12小时之无敌状态 2025年06月10日 （带弹幕版）,怪盗基德KID,521:59,女流 回放|女流 2025
BV1iuTCzDEBY,2025-06-10,说姐几个嘴臭是吧？那你去找嘴香的妹妹玩吧！,账号已注销,3:16,女流 2025
BV1CRT6zpEJy,2025-06-10,[yjjimpaopao/yjj直播回放] 修复超过12小时之无敌状态 2025年06月10日,怪盗基德KID,521:59,女流 回放|女流 2025
BV1dLTezREFj,2025-06-09,才艺展示环节，梗指南你是干什么的？,账号已注销,6:0,女流 2025
BV1A3TQzpECj,2025-06-08,[yjjimpaopao/yjj直播回放] 小炮正式开业· 2025年06月08日 （带弹幕版）,怪盗基德KID,480:3,女流 回放|女流 2025
BV1e8TQzuEWE,2025-06-08,[yjjimpaopao/yjj直播回放] 小炮正式开业· 2025年06月08日,怪盗基德KID,480:3,女流 回放|女流 2025
BV15MTjzqEan,2025-06-07,[yjjimpaopao/yjj直播回放] 本饭店禁止外带食物 2025年06月07日 （带弹幕版）,怪盗基德KID,499:21,女流 回放|女流 2025
BV15gTjzKENh,2025-06-07,[yjjimpaopao/yjj直播回放] 本饭店禁止外带食物 2025年06月07日,怪盗基德KID,499:21,女流 回放|女流 2025
BV1cbT5zLETF,2025-06-07,女流66：这是个能发现宝藏游戏的直播间，今日体验：沙丘觉醒。2025-06-06,贪心小狮子,229:37,女流 2025
BV1MuTgzkEv1,2025-06-07,【女流66】直播录像《沙丘：觉醒》开放世界生存游戏2025.06.06,不懒bot,229:42,女流 2025
BV1iVT3zZEUK,2025-06-07,【女流66】这是个能发现宝藏游戏的直播间，今日体验：沙丘觉醒 2025/06/06 19时场 直播回放,安乐冈花火w,227:12,女流 回放|女流 2025
BV1JWTMzsErL,2025-06-06,【女流66】4K弹幕版《沙丘：觉醒》开放世界生存游戏2025.06.06,不懒bot,229:28,女流 2025
BV1P3TMzYEEN,2025-06-06,[yjjimpaopao/yjj直播回放] 不再维持技术主播人设 2025年06月06日 （带弹幕版）,怪盗基德KID,118:47,女流 回放|女流 2025
BV11STMziEWV,2025-06-06,【弹幕版】【女流66】【2025-06-06】【这是个能发现宝藏游戏的直播间今日体验沙丘觉醒】,直播回放巴拉蹦吧,227:51,女流 回放|女流 2025
BV1yRTMzAEq6,2025-06-06,【纯净版】【女流66】【2025-06-06】【这是个能发现宝藏游戏的直播间今日体验沙丘觉醒】,直播回放巴拉蹦吧,227:51,女流 回放|女流 2025
BV1QqTMzyE86,2025-06-06,[女流66/直播回放] 这是个能发现宝藏游戏的直播间，今日体验：沙丘觉醒 2025年06月06日 (弹幕版),怪盗基德KID,229:39,女流 回放|女流 2025
BV1XzTMzVEGR,2025-06-06,[yjjimpaopao/yjj直播回放] 不再维持技术主播人设 2025年06月06日,怪盗基德KID,118:47,女流 回放|女流 2025
BV1XeTMz2Ehw,2025-06-06,[女流66/直播回放] 这是个能发现宝藏游戏的直播间，今日体验：沙丘觉醒 2025年06月06日,怪盗基德KID,229:39,女流 回放|女流 2025
BV1eLTuzUE6b,2025-06-06,【女流66】【2025.06.03】[这是个能发现宝藏游戏的直播间_今日体验：沙丘觉醒],bobi华,227:30,女流 2025
BV1zyTuzfEsF,2025-06-06,菠神展示NS2，爱不释手了有点！,账号已注销,2:22,女流 2025
BV1YXTTz1ESd,2025-06-06,[yjjimpaopao/yjj直播回放] 不再维持技术主播人设 2025年06月06日 （带弹幕版）,怪盗基德KID,240:3,女流 回放|女流 2025
BV1HaTNzHEGW,2025-06-06,[yjjimpaopao/yjj直播回放] 不再维持技术主播人设 2025年06月06日,怪盗基德KID,480:6,女流 回放|女流 2025
BV1ypTWzgE8f,2025-06-05,[yjjimpaopao/yjj直播回放] 人性的巴克什~ 2025年06月05日 （带弹幕版）,怪盗基德KID,483:14,女流 回放|女流 2025
BV1KcTszLE4z,2025-06-05,[yjjimpaopao/yjj直播回放] 人性的巴克什~ 2025年06月05日,怪盗基德KID,483:14,女流 回放|女流 2025
BV17H7BzeE2w,2025-06-04,菠菠看傻菠时刻！呼~呼~呼~呼~,账号已注销,1:1,女流 2025
BV1F77BzTEjP,2025-06-04,菠菠看驼子姐舞蹈反冲，雀氏有点好笑了，哈哈！,账号已注销,1:56,女流 2025
BV19e7BzsE5r,2025-06-04,[yjjimpaopao/yjj直播回放] 人性的巴克什~ 2025年06月04日 （带弹幕版）,怪盗基德KID,558:53,女流 回放|女流 2025
BV1aL7zz4EzP,2025-06-04,[yjjimpaopao/yjj直播回放] 人性的巴克什~ 2025年06月04日,怪盗基德KID,558:53,女流 回放|女流 2025
BV1jv7YzJExq,2025-06-04,女流66：和壮壮cg玩玩艾尔登法环：黑夜君临。2025-6-3,贪心小狮子,196:7,女流 2025
BV1FV7ezWEhJ,2025-06-03,【女流66】艾尔登法环：黑夜君临，队友壮壮cg 2025/06/03 18时场 直播回放,安乐冈花火w,195:48,女流 回放|女流 2025
BV1AT7eztEMC,2025-06-03,【Npc录播弹幕版】2025-06-03 艾尔登法环 黑夜君临,鼠鼠人粮仓T,643:40,女流 录播|女流 2025
BV1dv7hzrEcp,2025-06-03,【纯净版】【女流66】【2025-06-03】【艾尔登法环黑夜君临队友壮壮cg】,直播回放巴拉蹦吧,197:2,女流 回放|女流 2025
BV1T97hzbEaw,2025-06-03,【弹幕版】【女流66】【2025-06-03】【艾尔登法环黑夜君临队友壮壮cg】,直播回放巴拉蹦吧,197:2,女流 回放|女流 2025
BV1g27hzPEYz,2025-06-03,【女流66】【2025.06.03】[艾尔登法环：黑夜君临_队友壮壮cg],bobi华,197:19,女流 2025
BV1XJ7az6E2k,2025-06-03,[女流66/女流直播回放] 艾尔登法环：黑夜君临，队友壮壮cg 2025年06月03日 （带弹幕版）,怪盗基德KID,110:34,女流 回放|女流 2025
BV1oM78zgESb,2025-06-03,猪猪看周深2025毕业晚会，如听仙乐！,账号已注销,9:44,女流 2025
BV1iX78zgEY9,2025-06-03,[yjjimpaopao/yjj直播回放] 小炮开业！今天超级吃吃吃 2025年06月03日 （带弹幕版）,怪盗基德KID,684:55,女流 回放|女流 2025
BV16f74zzEmq,2025-06-03,[yjjimpaopao/yjj直播回放] 小炮开业！今天超级吃吃吃 2025年06月03日,怪盗基德KID,684:55,女流 回放|女流 2025
BV1Xd7DzZERi,2025-06-03,【女流66&amp;壮壮&amp;Npc】直播录像《艾尔登法环：黑夜君临》2025.06.02,不懒bot,225:39,女流 2025
BV1Wd7QzmEGw,2025-06-03,女流66：和壮壮cg玩玩艾尔登法环：黑夜君临。2025-6-2,贪心小狮子,225:27,女流 2025
BV16E7SzNE1L,2025-06-02,【女流66】玩老头环黑夜君临，队友壮壮cg 2025/06/02 18时场 直播回放,安乐冈花火w,224:15,女流 回放|女流 2025
BV1CV7SzBEww,2025-06-02,【Npc录播弹幕版】2025-06-02 艾尔登法环 黑夜君临,鼠鼠人粮仓T,234:12,女流 录播|女流 2025
BV1sQ7SzkEUW,2025-06-02,[女流66/直播回放] 玩老头环黑夜君临，队友壮壮cg 2025年06月02日,怪盗基德KID,19:47,女流 回放|女流 2025
BV18r7SzJEN3,2025-06-02,【女流66&amp;壮壮&amp;Npc】4K弹幕版《艾尔登法环：黑夜君临》2025.06.02,不懒bot,225:32,女流 2025
BV1G77DzREkK,2025-06-02,【女流66】【2025.06.02】[和壮壮cg玩玩老头环黑夜君临],bobi华,225:6,女流 2025
BV1pz7Dz6EVb,2025-06-02,【弹幕版】【女流66】【2025-06-02】【玩老头环黑夜君临队友壮壮cg】,直播回放巴拉蹦吧,225:10,女流 回放|女流 2025
BV1cr7DzuEN2,2025-06-02,[女流66/直播回放] 玩老头环黑夜君临，队友壮壮cg 2025年06月02日,怪盗基德KID,60:1,女流 回放|女流 2025
BV1om7DzPEC7,2025-06-02,【纯净版】【女流66】【2025-06-02】【玩老头环黑夜君临队友壮壮cg】,直播回放巴拉蹦吧,225:10,女流 回放|女流 2025
BV1YK72z2EME,2025-06-02,女流66：和壮壮cg玩玩艾尔登法环：黑夜君临。2025-6-1,贪心小狮子,203:31,女流 2025
BV1iE71zUE1d,2025-06-02,【女流66&amp;壮壮&amp;Npc】直播录像《艾尔登法环：黑夜君临》2025.06.01,不懒bot,203:37,女流 2025
BV1uM7yzqEZA,2025-06-02,【女流66】玩老头环黑夜君临，队友壮壮cg 2025/06/01 21时场 直播回放,安乐冈花火w,202:31,女流 回放|女流 2025
BV1JQ7CzEEkN,2025-06-02,【女流66&amp;壮壮&amp;Npc】4K弹幕版《艾尔登法环：黑夜君临》2025.06.01,不懒bot,198:20,女流 2025
BV1jZ7Cz5EwW,2025-06-02,[女流66/直播回放] 玩老头环黑夜君临，队友壮壮cg 2025年06月01日,怪盗基德KID,60:1,女流 回放|女流 2025
BV1ET7rzrEke,2025-06-02,【纯净版】【女流66】【2025-06-01】【玩老头环黑夜君临队友壮壮cg】,直播回放巴拉蹦吧,202:50,女流 回放|女流 2025
BV1QJ7rzaEoJ,2025-06-02,【弹幕版】【女流66】【2025-06-01】【玩老头环黑夜君临队友壮壮cg】,直播回放巴拉蹦吧,202:50,女流 回放|女流 2025
BV1Hr7rz7Emp,2025-06-01,【女流66】【2025.06.01】[和壮壮cg玩玩老头环黑夜君临],bobi华,202:46,女流 2025
BV1n17rzyEvu,2025-06-01,[女流66/直播回放] 玩老头环黑夜君临，队友壮壮cg 2025年06月01日,怪盗基德KID,60:1,女流 回放|女流 2025
BV1VF7kzNEgC,2025-06-01,【Npc录播弹幕版】2025-06-01 艾尔登法环 黑夜君临、C萝10年,鼠鼠人粮仓T,536:46,女流 录播|女流 2025
BV1u37gzqEeL,2025-06-01,日本プロ麻雀連盟女流プロカレンダー2025撮影に密着!!～12月～,随缘的阿东,7:44,女流 2025
BV1gP7MzeEG6,2025-06-01,【女流66&amp;壮壮&amp;Npc】直播录像《艾尔登法环：黑夜君临》2025.05.31,不懒bot,312:52,女流 2025
BV1uF7KzbEwA,2025-06-01,女流66：和壮壮cg玩玩艾尔登法环：黑夜君临。2025-5-31,贪心小狮子,312:41,女流 2025
BV1TP7KzdEq4,2025-06-01,【女流66】玩老头环黑夜君临，队友壮壮cg 2025/05/31 18时场 直播回放,安乐冈花火w,311:45,女流 回放|女流 2025
BV16A7TzLEwq,2025-05-31,【女流66&amp;壮壮&amp;Npc】4K弹幕版《艾尔登法环：黑夜君临》2025.05.31,不懒bot,312:10,女流 2025
BV1TN7Pz7ENT,2025-05-31,【女流66】【2025.05.31】[和壮壮cg玩玩老头环黑夜君临],bobi华,308:55,女流 2025
BV1u67PzWE3y,2025-05-31,【弹幕版】【女流66】【2025-05-31】【玩老头环黑夜君临队友壮壮cg】,直播回放巴拉蹦吧,311:44,女流 回放|女流 2025
BV1KC7PzHEsq,2025-05-31,【纯净版】【女流66】【2025-05-31】【玩老头环黑夜君临队友壮壮cg】,直播回放巴拉蹦吧,311:44,女流 回放|女流 2025
BV1yk7FzvE4w,2025-05-31,【女流66&amp;壮壮&amp;Npc】直播录像《艾尔登法环：黑夜君临》2025.05.30,不懒bot,329:47,女流 2025
BV1Hu7szNEgF,2025-05-31,女流66：和壮壮cg玩玩艾尔登法环：黑夜君临。2025-5-30,贪心小狮子,329:31,女流 2025
BV1Uv7sz7EQ5,2025-05-31,【女流66】和壮壮cg玩玩老头环黑夜君临 2025/05/30 17时场 直播回放,安乐冈花火w,329:55,女流 回放|女流 2025
BV1PC7pzPEU7,2025-05-30,【女流66&amp;壮壮&amp;Npc】4K弹幕版《艾尔登法环：黑夜君临》2025.05.30,不懒bot,329:50,女流 2025
BV1K67pzKEwL,2025-05-30,日本プロ麻雀連盟女流プロカレンダー2025撮影に密着!!～11月～,随缘的阿东,4:10,女流 2025
BV1Du7WzLEiC,2025-05-30,【弹幕版】【女流66】【2025-05-30】【和壮壮cg玩玩老头环黑夜君临】,直播回放巴拉蹦吧,329:44,女流 回放|女流 2025
BV1oF7WzHEmY,2025-05-30,【女流66】【2025.05.30】[和壮壮cg玩玩老头环黑夜君临],bobi华,329:41,女流 2025
BV1RF7WzHEdu,2025-05-30,【纯净版】【女流66】【2025-05-30】【和壮壮cg玩玩老头环黑夜君临】,直播回放巴拉蹦吧,329:44,女流 回放|女流 2025
BV19f7nz5EGn,2025-05-30,[yjjimpaopao/yjj直播回放] 今天只有一个字 爆！ 2025年05月30日 （带弹幕版）,怪盗基德KID,360:4,女流 回放|女流 2025
BV1wn7JzpEiR,2025-05-30,[yjjimpaopao/yjj直播回放] 今天只有一个字 爆！ 2025年05月30日,怪盗基德KID,578:42,女流 回放|女流 2025
BV1So75zHEQo,2025-05-29,日本プロ麻雀連盟女流プロカレンダー2025撮影に密着!!～10月～,随缘的阿东,1:57,女流 2025
BV1uG7GzyESL,2025-05-29,[yjjimpaopao/yjj直播回放] 一天吃满1E计划 正式启动 2025年05月29日 （带弹幕版）,怪盗基德KID,252:4,女流 回放|女流 2025
BV1PhjyzZEYG,2025-05-29,[yjjimpaopao/yjj直播回放] 一天吃满1E计划 正式启动 2025年05月29日,怪盗基德KID,420:3,女流 回放|女流 2025
BV1XJjvz5EKG,2025-05-28,[yjjimpaopao/yjj直播回放] 【双倍】一天吃满1E计划 正式启动 2025年05月28日 （带弹幕版）,怪盗基德KID,519:21,女流 回放|女流 2025
BV1T3jizzE1F,2025-05-28,[yjjimpaopao/yjj直播回放] 【双倍】一天吃满1E计划 正式启动 2025年05月28日,怪盗基德KID,519:20,女流 回放|女流 2025
BV1yRjezhE6p,2025-05-28,日本プロ麻雀連盟女流プロカレンダー2025撮影に密着!!～9月～,随缘的阿东,6:11,女流 2025
BV1bwjRztEdQ,2025-05-27,[yjjimpaopao/yjj直播回放] 了不起的恐怖炮 2025年05月27日 （带弹幕版）,怪盗基德KID,538:28,女流 回放|女流 2025
BV18RjQzsE2Z,2025-05-27,[yjjimpaopao/yjj直播回放] 了不起的恐怖炮 2025年05月27日,怪盗基德KID,538:28,女流 回放|女流 2025
BV1SjjQznEXt,2025-05-27,【女流66】直播录像《长安：石之舞》2025.05.26,不懒bot,200:57,女流 2025
BV1FmjUzYEs4,2025-05-27,女流66：重生之我是石国长公主，游戏：长安石之舞。2025-05-26,贪心小狮子,201:27,女流 2025
BV1BajSzaECF,2025-05-26,【女流66】重生之我是石国长公主，游戏：长安石之舞 2025/05/26 19时场 直播回放,安乐冈花火w,201:5,女流 回放|女流 2025
BV1zajSzaE7G,2025-05-26,【女流66高清直播回放】重生之我是石国长公主，游戏：长安石之舞 2025-05-26,银河废品指南,201:26,女流 回放|女流 2025
BV1Roj2zmEhw,2025-05-26,【女流66】4K弹幕版《长安：石之舞》2025.05.26,不懒bot,201:0,女流 2025
BV1Qwjmz5EGN,2025-05-26,[女流66/女流直播回放] 重生之我是石国长公主，游戏：长安石之舞 2025年05月26日,怪盗基德KID,60:1,女流 回放|女流 2025
BV1ZSj2zpEfq,2025-05-26,【女流66】【2025.05.26】[重生之我是石国长公主],bobi华,201:48,女流 2025
BV1kyj2zoE3q,2025-05-26,【弹幕版】【女流66】【2025-05-26】【重生之我是石国长公主游戏长安石之舞】,直播回放巴拉蹦吧,194:52,女流 回放|女流 2025
BV1DMjmzgExE,2025-05-26,[女流66/女流直播回放] 重生之我是石国长公主，游戏：长安石之舞 2025年05月26日,怪盗基德KID,60:1,女流 回放|女流 2025
BV1XAjmzCEc3,2025-05-26,【纯净版】【女流66】【2025-05-26】【重生之我是石国长公主游戏长安石之舞】,直播回放巴拉蹦吧,194:52,女流 回放|女流 2025
BV1HAjUzYEn2,2025-05-26,[yjjimpaopao/yjj直播回放] 看看考试啥的 2025年05月26日 （带弹幕版）,怪盗基德KID,432:0,女流 回放|女流 2025
BV16sj1zDEhk,2025-05-26,[yjjimpaopao/yjj直播回放] 看看考试啥的 2025年05月26日,怪盗基德KID,432:0,女流 回放|女流 2025
BV1VEj5zsEsc,2025-05-26,女流66：重生之我是石国长公主，游戏：长安石之舞。2025-05-25,贪心小狮子,23:19,女流 2025
BV1Dkj3z3EEV,2025-05-25,【女流66】直播录像《聊天》含冤下播2025.05.25,不懒bot,23:23,女流 2025
BV1GHjGzyEM5,2025-05-25,【女流】66看歌手2025，真的太喜欢单依纯了，没想到唱这么好，林志炫悟空过于愤怒了，像六耳猕猴~,服部平次,2:21,女流 2025
BV1qMjGzWECW,2025-05-25,【女流66】林志炫很可惜，悟空这首歌没演绎好  单依纯太棒了，被她细腻的唱法震惊到！,恶龙炮OvO,2:14,女流 2025
BV1dXjGzpEWw,2025-05-25,【弹幕版】【女流66】【2025-05-25】【重生之我是石国长公主游戏长安石之舞】,直播回放巴拉蹦吧,22:33,女流 回放|女流 2025
BV1oXjGzpEGy,2025-05-25,日本プロ麻雀連盟女流プロカレンダー2025撮影に密着!!～6月～,随缘的阿东,3:32,女流 2025
BV1kkjGzcEaw,2025-05-25,【女流66】【2025.05.25】[重生之我是石国长公主],bobi华,23:29,女流 2025
BV1ckjGzcE6d,2025-05-25,【女流66】20250525 18点 完整直播录像回放,豆腐店36,20:59,女流 回放
BV1AzjGzAEM3,2025-05-25,【纯净版】【女流66】【2025-05-25】【重生之我是石国长公主游戏长安石之舞】,直播回放巴拉蹦吧,22:33,女流 回放|女流 2025
BV1pRjuzsEw9,2025-05-25,【女流直播】重生之我是石国长公主，游戏：长安石之舞2025-05-25,小路明飞,23:21,女流 录播|女流 2025
BV1WQjuz4Epq,2025-05-25,【女流66】重生之我是石国长公主，游戏：长安石之舞 2025/05/25 18时场 直播回放,安乐冈花火w,21:11,女流 回放|女流 2025
BV1yQjuz4ENv,2025-05-25,【女流66高清直播回放】重生之我是石国长公主，游戏：长安石之舞 2025-05-25,银河废品指南,23:21,女流 回放|女流 2025
BV1fBjMzjE6g,2025-05-25,[yjjimpaopao/yjj直播回放] 【双倍】我是一名跑刀主播吗？ 2025年05月25日 （带弹幕版）,怪盗基德KID,523:42,女流 回放|女流 2025
BV1SFjuzwEcd,2025-05-25,[yjjimpaopao/yjj直播回放] 【双倍】我是一名跑刀主播吗？ 2025年05月25日,怪盗基德KID,523:42,女流 回放|女流 2025
BV1qfjtzeEVp,2025-05-24,日本プロ麻雀連盟女流プロカレンダー2025撮影に密着!!～5月～,随缘的阿东,4:23,女流 2025
BV17vj4zwEgw,2025-05-24,[yjjimpaopao/yjj直播回放] 超级恐怖 无敌疯狂 2025年05月24日 （带弹幕版）,怪盗基德KID,470:45,女流 回放|女流 2025
BV1f5jtzeEcF,2025-05-24,[yjjimpaopao/yjj直播回放] 超级恐怖 无敌疯狂 2025年05月24日,怪盗基德KID,470:45,女流 回放|女流 2025
BV1kmjxzPET9,2025-05-24,日本プロ麻雀連盟女流プロカレンダー2025撮影に密着!!～4月～,随缘的阿东,5:17,女流 2025
BV1rmjxzPEF7,2025-05-24,日本プロ麻雀連盟女流プロカレンダー2025撮影に密着!!～3月～,随缘的阿东,5:31,女流 2025
BV1ykjxzqEAg,2025-05-24,日本プロ麻雀連盟女流プロカレンダー2025撮影に密着!!～2月～,随缘的阿东,4:37,女流 2025
BV1kyjxzKERf,2025-05-24,日本プロ麻雀連盟女流プロカレンダー2025撮影に密着!!～1月～,随缘的阿东,3:33,女流 2025
BV1C8jJzHE43,2025-05-23,看到炮炮进门瞬间开心的66姐； “看到yjj就烦”得含金量还在上升,承旭阿,1:43,女流 2025
BV13vjEzFEWx,2025-05-23,[yjjimpaopao/yjj直播回放] 回北京了，1点来 2025年05月23日 （带弹幕版）,怪盗基德KID,381:24,女流 回放|女流 2025
BV1SEjJzfExf,2025-05-23,[yjjimpaopao/yjj直播回放] 回北京了，1点来 2025年05月23日,怪盗基德KID,381:24,女流 回放|女流 2025
BV163JxzzEFP,2025-05-23,[yjjimpaopao/yjj直播回放] 世界上最清晰的直播间 2025年05月22日 （带弹幕版）,怪盗基德KID,295:20,女流 回放|女流 2025
BV11XJnzKEQP,2025-05-22,女流66：这什么游戏，让我尝尝咸淡。2025-05-22,贪心小狮子,126:54,女流 2025
BV1JuJHzxEMN,2025-05-22,【女流66&amp;壮壮】直播录像《猎厨狂欢》双人合作游戏2025.05.22,不懒bot,126:44,女流 2025
BV16AJHzbEn4,2025-05-22,【女流66】什么游戏，让我尝尝咸淡~ 2025/05/22 18时场 直播回放,安乐冈花火w,126:0,女流 回放|女流 2025
BV1fPJHzZESt,2025-05-22,【女流66】20250522 18点 完整直播录像回放,豆腐店36,126:3,女流 回放
BV1zKJHz4EHr,2025-05-22,【女流66高清直播回放】什么游戏，让我尝尝咸淡~ 2025-05-22,银河废品指南,126:46,女流 回放|女流 2025
BV1apJHz1EgV,2025-05-22,【女流66&amp;壮壮】4K弹幕版《猎厨狂欢》双人合作游戏2025.05.22,不懒bot,119:43,女流 2025
BV1hsJHzLEDd,2025-05-22,【女流66】【2025.05.22】[什么游戏，让我尝尝咸淡~],bobi华,126:40,女流 2025
BV1W6JHzPEUj,2025-05-22,【弹幕版】【女流66】【2025-05-22】【什么游戏让我尝尝咸淡】,直播回放巴拉蹦吧,125:14,女流 回放|女流 2025
BV14hJHzgEzp,2025-05-22,【纯净版】【女流66】【2025-05-22】【什么游戏让我尝尝咸淡】,直播回放巴拉蹦吧,125:14,女流 回放|女流 2025
BV18tJHzGEE5,2025-05-22,[女流66/女流直播回放] 什么游戏，让我尝尝咸淡~ 2025年05月22日,怪盗基德KID,126:6,女流 回放|女流 2025
BV14hJHzgErC,2025-05-22,日本プロ麻雀連盟女流プロカレンダー2025撮影に密着!!～3月～,CitalopramL_,5:31,女流 2025
BV15SJ7zrEWj,2025-05-22,[yjjimpaopao/yjj直播回放] 新显卡+新显示器 = 无敌 2025年05月22日,怪盗基德KID,595:23,女流 回放|女流 2025
BV1gzJzzZEuE,2025-05-22,[yjjimpaopao/yjj直播回放] 新显卡+新显示器 = 无敌 2025年05月21日 （带弹幕版）,怪盗基德KID,317:41,女流 回放|女流 2025
BV1PmJqzyEm1,2025-05-21,[yjjimpaopao/yjj直播回放] 新显卡+新显示器 = 无敌 2025年05月21日,怪盗基德KID,408:0,女流 回放|女流 2025
BV1p9JtzUEkJ,2025-05-20,[yjjimpaopao/yjj直播回放] 新显卡+新显示器 = 无敌 2025年05月20日 （带弹幕版）,怪盗基德KID,473:20,女流 回放|女流 2025
BV1KxJbzoE7X,2025-05-20,[yjjimpaopao/yjj直播回放] 新显卡+新显示器 = 无敌 2025年05月20日,怪盗基德KID,473:20,女流 回放|女流 2025
BV13kJuz5EC1,2025-05-18,[yjjimpaopao/yjj直播回放] 超级无敌之灭一队吃两口直接走流 2025年05月18日 （带弹幕版）,怪盗基德KID,545:53,女流 回放|女流 2025
BV1oMJgzxEQ5,2025-05-18,[yjjimpaopao/yjj直播回放] 超级无敌之灭一队吃两口直接走流 2025年05月18日,怪盗基德KID,545:52,女流 回放|女流 2025
BV12cJNzdEF9,2025-05-18,【女流66】什么游戏，让我尝尝咸淡~ 2025/05/17 18时场 直播回放,安乐冈花火w,186:5,女流 回放|女流 2025
BV1WgJNzSEMm,2025-05-18,【女流66】20250517 18点 完整直播录像回放,豆腐店36,180:2,女流 回放
BV1aXJPzwEJb,2025-05-17,【女流66】直播录像《吾今有世家》2025.05.17,不懒bot,188:11,女流 2025
BV1WuJNznEYt,2025-05-17,【女流66】4K弹幕版《吾今有世家》2025.05.17,不懒bot,187:56,女流 2025
BV1VhJNzKEXG,2025-05-17,【弹幕版】【女流66】【2025-05-17】【什么游戏让我尝尝咸淡】,直播回放巴拉蹦吧,187:26,女流 回放|女流 2025
BV1t9JwzXEVz,2025-05-17,【纯净版】【女流66】【2025-05-17】【什么游戏让我尝尝咸淡】,直播回放巴拉蹦吧,187:26,女流 回放|女流 2025
BV17eJwzqESe,2025-05-17,[女流66/女流直播回放] 什么游戏，让我尝尝咸淡~ 2025年05月17日,怪盗基德KID,188:16,女流 回放|女流 2025
BV1zYJwzTEjr,2025-05-17,【女流66】【2025.05.17】[什么游戏，让我尝尝咸淡~],bobi华,187:42,女流 2025
BV14dJwzHEnL,2025-05-17,石大壮给Asaki听猪猪的《林中鸟》和66姐的《左手指月》，明天壮壮将因为呼吸被姐姐爆揍了一顿,笙笙子,1:19,女流 切片
BV1ooJAzzE6a,2025-05-17,[yjjimpaopao/yjj直播回放] 不要笑挑战 687423 2025年05月17日 （带弹幕版）,怪盗基德KID,461:49,女流 回放|女流 2025
BV1KnJwzjEAr,2025-05-17,[yjjimpaopao/yjj直播回放] 不要笑挑战 687423 2025年05月17日,怪盗基德KID,636:30,女流 回放|女流 2025
BV1Z9EbzCEkm,2025-05-17,女流66：燕云今日更新凉州地图。2025-05-16,贪心小狮子,214:14,女流 2025
BV1jEEbzBEQe,2025-05-17,【女流66】直播录像《燕云十六声》凉州地图上线2025.05.16,不懒bot,215:20,女流 2025
BV12JE8zdE6q,2025-05-16,【女流66】燕云今天更新的凉州地图！玩玩看 2025/05/16 18时场 直播回放,安乐冈花火w,213:16,女流 回放|女流 2025
BV1KpE8zREKJ,2025-05-16,【女流66高清直播回放】燕云今天更新的凉州地图！玩玩看 2025-05-16,银河废品指南,215:25,女流 回放|女流 2025
BV1KBEbzREN9,2025-05-16,【女流66】20250516 18点 完整直播录像回放,豆腐店36,206:58,女流 回放
BV1NrEbzXEkV,2025-05-16,【女流】YJJ坏事做尽！微星送66的500赫兹显示器，快递还没到呢，就被炮炮提前占了~,服部平次,4:48,女流 2025
BV1VHE4zZEJS,2025-05-16,【女流66】4K弹幕版《燕云十六声》凉州地图上线2025.05.16,不懒bot,215:22,女流 2025
BV1DGE8zhEbq,2025-05-16,【女流】66回想和炮炮拍婚纱照，太累了这辈子一次就够了，直播间说我30没男人，当时我才26岁~,服部平次,4:36,女流 2025
BV1c2E4zrEPL,2025-05-16,【弹幕版】【女流66】【2025-05-16】【燕云今天更新的凉州地图玩玩看】,直播回放巴拉蹦吧,209:51,女流 回放|女流 2025
BV1PqE4zmEpA,2025-05-16,【纯净版】【女流66】【2025-05-16】【燕云今天更新的凉州地图玩玩看】,直播回放巴拉蹦吧,209:51,女流 回放|女流 2025
BV1xiE4zEET4,2025-05-16,[女流66/女流直播回放] 燕云今天更新的凉州地图！玩玩看 2025年05月16日,怪盗基德KID,214:47,女流 回放|女流 2025
BV1P6E4z1E82,2025-05-16,【女流66】【2025.05.16】[燕云今天更新的凉州地图_玩玩看],bobi华,214:16,女流 2025
BV11ZExz5Enp,2025-05-16,[yjjimpaopao/yjj直播回放] 不要笑挑战 687423 2025年05月16日 （带弹幕版）,怪盗基德KID,554:31,女流 回放|女流 2025
BV1kLEWzNEqY,2025-05-16,[yjjimpaopao/yjj直播回放] 不要笑挑战 687423 2025年05月16日,怪盗基德KID,554:31,女流 回放|女流 2025
BV1cVEkzJE5X,2025-05-15,[yjjimpaopao/yjj直播回放] 回归初心 超认真跑刀 2025年05月15日 （带弹幕版）,怪盗基德KID,457:12,女流 回放|女流 2025
BV1mBEkzwEBS,2025-05-15,[yjjimpaopao/yjj直播回放] 回归初心 超认真跑刀 2025年05月15日,怪盗基德KID,517:13,女流 回放|女流 2025
BV15eEqz8E1X,2025-05-14,女流66：什么游戏？让咱尝尝咸淡。2025-05-14,贪心小狮子,190:3,女流 2025
BV1SsEBzsEoc,2025-05-14,【女流66】20250514 17点 完整直播录像回放,豆腐店36,183:16,女流 回放
BV1KvEBzUEAG,2025-05-14,【女流66】什么游戏？让咱尝尝咸淡 2025/05/14 17时场 直播回放,安乐冈花火w,189:17,女流 回放|女流 2025
BV1meEBzEE1z,2025-05-14,【女流66】【2025.05.14】[什么游戏_让咱尝尝咸淡],bobi华,190:49,女流 2025
BV1qtEvzdEXV,2025-05-14,【女流】66玩《The Precinct 警区》，5.14直播录像弹幕版，更新完毕~,服部平次,190:7,女流 2025
BV1MUEvzGEgE,2025-05-14,【女流66】直播录像《The Precinct警区》2025.05.14,不懒bot,184:57,女流 2025
BV181Evz5EJa,2025-05-14,【女流66】4K弹幕版《The Precinct警区》2025.05.14,不懒bot,187:7,女流 2025
BV1QHEizUEMt,2025-05-14,[女流66/女流直播回放] 什么游戏？让咱尝尝咸淡 2025年05月14日,怪盗基德KID,184:20,女流 回放|女流 2025
BV1KhEizCEnQ,2025-05-14,【纯净版】【女流66】【2025-05-14】【什么游戏让咱尝尝咸淡】,直播回放巴拉蹦吧,186:37,女流 回放|女流 2025
BV1SWEiz7EL2,2025-05-14,【弹幕版】【女流66】【2025-05-14】【什么游戏让咱尝尝咸淡】,直播回放巴拉蹦吧,186:37,女流 回放|女流 2025
BV1mxEezMEEM,2025-05-14,[yjjimpaopao/yjj直播回放] 回归初心 超认真跑刀 2025年05月14日 （带弹幕版）,怪盗基德KID,555:35,女流 回放|女流 2025
BV1riEezhEmd,2025-05-14,[yjjimpaopao/yjj直播回放] 回归初心 超认真跑刀 2025年05月14日,怪盗基德KID,555:35,女流 回放|女流 2025
BV1Hg7fzaEbb,2025-05-13,[yjjimpaopao/yjj直播回放] 别只知道吃 记得多看多学 2025年05月13日 （带弹幕版）,怪盗基德KID,535:48,女流 回放|女流 2025
BV1av7fzLE5N,2025-05-13,[yjjimpaopao/yjj直播回放] 别只知道吃 记得多看多学 2025年05月13日,怪盗基德KID,535:48,女流 回放|女流 2025
BV1CrEKzWE71,2025-05-11,[yjjimpaopao/yjj直播回放] 实力不祥 遇强则强 2025年05月11日 （带弹幕版）,怪盗基德KID,506:17,女流 回放|女流 2025
BV1dcETz6Ev4,2025-05-11,[yjjimpaopao/yjj直播回放] 实力不祥 遇强则强 2025年05月11日,怪盗基德KID,506:17,女流 回放|女流 2025
BV1xaVZz9EEq,2025-05-10,[yjjimpaopao/yjj直播回放] FPS恐怖老手！ 2025年05月10日 （带弹幕版）,怪盗基德KID,529:17,女流 回放|女流 2025
BV1b6VRzDEGH,2025-05-10,[yjjimpaopao/yjj直播回放] FPS恐怖老手！ 2025年05月10日,怪盗基德KID,529:17,女流 回放|女流 2025
BV19xVXzpE2R,2025-05-10,麻雀女流联赛2025　个人战半决赛・决赛「麻雀女王决定战」,立直喵急便,557:38,女流 2025
BV1zgVDzdEAt,2025-05-09,【女流66】20250509 19点 完整直播录像回放,豆腐店36,114:11,女流 回放
BV1htVDzVEmy,2025-05-09,【女流66】4K弹幕版05.09跟壮壮一起玩《暗区突围：无限》2025.05.09,不懒bot,119:38,女流 2025
BV1qgVDzRE9w,2025-05-09,女流66：暗区突围PC。66带你摸大金~2025-05-09,贪心小狮子,120:59,女流 2025
BV15655zpEYE,2025-05-09,【女流66】暗区突围pc，66带你摸大金~ 2025/05/09 19时场 直播回放,安乐冈花火w,118:3,女流 回放|女流 2025
BV1zgVDzRErL,2025-05-09,【女流66】直播录像05.09跟壮壮一起玩《暗区突围：无限》2025.05.09,不懒bot,120:55,女流 2025
BV1iVVDzXEB2,2025-05-09,【女流66高清直播回放】暗区突围pc，66带你摸大金~ 2025-05-09,银河废品指南,120:2,女流 回放|女流 2025
BV16h55zbEiA,2025-05-09,【女流66】【2025.05.09】[暗区突围pc_66带你摸大金],bobi华,120:44,女流 2025
BV1Ja55zZE5Y,2025-05-09,[女流66/女流直播回放] 暗区突围pc，66带你摸大金~ 2025年05月09日,怪盗基德KID,119:25,女流 回放|女流 2025
BV1AN5LzKEef,2025-05-09,【弹幕版】【女流66】【2025-05-09】【暗区突围pc66带你摸大金】,直播回放巴拉蹦吧,115:38,女流 回放|女流 2025
BV1PA5LzqEJJ,2025-05-09,【纯净版】【女流66】【2025-05-09】【暗区突围pc66带你摸大金】,直播回放巴拉蹦吧,115:38,女流 回放|女流 2025
BV1JX5VzxES8,2025-05-09,[yjjimpaopao/yjj直播回放] FPS恐怖老手！ 2025年05月09日 （带弹幕版）,怪盗基德KID,582:47,女流 回放|女流 2025
BV1D355zGEep,2025-05-09,[yjjimpaopao/yjj直播回放] FPS恐怖老手！ 2025年05月09日,怪盗基德KID,582:46,女流 回放|女流 2025
BV1U35AzkEGA,2025-05-08,[yjjimpaopao/yjj直播回放] 先挣钱1000W 然后帮水友圆梦 2025年05月08日 （带弹幕版）,怪盗基德KID,523:30,女流 回放|女流 2025
BV1VP5AzEE5t,2025-05-08,[yjjimpaopao/yjj直播回放] 先挣钱1000W 然后帮水友圆梦 2025年05月08日,怪盗基德KID,523:31,女流 回放|女流 2025
BV1T9V4zuEHH,2025-05-07,[yjjimpaopao/yjj直播回放] 先挣钱1000W 然后帮水友圆梦 2025年05月07日 （带弹幕版）,怪盗基德KID,479:16,女流 回放|女流 2025
BV1szVtzqEQk,2025-05-07,[yjjimpaopao/yjj直播回放] 先挣钱1000W 然后帮水友圆梦 2025年05月07日,怪盗基德KID,479:16,女流 回放|女流 2025
BV1L3VWzgEcX,2025-05-06,【女流66】锈湖十周年新作《The Mr. Rabbit Magic Show》兔子先生的魔法秀2025.05.06,不懒bot,159:27,女流 2025
BV1GLVWzqE9M,2025-05-06,【女流66】4K弹幕版锈湖十周年新作《The Mr. Rabbit Magic Show》兔子先生的魔法秀2025.05.06,不懒bot,159:25,女流 2025
BV1kdVpznEkP,2025-05-06,【女流66】绣湖最新作，独立游戏动动脑，快坐 2025/05/06 18时场 直播回放,安乐冈花火w,159:14,女流 回放|女流 2025
BV1EfVpzEEXo,2025-05-06,【女流66】20250506 18点 完整直播录像回放,豆腐店36,149:51,女流 回放
BV1ndVpznEKT,2025-05-06,女流66：绣湖最新作，独立游戏动动脑，快坐。2025-5-6,贪心小狮子,153:1,女流 2025
BV1cFVWzUEA5,2025-05-06,【女流66高清直播回放】绣湖最新作，独立游戏动动脑，快坐 2025-05-06,银河废品指南,159:29,女流 回放|女流 2025
BV1cEVmzXEPC,2025-05-06,【弹幕版】【女流66】【2025-05-06】【绣湖最新作独立游戏动动脑快坐】,直播回放巴拉蹦吧,154:44,女流 回放|女流 2025
BV1XqVmzzEe8,2025-05-06,【女流】66开播聊天、玩锈湖十周年新作《兔子先生的魔术秀》，5.6直播录像弹幕版，更新完毕~,服部平次,159:47,女流 2025
BV1fHVmzSEYR,2025-05-06,【纯净版】【女流66】【2025-05-06】【绣湖最新作独立游戏动动脑快坐】,直播回放巴拉蹦吧,154:44,女流 回放|女流 2025
BV1cnVmzHED5,2025-05-06,【女流66】【2025.05.06】[绣湖最新作_独立游戏动动脑_快坐],bobi华,158:4,女流 2025
BV1WPGdz3ETZ,2025-05-04,【女流66】直播回放2025-05-03,KassyTan,89:58,女流 回放|女流 2025
BV1ngGdzTEVP,2025-05-03,【女流66】直播录像05.03跟壮壮一起玩《暗区突围：无限》2025.05.03,不懒bot,136:1,女流 2025
BV1ACGdzyEai,2025-05-03,【女流66】狗头军师上暗，66带你开大金 2025/05/03 19时场 直播回放,安乐冈花火w,135:37,女流 回放|女流 2025
BV1kPGdz3EBN,2025-05-03,【女流66】4K弹幕版05.03跟壮壮一起玩《暗区突围：无限》2025.05.03,不懒bot,135:56,女流 2025
BV1KqGdzUEjs,2025-05-03,【女流66】20250503 19点 完整直播录像回放,豆腐店36,132:12,女流 回放
BV1WkGdzLEqb,2025-05-03,【女流66高清直播回放】狗头军师上暗，66带你开大金 2025-05-03,银河废品指南,136:51,女流 回放|女流 2025
BV1cNGdzrEJ7,2025-05-03,女流66：狗头军师上暗，66带你开大金。2025-5-3,贪心小狮子,136:9,女流 2025
BV1JUGdz3EqL,2025-05-03,【女流66】直播回放2025-05-03,KassyTan,42:22,女流 回放|女流 2025
BV1eNGoz8EpF,2025-05-03,【女流66】【2025.05.03】[狗头军师上暗_66带你开大金],bobi华,130:7,女流 2025
BV1G4VnzYESi,2025-05-03,【弹幕版】【女流66】【2025-05-03】【狗头军师上暗66带你开大金】,直播回放巴拉蹦吧,128:33,女流 回放|女流 2025
BV1Y4VnzaEaF,2025-05-03,【纯净版】【女流66】【2025-05-03】【狗头军师上暗66带你开大金】,直播回放巴拉蹦吧,128:33,女流 回放|女流 2025
BV1VmGizgErN,2025-05-01,【甜心战士】看《主播对对碰84》怎么都是抖音的主播,甜心战士Miyuki,15:49,女流 抖音
BV1ZgGhzFEp1,2025-05-01,【女流66】直播录像《光与影：33号远征队》做支线2025.04.30,不懒bot,218:26,女流 2025
BV18BGtz5EAB,2025-05-01,【女流66】直播回放2025-04-30,KassyTan,217:33,女流 回放|女流 2025
BV1XaGtzEEWP,2025-04-30,【女流66】20250430 17点 完整直播录像回放,豆腐店36,213:45,女流 回放
BV1oNGbzREgs,2025-04-30,【女流66】最高难度鏖战：33号远征队，战个痛 2025/04/30 17时场 直播回放,安乐冈花火w,216:46,女流 回放|女流 2025
BV1bzGtzCEtc,2025-04-30,女流66：回合制新游戏33号远征队，最高画质，战个痛。2024-4-30,贪心小狮子,219:24,女流 2024
BV1PQGtzvEn2,2025-04-30,【女流66】4K弹幕版《光与影：33号远征队》做支线2025.04.30,不懒bot,218:54,女流 2025
BV17NGbzdEz3,2025-04-30,【女流66高清直播回放】最高难度鏖战：33号远征队，战个痛 2025-04-30,银河废品指南,143:26,女流 回放|女流 2025
BV1iSGbzREXL,2025-04-30,【女流66】【2025.04.30】[最高难度鏖战：33号远征队_战个痛],bobi华,215:27,女流 2025
BV1adGbzDEb1,2025-04-30,【弹幕版】【女流66】【2025-04-30】【最高难度鏖战33号远征队战个痛】,直播回放巴拉蹦吧,208:27,女流 回放|女流 2025
BV16BGbzAE6o,2025-04-30,【纯净版】【女流66】【2025-04-30】【最高难度鏖战33号远征队战个痛】,直播回放巴拉蹦吧,208:27,女流 回放|女流 2025
BV1kiGbzeEDF,2025-04-30,【女流66高清直播回放】最高难度鏖战：33号远征队，战个痛 2025-04-30,银河废品指南,60:1,女流 回放|女流 2025
BV1tiG2ztEV5,2025-04-30,【女流66】直播回放2025-04-29,KassyTan,256:6,女流 回放|女流 2025
BV1JQG2z7EUc,2025-04-30,【女流66】最高难度鏖战：33号远征队，战个痛 2025/04/29 18时场 直播回放,安乐冈花火w,256:15,女流 回放|女流 2025
BV1a4G2zeEEY,2025-04-30,【女流66】20250429 18点 完整直播录像回放,豆腐店36,205:20,女流 回放
BV1k1G2zHEUG,2025-04-29,女流66：回合制新游戏33号远征队，最高画质，战个痛。2024-4-29,贪心小狮子,256:14,女流 2024
BV1rQG2z7ERP,2025-04-29,【女流66高清直播回放】最高难度鏖战：33号远征队，战个痛 2025-04-29,银河废品指南,60:1,女流 回放|女流 2025
BV1TEGmzfEqL,2025-04-29,【女流66高清直播回放】最高难度鏖战：33号远征队，战个痛 2025-04-29,银河废品指南,180:3,女流 回放|女流 2025
BV1JmGyzGEzc,2025-04-29,【纯净版】【女流66】【2025-04-29】【最高难度鏖战33号远征队战个痛】,直播回放巴拉蹦吧,186:36,女流 回放|女流 2025
BV1GKG1zFEA9,2025-04-29,【弹幕版】【女流66】【2025-04-29】【最高难度鏖战33号远征队战个痛】,直播回放巴拉蹦吧,186:36,女流 回放|女流 2025
BV1j9GyzMECd,2025-04-29,[女流66/女流直播回放] 最高难度鏖战：33号远征队，战个痛 2025年04月29日,怪盗基德KID,255:42,女流 回放|女流 2025
BV1JDGyzgEpJ,2025-04-29,【女流66】【2025.04.29】[最高难度鏖战：33号远征队_战个痛],bobi华,255:13,女流 2025
BV1oLGyzPER5,2025-04-29,[yjjimpaopao/yjj直播回放] 【双倍】11点半来 2025年04月29日 （带弹幕版）,怪盗基德KID,660:9,女流 回放|女流 2025
BV1AAGyzVEsf,2025-04-29,[yjjimpaopao/yjj直播回放] 【双倍】11点半来 2025年04月29日,怪盗基德KID,660:9,女流 回放|女流 2025
BV1mKLUzqEaD,2025-04-29,【女流66】直播回放2025-04-28,KassyTan,250:2,女流 回放|女流 2025
BV1suLUzvE5r,2025-04-29,2025/04/28 第20期女流樱花 A联赛 第一轮D桌,日本职业麻将联盟,333:31,女流 2025
BV1AYLmzcEeq,2025-04-29,女流66：回合制新游戏33号远征队，最高画质，战个痛。2024-4-28,贪心小狮子,192:4,女流 2024
BV1VvLUzmEEJ,2025-04-29,【女流66】20250428 19点 完整直播录像回放,豆腐店36,228:29,女流 回放
BV1W9LUzvEn8,2025-04-28,【女流66】最高难度鏖战：33号远征队，战个痛 2025/04/28 17时场 直播回放,安乐冈花火w,250:29,女流 回放|女流 2025
BV1PXLUzKE5D,2025-04-28,【女流66高清直播回放】最高难度鏖战：33号远征队，战个痛 2025-04-28,银河废品指南,250:12,女流 回放|女流 2025
BV1uyLUzrEJx,2025-04-28,【女流66】直播录像《光与影：33号远征队》鏖战难度2025.04.28,不懒bot,250:59,女流 2025
BV158L2zVEkG,2025-04-28,【女流66】4K弹幕版《光与影：33号远征队》鏖战难度2025.04.28,不懒bot,247:39,女流 2025
BV1EHL2zUE4y,2025-04-28,【女流66】【2025.04.28】[最高难度鏖战：33号远征队_战个痛],bobi华,249:14,女流 2025
BV158L2zVEt7,2025-04-28,【弹幕版】【女流66】【2025-04-28】【最高难度鏖战33号远征队战个痛】,直播回放巴拉蹦吧,246:39,女流 回放|女流 2025
BV1W3L2zxE5h,2025-04-28,【纯净版】【女流66】【2025-04-28】【最高难度鏖战33号远征队战个痛】,直播回放巴拉蹦吧,246:38,女流 回放|女流 2025
BV1NSL2z8EVF,2025-04-28,[女流66/女流直播回放] 最高难度鏖战：33号远征队，战个痛 2025年04月28日,怪盗基德KID,250:4,女流 回放|女流 2025
BV16YL1zHEqi,2025-04-28,[yjjimpaopao/yjj直播回放] 11点半来 2025年04月28日 （带弹幕版）,怪盗基德KID,545:7,女流 回放|女流 2025
BV1mnL1z8Exp,2025-04-28,[yjjimpaopao/yjj直播回放] 11点半来 2025年04月28日,怪盗基德KID,545:7,女流 回放|女流 2025
BV14SLzzjE2s,2025-04-28,女流66：回合制新游戏33号远征队，最高画质，战个痛。2024-4-27,贪心小狮子,252:9,女流 2024
BV1NqL6z5EyS,2025-04-28,【女流66】直播回放2025-04-27,KassyTan,162:34,女流 回放|女流 2025
BV1cCLBzaEGQ,2025-04-28,【女流66】直播回放2025-04-27,KassyTan,87:42,女流 回放|女流 2025
BV1YHL6zsEyH,2025-04-28,【女流】66玩过最花钱的游戏，竟然是冒险岛online，其次是雀魂，花钱全是皮肤~,服部平次,3:15,女流 冒险岛
BV1MtL6znErm,2025-04-27,【女流66】20250427 19点 完整直播录像回放,豆腐店36,244:53,女流 回放
BV14ULqzuEBW,2025-04-27,【女流66】最高难度鏖战：33号远征队，战个痛 2025/04/27 19时场 直播回放,安乐冈花火w,247:49,女流 回放|女流 2025
BV14SLqzBEPX,2025-04-27,【女流66高清直播回放】最高难度鏖战：33号远征队，战个痛 2025-04-27,银河废品指南,251:13,女流 回放|女流 2025
BV1JwLBz8E99,2025-04-27,【女流66】4K弹幕版《光与影：33号远征队》鏖战难度2025.04.27,不懒bot,251:58,女流 2025
BV1MtLBzkE5k,2025-04-27,【弹幕版】【女流66】【2025-04-27】【最高难度鏖战33号远征队战个痛】,直播回放巴拉蹦吧,244:47,女流 回放|女流 2025
BV1J2LBz8EL1,2025-04-27,【女流66】直播录像《光与影：33号远征队》鏖战难度2025.04.27,不懒bot,252:4,女流 2025
BV1usLBzyEs8,2025-04-27,[yjjimpaopao/yjj直播回放] 真诚的主播，善良的男人 2025年04月27日 （带弹幕版）,怪盗基德KID,210:13,女流 回放|女流 2025
BV1NeLBzBEsu,2025-04-27,【女流66】【2025.04.27】[最高难度鏖战：33号远征队_战个痛],bobi华,251:41,女流 2025
BV1DALzzmELb,2025-04-27,【纯净版】【女流66】【2025-04-27】【最高难度鏖战33号远征队战个痛】,直播回放巴拉蹦吧,244:47,女流 回放|女流 2025
BV1DFLzzSEWy,2025-04-27,[女流66/女流直播回放] 最高难度鏖战：33号远征队，战个痛 2025年04月27日,怪盗基德KID,251:26,女流 回放|女流 2025
BV1GFLzzDE2X,2025-04-27,[yjjimpaopao/yjj直播回放] 真诚的主播，善良的男人 2025年04月27日,怪盗基德KID,210:13,女流 回放|女流 2025
BV1NDLZzbEJQ,2025-04-27,【女流66】直播录像《光与影：33号远征队》鏖战难度2025.04.26,不懒bot,276:56,女流 2025
BV126Ldz4EYQ,2025-04-27,【女流66】直播回放2025-04-26,KassyTan,180:13,女流 回放|女流 2025
BV12nLozFEXL,2025-04-27,女流66：回合制新游戏33号远征队，最高画质，战个痛。2024-4-26,贪心小狮子,276:59,女流 2024
BV1b7LozwELF,2025-04-27,【女流66】最高难度鏖战：33号远征队，战个痛 2025/04/26 17时场 直播回放,安乐冈花火w,275:43,女流 回放|女流 2025
BV1t6LdztEWy,2025-04-27,【女流66】20250426 17点 完整直播录像回放,豆腐店36,266:37,女流 回放
BV1aGLozvEGt,2025-04-26,【女流66高清直播回放】最高难度鏖战：33号远征队，战个痛 2025-04-26,银河废品指南,276:18,女流 回放|女流 2025
BV1KNLZzFE9u,2025-04-26,【女流66】4K弹幕版《光与影：33号远征队》鏖战难度2025.04.26,不懒bot,276:46,女流 2025
BV1NNLZzFEi8,2025-04-26,[yjjimpaopao/yjj直播回放] 三角洲首届猛攻杯开启 2025年04月26日 （带弹幕版）,怪盗基德KID,209:13,女流 回放|女流 2025
BV1suLZz4EEH,2025-04-26,【女流66】【2025.04.26】[最高难度鏖战：33号远征队_战个痛],bobi华,275:46,女流 2025
BV18oLozvEjs,2025-04-26,[yjjimpaopao/yjj直播回放] 三角洲首届猛攻杯开启 2025年04月26日,怪盗基德KID,209:13,女流 回放|女流 2025
BV1aMLRz8EHD,2025-04-26,【弹幕版】【女流66】【2025-04-26】【最高难度鏖战33号远征队战个痛】,直播回放巴拉蹦吧,272:53,女流 回放|女流 2025
BV1ecLRzNEsd,2025-04-26,【纯净版】【女流66】【2025-04-26】【最高难度鏖战33号远征队战个痛】,直播回放巴拉蹦吧,272:53,女流 回放|女流 2025
BV1iZL9zTEzH,2025-04-26,[女流66/女流直播回放] 最高难度鏖战：33号远征队，战个痛 2025年04月26日,怪盗基德KID,276:54,女流 回放|女流 2025
BV1osLWz7EAu,2025-04-26,【女流66】直播录像《光与影：33号远征队》2025.04.25,不懒bot,266:52,女流 2025
BV1hbRsYaEcy,2025-04-26,【女流66】直播回放2025-03-08,KassyTan,149:51,女流 回放|女流 2025
BV18QLnzAEnh,2025-04-25,女流66：回合制新游戏33号远征队，最高画质，战个痛。2024-4-25,贪心小狮子,187:0,女流 2024
BV1G2LnziE9a,2025-04-25,【女流66】20250425 17点 完整直播录像回放,豆腐店36,258:27,女流 回放
BV1pNLHzWEzD,2025-04-25,【女流66】回合制新游戏33号远征队，最高画质，战个痛 2025/04/25 20时场 直播回放,安乐冈花火w,265:23,女流 回放|女流 2025
BV1dHLHzrEp9,2025-04-25,【女流66高清直播回放】回合制新游戏33号远征队，最高画质，战个痛 2025-04-25,银河废品指南,264:29,女流 回放|女流 2025
BV1uSLEzdEzu,2025-04-25,【女流66】4K弹幕版《光与影：33号远征队》2025.04.25,不懒bot,244:34,女流 2025
BV131LEzbE2u,2025-04-25,【女流66】【2025.04.25】[_回合制新游戏33号远征队_最高画质_战个痛],bobi华,266:57,女流 2025
BV1RjLJzTEtr,2025-04-25,【弹幕版】【女流66】【2025-04-25】【回合制新游戏33号远征队最高画质战个痛】,直播回放巴拉蹦吧,265:22,女流 回放|女流 2025
BV1WwLJzmEaP,2025-04-25,【纯净版】【女流66】【2025-04-25】【回合制新游戏33号远征队最高画质战个痛】,直播回放巴拉蹦吧,265:22,女流 回放|女流 2025
BV1NfLEzSEzL,2025-04-25,[女流66/女流直播回放] 回合制新游戏33号远征队，最高画质，战个痛 2025年04月25日,怪盗基德KID,266:10,女流 回放|女流 2025
BV1yvL7zjEEJ,2025-04-25,女流66：最高画质的《33号远征队》。2025-04-24,贪心小狮子,282:23,女流 2025
BV1eoL7zwEtT,2025-04-25,[yjjimpaopao/yjj直播回放] 11点半，强势黑夜大坝 2025年04月25日 （带弹幕版）,怪盗基德KID,293:40,女流 回放|女流 2025
BV17aLEzMEdC,2025-04-25,[yjjimpaopao/yjj直播回放] 11点半，强势黑夜大坝 2025年04月25日,怪盗基德KID,293:40,女流 回放|女流 2025
BV15tLGz2ExW,2025-04-25,【女流66】直播录像《光与影：33号远征队》2025.04.24,不懒bot,282:29,女流 2025
BV1AQLGzcE1Y,2025-04-25,【女流66】20250424 21点 完整直播录像回放,豆腐店36,274:2,女流 回放
BV1zqLVzbEop,2025-04-24,【女流66】新游戏33号远征队，最高画质 2025/04/24 17时场 直播回放,安乐冈花火w,281:36,女流 回放|女流 2025
BV1ffLGzsEA5,2025-04-24,【女流66高清直播回放】新游戏33号远征队，最高画质 2025-04-24,银河废品指南,281:11,女流 回放|女流 2025
BV13aLgzKEuG,2025-04-24,【女流66】4K弹幕版《光与影：33号远征队》2025.04.24,不懒bot,279:55,女流 2025
BV1k8L3zxEV8,2025-04-24,【弹幕版】【女流66】【2025-04-24】【新游戏33号远征队最高画质】,直播回放巴拉蹦吧,282:36,女流 回放|女流 2025
BV1FYL3zsELZ,2025-04-24,【纯净版】【女流66】【2025-04-24】【新游戏33号远征队最高画质】,直播回放巴拉蹦吧,282:36,女流 回放|女流 2025
BV1MJL3zPEev,2025-04-24,【女流66】【2025.04.24】[新游戏33号远征队],bobi华,251:48,女流 2025
BV1kVLqzAECc,2025-04-24,[yjjimpaopao/yjj直播回放] 11点半，强势黑夜大坝 2025年04月24日 （带弹幕版）,怪盗基德KID,603:45,女流 回放|女流 2025
BV1cvLezHEEW,2025-04-24,[yjjimpaopao/yjj直播回放] 11点半，强势黑夜大坝 2025年04月24日,怪盗基德KID,572:48,女流 回放|女流 2025
BV1smLvzwEoG,2025-04-24,夕刊フジ杯争奪麻雀女流リーグ2025【Ampai】宮内こずえ【PSJ】豊後葵,Kingsleeeeey,82:55,女流 2025
BV16KLhzCEuG,2025-04-24,[yjjimpaopao/yjj直播回放] 5天内先开始挣他一个小目标。 2025年04月24日 （带弹幕版）,怪盗基德KID,178:55,女流 回放|女流 2025
BV14eLhzsEna,2025-04-24,[yjjimpaopao/yjj直播回放] 5天内先开始挣他一个小目标。 2025年04月24日,怪盗基德KID,178:55,女流 回放|女流 2025
BV1NdLtzCEUK,2025-04-23,[yjjimpaopao/yjj直播回放] 5天内先开始挣他一个小目标。 2025年04月23日 （带弹幕版）,怪盗基德KID,307:46,女流 回放|女流 2025
BV1CfLtz6Eqm,2025-04-23,[yjjimpaopao/yjj直播回放] 5天内先开始挣他一个小目标。 2025年04月23日,怪盗基德KID,367:48,女流 回放|女流 2025
BV1myLxzGEV6,2025-04-23,[yjjimpaopao/yjj直播回放] 5天内先开始挣他一个小目标。 2025年04月23日,怪盗基德KID,60:2,女流 回放|女流 2025
BV12t5RzXEmV,2025-04-22,2025/04/21 第20期女流樱花 A联赛 第一轮C桌,日本职业麻将联盟,291:11,女流 2025
BV1YR5Xz4EEo,2025-04-22,[yjjimpaopao/yjj直播回放] 海纳百川 勇闯天下 2025年04月22日 （带弹幕版）,怪盗基德KID,380:7,女流 回放|女流 2025
BV1iK5DzHEw7,2025-04-22,[yjjimpaopao/yjj直播回放] 海纳百川 勇闯天下 2025年04月22日,怪盗基德KID,380:7,女流 回放|女流 2025
BV1bW5CzoEaM,2025-04-21,[yjjimpaopao/yjj直播回放] 周一休息一下下 2025年04月21日 （带弹幕版）,怪盗基德KID,228:51,女流 回放|女流 2025
BV1Cj5yznEyz,2025-04-21,[yjjimpaopao/yjj直播回放] 周一休息一下下 2025年04月21日,怪盗基德KID,228:51,女流 回放|女流 2025
BV1inLgzCEWU,2025-04-21,夕刊フジ杯争奪麻雀女流リーグ2025【まあじゃんKEIO】和泉由希子【Ampai】宮内こずえ【PSJ】豊後葵,Kingsleeeeey,77:28,女流 2025
BV177Lgz1ERW,2025-04-21,夕刊フジ杯争奪麻雀女流リーグ2025【TEAM trinity】魚谷侑未,Kingsleeeeey,81:35,女流 2025
BV1d2LwzXE62,2025-04-20,[yjjimpaopao/yjj直播回放] 来这里吃饭就好 687423 2025年04月20日 （带弹幕版）,怪盗基德KID,127:55,女流 回放|女流 2025
BV11ULAz3EGi,2025-04-20,[yjjimpaopao/yjj直播回放] 来这里吃饭就好 687423 2025年04月20日,怪盗基德KID,127:55,女流 回放|女流 2025
BV15A5xz7E6h,2025-04-19,[yjjimpaopao/yjj直播回放] 开始跑刀 只差失去联系和收集者 2025年04月19日 （带弹幕版）,怪盗基德KID,446:13,女流 回放|女流 2025
BV1BX5pzjEqt,2025-04-19,[yjjimpaopao/yjj直播回放] 开始跑刀 只差失去联系和收集者 2025年04月19日 （带弹幕版）,怪盗基德KID,60:2,女流 回放|女流 2025
BV1GA5WzzEy2,2025-04-19,[yjjimpaopao/yjj直播回放] 开始跑刀 只差失去联系和收集者 2025年04月19日,怪盗基德KID,506:15,女流 回放|女流 2025
BV1vS5rzcENi,2025-04-18,[yjjimpaopao/yjj直播回放] 11点来 新赛季3X3 2025年04月18日 （带弹幕版）,怪盗基德KID,480:3,女流 回放|女流 2025
BV1jh5kzAEp1,2025-04-18,[yjjimpaopao/yjj直播回放] 11点来 新赛季3X3 2025年04月18日,怪盗基德KID,620:54,女流 回放|女流 2025
BV14o5vzwE1u,2025-04-17,那个女流氓就是你吧，兔娘,我想你了兔娘,0:53,女流 回放|女流 切片
BV17N5azgESM,2025-04-17,[yjjimpaopao/yjj直播回放] 11点来 新赛季3X3 2025年04月17日,怪盗基德KID,705:0,女流 回放|女流 2025
BV1UcouYpEAP,2025-04-17,【女流66】4K弹幕版《流放之路2》2025.04.16,不懒bot,63:13,女流 2025
BV1r7ouYrEwr,2025-04-17,【女流66】直播录像《流放之路2》2025.04.16,不懒bot,63:16,女流 2025
BV1m1ouYpEBG,2025-04-17,【女流】66谈北京新房装修，跟车没缘分就没买车库，爸妈特别不理解，哪有买房不买车库的~,服部平次,6:12,女流 2025
BV1zGoTYTEZ5,2025-04-16,女流66：勇闯死人谷，今天通关。2025-04-16,贪心小狮子,197:26,女流 2025
BV1KFoTYjELK,2025-04-16,【女流66】20250416 18点 完整直播录像回放,豆腐店36,188:24,女流 回放
BV11PoTYkE3S,2025-04-16,【女流66】勇闯死人谷，今天通关 2025/04/16 18时场 直播回放,安乐冈花火w,196:16,女流 回放|女流 2025
BV1ruoTYuEZG,2025-04-16,【女流66高清直播回放】勇闯死人谷，今天通关 2025-04-16,银河废品指南,197:16,女流 回放|女流 2025
BV1LPoMYaE6W,2025-04-16,【女流66】【2025.04.16】[勇闯死人谷，今天通关],bobi华,198:38,女流 2025
BV1agoMYtEGS,2025-04-16,【弹幕版】【女流66】【2025-04-16】【勇闯死人谷今天通关】,直播回放巴拉蹦吧,188:49,女流 回放|女流 2025
BV17ZoTYiEna,2025-04-16,【纯净版】【女流66】【2025-04-16】【勇闯死人谷今天通关】,直播回放巴拉蹦吧,188:49,女流 回放|女流 2025
BV1N4oMY2Eyk,2025-04-16,[女流66/女流直播回放] 勇闯死人谷，今天通关 2025年04月16日,怪盗基德KID,197:48,女流 回放|女流 2025
BV1FboPYfEXW,2025-04-16,[yjjimpaopao/yjj直播回放] Smg45跑刀 今日航天大坝 2025年04月16日 （带弹幕版）,怪盗基德KID,307:37,女流 回放|女流 2025
BV1uuoPYkEfe,2025-04-16,[yjjimpaopao/yjj直播回放] Smg45跑刀 今日航天大坝 2025年04月16日,怪盗基德KID,307:37,女流 回放|女流 2025
BV14eoAYiEWo,2025-04-16,[yjjimpaopao/yjj直播回放] Smg45跑刀 今日航天大坝 2025年04月15日 （带弹幕版）,怪盗基德KID,198:46,女流 回放|女流 2025
BV1rdoFY9ES9,2025-04-16,【女流66】20250415 18点 完整直播录像回放,豆腐店36,182:20,女流 回放
BV1yDdZYJEyH,2025-04-16,【女流66】直播录像《勇闯死人谷：暗黑之日》2025.04.15,不懒bot,189:54,女流 2025
BV1YgdfYiEQ5,2025-04-16,2025/04/14 第20期女流樱花 A联赛 第一轮B桌,日本职业麻将联盟,315:11,女流 2025
BV1LKdfYgE1C,2025-04-15,女流66：勇闯死人谷，玩玩看。2025-04-15,贪心小狮子,189:34,女流 2025
BV1VQdfYBEPa,2025-04-15,【女流66】勇闯死人谷，这个主播真是勇 2025/04/15 18时场 直播回放,安乐冈花火w,189:24,女流 回放|女流 2025
BV1eGdfYNEV3,2025-04-15,【女流】水友私信想做游戏主播，66给出现实建议，主机主播不好做，得先自己吃饱饭~,服部平次,6:58,女流 2025
BV1hEdfYcErW,2025-04-15,【女流66高清直播回放】勇闯死人谷，这个主播真是勇 2025-04-15,银河废品指南,189:33,女流 回放|女流 2025
BV1JrdfYLEe5,2025-04-15,【女流66】4K弹幕版《勇闯死人谷：暗黑之日》2025.04.15,不懒bot,189:18,女流 2025
BV1FnoFYUEhq,2025-04-15,【弹幕版】【女流66】【2025-04-15】【勇闯死人谷这个主播真是勇】,直播回放巴拉蹦吧,184:31,女流 回放|女流 2025
BV1KgoFYxEAo,2025-04-15,【女流66】【2025.04.15】[勇闯死人谷_这个主播真是勇],bobi华,189:40,女流 2025
BV1ssdoYEEjr,2025-04-15,[女流66/女流直播回放] 勇闯死人谷，这个主播真是勇 2025年04月15日,怪盗基德KID,189:7,女流 回放|女流 2025
BV1KMoFYoEQM,2025-04-15,【纯净版】【女流66】【2025-04-15】【勇闯死人谷这个主播真是勇】,直播回放巴拉蹦吧,184:31,女流 回放|女流 2025
BV1hGdoY4ED6,2025-04-15,[yjjimpaopao/yjj直播回放] Smg45跑刀 今日航天大坝 2025年04月15日,怪盗基德KID,198:46,女流 回放|女流 2025
BV1UJdoYQEs7,2025-04-15,[yjjimpaopao/yjj直播回放] Smg45跑刀 今日航天大坝 2025年04月15日 （带弹幕版）,怪盗基德KID,189:5,女流 回放|女流 2025
BV1g9doYbEnG,2025-04-15,女流66：勇闯死人谷，玩玩看。2025-04-14,贪心小狮子,213:15,女流 2025
BV1hCopYwEhi,2025-04-15,[yjjimpaopao/yjj直播回放] Smg45跑刀 今日航天大坝 2025年04月15日,怪盗基德KID,249:6,女流 回放|女流 2025
BV19DoJYfE4a,2025-04-15,【女流66】直播录像《勇闯死人谷：暗黑之日》2025.04.14,不懒bot,213:39,女流 2025
BV1BBo7YFENs,2025-04-14,【女流66】勇闯死人谷，玩玩看 2025/04/14 18时场 直播回放,安乐冈花火w,212:47,女流 回放|女流 2025
BV18Ro7YEE7b,2025-04-14,【女流66】20250414 18点 完整直播录像回放,豆腐店36,204:1,女流 回放
BV1NNoEYkEiv,2025-04-14,【女流66】【2025.04.14】[ 勇闯死人谷_玩玩看],bobi华,214:4,女流 2025
BV1v6o7YZEqv,2025-04-14,【女流66高清直播回放】勇闯死人谷，玩玩看 2025-04-14,银河废品指南,214:15,女流 回放|女流 2025
BV1sNoEYrEtv,2025-04-14,【女流66】4K弹幕版《勇闯死人谷：暗黑之日》2025.04.14,不懒bot,214:0,女流 2025
BV1WJoLYvEp8,2025-04-14,女流66：新赛季流放之路2？考研之路！2025-4-12,贪心小狮子,190:30,女流 2025
BV1zboLYtEQi,2025-04-14,【弹幕版】【女流66】【2025-04-14】【勇闯死人谷玩玩看】,直播回放巴拉蹦吧,200:14,女流 回放|女流 2025
BV1mLoLYTELw,2025-04-14,【纯净版】【女流66】【2025-04-14】【勇闯死人谷玩玩看】,直播回放巴拉蹦吧,200:14,女流 回放|女流 2025
BV18UoLYyE8Q,2025-04-14,[女流66/女流直播回放] 勇闯死人谷，玩玩看 2025年04月14日,怪盗基德KID,213:50,女流 回放|女流 2025
BV1NBo5YYEx7,2025-04-14,[yjjimpaopao/yjj直播回放] 回归初心 回归初心 2025年04月14日 （带弹幕版）,怪盗基德KID,604:39,女流 回放|女流 2025
BV1DKoLYVE7v,2025-04-14,[yjjimpaopao/yjj直播回放] 回归初心 回归初心 2025年04月14日,怪盗基德KID,604:39,女流 回放|女流 2025
BV1FyoGYDEyF,2025-04-14,女流棋士の将棋ウォーズ「スプリント」実況ライブ お知らせもあります！！ 2025年4月13日(日),新规,93:6,女流 2025
BV1TYdkY2EWN,2025-04-14,[yjjimpaopao/yjj直播回放] 回归初心 回归初心 2025年04月13日 （带弹幕版）,怪盗基德KID,273:9,女流 回放|女流 2025
BV1omdBYSE5Z,2025-04-13,[yjjimpaopao/yjj直播回放] 回归初心 回归初心 2025年04月13日,怪盗基德KID,273:9,女流 回放|女流 2025
BV14LdaYEEsn,2025-04-13,【女流66】新赛季流放之路2？考研之路！ 2025/04/12 18时场 直播回放,安乐冈花火w,189:31,女流 回放|女流 2025
BV1TjdaYmEf7,2025-04-13,【女流66】20250412 18点 完整直播录像回放,豆腐店36,191:12,女流 回放
BV1f9dhYYEE3,2025-04-12,【女流66】直播录像《流放之路2》2025.04.12,不懒bot,191:30,女流 2025
BV1eFdaYbEqe,2025-04-12,[yjjimpaopao/yjj直播回放] 今天战斗就是爽 2025年04月12日 （带弹幕版）,怪盗基德KID,578:37,女流 回放|女流 2025
BV1mVdaYSEZN,2025-04-12,【女流66高清直播回放】新赛季流放之路2？考研之路！ 2025-04-12,银河废品指南,191:38,女流 回放|女流 2025
BV15AdaY4E8u,2025-04-12,【女流66】4K弹幕版《流放之路2》2025.04.12,不懒bot,191:0,女流 2025
BV1FbdaYzEjB,2025-04-12,【弹幕版】【女流66】【2025-04-12】【新赛季流放之路2考研之路】,直播回放巴拉蹦吧,183:2,女流 回放|女流 2025
BV1fedaYNE1j,2025-04-12,【纯净版】【女流66】【2025-04-12】【新赛季流放之路2考研之路】,直播回放巴拉蹦吧,183:1,女流 回放|女流 2025
BV1kTdYYkEoi,2025-04-12,【女流66】【2025.04.12】[ 新赛季流放之路2_考研之路],bobi华,192:26,女流 2025
BV1FGdYYgE2U,2025-04-12,[女流66/女流直播回放] 新赛季流放之路2？考研之路！ 2025年04月12日,怪盗基德KID,190:46,女流 回放|女流 2025
BV1FLddYiEMN,2025-04-12,[yjjimpaopao/yjj直播回放] 今天战斗就是爽 2025年04月12日,怪盗基德KID,578:37,女流 回放|女流 2025
BV1znd2Y3ETo,2025-04-11,[yjjimpaopao/yjj直播回放] 今天战斗就是爽 2025年04月11日 （带弹幕版）,怪盗基德KID,459:9,女流 回放|女流 2025
BV1eGdmYiEvL,2025-04-11,[yjjimpaopao/yjj直播回放] 今天战斗就是爽 2025年04月11日,怪盗基德KID,459:8,女流 回放|女流 2025
BV1qzd1YuEZd,2025-04-11,[yjjimpaopao/yjj直播回放] 加练加加练 2025年04月10日 （带弹幕版）,怪盗基德KID,148:49,女流 回放|女流 2025
BV1BJd5YQECz,2025-04-11,[yjjimpaopao/yjj直播回放] 加练加加练 2025年04月10日,怪盗基德KID,148:49,女流 回放|女流 2025
BV15tdGYBEKg,2025-04-10,[yjjimpaopao/yjj直播回放] 看我直播又练跑刀又练修脚 2025年04月10日 （带弹幕版）,怪盗基德KID,597:55,女流 回放|女流 2025
BV1oBduYPELB,2025-04-10,[yjjimpaopao/yjj直播回放] 看我直播又练跑刀又练修脚 2025年04月10日,怪盗基德KID,597:55,女流 回放|女流 2025
BV1bkdAYTEto,2025-04-09,[yjjimpaopao/yjj直播回放] 行走的人肉超级计算机~11点来 7点测试 2025年04月09日 （带弹幕版）,怪盗基德KID,538:30,女流 回放|女流 2025
BV1FWdtY4EqV,2025-04-09,[yjjimpaopao/yjj直播回放] 行走的人肉超级计算机~11点来 7点测试 2025年04月09日,怪盗基德KID,538:30,女流 回放|女流 2025
BV1w2dJYzEvi,2025-04-08,[yjjimpaopao/yjj直播回放] 行走的人肉超级计算机~11点来 7点测试 2025年04月08日 （带弹幕版）,怪盗基德KID,550:53,女流 回放|女流 2025
BV1PkdJYGEQB,2025-04-08,[yjjimpaopao/yjj直播回放] 行走的人肉超级计算机~11点来 7点测试 2025年04月08日,怪盗基德KID,550:53,女流 回放|女流 2025
BV1fPd7YbEeY,2025-04-08,2025/04/07 第20期女流樱花 A联赛 第一轮A桌,日本职业麻将联盟,343:10,女流 2025
BV1dnRmYKEND,2025-04-08,【熟】女流职业麻雀日本系列赛(西栗子)2025 高宫茉莉优胜采访,四暗Ko,6:7,女流 2025
BV1sVRyY5EJw,2025-04-07,[yjjimpaopao/yjj直播回放] 行走的人肉超级计算机~周一休息 2025年04月07日 （带弹幕版）,怪盗基德KID,435:40,女流 回放|女流 2025
BV1s5RyYCEZw,2025-04-07,[yjjimpaopao/yjj直播回放] 行走的人肉超级计算机~周一休息 2025年04月07日,怪盗基德KID,435:40,女流 回放|女流 2025
BV1reRzYsEXZ,2025-04-07,四神降临2025女流王座决定战,立直喵急便,536:41,女流 2025
BV1U3RqYaEDq,2025-04-06,[yjjimpaopao/yjj直播回放] 行走的人肉超级计算机~ 2025年04月06日 （带弹幕版）,怪盗基德KID,404:17,女流 回放|女流 2025
BV1Y4dcYzE6J,2025-04-06,[yjjimpaopao/yjj直播回放] 行走的人肉超级计算机~ 2025年04月06日,怪盗基德KID,404:17,女流 回放|女流 2025
BV1Y5RRYWEtc,2025-04-05,[yjjimpaopao/yjj直播回放] 行走的人肉超级计算机~ 2025年04月05日 （带弹幕版）,怪盗基德KID,528:35,女流 回放|女流 2025
BV1nBRXYFEx1,2025-04-05,[yjjimpaopao/yjj直播回放] 行走的人肉超级计算机~ 2025年04月05日,怪盗基德KID,528:35,女流 回放|女流 2025
BV1eqZ9Y8Eaj,2025-04-04,[yjjimpaopao/yjj直播回放] 有点事大概11点开 2025年04月04日 （带弹幕版）,怪盗基德KID,522:2,女流 回放|女流 2025
BV16uZRYBEbV,2025-04-04,[yjjimpaopao/yjj直播回放] 有点事大概11点开 2025年04月04日,怪盗基德KID,522:2,女流 回放|女流 2025
BV1qWZSYXEV9,2025-04-03,[yjjimpaopao/yjj直播回放] 成熟的大脑＋疯狂的操作=直播的的这个男人 2025年04月03日 （带弹幕版）,怪盗基德KID,193:55,女流 回放|女流 2025
BV1EZZmYQEPw,2025-04-03,[yjjimpaopao/yjj直播回放] 成熟的大脑＋疯狂的操作=直播的的这个男人 2025年04月03日,怪盗基德KID,193:55,女流 回放|女流 2025
BV1z9Z1Y2EPr,2025-04-03,[yjjimpaopao/yjj直播回放] 成熟的大脑＋疯狂的操作=直播的的这个男人 2025年04月03日 （带弹幕版）,怪盗基德KID,263:52,女流 回放|女流 2025
BV1MLZ2YaEWz,2025-04-03,[yjjimpaopao/yjj直播回放] 成熟的大脑＋疯狂的操作=直播的的这个男人 2025年04月03日,怪盗基德KID,263:52,女流 回放|女流 2025
BV1E7fMY6EGU,2025-04-03,【女流66】4K弹幕版《看任天堂NS2直面会》2025.04.02,不懒bot,63:54,女流 2025
BV1PNfMYUEvB,2025-04-02,【女流】66和炮炮看任天堂NS2发布会，新作《The Duskbloods》2026年NS2独占，就等官宣中文名了~,服部平次,67:56,女流 2026
BV1APfMYJE4J,2025-04-02,【弹幕版】【女流66】【2025-04-02】【NS2任天堂直面会直播】,直播回放巴拉蹦吧,68:1,女流 回放|女流 2025
BV1yCfMYQE9k,2025-04-02,【女流66】【2025.04.02】[ NS2任天堂直面会直播],bobi华,68:38,女流 2025
BV19xfMYPES7,2025-04-02,【女流66】20250402 20点 完整直播录像回放,豆腐店36,67:36,女流 回放
BV1TzfMYxEiJ,2025-04-02,【女流66】直播录像《看任天堂NS2直面会》2025.04.02,不懒bot,63:58,女流 2025
BV1dnfMYqE61,2025-04-02,【女流66】NS2任天堂直面会直播 2025/04/02 20时场 直播回放,安乐冈花火w,65:16,女流 回放|女流 2025
BV19pfMYKEeP,2025-04-02,【纯净版】【女流66】【2025-04-02】【NS2任天堂直面会直播】,直播回放巴拉蹦吧,68:1,女流 回放|女流 2025
BV19xfMYPEDP,2025-04-02,【女流66高清直播回放】NS2任天堂直面会直播 2025-04-02,银河废品指南,68:27,女流 回放|女流 2025
BV1DafMYFEwc,2025-04-02,[女流66/女流直播回放] NS2任天堂直面会直播 2025年04月02日,怪盗基德KID,68:39,女流 回放|女流 2025
BV1JxfNYqEz7,2025-04-02,[yjjimpaopao/yjj直播回放] 今天是大发明 2025年04月02日 （带弹幕版）,怪盗基德KID,428:27,女流 回放|女流 2025
BV1mtfwYBEeX,2025-04-02,[yjjimpaopao/yjj直播回放] 今天是大发明 2025年04月02日,怪盗基德KID,428:27,女流 回放|女流 2025
BV1ThZ8Y7EsR,2025-04-01,【女流66】直播录像《清汤6老爷》《明日之后》2025.04.01,不懒bot,173:34,女流 2025
BV1vXZ8YwEhZ,2025-04-01,【女流66】20250401 18点 完整直播录像回放,豆腐店36,171:53,女流 回放
BV11aZ8Y1ENd,2025-04-01,【女流66】明日之后校园服擂台开战~！ 2025/04/01 18时场 直播回放,安乐冈花火w,172:49,女流 回放|女流 2025
BV1CvZ8YCE4Y,2025-04-01,【女流66高清直播回放】明日之后校园服擂台开战~！ 2025-04-01,银河废品指南,173:31,女流 回放|女流 2025
BV1CBZ8YrEq7,2025-04-01,【女流66】4K弹幕版《清汤6老爷》《明日之后》2025.04.01,不懒bot,173:27,女流 2025
BV1vvZhYYEoE,2025-04-01,【女流66】【2025.04.01】[ 明日之后校园服擂台开战],bobi华,173:12,女流 2025
BV1bTZhYQECA,2025-04-01,【弹幕版】【女流66】【2025-04-01】【明日之后校园服擂台开战】,直播回放巴拉蹦吧,173:37,女流 回放|女流 2025
BV1LvZhYYEhg,2025-04-01,【纯净版】【女流66】【2025-04-01】【明日之后校园服擂台开战】,直播回放巴拉蹦吧,173:37,女流 回放|女流 2025
BV1G6ZhYFEEm,2025-04-01,[女流66/女流直播回放] 明日之后校园服擂台开战~！ 2025年04月01日,怪盗基德KID,172:47,女流 回放|女流 2025
BV1aQZxYjENv,2025-04-01,[yjjimpaopao/yjj直播回放] 【双倍+1元粉丝牌】今天是大发明 2025年04月01日 （带弹幕版）,怪盗基德KID,580:58,女流 回放|女流 2025
BV1gzZ4Y5EJn,2025-04-01,[yjjimpaopao/yjj直播回放] 【双倍+1元粉丝牌】今天是大发明 2025年04月01日,怪盗基德KID,580:58,女流 回放|女流 2025
BV1eBZHYzEmd,2025-04-01,2025/03/30 2025女流选手麻将日本系列赛 决胜战,日本职业麻将联盟,369:16,女流 2025
BV1zuZnY6E2E,2025-03-31,【女流】66一顿猛夸壮壮，弟弟真棒，小时候玩冒险岛轮流站岗，大概八二分吧，那多开心啊~,服部平次,4:35,女流 冒险岛
BV1VLZEYZE9J,2025-03-31,[yjjimpaopao/yjj直播回放] 今天是大发明 2025年03月31日 （带弹幕版）,怪盗基德KID,333:19,女流 回放|女流 2025
BV1dSZEYeESL,2025-03-31,[yjjimpaopao/yjj直播回放] 今天是大发明 2025年03月31日,怪盗基德KID,333:19,女流 回放|女流 2025
BV1f8ZkYvE5t,2025-03-31,【女流66&amp;壮壮】双影奇境隐藏关卡合集,不懒bot,100:54,女流 回放
BV1scZCYLE3W,2025-03-31,【女流66&amp;壮壮】4K弹幕版《双影奇境》隐藏关卡,不懒bot,100:58,女流 回放
BV1KgZ6YrEXj,2025-03-31,【女流66】直播录像《燕云十六声》河西地图铁血郡王郭昕2025.03.30,不懒bot,195:49,女流 2025
BV1rcZrYiEEM,2025-03-31,【女流66】周末好呀 2025/03/30 18时场 直播回放,安乐冈花火w,296:40,女流 回放|女流 2025
BV1FHZ6YPEzU,2025-03-31,【女流66】20250330 18点 完整直播录像回放,豆腐店36,294:37,女流 回放
BV1Z4Z6YfErh,2025-03-30,【女流66高清直播回放】周末好呀 2025-03-30,银河废品指南,295:50,女流 回放|女流 2025
BV18xZrYJEEY,2025-03-30,【女流66】【2025.03.30】[ 周末好呀],bobi华,296:40,女流 2025
BV1XvZBY1E4S,2025-03-30,【女流66】4K弹幕版《燕云十六声》河西地图铁血郡王郭昕2025.03.30,不懒bot,196:17,女流 2025
BV16FZzYbEeN,2025-03-30,【弹幕版】【女流66】【2025-03-30】【周末好呀】,直播回放巴拉蹦吧,297:15,女流 回放|女流 2025
BV1zAZzY4Ea8,2025-03-30,【纯净版】【女流66】【2025-03-30】【周末好呀】,直播回放巴拉蹦吧,297:15,女流 回放|女流 2025
BV1ymZBYqE6w,2025-03-30,[女流66/女流直播回放] 周末好呀 2025年03月30日,怪盗基德KID,296:28,女流 回放|女流 2025
BV121ZiYcEuq,2025-03-30,【壮壮】石大壮燕云河西新版本氪金4180元，抽新时装「青丘千岁」，毫不意外保底全吃圆满拿下~,服部平次,19:51,女流 2025
BV1wLZBY8EkP,2025-03-30,[yjjimpaopao/yjj直播回放] 【双倍+1元粉丝牌】吃饭吃饭吃饭 2025年03月30日 （带弹幕版）,怪盗基德KID,581:45,女流 回放|女流 2025
BV1NNZBYTEi6,2025-03-30,[yjjimpaopao/yjj直播回放] 【双倍+1元粉丝牌】吃饭吃饭吃饭 2025年03月30日,怪盗基德KID,581:45,女流 回放|女流 2025
BV1FTZaYrELE,2025-03-30,【女流66】直播录像《燕云十六声》河西新地图探索2025.03.29,不懒bot,237:43,女流 2025
BV1jGZaYMECd,2025-03-30,[yjjimpaopao/yjj直播回放] 不说了 回本就爆 2025年03月29日 （带弹幕版）,怪盗基德KID,117:5,女流 回放|女流 2025
BV18gZYYtECm,2025-03-30,【女流66】好多人呐~燕云高清60帧直播间 2025/03/29 18时场 直播回放,安乐冈花火w,236:42,女流 回放|女流 2025
BV145ZYYREED,2025-03-30,【女流66】20250329 18点 完整直播录像回放,豆腐店36,236:57,女流 回放
BV1YFZYYNEz1,2025-03-29,【女流66高清直播回放】好多人呐~燕云高清60帧直播间 2025-03-29,银河废品指南,238:37,女流 回放|女流 2025
BV1UVZYYxEn9,2025-03-29,[yjjimpaopao/yjj直播回放] 不说了 回本就爆 2025年03月29日,怪盗基德KID,117:5,女流 回放|女流 2025
BV1EBZAYoEUV,2025-03-29,【女流66】4K弹幕版《燕云十六声》河西新地图探索2025.03.29,不懒bot,238:39,女流 2025
BV1kuZPYiEZZ,2025-03-29,【纯净版】【女流66】【2025-03-29】【好多人呐燕云高清60帧直播间】,直播回放巴拉蹦吧,238:49,女流 回放|女流 2025
BV14AZPY6ESz,2025-03-29,【弹幕版】【女流66】【2025-03-29】【好多人呐燕云高清60帧直播间】,直播回放巴拉蹦吧,238:49,女流 回放|女流 2025
BV1TAZPY6E7x,2025-03-29,【女流66】【2025.03.29】[ 好多人呐_燕云高清60帧直播间],bobi华,235:30,女流 2025
BV1GDZAYUEY9,2025-03-29,[女流66/女流直播回放] 好多人呐~燕云高清60帧直播间 2025年03月29日,怪盗基德KID,238:31,女流 回放|女流 2025
BV14dofYfEH6,2025-03-29,[yjjimpaopao/yjj直播回放] 不说了 今天把把撤 2025年03月29日 （带弹幕版）,怪盗基德KID,501:47,女流 回放|女流 2025
BV1YrofYuE7a,2025-03-29,[yjjimpaopao/yjj直播回放] 不说了 今天把把撤 2025年03月29日,怪盗基德KID,501:47,女流 回放|女流 2025
BV1hfo9YHEb6,2025-03-29,【女流66】直播录像《燕云十六声》河西新版本上线2025.03.28,不懒bot,159:58,女流 2025
BV1cfoRY3Ebo,2025-03-28,【女流66】燕云新版本河西地图上线~ 2025/03/28 17时场 直播回放,安乐冈花火w,160:20,女流 回放|女流 2025
BV1NDoRY2Ey6,2025-03-28,【女流66】20250328 17点 完整直播录像回放,豆腐店36,159:51,女流 回放
BV1AooRYkEAr,2025-03-28,【女流66】【2025.03.28】[ 燕云新版本河西地图上线],bobi华,160:29,女流 2025
BV1pooRYkE8m,2025-03-28,【女流66】4K弹幕版《燕云十六声》河西新版本上线2025.03.28,不懒bot,160:14,女流 2025
BV1cooRYkEfy,2025-03-28,【女流66高清直播回放】燕云新版本河西地图上线~ 2025-03-28,银河废品指南,160:37,女流 回放|女流 2025
BV1gEodYtEXr,2025-03-28,【弹幕版】【女流66】【2025-03-28】【燕云新版本河西地图上线】,直播回放巴拉蹦吧,160:38,女流 回放|女流 2025
BV1cwodYuEA5,2025-03-28,【纯净版】【女流66】【2025-03-28】【燕云新版本河西地图上线】,直播回放巴拉蹦吧,160:38,女流 回放|女流 2025
BV1ZKodYvEGa,2025-03-28,[女流66/女流直播回放] 燕云新版本河西地图上线~ 2025年03月28日,怪盗基德KID,160:20,女流 回放|女流 2025
BV1XToQYEE3n,2025-03-28,[yjjimpaopao/yjj直播回放] 航天基地之看到就吃掉 2025年03月28日 （带弹幕版）,怪盗基德KID,526:16,女流 回放|女流 2025
BV1ocoQYpEZY,2025-03-28,[yjjimpaopao/yjj直播回放] 航天基地之看到就吃掉 2025年03月28日,怪盗基德KID,475:44,女流 回放|女流 2025
BV1qMZuYrEmj,2025-03-27,[yjjimpaopao/yjj直播回放] 我的智力没问题 2025年03月26日 （带弹幕版）,怪盗基德KID,128:27,女流 回放|女流 2025
BV1euZNYsEBa,2025-03-27,[yjjimpaopao/yjj直播回放] 我的智力没问题 2025年03月26日,怪盗基德KID,128:27,女流 回放|女流 2025
BV1wFoqYZEXA,2025-03-26,【YJJ】炮神聊直播现状今年也准备谈直播合同 小风车大数据算法太猛 回忆起以前在斗鱼的时认识女流66 炮炮很感谢斗鱼直播平台,Hason01,1:30,女流 抖音
BV1hpovYPEdg,2025-03-26,[yjjimpaopao/yjj直播回放] 我的智力没问题 2025年03月26日 （带弹幕版）,怪盗基德KID,558:32,女流 回放|女流 2025
BV1C9oaYLEVn,2025-03-26,[yjjimpaopao/yjj直播回放] 我的智力没问题 2025年03月26日,怪盗基德KID,558:32,女流 回放|女流 2025
BV1MboWYhEpC,2025-03-25,[yjjimpaopao/yjj直播回放] 可怕的航天噩梦正在恐怖的游走 2025年03月25日 （带弹幕版）,怪盗基德KID,638:23,女流 回放|女流 2025
BV1zmoWY7EKj,2025-03-25,[yjjimpaopao/yjj直播回放] 可怕的航天噩梦正在恐怖的游走 2025年03月25日,怪盗基德KID,638:23,女流 回放|女流 2025
BV1SZokYpEik,2025-03-24,[yjjimpaopao/yjj直播回放] 可怕的航天噩梦正在恐怖的游走 2025年03月24日 （带弹幕版）,怪盗基德KID,629:28,女流 回放|女流 2025
BV12ToCYjEhV,2025-03-24,轰动北京上流的女流氓，京城二号大案|真实案件|大案纪实|奇闻异事|犯罪|,玫瑰记实1,55:14,女流 2025
BV1oboCYwEF5,2025-03-24,[yjjimpaopao/yjj直播回放] 可怕的航天噩梦正在恐怖的游走 2025年03月24日,怪盗基德KID,629:28,女流 回放|女流 2025
BV11YXhYKEWB,2025-03-23,[yjjimpaopao/yjj直播回放] 可怕的航天噩梦正在恐怖的游走 2025年03月23日 （带弹幕版）,怪盗基德KID,455:4,女流 回放|女流 2025
BV14uXaYrEns,2025-03-23,[yjjimpaopao/yjj直播回放] 可怕的航天噩梦正在恐怖的游走 2025年03月23日,怪盗基德KID,455:4,女流 回放|女流 2025
BV1YmXsYaEwr,2025-03-23,【女流】66谈刺客信条影，有点玩不下去，需要极强的耐心，吐槽炮炮动静太大，姐夫真牛是什么梗~,服部平次,7:4,女流 2025
BV1SjX4YhEeP,2025-03-23,【女流66】夫妻档挑战双影奇境地狱难度隐藏关~ 2025/03/22 17时场 直播回放,安乐冈花火w,267:15,女流 回放|女流 2025
BV1MBXxYtEcz,2025-03-23,【女流66】20250322 17点 完整直播录像回放,豆腐店36,265:26,女流 回放
BV1biXxYfEFU,2025-03-22,【女流66高清直播回放】夫妻档挑战双影奇境地狱难度隐藏关~ 2025-03-22,银河废品指南,266:47,女流 回放|女流 2025
BV1QKXsY8EQu,2025-03-22,【弹幕版】【女流66】【2025-03-22】【夫妻档挑战双影奇境地狱难度隐藏关】,直播回放巴拉蹦吧,268:3,女流 回放|女流 2025
BV1WAXWYCEAy,2025-03-22,【女流】66过两天去杭州，有没有推荐的西湖醋鱼饭店，带我爸妈吃，上次可能吃的不太正宗~,服部平次,5:26,女流 2025
BV1uaXWY9EaW,2025-03-22,【女流66】【2025.03.22】[ 夫妻档挑战双影奇境地狱难度隐藏关],bobi华,267:23,女流 2025
BV1DuXsYtE3C,2025-03-22,【纯净版】【女流66】【2025-03-22】【夫妻档挑战双影奇境地狱难度隐藏关】,直播回放巴拉蹦吧,268:2,女流 回放|女流 2025
BV1rhXsYVEVD,2025-03-22,[女流66/女流直播回放] 夫妻档挑战双影奇境地狱难度隐藏关~ 2025年03月22日,怪盗基德KID,265:36,女流 回放|女流 2025
BV1QfXJYUE4u,2025-03-22,[yjjimpaopao/yjj直播回放] 可怕的航天噩梦正在恐怖的游走 2025年03月22日 （带弹幕版）,怪盗基德KID,673:24,女流 回放|女流 2025
BV1oSXJYREAR,2025-03-22,[yjjimpaopao/yjj直播回放] 可怕的航天噩梦正在恐怖的游走 2025年03月22日,怪盗基德KID,673:24,女流 回放|女流 2025
BV1fbXCY4ENp,2025-03-21,【壮壮】珠海回来后体检指标全红异常，和病友轰轰探讨病情，感觉自己命不久矣~,服部平次,26:30,女流 2025
BV1oWXzY5ERA,2025-03-21,[yjjimpaopao/yjj直播回放] 今天百分之百挣钱跑刀 新版本 2025年03月21日 （带弹幕版）,怪盗基德KID,455:1,女流 回放|女流 2025
BV1PuXzYRExV,2025-03-21,[yjjimpaopao/yjj直播回放] 今天百分之百挣钱跑刀 新版本 2025年03月21日,怪盗基德KID,455:1,女流 回放|女流 2025
BV1wMXqYmEWC,2025-03-21,2025/03/19 2025女流选手麻将日本系列赛 Play-off 第二节,日本职业麻将联盟,315:1,女流 2025
BV1PAXvYVE2X,2025-03-20,【女流66】直播录像03.20跟壮壮一起玩《龙息神寂》,不懒bot,163:49,女流 回放
BV1dEXvYwELW,2025-03-20,【女流66】联动D＆D？《龙息神寂》来啦 2025/03/20 17时场 直播回放,安乐冈花火w,162:25,女流 回放|女流 2025
BV1dJXvYhE5W,2025-03-20,【女流66】20250320 17点 完整直播录像回放,豆腐店36,164:14,女流 回放
BV1XxXvY4Esf,2025-03-20,【女流66】4K弹幕版03.20跟壮壮一起玩《龙息神寂》,不懒bot,164:8,女流 回放
BV1LHXvYcEE1,2025-03-20,【女流66高清直播回放】联动D＆D？《龙息神寂》来啦 2025-03-20,银河废品指南,164:34,女流 回放|女流 2025
BV1F7XNYHEsE,2025-03-20,【女流66】【2025.03.20】[ 联动D＆D_《龙息神寂》],bobi华,163:16,女流 2025
BV17WXNY7EFP,2025-03-20,【弹幕版】【女流66】【2025-03-20】【联动DD龙息神寂来啦】,直播回放巴拉蹦吧,164:1,女流 回放|女流 2025
BV1TwXNYaE61,2025-03-20,【纯净版】【女流66】【2025-03-20】【联动DD龙息神寂来啦】,直播回放巴拉蹦吧,164:1,女流 回放|女流 2025
BV1H3XNYxEmc,2025-03-20,[女流66/女流直播回放] 联动D＆D？《龙息神寂》来啦 2025年03月20日,怪盗基德KID,163:50,女流 回放|女流 2025
BV1zRXAY7EyT,2025-03-20,[yjjimpaopao/yjj直播回放] 今天百分之百挣钱跑刀 新版本 2025年03月20日 （带弹幕版）,怪盗基德KID,653:27,女流 回放|女流 2025
BV1niXPYJEu6,2025-03-20,[yjjimpaopao/yjj直播回放] 今天百分之百挣钱跑刀 新版本 2025年03月20日,怪盗基德KID,653:27,女流 回放|女流 2025
BV1oGQfY8Ekj,2025-03-20,[yjjimpaopao/yjj直播回放] 全新的打法带来的是无穷的浩瀚的存在 2025年03月19日 （带弹幕版）,怪盗基德KID,101:5,女流 回放|女流 2025
BV1cAQfYqEqd,2025-03-19,[yjjimpaopao/yjj直播回放] 全新的打法带来的是无穷的浩瀚的存在 2025年03月19日,怪盗基德KID,101:5,女流 回放|女流 2025
BV1C6QfY3EsL,2025-03-19,2025年花鸟风月雀庄第3届女流杯败者组决赛切片,Kzz,5:34,女流 切片|女流 2025
BV1QoQoYQEqx,2025-03-19,【女流series2025】插播一个摆烂但突然发现凹出晋级条件的树宝,CitalopramL_,0:51,女流 2025
BV1M1QdY3Ecz,2025-03-19,[yjjimpaopao/yjj直播回放] 是什么样的怪物在袭击你的饭碗？ 2025年03月19日 （带弹幕版）,怪盗基德KID,490:26,女流 回放|女流 2025
BV13qQdY2E1E,2025-03-19,[yjjimpaopao/yjj直播回放] 是什么样的怪物在袭击你的饭碗？ 2025年03月19日,怪盗基德KID,490:26,女流 回放|女流 2025
BV1TdX3YSETv,2025-03-18,[yjjimpaopao/yjj直播回放] 是什么样的怪物在袭击你的饭碗？ 2025年03月18日 （带弹幕版）,怪盗基德KID,511:27,女流 回放|女流 2025
BV1ovX3YAEH5,2025-03-18,[yjjimpaopao/yjj直播回放] 是什么样的怪物在袭击你的饭碗？ 2025年03月18日,怪盗基德KID,511:27,女流 回放|女流 2025
BV1eJQBYNE3m,2025-03-17,[yjjimpaopao/yjj直播回放] 周一休息一天 2025年03月17日 （带弹幕版）,怪盗基德KID,200:31,女流 回放|女流 2025
BV1aWQBYaExC,2025-03-17,[yjjimpaopao/yjj直播回放] 周一休息一天 2025年03月17日,怪盗基德KID,200:31,女流 回放|女流 2025
BV18JQeYUE76,2025-03-17,2025/03/12 2025女流选手麻将日本系列赛 第25-28半庄,日本职业麻将联盟,338:51,女流 2025
BV1kUQhYwESw,2025-03-16,2025/03/15 2025女流选手麻将日本系列赛 Play-off 第一节,日本职业麻将联盟,231:41,女流 2025
BV1AuQhYfEuG,2025-03-16,【寅子】66问过我非常触动灵魂的问题，你怎么就非得抽那烟喝那酒，我说我活不下去，没介俩东西~,服部平次,1:45,女流 2025
BV1o5QbY2Er9,2025-03-16,[yjjimpaopao/yjj直播回放] 恐怖右脑怪兽袭击航天基地 2025年03月16日 （带弹幕版）,怪盗基德KID,522:51,女流 回放|女流 2025
BV1NcQbY4E4V,2025-03-16,[yjjimpaopao/yjj直播回放] 恐怖右脑怪兽袭击航天基地 2025年03月16日,怪盗基德KID,522:51,女流 回放|女流 2025
BV1M4QmYHEDD,2025-03-15,[yjjimpaopao/yjj直播回放] 看我直播提高智力 2025年03月15日 （带弹幕版）,怪盗基德KID,545:46,女流 回放|女流 2025
BV1hBQyYjEDu,2025-03-15,[yjjimpaopao/yjj直播回放] 看我直播提高智力 2025年03月15日,怪盗基德KID,545:46,女流 回放|女流 2025
BV13GQuY7EKu,2025-03-14,[yjjimpaopao/yjj直播回放] 六心帅炮· 2025年03月14日 （带弹幕版）,怪盗基德KID,480:5,女流 回放|女流 2025
BV1orQuY4E1D,2025-03-14,[yjjimpaopao/yjj直播回放] 六心帅炮· 2025年03月14日,怪盗基德KID,480:5,女流 回放|女流 2025
BV1aYQgYQENJ,2025-03-14,文艺女青年化身女流氓的海外产子之旅#汤唯 #评论区看正片,动漫大解说,4:47,女流 2025
BV15FQTYmE98,2025-03-14,[yjjimpaopao/yjj直播回放] 六心帅炮· 2025年03月13日 （带弹幕版）,怪盗基德KID,148:53,女流 回放|女流 2025
BV1hWQPYeE1H,2025-03-14,[yjjimpaopao/yjj直播回放] 六心帅炮· 2025年03月13日,怪盗基德KID,148:53,女流 回放|女流 2025
BV1ZsQcYKEtr,2025-03-13,[yjjimpaopao/yjj直播回放] 今天吃到330 2025年03月13日 （带弹幕版）,怪盗基德KID,506:39,女流 回放|女流 2025
BV16FQwYGEBH,2025-03-13,[yjjimpaopao/yjj直播回放] 今天吃到330 2025年03月13日,怪盗基德KID,506:39,女流 回放|女流 2025
BV1PDQJYwEFC,2025-03-12,[yjjimpaopao/yjj直播回放] 11点播 啥也别说，今天310m 不然就 2025年03月12日 （带弹幕版）,怪盗基德KID,417:19,女流 回放|女流 2025
BV1UJQnY3ERt,2025-03-12,[yjjimpaopao/yjj直播回放] 11点播 啥也别说，今天310m 不然就 2025年03月12日,怪盗基德KID,417:19,女流 回放|女流 2025
BV1QAQ5YZEKZ,2025-03-12,[yjjimpaopao/yjj直播回放] 11点播 啥也别说，今天310m 不然就 2025年03月11日 （带弹幕版）,怪盗基德KID,161:40,女流 回放|女流 2025
BV1gCQ5YaEib,2025-03-12,[yjjimpaopao/yjj直播回放] 11点播 啥也别说，今天310m 不然就 2025年03月11日,怪盗基德KID,161:40,女流 回放|女流 2025
BV1shRnYyEcA,2025-03-11,[yjjimpaopao/yjj直播回放] 没事播一播 687423 2025年03月11日 （带弹幕版）,怪盗基德KID,322:16,女流 回放|女流 2025
BV1bHRnYDEPp,2025-03-11,[yjjimpaopao/yjj直播回放] 没事播一播 687423 2025年03月11日,怪盗基德KID,322:16,女流 回放|女流 2025
BV1KURgYpEqv,2025-03-10,[yjjimpaopao/yjj直播回放] 像一头雄狮一样吃掉所有 2025年03月10日 （带弹幕版）,怪盗基德KID,487:33,女流 回放|女流 2025
BV1YzRgYbENq,2025-03-10,[yjjimpaopao/yjj直播回放] 像一头雄狮一样吃掉所有 2025年03月10日,怪盗基德KID,487:33,女流 回放|女流 2025
BV1SkRMYUEN9,2025-03-10,夕刊フジ杯争奪麻雀女流リーグ2025【HMF】手塚紗掬,Kingsleeeeey,31:58,女流 2025
BV137R8YLEKP,2025-03-09,[yjjimpaopao/yjj直播回放] 恐怖 邪恶 无敌 变态 鼠 2025年03月09日 （带弹幕版）,怪盗基德KID,578:32,女流 回放|女流 2025
BV17AR8YREvZ,2025-03-09,[yjjimpaopao/yjj直播回放] 恐怖 邪恶 无敌 变态 鼠 2025年03月09日,怪盗基德KID,578:32,女流 回放|女流 2025
BV1d6RtYDE1U,2025-03-09,2025/03/05 2025女流选手麻将日本系列赛 第21-24半庄,日本职业麻将联盟,472:43,女流 2025
BV11ZRWYXE4Z,2025-03-09,【女流】66听说《双影奇境》全网都是夫妻档，一问是谁，壮壮和轰轰，寅子和表哥~,服部平次,3:43,女流 2025
BV1hbRsYaEwH,2025-03-08,【女流66】20250308 17点 完整直播录像回放,豆腐店36,211:30,女流 回放
BV1U2RHYpEnv,2025-03-08,【女流66】夫妻档~双影奇境今日通关 2025/03/08 20时场 直播回放,安乐冈花火w,205:40,女流 回放|女流 2025
BV1UyRHY9E1h,2025-03-08,【女流66高清直播回放】夫妻档~双影奇境今日通关 2025-03-08,银河废品指南,212:18,女流 回放|女流 2025
BV1CoRHY1E6R,2025-03-08,【女流66】【2025.03.08】[ 夫妻档~双人成行团队新作，双影奇境今日通关],bobi华,206:38,女流 2025
BV18sRpY4Egy,2025-03-08,[女流66/女流直播回放] 夫妻档~双影奇境今日通关 2025年03月08日,怪盗基德KID,207:13,女流 回放|女流 2025
BV18TRWYZECr,2025-03-08,【纯净版】【女流66】【2025-03-08】【夫妻档双影奇境今日通关】,直播回放巴拉蹦吧,188:32,女流 回放|女流 2025
BV1UTRWYZExV,2025-03-08,【弹幕版】【女流66】【2025-03-08】【夫妻档双影奇境今日通关】,直播回放巴拉蹦吧,188:34,女流 回放|女流 2025
BV1Wn9QYfENr,2025-03-08,[yjjimpaopao/yjj直播回放] 6点   双人成行2 2025年03月08日,怪盗基德KID,674:40,女流 回放|女流 2025
BV1UZ99Y3ELx,2025-03-08,[yjjimpaopao/yjj直播回放] 6点   双人成行2 2025年03月08日 （带弹幕版）,怪盗基德KID,674:40,女流 回放|女流 2025
BV1kB9UYSEYo,2025-03-08,【女流66】直播回放2025-03-07,KassyTan,253:55,女流 回放|女流 2025
BV1pB9UYSEhL,2025-03-08,【女流66】20250307 18点 完整直播录像回放,豆腐店36,255:9,女流 回放
BV13A9SYYEca,2025-03-08,【女流66】夫妻档~双人成行团队新作，双影奇境 2025/03/07 18时场 直播回放,安乐冈花火w,257:33,女流 回放|女流 2025
BV1MM9SYFEzf,2025-03-07,【女流66高清直播回放】夫妻档~双人成行团队新作，双影奇境 2025-03-07,银河废品指南,259:33,女流 回放|女流 2025
BV1v392Y8Eba,2025-03-07,【女流66】【2025.03.07】[ 晚间夫妻档~双人成行团队新作，双影奇境],bobi华,228:18,女流 2025
BV1Qz9mYFEpY,2025-03-07,【女流66&amp;YJJ】双影奇境合集通关完结【隐藏关卡】,不懒bot,999:39,女流 回放
BV1su9mYDE4B,2025-03-07,[女流66/女流直播回放] 夫妻档~双人成行团队新作，双影奇境 2025年03月07日,怪盗基德KID,259:8,女流 回放|女流 2025
BV1KN91Y1En9,2025-03-07,【女流66】直播回放2025-03-07,KassyTan,254:27,女流 回放|女流 2025
BV1Sq91YXEzQ,2025-03-07,【女流66】20250307 10点 完整直播录像回放,豆腐店36,259:17,女流 回放
BV1R491Y8EhW,2025-03-07,【女流66】夫妻档~双人成行团队新作，双影奇景 2025/03/07 10时场 直播回放,安乐冈花火w,260:26,女流 回放|女流 2025
BV1Xh91YoE1y,2025-03-07,[女流66/女流直播回放] 夫妻档~双人成行团队新作，双影奇景 2025年03月07日,怪盗基德KID,60:1,女流 回放|女流 2025
BV1j491YhErb,2025-03-07,【女流66高清直播回放】夫妻档~双人成行团队新作，双影奇景 2025-03-07,银河废品指南,262:6,女流 回放|女流 2025
BV1fj9CYbEmk,2025-03-07,【女流66&amp;YJJ】4K弹幕版《双影奇境》通关完结【隐藏关卡】,不懒bot,985:10,女流 回放
BV1SY9CYmEhW,2025-03-07,【弹幕版】【女流66】【2025-03-07 上下午场合集】【夫妻档双人成行团队新作双影奇景】,直播回放巴拉蹦吧,487:27,女流 回放|女流 2025
BV1Uz9CYCE8a,2025-03-07,【纯净版】【女流66】【2025-03-07 上下午场合集】【夫妻档双人成行团队新作双影奇景】,直播回放巴拉蹦吧,487:25,女流 回放|女流 2025
BV1Uz9CYCEcY,2025-03-07,[yjjimpaopao/yjj直播回放] 10点   双人成行2 2025年03月07日 （带弹幕版）,怪盗基德KID,736:13,女流 回放|女流 2025
BV1Uz9CYCE3z,2025-03-07,【女流66】【2025.03.07】[夫妻档~双人成行团队新作，双影奇境],bobi华,241:27,女流 2025
BV1Gb9CYHEVL,2025-03-07,[yjjimpaopao/yjj直播回放] 10点   双人成行2 2025年03月07日,怪盗基德KID,736:13,女流 回放|女流 2025
BV1ETRwYEEXi,2025-03-06,【YJJ】明天要跟女流66一起玩《双影奇镜》也期待下今年2025年的年度最佳 黑神话悟空毋庸置疑是2024年玩家年度最佳,Hason01,0:47,女流 2024|女流 2025
BV1VnRwYzEps,2025-03-06,[yjjimpaopao/yjj直播回放] 我的智力没问题 2025年03月06日 （带弹幕版）,怪盗基德KID,550:30,女流 回放|女流 2025
BV1XcRAY3E29,2025-03-06,[yjjimpaopao/yjj直播回放] 我的智力没问题 2025年03月06日,怪盗基德KID,550:30,女流 回放|女流 2025
BV1pZ9fY2EMP,2025-03-06,[yjjimpaopao/yjj直播回放] 感觉马上要出心 2025年03月05日 （带弹幕版）,怪盗基德KID,199:54,女流 回放|女流 2025
BV1k59oYMEE7,2025-03-06,[yjjimpaopao/yjj直播回放] 感觉马上要出心 2025年03月05日,怪盗基德KID,199:54,女流 回放|女流 2025
BV1Qz94YzEmZ,2025-03-05,[yjjimpaopao/yjj直播回放] 感觉自己智力没问题 2025年03月05日 （带弹幕版）,怪盗基德KID,476:9,女流 回放|女流 2025
BV1Zx94YEEfH,2025-03-05,[yjjimpaopao/yjj直播回放] 感觉自己智力没问题 2025年03月05日,怪盗基德KID,476:9,女流 回放|女流 2025
BV1wCX9YZEuT,2025-03-02,【女流66】直播录像《怪物猎人：荒野》2025.03.01,不懒bot,149:19,女流 回放|女流 2025
BV1q8XRYxEQA,2025-03-02,【弹幕版】【女流66】【2025-03-01】【最新怪物猎人荒野从零开始的太刀之旅】,直播回放巴拉蹦吧,145:44,女流 回放|女流 2025
BV1CJXRYAEhQ,2025-03-02,【女流66】直播回放2025-03-01,KassyTan,141:4,女流 回放|女流 2025
BV1z4XRYtERF,2025-03-02,【纯净版】【女流66】【2025-03-01】【最新怪物猎人荒野从零开始的太刀之旅】,直播回放巴拉蹦吧,145:44,女流 回放|女流 2025
BV1WfXRYiEzk,2025-03-01,【女流66】最新怪物猎人荒野！从零开始的太刀之旅~ 2025/03/01 19时场 直播回放,安乐冈花火w,148:22,女流 回放|女流 2025
BV1rnXRYaE24,2025-03-01,【女流66】20250301 19点 完整直播录像回放,豆腐店36,147:58,女流 回放
BV1y7XRYeErc,2025-03-01,【女流66】4K弹幕版《怪物猎人：荒野》2025.03.01,不懒bot,149:18,女流 回放|女流 2025
BV12gXXYhEHU,2025-03-01,[女流66/女流直播回放] 最新怪物猎人荒野！从零开始的太刀之旅~ 2025年03月01日,怪盗基德KID,148:49,女流 回放|女流 2025
BV1WZXRYTEWV,2025-03-01,【女流66高清直播回放】最新怪物猎人荒野！从零开始的太刀之旅~ 2025-03-01,银河废品指南,146:28,女流 回放|女流 2025
BV1bSXRYkECo,2025-03-01,【女流66】【2025.03.01】[最新怪物猎人荒野！从零开始的太刀之旅~],bobi华,148:14,女流 2025
BV1crXQYHEsK,2025-03-01,[yjjimpaopao/yjj直播回放] 大脑正在发育 2025年03月01日 （带弹幕版）,怪盗基德KID,265:34,女流 回放|女流 2025
BV1f1XQYmE7B,2025-03-01,[yjjimpaopao/yjj直播回放] 大脑正在发育 2025年03月01日,怪盗基德KID,265:33,女流 回放|女流 2025
BV1r5XUYGEp1,2025-03-01,【女流66】直播录像《怪物猎人：荒野》2025.02.28,不懒bot,214:45,女流 回放|女流 2025
BV1Xi9VYPEZG,2025-03-01,【女流66】直播回放2025-02-28,KassyTan,204:48,女流 回放|女流 2025
BV1nz9GYVEtQ,2025-03-01,【女流】66回忆初次入坑怪物猎人，新手被水友忽悠玩弓箭，下播后大拇指都搓肿了~,服部平次,11:33,女流 2025
BV1Mw9VYtE7f,2025-03-01,【女流66】20250228 19点 完整直播录像回放,豆腐店36,214:57,女流 回放
BV16o9VYSEdT,2025-03-01,【女流66】最新怪物猎人荒野！从零开始的太刀之旅~ 2025/02/28 19时场 直播回放,安乐冈花火w,212:29,女流 回放|女流 2025
BV1FA95Y2EAY,2025-03-01,【弹幕版】【女流66】【2025-02-28】【最新怪物猎人荒野从零开始的太刀之旅】,直播回放巴拉蹦吧,215:6,女流 回放|女流 2025
BV1yX9VYpEwh,2025-02-28,【纯净版】【女流66】【2025-02-28】【最新怪物猎人荒野从零开始的太刀之旅】,直播回放巴拉蹦吧,215:6,女流 回放|女流 2025
BV1dt9VYzEvm,2025-02-28,【女流66高清直播回放】最新怪物猎人荒野！从零开始的太刀之旅~ 2025-02-28,银河废品指南,214:43,女流 回放|女流 2025
BV1UC9VYbEvY,2025-02-28,【女流66】4K弹幕版《怪物猎人：荒野》2025.02.28,不懒bot,215:36,女流 回放|女流 2025
BV13X9gYdEz5,2025-02-28,【女流66】【2025.02.28】[最新怪物猎人荒野！从零开始的太刀之旅~],bobi华,211:46,女流 2025
BV1QY93YtELX,2025-02-28,[女流66/女流直播回放] 最新怪物猎人荒野！从零开始的太刀之旅~ 2025年02月28日,怪盗基德KID,215:15,女流 回放|女流 2025
BV1kb9gYGEBh,2025-02-28,[yjjimpaopao/yjj直播回放] 航天跑刀 10分钟 随便100W 2025年02月28日 （带弹幕版）,怪盗基德KID,401:39,女流 回放|女流 2025
BV1169TYTEWD,2025-02-28,[yjjimpaopao/yjj直播回放] 航天跑刀 10分钟 随便100W 2025年02月28日 （带弹幕版）,怪盗基德KID,12:5,女流 回放|女流 2025
BV1Cr9TYiEBq,2025-02-28,[yjjimpaopao/yjj直播回放] 航天跑刀 10分钟 随便100W 2025年02月28日,怪盗基德KID,413:44,女流 回放|女流 2025
BV1wZ9wYnEum,2025-02-28,【女流66】直播回放2025-02-27,KassyTan,196:59,女流 回放|女流 2025
BV1wd9wYQEQq,2025-02-28,【女流66】20250227 18点 完整直播录像回放,豆腐店36,198:37,女流 回放
BV1NS9wYdEb3,2025-02-27,【女流66】最新怪物猎人荒野提前看！从零开始的太刀之旅~ 2025/02/27 18时场 直播回放,安乐冈花火w,201:27,女流 回放|女流 2025
BV1ur9wYwEBp,2025-02-27,【女流66高清直播回放】最新怪物猎人荒野提前看！从零开始的太刀之旅~ 2025-02-27,银河废品指南,201:49,女流 回放|女流 2025
BV19V9AYuE2K,2025-02-27,【女流66】【2025.02.27】[最新怪物猎人荒野提前看！从零开始的太刀之旅~],bobi华,200:33,女流 2025
BV1ki9AYWEZN,2025-02-27,【女流66】4K弹幕版《怪物猎人：荒野》提前看2025.02.27,不懒bot,202:41,女流 回放|女流 2025
BV11G9PYfE5q,2025-02-27,【弹幕版】【女流66】【2025-02-27】【最新怪物猎人荒野提前看从零开始的太刀之旅】,直播回放巴拉蹦吧,203:5,女流 回放|女流 2025
BV19d9AY6END,2025-02-27,【纯净版】【女流66】【2025-02-27】【最新怪物猎人荒野提前看从零开始的太刀之旅】,直播回放巴拉蹦吧,203:5,女流 回放|女流 2025
BV1W59PYtEoT,2025-02-27,【女流66】直播录像《怪物猎人：荒野》提前看2025.02.27,不懒bot,201:22,女流 回放|女流 2025
BV1eX9AYkECz,2025-02-27,[女流66/女流直播回放] 最新怪物猎人荒野提前看！从零开始的太刀之旅~ 2025年02月27日,怪盗基德KID,202:40,女流 回放|女流 2025
BV11gPpeuEBJ,2025-02-27,[yjjimpaopao/yjj直播回放] 开始航天跑刀一个1E计划！ 2025年02月27日 （带弹幕版）,怪盗基德KID,349:34,女流 回放|女流 2025
BV1dSPHeXEnS,2025-02-27,[yjjimpaopao/yjj直播回放] 开始航天跑刀一个1E计划！ 2025年02月27日,怪盗基德KID,349:33,女流 回放|女流 2025
BV1eJP5ecEY8,2025-02-26,[yjjimpaopao/yjj直播回放] 开始航天跑刀一个1E计划！ 2025年02月26日 （带弹幕版）,怪盗基德KID,289:7,女流 回放|女流 2025
BV1cwP5eCENd,2025-02-26,[yjjimpaopao/yjj直播回放] 开始航天跑刀一个1E计划！ 2025年02月26日,怪盗基德KID,289:7,女流 回放|女流 2025
BV19uPYeSEnB,2025-02-25,[yjjimpaopao/yjj直播回放] 我本来就很强· 2025年02月25日 （带弹幕版）,怪盗基德KID,215:23,女流 回放|女流 2025
BV1rePYeYEzj,2025-02-25,[yjjimpaopao/yjj直播回放] 我本来就很强· 2025年02月25日,怪盗基德KID,215:23,女流 回放|女流 2025
BV1v2Phe2ETr,2025-02-25,夕刊フジ杯争奪麻雀女流リーグ2025【一久】東城りお-第２節１回戦,Kingsleeeeey,67:28,女流 2025
BV1qCPheUETG,2025-02-25,女流棋士の将棋ウォーズ実況ライブ お知らせ・告知もあります！ 2025年2月24日(月祝),新规,117:8,女流 2025
BV1x1A2ezE7i,2025-02-23,[yjjimpaopao/yjj直播回放] 【双倍】智力王中王 2025年02月23日 （带弹幕版）,怪盗基德KID,366:3,女流 回放|女流 2025
BV1bBA2e5ETE,2025-02-23,[yjjimpaopao/yjj直播回放] 【双倍】智力王中王 2025年02月23日,怪盗基德KID,366:2,女流 回放|女流 2025
BV1w5PueFEwg,2025-02-22,【女流】66回忆上次电脑黑屏三次急哭了，找了好几个师傅调试，师傅：这个电脑可能还会炸哦~,服部平次,4:11,女流 切片
BV18gPKeNEz1,2025-02-22,[yjjimpaopao/yjj直播回放] FPS圣体集合，挑战速通黑鹰世界纪录 2025年02月22日 （带弹幕版）,怪盗基德KID,397:4,女流 回放|女流 2025
BV1iZPNeVEMm,2025-02-22,[yjjimpaopao/yjj直播回放] FPS圣体集合，挑战速通黑鹰世界纪录 2025年02月22日,怪盗基德KID,397:4,女流 回放|女流 2025
BV1SAPweWEQE,2025-02-22,女流66评价春节档哪吒2和封神2：我们一家人都觉得哪吒2好看，然后疯狂吐槽封神2,世一上陈泽bin,18:1,女流 2025
BV1SJPceXEnd,2025-02-22,【女流66】直播回放2025-02-21,KassyTan,265:36,女流 回放|女流 2025
BV1dMPcecEhr,2025-02-22,【女流66】我的智力也没问题，三角洲最新DLC 2025/02/21 18时场 直播回放,安乐冈花火w,278:31,女流 回放|女流 2025
BV1fFPceiEkT,2025-02-21,【女流66高清直播回放】我的智力也没问题，三角洲最新DLC 2025-02-21,银河废品指南,278:51,女流 回放|女流 2025
BV1MkAZe3EHS,2025-02-21,【弹幕版】【女流66】【2025-02-21】【我的智力也没问题三角洲最新DLC】,直播回放巴拉蹦吧,278:2,女流 回放|女流 2025
BV1G8AZeJE9o,2025-02-21,【纯净版】【女流66】【2025-02-21】【我的智力也没问题三角洲最新DLC】,直播回放巴拉蹦吧,278:2,女流 回放|女流 2025
BV13eAZe2EDN,2025-02-21,【女流66】【2025.02.21】[我的智力也没问题，三角洲最新DLC],bobi华,265:13,女流 2025
BV16iAfePENM,2025-02-21,[女流66/女流直播回放] 我的智力也没问题，三角洲最新DLC 2025年02月21日,怪盗基德KID,278:28,女流 回放|女流 2025
BV1xNAZeiEHe,2025-02-21,[yjjimpaopao/yjj直播回放] 我的智力没问题 2025年02月21日 （带弹幕版）,怪盗基德KID,918:43,女流 回放|女流 2025
BV1JsAte3EHv,2025-02-21,[yjjimpaopao/yjj直播回放] 我的智力没问题 2025年02月21日,怪盗基德KID,918:43,女流 回放
BV1U7AseEErX,2025-02-21,[yjjimpaopao/yjj直播回放] 我的智力没问题 2025年02月20日 （带弹幕版）,怪盗基德KID,179:27,女流 回放
BV1r7AxeMEKh,2025-02-21,[yjjimpaopao/yjj直播回放] 我的智力没问题 2025年02月20日,怪盗基德KID,179:27,女流 回放
BV1HKAHeFEXJ,2025-02-20,[yjjimpaopao/yjj直播回放] 我的智力没问题2点来 2025年02月20日 （带弹幕版）,怪盗基德KID,276:25,女流 回放
BV1YWAHemEjg,2025-02-20,[yjjimpaopao/yjj直播回放] 我的智力没问题2点来 2025年02月20日,怪盗基德KID,276:25,女流 回放
BV1XkAreKEd1,2025-02-19,【弹幕版】【女流66】【2025-02-19】【和炮炮在电影院玩三角洲全新DLC】,直播回放巴拉蹦吧,121:52,女流 回放
BV1yfAresEUa,2025-02-19,【女流66】直播回放2025-02-19,KassyTan,107:44,女流 回放
BV1rwAkepEqR,2025-02-19,【纯净版】【女流66】【2025-02-19】【和炮炮在电影院玩三角洲全新DLC】,直播回放巴拉蹦吧,121:52,女流 回放
BV1CfAresENK,2025-02-19,【女流66】和炮炮在电影院玩三角洲全新DLC！ 2025/02/19 18时场 直播回放,安乐冈花火w,119:5,女流 回放
BV1CwAkepE5M,2025-02-19,【女流66】20250219 18点 完整直播录像回放,豆腐店36,118:0,女流 回放
BV1AFAkeREtV,2025-02-19,【女流直播】和炮炮在电影院玩三角洲全新DLC！2025-02-19,小路明飞,121:47,女流 录播
BV11oAredEjU,2025-02-19,【女流66高清直播回放】和炮炮在电影院玩三角洲全新DLC！ 2025-02-19,银河废品指南,121:43,女流 回放
BV1hWAkeMEQL,2025-02-19,[女流66/女流直播回放] 和炮炮在电影院玩三角洲全新DLC！ 2025年02月19日,怪盗基德KID,120:2,女流 回放
BV1LaA8e5EiX,2025-02-18,[yjjimpaopao/yjj直播回放] 我的智力没问题 2025年02月18日 （带弹幕版）,怪盗基德KID,316:51,女流 回放
BV1j5Ahe1Etn,2025-02-18,[yjjimpaopao/yjj直播回放] 我的智力没问题 2025年02月18日,怪盗基德KID,316:51,女流 回放
BV1Epw9eyEtY,2025-02-17,[yjjimpaopao/yjj直播回放] 我的智力没问题 2025年02月17日 （带弹幕版）,怪盗基德KID,275:42,女流 回放
BV1tyw9e8E2d,2025-02-17,[yjjimpaopao/yjj直播回放] 我的智力没问题 2025年02月17日,怪盗基德KID,275:42,女流 回放
BV1HTwSeuEui,2025-02-17,[yjjimpaopao/yjj直播回放] 我的智力没问题 2025年02月16日 （带弹幕版）,怪盗基德KID,106:10,女流 回放
BV1J5wSeeEcG,2025-02-17,[yjjimpaopao/yjj直播回放] 我的智力没问题 2025年02月16日,怪盗基德KID,106:10,女流 回放
BV1joAgexENW,2025-02-16,[yjjimpaopao/yjj直播回放] 我的智力没问题 2025年02月16日 （带弹幕版）,怪盗基德KID,439:49,女流 回放
BV1H2AgeAEZk,2025-02-16,[yjjimpaopao/yjj直播回放] 我的智力没问题 2025年02月16日,怪盗基德KID,439:49,女流 回放
BV15kA3eREgm,2025-02-16,[yjjimpaopao/yjj直播回放] 我的智力没问题 2025年02月16日 （带弹幕版）,怪盗基德KID,117:43,女流 回放
BV1feA3eFEis,2025-02-16,[yjjimpaopao/yjj直播回放] 我的智力没问题 2025年02月16日,怪盗基德KID,60:1,女流 回放
BV1XbAAehEdZ,2025-02-15,[yjjimpaopao/yjj直播回放] 我的智力没问题 2025年02月15日 （带弹幕版）,怪盗基德KID,570:28,女流 回放
BV16oAAeGEyN,2025-02-15,[yjjimpaopao/yjj直播回放] 我的智力没问题 2025年02月15日,怪盗基德KID,570:28,女流 回放
BV1SNKNeiE4o,2025-02-14,[yjjimpaopao/yjj直播回放] 智力加武力的跑刀 2025年02月14日 （带弹幕版）,怪盗基德KID,486:12,女流 回放
BV19ZKPe3EeG,2025-02-14,[yjjimpaopao/yjj直播回放] 智力加武力的跑刀 2025年02月14日,怪盗基德KID,486:12,女流 回放
BV1yANfeCEy1,2025-02-14,[yjjimpaopao/yjj直播回放] 智力加武力的跑刀 2025年02月13日 （带弹幕版）,怪盗基德KID,147:38,女流 回放
BV1r3NfeMESu,2025-02-14,[yjjimpaopao/yjj直播回放] 智力加武力的跑刀 2025年02月13日,怪盗基德KID,147:38,女流 回放
BV1DVKnejEmn,2025-02-13,[yjjimpaopao/yjj直播回放] 智力UPUP 2025年02月13日 （带弹幕版）,怪盗基德KID,471:52,女流 回放
BV1vwKne9ETN,2025-02-13,[yjjimpaopao/yjj直播回放] 智力UPUP 2025年02月13日,怪盗基德KID,471:52,女流 回放
BV1GiK5eTEy8,2025-02-12,[yjjimpaopao/yjj直播回放] 元宵节1点开播 2025年02月12日 （带弹幕版）,怪盗基德KID,320:48,女流 回放
BV1emK3ewEy4,2025-02-12,[yjjimpaopao/yjj直播回放] 元宵节1点开播 2025年02月12日,怪盗基德KID,320:48,女流 回放
BV1hdNqeZEjL,2025-02-11,[yjjimpaopao/yjj直播回放] 炮炮炮炮刀 2025年02月11日 （带弹幕版）,怪盗基德KID,532:6,女流 回放
BV1vmNqePEBK,2025-02-11,[yjjimpaopao/yjj直播回放] 炮炮炮炮刀 2025年02月11日,怪盗基德KID,532:6,女流 回放
BV1HhNZeiEug,2025-02-10,走男人的路，让男人无路可走，女流氓的猎杀时刻,SkinspotlightS鸭,4:4,女流 2024
BV1dJN1esExT,2025-02-09,[yjjimpaopao/yjj直播回放] 我的智力没问题 2025年02月09日 （带弹幕版）,怪盗基德KID,557:54,女流 回放
BV1PZNye6EoG,2025-02-09,[yjjimpaopao/yjj直播回放] 我的智力没问题 2025年02月09日,怪盗基德KID,557:54,女流 回放
BV1sjNge6E3w,2025-02-08,[yjjimpaopao/yjj直播回放] 先跑跑刀，再说 2025年02月08日 （带弹幕版）,怪盗基德KID,512:52,女流 回放
BV1aPNgeUEuz,2025-02-08,[yjjimpaopao/yjj直播回放] 先跑跑刀，再说 2025年02月08日,怪盗基德KID,512:52,女流 回放
BV18kNbevEzG,2025-02-07,[yjjimpaopao/yjj直播回放] 先跑跑刀，再说 2025年02月07日 （带弹幕版）,怪盗基德KID,511:4,女流 回放
BV1t1NbeYERa,2025-02-07,[yjjimpaopao/yjj直播回放] 先跑跑刀，再说 2025年02月07日,怪盗基德KID,511:4,女流 回放
BV1yQN7efE2J,2025-02-06,[yjjimpaopao/yjj直播回放] 我的指挥就得吃 2025年02月06日 （带弹幕版）,怪盗基德KID,431:22,女流 回放
BV12mN7eaEwR,2025-02-06,[yjjimpaopao/yjj直播回放] 我的指挥就得吃 2025年02月06日,怪盗基德KID,426:23,女流 回放
BV1WMPCewEC1,2025-02-05,[yjjimpaopao/yjj直播回放] 我的指挥就得吃 2025年02月05日,怪盗基德KID,426:54,女流 回放
BV1rjP1eeEd7,2025-02-05,斗鱼红毯秀 3DM总监 女流  小缘喵 阿冷 二珂 冯提莫,监学家,25:41,女流 2024
BV1stPkebEEx,2025-02-05,[yjjimpaopao/yjj直播回放] 我的指挥就得吃 2025年02月05日 （带弹幕版）,怪盗基德KID,486:55,女流 回放
BV14ZNceDES1,2025-02-04,[yjjimpaopao/yjj直播回放] 我的指挥就得吃 2025年02月04日 （带弹幕版）,怪盗基德KID,507:24,女流 回放
BV1MiNweREi4,2025-02-04,[yjjimpaopao/yjj直播回放] 我的指挥就得吃 2025年02月04日,怪盗基德KID,507:24,女流 回放
BV1atPDehE1p,2025-02-03,[yjjimpaopao/yjj直播回放] 我的指挥就得吃 2025年02月03日 （带弹幕版）,怪盗基德KID,499:24,女流 回放
BV14vPDedEBV,2025-02-03,[yjjimpaopao/yjj直播回放] 我的指挥就得吃 2025年02月03日,怪盗基德KID,499:24,女流 回放
BV1bhPDebE1R,2025-02-03,【神奇陆夫人】女流北大高材生？驾照考了3年没过？,秘籍半本,3:3,女流 切片
BV16eFBePEKk,2025-02-02,[yjjimpaopao/yjj直播回放] 新年快快乐！ 2025年02月02日 （带弹幕版）,怪盗基德KID,494:45,女流 回放
BV1sKFzeGEvL,2025-02-02,[yjjimpaopao/yjj直播回放] 新年快快乐！ 2025年02月02日,怪盗基德KID,494:45,女流 回放
BV1haFZeTEcB,2025-02-01,[yjjimpaopao/yjj直播回放] 新年快快乐！2月1号恢复直播 2025年02月01日 （带弹幕版）,怪盗基德KID,492:17,女流 回放
BV1xzFZeaEqZ,2025-02-01,[yjjimpaopao/yjj直播回放] 新年快快乐！2月1号恢复直播 2025年02月01日,怪盗基德KID,492:17,女流 回放
BV1EzFLeaEho,2025-01-30,[yjjimpaopao/yjj直播回放] 【双倍】新年快快乐！2月1号恢复直播 2025年01月30日 （带弹幕版）,怪盗基德KID,237:52,女流 回放
BV1p4FLe6ERJ,2025-01-30,[yjjimpaopao/yjj直播回放] 【双倍】新年快快乐！2月1号恢复直播 2025年01月30日,怪盗基德KID,237:52,女流 回放
BV181FaeaEdn,2025-01-29,[yjjimpaopao/yjj直播回放] 【双倍】新年快快乐！ 2025年01月29日,怪盗基德KID,236:58,女流 回放
BV1HwFYeDEBq,2025-01-29,[yjjimpaopao/yjj直播回放] 【双倍】新年快快乐！ 2025年01月29日 （带弹幕版）,怪盗基德KID,236:58,女流 回放
BV1GxFAeXEYg,2025-01-26,[yjjimpaopao/yjj直播回放] 【双倍+1元】 今天开始 成为电竞貔貅 2025年01月26日 （带弹幕版）,怪盗基德KID,418:54,女流 回放
BV1jjFAefEXa,2025-01-26,[yjjimpaopao/yjj直播回放] 【双倍+1元】 今天开始 成为电竞貔貅 2025年01月26日,怪盗基德KID,418:54,女流 回放
BV1QofRYbEgp,2025-01-25,[yjjimpaopao/yjj直播回放] 【双倍】25号11点半来 看看新皮肤 2025年01月25日 （带弹幕版）,怪盗基德KID,389:36,女流 回放
BV1DZfRYZEn4,2025-01-25,[yjjimpaopao/yjj直播回放] 【双倍】25号11点半来 看看新皮肤 2025年01月25日,怪盗基德KID,389:36,女流 回放
BV1fmfBYhE8C,2025-01-23,[yjjimpaopao/yjj直播回放] 【双倍】卧薪尝胆 从零开始 2025年01月23日 （带弹幕版）,怪盗基德KID,430:2,女流 回放
BV1o3fiY7Eju,2025-01-23,[yjjimpaopao/yjj直播回放] 【双倍】卧薪尝胆 从零开始 2025年01月23日,怪盗基德KID,430:2,女流 回放
BV1BSf4YhEGY,2025-01-22,[yjjimpaopao/yjj直播回放] 【双倍】卧薪尝胆 从零开始 2025年01月22日 （带弹幕版）,怪盗基德KID,526:27,女流 回放
BV1dXf4YtEDF,2025-01-22,[yjjimpaopao/yjj直播回放] 【双倍】卧薪尝胆 从零开始 2025年01月22日,怪盗基德KID,526:27,女流 回放
BV1FLwbeVEkF,2025-01-21,[yjjimpaopao/yjj直播回放] 卧薪尝胆 从零开始 2025年01月21日 （带弹幕版）,怪盗基德KID,493:9,女流 回放
BV1EJwbe6E71,2025-01-21,[yjjimpaopao/yjj直播回放] 卧薪尝胆 从零开始 2025年01月21日,怪盗基德KID,493:9,女流 回放
BV1rSw4e3Eyt,2025-01-21,盘点28个猝不及防的爆笑瞬间，女流氓不可怕，就怕女流氓说骚话！,大侠扒娱乐111,4:17,女流 2024
BV1g1wWe7EqA,2025-01-20,【女流】《A Little To The Left》全流程实况,_时光梦蝶_,69:43,女流 切片
BV1HywmeKE4M,2025-01-20,[yjjimpaopao/yjj直播回放] 【双倍】卧薪尝胆 从零开始 2025年01月20日 （带弹幕版）,怪盗基德KID,462:42,女流 回放
BV1CWwUeBEEK,2025-01-20,[yjjimpaopao/yjj直播回放] 【双倍】卧薪尝胆 从零开始 2025年01月20日,怪盗基德KID,462:42,女流 回放
BV1BvwqeaEDM,2025-01-20,[yjjimpaopao/yjj直播回放] 【双倍】卧薪尝胆 从零开始 2025年01月19日,怪盗基德KID,485:43,女流 回放
BV1RzwqeZEzc,2025-01-19,[yjjimpaopao/yjj直播回放] 【双倍】卧薪尝胆 从零开始 2025年01月19日 （带弹幕版）,怪盗基德KID,509:2,女流 回放
BV1kfwceuEhY,2025-01-18,[yjjimpaopao/yjj直播回放] 【双倍】今天成高手 不装菜了11点半来 2025年01月18日 （带弹幕版）,怪盗基德KID,491:15,女流 回放
BV1DCwceJErf,2025-01-18,[yjjimpaopao/yjj直播回放] 【双倍】今天成高手 不装菜了11点半来 2025年01月18日,怪盗基德KID,491:15,女流 回放
BV13qwJeTEWU,2025-01-17,[yjjimpaopao/yjj直播回放] 专业团队 还能再赚点！ 2025年01月17日 （带弹幕版）,怪盗基德KID,378:54,女流 回放
BV1BywnenEmQ,2025-01-17,[yjjimpaopao/yjj直播回放] 专业团队 还能再赚点！ 2025年01月17日,怪盗基德KID,162:45,女流 回放
BV1ghwLeREGp,2025-01-16,中汤/2024《叛逆女流》/弗兰克迪兰,Deebo1111,0:29,女流 2024
BV1vBw5ecEws,2025-01-16,[yjjimpaopao/yjj直播回放] 专业团队 还能再赚点！ 2025年01月16日 （带弹幕版）,怪盗基德KID,479:27,女流 回放
BV1mNwgeTEiu,2025-01-16,[yjjimpaopao/yjj直播回放] 专业团队 还能再赚点！ 2025年01月16日,怪盗基德KID,479:27,女流 回放
BV11MwgeNEm2,2025-01-16,女流氓爆笑场面 一个比一个搞笑,惊鸿十面,5:1,女流 2024
BV1dUcqeZEVk,2025-01-15,[yjjimpaopao/yjj直播回放] 回归回归生活了。 2025年01月15日 （带弹幕版）,怪盗基德KID,511:59,女流 回放
BV1hhceeCEXc,2025-01-15,[yjjimpaopao/yjj直播回放] 回归回归生活了。 2025年01月15日,怪盗基德KID,511:59,女流 回放
BV1encaekESE,2025-01-15,[yjjimpaopao/yjj直播回放] 回归回归生活了。 2025年01月14日 （带弹幕版）,怪盗基德KID,316:32,女流 回放
BV1xvc8esEDS,2025-01-14,[yjjimpaopao/yjj直播回放] 回归回归生活了。 2025年01月14日,怪盗基德KID,376:35,女流 回放
BV126cXeJEcW,2025-01-14,[yjjimpaopao/yjj直播回放] 回归回归生活了。 2025年01月14日 （带弹幕版）,怪盗基德KID,372:12,女流 回放
BV1bgc9efEox,2025-01-14,[yjjimpaopao/yjj直播回放] 回归回归生活了。 2025年01月14日,怪盗基德KID,372:12,女流 回放
BV1KCc1eNEpr,2025-01-13,[yjjimpaopao/yjj直播回放] 回归回归生活了。 2025年01月13日,怪盗基德KID,443:57,女流 回放
BV1eScye3Exi,2025-01-13,[yjjimpaopao/yjj直播回放] 回归回归生活了。 2025年01月13日 （带弹幕版）,怪盗基德KID,449:31,女流 回放
BV1sfcMebE7a,2025-01-12,[yjjimpaopao/yjj直播回放] 【双倍】12号 5点vct 启点赛开赛。 2025年01月12日 （带弹幕版）,怪盗基德KID,475:32,女流 回放
BV1swcue4EPG,2025-01-12,[yjjimpaopao/yjj直播回放] 【双倍】12号 5点vct 启点赛开赛。 2025年01月12日,怪盗基德KID,475:32,女流 回放
BV1M8cTe8Efm,2025-01-12,【女流雀王决定战切片】开幕雷击！东一的大三元,牙琉法介,6:9,女流 切片
BV1VKcceQEXD,2025-01-11,[yjjimpaopao/yjj直播回放] 11号 5点vct 启点赛开赛。 2025年01月11日 （带弹幕版）,怪盗基德KID,354:34,女流 回放
BV1HRcFeFE5R,2025-01-11,[yjjimpaopao/yjj直播回放] 11号 5点vct 启点赛开赛。 2025年01月11日,怪盗基德KID,354:34,女流 回放
BV1BPcxeFEbc,2025-01-11,【女流直播录像】2025-01-09美团评审+燕云十六声,小路明飞,353:3,女流 录播
BV1rtcJeJEJm,2025-01-10,dy女流dy女流2025-01-10,小路明飞,353:3,女流 录播
BV1u2c7ebEHF,2025-01-10,[yjjimpaopao/yjj直播回放] 老头FPS  瓦新赛季 上上分 2025年01月10日 （带弹幕版）,怪盗基德KID,360:4,女流 回放
BV17hc7ezEnt,2025-01-10,[yjjimpaopao/yjj直播回放] 老头FPS  瓦新赛季 上上分 2025年01月10日,怪盗基德KID,360:4,女流 回放
BV1sprCYGEZS,2025-01-09,【女流66】20250108 21点 完整直播录像回放,豆腐店36,71:31,女流 回放
BV1hbr6Y6ETq,2025-01-09,【菠萝赛东】看清华学霸女流66专访，回想七年前姐姐过生日，给她唱了首生日歌，她就爱上我了~,服部平次,13:1,女流 2024
BV1DCrzY3E15,2025-01-09,【女流66】突袭式直播间，刷到就是缘 2025/01/09 10时场 直播回放,安乐冈花火w,119:28,女流 回放
BV1NdrzYPEaH,2025-01-09,【弹幕版】【女流66】【2025-01-09】【突袭式直播间刷到就是缘】,直播回放巴拉蹦吧,62:17,女流 回放
BV1RBrzYyEFi,2025-01-09,【女流66高清直播回放】突袭式直播间，刷到就是缘 2025-01-09,银河废品指南,119:16,女流 回放
BV15BrzY1Eeb,2025-01-09,【女流66高清直播回放】66 2025-01-09,银河废品指南,3:35,女流 回放
BV1eJr6Y2E4A,2025-01-09,[yjjimpaopao/yjj直播回放] 老头FPS 玩的开心就行了 2025年01月09日 （带弹幕版）,怪盗基德KID,599:50,女流 回放
BV1zgr6YXEQh,2025-01-09,【纯净版】【女流66】【2025-01-09】【突袭式直播间刷到就是缘】,直播回放巴拉蹦吧,148:42,女流 回放
BV1AFr6YhEmw,2025-01-09,[yjjimpaopao/yjj直播回放] 老头FPS 玩的开心就行了 2025年01月09日,怪盗基德KID,599:50,女流 回放
BV1bfreYdE3B,2025-01-09,【弹幕版】【女流66】【2025-01-08】【突袭式直播间刷到就是缘】,直播回放巴拉蹦吧,205:12,女流 回放
BV1rQrYYrEqY,2025-01-09,【女流66】直播回放2025-01-08,KassyTan,192:19,女流 回放
BV1BcreYvEw7,2025-01-09,【女流66】突袭式直播间，刷到就是缘 2025/01/08 22时场 直播回放,安乐冈花火w,202:36,女流 回放
BV1qFreYKEvD,2025-01-09,【女流66高清直播回放】突袭式直播间，刷到就是缘 2025-01-08,银河废品指南,204:15,女流 回放
BV14TrvYnEvN,2025-01-08,【纯净版】【女流66】【2025-01-08】【突袭式直播间刷到就是缘】,直播回放巴拉蹦吧,205:12,女流 回放
BV1atrhYnEac,2025-01-08,[yjjimpaopao/yjj直播回放] FPS新人主播 今天晚点来 2025年01月08日 （带弹幕版）,怪盗基德KID,600:8,女流 回放
BV1YKraYWEaP,2025-01-08,[yjjimpaopao/yjj直播回放] FPS新人主播 今天晚点来 2025年01月08日,怪盗基德KID,600:8,女流 回放
BV16DrhYeE2c,2025-01-08,女流66和YJJ回忆吃鱼生中毒，大年初二进医院急诊室！,恶龙炮OvO,3:21,女流 切片
BV1HurdYzEoh,2025-01-08,女流66吐槽YJJ不捯饬自己，还沉溺在10年前  YJJ将重启健身计划,恶龙炮OvO,3:56,女流 切片
BV18QrXYVEHQ,2025-01-08,女流66和YJJ交流方言，在潮汕说普通话会被叫作“外省仔”，内蒙方言“鸡头白脸”,恶龙炮OvO,9:20,女流 切片
BV1uir9YVEMA,2025-01-08,女流氓系列，在线求女流氓哈,我是大坏蛋咯,11:25,女流 2024
BV1MxrSYeEiw,2025-01-07,YJJ与女流66互动答疑，炮炮的求知欲很有意思,恶龙炮OvO,5:19,女流 切片
BV1DArDYMEE4,2025-01-07,[yjjimpaopao/yjj直播回放] FPS新人主播 看看新英雄 2025年01月07日 （带弹幕版）,怪盗基德KID,479:52,女流 回放
BV1ZDrSYjE1V,2025-01-07,[yjjimpaopao/yjj直播回放] FPS新人主播 看看新英雄 2025年01月07日,怪盗基德KID,479:52,女流 回放
BV1mgrDYYE17,2025-01-07,女流66谈直播之道，直播甜菜YJJ装小丑搞节目效果,恶龙炮OvO,2:52,女流 切片
BV1wqrmYEEjF,2025-01-07,女流66吐槽YJJ小时候不写作业，身上伤痕累累，活到现在真是个奇迹！,恶龙炮OvO,1:57,女流 切片
BV1sermYnEY5,2025-01-07,【女流】我从基金全身而退啦，不是我吹，除了借给一些人钱没还，我所有投资都不亏~,服部平次,6:1,女流 2024
BV1iGrLYLE1m,2025-01-07,【女流66】直播回放2025-01-06,KassyTan,116:59,女流 回放
BV1zArLYHECk,2025-01-07,【女流66】20250106 21点 完整直播录像回放,豆腐店36,117:5,女流 回放
BV16PrLYDEAF,2025-01-07,【女流66高清直播回放】突袭式直播间，2025头一播 2025-01-06,银河废品指南,124:3,女流 回放
BV17PrLYDED1,2025-01-07,【女流66】突袭式直播间，2025头一播 2025/01/06 21时场 直播回放,安乐冈花火w,122:56,女流 回放
BV1por5YxEPM,2025-01-06,在舰长弟弟梦里化身以财压人的女流氓,Miss林鹿,1:5,女流 切片
BV14brLYeESk,2025-01-06,[女流66/女流直播回放] 突袭式直播间，2025头一播 2025年01月06日,怪盗基德KID,123:14,女流 回放
BV1v4rGYMEiU,2025-01-06,[yjjimpaopao/yjj直播回放] 今天帮水友瓦一瓦 2025年01月06日,怪盗基德KID,566:32,女流 回放
BV1j9rPYmEwu,2025-01-05,[yjjimpaopao/yjj直播回放] 【双倍】 今天玩玩cf！ 2025年01月05日 （带弹幕版）,怪盗基德KID,490:37,女流 回放
BV16rrPYdE9g,2025-01-05,[yjjimpaopao/yjj直播回放] 【双倍】 今天玩玩cf！ 2025年01月05日,怪盗基德KID,490:38,女流 回放
BV1VKrnYREeJ,2025-01-04,[yjjimpaopao/yjj直播回放] 【双倍】 今天玩玩cf！ 2025年01月04日 （带弹幕版）,怪盗基德KID,434:11,女流 回放
BV1ZdrJYhEEq,2025-01-04,[yjjimpaopao/yjj直播回放] 【双倍】 今天玩玩cf！ 2025年01月04日,怪盗基德KID,434:11,女流 回放
BV1wX6mY5EF6,2025-01-03,2024年12月16日第28期日本女流棋圣战挑战者决定战，向井千瑛VS上野愛咲美，黑胜5.5目,哈利路亚十亮,20:8,女流 2024
BV1WC6iYDEab,2025-01-02,女流66不在家，YJJ想玩多晚就玩多晚,恶龙炮OvO,1:41,女流 切片|女流 2024
BV1NW6qYWExw,2025-01-02,[yjjimpaopao/yjj直播回放] 【双倍】元旦快乐 ！2025发大财 2025年01月02日 （带弹幕版）,怪盗基德KID,669:10,女流 回放
BV1iP6qYTEbK,2025-01-02,[yjjimpaopao/yjj直播回放] 【双倍】元旦快乐 ！2025发大财 2025年01月02日,怪盗基德KID,666:57,女流 回放
BV1mM6gYUEr4,2025-01-02,盘点女神们撩汉爆笑名场面，看完女流氓的手段，男生出门要保护好自己,账号已注销,10:43,女流 2024
BV1yv6XYcErR,2025-01-01,C萝2024年度合集，这次一帧都不舍得剪,C煌娱乐编导部,38:8,女流 2024
BV1FK6pYzEd4,2024-12-31,To 2024,女流66,0:24,女流 2024
BV1B665YVEFV,2024-12-31,【女流66】直播录像《清汤6老爷》《燕云十六声》2024.12.30,不懒bot,335:1,女流 2024
BV1Wu6LYWEhz,2024-12-31,[女流66/直播回放] 今天去开封！好多人呐 2024年12月31日 (弹幕版),浮尘呃,334:33,女流 回放|女流 2024
BV1sK6LYxEhY,2024-12-31,【纯净版】【女流66】【2024-12-30】【今天去开封好多人呐】,直播回放巴拉蹦吧,334:22,女流 回放|女流 2024
BV1sA6LYtEtU,2024-12-31,【女流66】20241230 19点 完整直播录像回放,豆腐店36,326:59,女流 回放
BV15x6LYkEEW,2024-12-31,【女流66】今天去开封！好多人呐 2024/12/30 19时场 直播回放,安乐冈花火w,334:33,女流 回放|女流 2024
BV1aX65YNEP7,2024-12-31,【女流66高清直播回放】今天去开封！好多人呐 2024-12-30,银河废品指南,335:25,女流 回放|女流 2024
BV1b96GYdEih,2024-12-30,【女流66】4K弹幕版《清汤6老爷》《燕云十六声》2024.12.30,不懒bot,334:50,女流 2024
BV1Ln6VYMEVj,2024-12-30,作为游戏主播，女流66谈直播平台的优劣势,恶龙炮OvO,2:7,女流 切片
BV1EL6VYrEgm,2024-12-30,【女流66】【2024.12.30】[今天去开封！好多人呐],bobi华,331:33,女流 2024
BV1Py6VYQEfV,2024-12-30,[女流66/女流直播回放] 今天去开封！好多人呐 2024年12月30日,怪盗基德KID,335:2,女流 回放|女流 2024
BV1wD6VYmEFh,2024-12-30,菠菠看胡彦斌×林俊杰《白天不懂夜的黑》直言：2024最佳现场！,账号已注销,4:58,女流 2024
BV1SM6gYUEG4,2024-12-30,[yjjimpaopao/yjj直播回放] 【双倍】一名专业的10年的FPS主播 2024年12月30日 （带弹幕版）,怪盗基德KID,581:2,女流 回放|女流 2024
BV1156gYyEZe,2024-12-30,[yjjimpaopao/yjj直播回放] 【双倍】一名专业的10年的FPS主播 2024年12月30日,怪盗基德KID,521:3,女流 回放|女流 2024
BV1zG6eYPEJX,2024-12-30,【女流】66私信收到求助，想学摄影但是爸妈不让，回忆远古UP主时期，被私信严重伤害过~,服部平次,5:37,女流 切片
BV1rf6bY4Eic,2024-12-29,【女流66】【2024.12.29】[好多人呐，清汤大老爷],bobi华,69:20,女流 2024
BV1U16bYKE7H,2024-12-29,【女流66】4K弹幕版《清汤6老爷》2024.12.29,不懒bot,69:38,女流 2024
BV1BA68Y9EhB,2024-12-29,女流66和水友私信聊天，以前被私信伤害过，现在抖音的私信质量很高,恶龙炮OvO,4:11,女流 切片|女流 抖音|女流 2024
BV1u66bY6Ezb,2024-12-29,女流66表示黑悟空的更新很快了，“电梯效应”在作祟,恶龙炮OvO,1:29,女流 切片
BV19568YjESS,2024-12-29,【女流66】20241229 17点 完整直播录像回放,豆腐店36,64:58,女流 回放
BV1R568YjELT,2024-12-29,[女流66/直播回放] 好多人呐，燕云十六声浴血难度开荒 2024年12月29日 (弹幕版),浮尘呃,69:44,女流 回放|女流 2024
BV1vG68YmEhD,2024-12-29,【女流66】直播回放2024-12-29,KassyTan,60:2,女流 回放|女流 2024
BV1v368YEEAV,2024-12-29,【女流66】好多人呐，燕云十六声浴血难度开荒 2024/12/29 16时场 直播回放,安乐冈花火w,69:23,女流 回放|女流 2024
BV19L68Y1E8C,2024-12-29,【女流66】直播录像《清汤6老爷》2024.12.29,不懒bot,69:39,女流 2024
BV1i368YEEgh,2024-12-29,【女流66高清直播回放】好多人呐，燕云十六声浴血难度开荒 2024-12-29,银河废品指南,69:57,女流 回放|女流 2024
BV1e368YEEJu,2024-12-29,【纯净版】【女流66】【2024-12-29】【好多人呐燕云十六声浴血难度开荒】,直播回放巴拉蹦吧,69:17,女流 回放|女流 2024
BV1nr68YZE2t,2024-12-29,[女流66/女流直播回放] 好多人呐，燕云十六声浴血难度开荒 2024年12月29日,怪盗基德KID,69:3,女流 回放|女流 2024
BV1J66tYDEJX,2024-12-29,上舰要人家穿过的苦茶子？？女流氓也能当主播了？？？？,答己,1:57,女流 切片
BV1TT6bYAEpT,2024-12-29,盘点那些女流氓、放开那个男人、让我来吧泥女菩萨！,一起来挺郭德刚,8:16,女流 2024
BV1VX6tYkE9J,2024-12-29,[yjjimpaopao/yjj直播回放] 一名专业的10年的FPS主播 2024年12月29日 （带弹幕版）,怪盗基德KID,483:36,女流 回放|女流 2024
BV1Rt6bYmE7L,2024-12-29,[yjjimpaopao/yjj直播回放] 一名专业的10年的FPS主播 2024年12月29日,怪盗基德KID,483:36,女流 回放|女流 2024
BV1qX6pYTE1H,2024-12-29,七男六女流落荒岛，然而奇怪的事接连发生,小雪宝宝,40:32,女流 2024
BV1Ws6WYLExB,2024-12-29,【女流66】直播回放2024-12-28,KassyTan,140:34,女流 回放|女流 2024
BV1qv6WYBEJq,2024-12-28,【纯净版】【女流66】【2024-12-28】【能不能超过100人最高难度燕云十六声】,直播回放巴拉蹦吧,142:5,女流 回放|女流 2024
BV11H6WY7E74,2024-12-28,【女流66】能不能超过100人，最高难度燕云十六声 2024/12/28 19时场 直播回放,安乐冈花火w,141:45,女流 回放|女流 2024
BV15r6WYeESh,2024-12-28,【女流66】20241228 19点 完整直播录像回放,豆腐店36,140:21,女流 回放
BV1cmC8YvETv,2024-12-28,【纯净版】【女流66】【2024-12-28】【弹幕好多最高难度燕云十六声开荒】,直播回放巴拉蹦吧,309:31,女流 回放|女流 2024
BV1Cs6WYLEXR,2024-12-28,【女流66高清直播回放】能不能超过100人，最高难度燕云十六声 2024-12-28,银河废品指南,141:41,女流 回放|女流 2024
BV1c2C8YKEd4,2024-12-28,【女流66】【2024.12.28】[能不能超过100人，最高难度燕云十六声],bobi华,141:1,女流 2024
BV1ZSC8YAE8P,2024-12-28,[女流66/女流直播回放] 能不能超过100人，最高难度燕云十六声 2024年12月28日,怪盗基德KID,142:6,女流 回放|女流 2024
BV1U9ChYJERt,2024-12-28,【女流66】直播录像《燕云十六声》2024.12.28,不懒bot,452:1,女流 2024
BV1YrChYtEEW,2024-12-28,[女流66/直播回放] 弹幕好多，最高难度燕云十六声开荒 2024年12月28日 (弹幕版),浮尘呃,451:49,女流 回放|女流 2024
BV1WFCaYLEt5,2024-12-28,【女流66】直播回放2024-12-28,KassyTan,295:31,女流 回放|女流 2024
BV1ZjCaYeExa,2024-12-28,【女流66】20241228 14点 完整直播录像回放,豆腐店36,301:25,女流 回放
BV1sZChY2En2,2024-12-28,【女流66】弹幕好多，最高难度燕云十六声开荒 2024/12/28 12时场 直播回放,安乐冈花火w,309:51,女流 回放|女流 2024
BV1scCaYyEHP,2024-12-28,【女流66】【2024.12.28】[弹幕好多，最高难度燕云十六声开荒],bobi华,309:36,女流 2024
BV1CcCaYyExN,2024-12-28,【女流66高清直播回放】弹幕好多，最高难度燕云十六声开荒 2024-12-28,银河废品指南,309:35,女流 回放|女流 2024
BV1JuC8YhEG2,2024-12-28,【女流66】4K弹幕版《燕云十六声》2024.12.28,不懒bot,451:45,女流 2024
BV1KeC8Y5EuU,2024-12-28,【燕云十六声】女流66换下3580的服装，羡慕游戏角色皮肤白,恶龙炮OvO,1:18,女流 切片
BV1NBC8YrE6H,2024-12-28,[女流66/女流直播回放] 弹幕好多，最高难度燕云十六声开荒 2024年12月28日,怪盗基德KID,309:53,女流 回放|女流 2024
BV1ehC4YUE98,2024-12-28,[yjjimpaopao/yjj直播回放] 一名专业的10FPS主播 2024年12月28日 （带弹幕版）,怪盗基德KID,523:36,女流 回放|女流 2024
BV1ZtC4YDE3Q,2024-12-28,[yjjimpaopao/yjj直播回放] 一名专业的10FPS主播 2024年12月28日,怪盗基德KID,523:36,女流 回放|女流 2024
BV1xmCsYFEif,2024-12-28,【纯净版】【女流66】【2024-12-27】【最高难度燕云十六声开荒好多人呐】,直播回放巴拉蹦吧,220:28,女流 回放|女流 2024
BV1aiCsYqEPz,2024-12-28,【女流66】20241227 19点 完整直播录像回放,豆腐店36,219:29,女流 回放
BV1LWCsY2E9p,2024-12-28,【女流66】直播回放2024-12-27,KassyTan,217:55,女流 回放|女流 2024
BV1hvCsYMEe4,2024-12-27,【女流66】最高难度燕云十六声开荒，好多人呐 2024/12/27 19时场 直播回放,KasuganoSora3,213:40,女流 回放|女流 2024
BV1vbCsYGEuo,2024-12-27,【YJJ】66姐5点20分准时送蛋糕为YJJ庆生，以为炮炮今年30大寿，许愿想要9个非洲之心~,服部平次,6:46,女流 切片
BV1RCCHYNERL,2024-12-27,【女流66】【2024.12.27】[最高难度燕云十六声开荒，好多人呐],bobi华,220:43,女流 2024
BV1skCpYREvq,2024-12-27,[女流66/女流直播回放] 最高难度燕云十六声开荒，好多人呐 2024年12月27日,怪盗基德KID,220:25,女流 回放|女流 2024
BV1ANCnYVECr,2024-12-27,【女流66】直播录像《燕云十六声》幽州石悦天上线2024.12.27,不懒bot,483:5,女流 2024
BV1NFCnY2Epu,2024-12-27,[女流66/直播回放] 最高难度燕云十六声开荒，好多人呐 2024年12月27日 (弹幕版),浮尘呃,483:2,女流 回放|女流 2024
BV1kACnYCExu,2024-12-27,【燕云十六声】女流66氪金3580抽奖，银行咨询消费异常，炮炮贴脸开大20抽出金！,恶龙炮OvO,4:8,女流 切片
BV19WCnYFEzQ,2024-12-27,【女流66】直播回放2024-12-27,KassyTan,255:57,女流 回放|女流 2024
BV1XHCnYhESJ,2024-12-27,【女流66】20241227 14点 完整直播录像回放,豆腐店36,128:24,女流 回放
BV19nCnYwEUs,2024-12-27,【女流66】最高难度燕云十六声开荒，好多人呐 2024/12/27 11时场 直播回放,KasuganoSora3,261:50,女流 回放|女流 2024
BV1wbCHY1EEn,2024-12-27,【女流66】4K弹幕版《燕云十六声》幽州石悦天上线2024.12.27,不懒bot,482:45,女流 2024
BV1MLCHYsECP,2024-12-27,【女流66】【2024.12.27】[最高难度燕云十六声开荒，好多人呐],bobi华,255:37,女流 2024
BV1VfCEYtEc6,2024-12-27,[女流66/女流直播回放] 最高难度燕云十六声开荒，好多人呐 2024年12月27日,怪盗基德KID,261:37,女流 回放|女流 2024
BV1F4CJYuE6A,2024-12-27,[yjjimpaopao/yjj直播回放] 【双倍】10点开播 燕云 2024年12月27日 （带弹幕版）,怪盗基德KID,669:22,女流 回放|女流 2024
BV1uKCJYXE2j,2024-12-27,[yjjimpaopao/yjj直播回放] 【双倍】10点开播 燕云 2024年12月27日,怪盗基德KID,609:21,女流 回放|女流 2024
BV1YfCrYdEmQ,2024-12-26,【黑猴切片】当我看女流66直播学会了这一招——凤穿花！,好宝物-,0:28,女流 切片
BV1B9CrYFEV3,2024-12-26,[yjjimpaopao/yjj直播回放] 6点来，有个活动 2024年12月26日 （带弹幕版）,怪盗基德KID,193:7,女流 回放|女流 2024
BV1A6CzYwEeE,2024-12-26,[yjjimpaopao/yjj直播回放] 6点来，有个活动 2024年12月26日,怪盗基德KID,193:7,女流 2024
BV1KCCeY9Ej8,2024-12-26,【寅子】谈女流去抖音，自己为啥不去？要去了人气是现在十倍可能，带货绝对好！,带魔王,4:52,女流 抖音
BV1gVCYYxEwm,2024-12-25,历届女流樱花（2024版）,立直喵急便,1:40,女流 2024
BV1EvCYY3EtY,2024-12-25,【YJJ】炮炮看青蛙视频 女流“这电脑送给你了”,Hason01,1:52,女流 2024
BV1rvCAYZEFP,2024-12-25,YJJ的新电脑花费近4w！红色喜庆主题，女流66：这台算我送给你的~,恶龙炮OvO,5:4,女流 切片
BV1oNCAYEEYF,2024-12-25,圣诞听帽曲！帽女流落民间的女儿们来送圣诞祝福啦，连和声都极致还原的Beautiful Christmas！圣诞快乐！,Rosettenebula音乐站,3:38,女流 2024
BV118CAYwEnC,2024-12-25,[yjjimpaopao/yjj直播回放] 完成 任务 开开心心玩游戏 2024年12月25日 （带弹幕版）,怪盗基德KID,499:14,女流 2024
BV1dMCAYjE3f,2024-12-25,[yjjimpaopao/yjj直播回放] 完成 任务 开开心心玩游戏 2024年12月25日,怪盗基德KID,499:14,女流 2024
BV15MCAY7EH6,2024-12-25,YJJ看女流66的过年打算，找青蛙配了新电脑，旧的给66用,恶龙炮OvO,3:33,女流 切片|女流 2024
BV1dMCAYjE3b,2024-12-25,快艾特一位女流氓~,胖胖爱摸娱,0:18,女流 2024
BV1UNkRYjEjv,2024-12-24,[yjjimpaopao/yjj直播回放] 先上赋能 再玩点别的 2024年12月24日 （带弹幕版）,怪盗基德KID,443:33,女流 2024
BV1KWkQYqEVM,2024-12-24,[yjjimpaopao/yjj直播回放] 先上赋能 再玩点别的 2024年12月24日,怪盗基德KID,443:33,女流 2024
BV1HrCjYwEaZ,2024-12-24,盘点那些好色的“女流氓”，男生一个人出门要保护好自己,一起来挺郭德刚,28:23,女流 2024
BV1a9CGYqEYn,2024-12-23,[女流66/直播回放]古希腊掌管独立游戏的ruen~2024年12月22日 (弹幕版),浮尘呃,120:2,女流 2024
BV1TFCVYYEUt,2024-12-23,YJJ让66姐观战三角洲，还是66姐懂 抱着大碗就来了！一个月20万怎么花？！,恶龙炮OvO,19:21,女流 切片
BV1PNCVYFE97,2024-12-23,YJJ玩三角洲战场模式，女流66观战吐槽：团长不能只杀人，不占点呀？！,恶龙炮OvO,24:55,女流 切片
BV1JeCgYkELV,2024-12-23,[yjjimpaopao/yjj直播回放] 先搞点节目  下午瓦一瓦 2024年12月23日 （带弹幕版）,怪盗基德KID,540:7,女流 2024
BV1LqCgY6EfM,2024-12-23,[yjjimpaopao/yjj直播回放] 先搞点节目  下午瓦一瓦 2024年12月23日,怪盗基德KID,540:7,女流 2024
BV1qvCMYPECE,2024-12-23,盘点28个猝不及防的爆笑瞬间，女流氓不可怕，就怕女流氓说骚话！,大侠扒娱乐111,4:17,女流 2024
BV16CCNYcEkW,2024-12-22,【女流66】直播录像《清汤6老爷》《Mizi NO！》2024.12.22,不懒bot,173:14,女流 2024
BV1sVCKY6EfY,2024-12-22,【女流66】直播回放2024-12-22,KassyTan,161:34,女流 2024
BV1WVCKY6EUQ,2024-12-22,【女流66】古希腊掌管独立游戏的ruen~ 2024/12/22 19时场 直播回放,KasuganoSora3,166:47,女流 2024
BV1WECKYTEux,2024-12-22,【女流66】4K弹幕版《清汤6老爷》《Mizi NO！》2024.12.22,不懒bot,173:45,女流 2024
BV12GCKY3ECt,2024-12-22,历届女流令昭位（2024版）,立直喵急便,1:40,女流 2024
BV1HECKYTE6f,2024-12-22,女流66更新直播设备，新电脑和PS5 Pro即将上线直播间,恶龙炮OvO,1:39,女流 切片
BV1hFCKYJE41,2024-12-22,女流66的过年打算，分享去香港的趣事,恶龙炮OvO,1:29,女流 切片
BV15vCKYxEhS,2024-12-22,【女流66】【2024.12.22】[古希腊掌管独立游戏的ruen~],bobi华,173:50,女流 2024
BV1iaCKYtEPz,2024-12-22,[女流66/女流直播回放] 古希腊掌管独立游戏的ruen~ 2024年12月22日,怪盗基德KID,173:49,女流 2024
BV1V1kiYTEhL,2024-12-22,【女流】66一打开冰箱，一眼望去都是百事可乐，除了联名葫芦，这个天命人空罐你们也买不到~,服部平次,3:3,女流 2024
BV1bQkiYAEfi,2024-12-22,外置大脑上线！女流66指导YJJ三角洲，奈何破烂王属性和嗜血性太高,恶龙炮OvO,15:9,女流 切片
BV1yCkqY4ER7,2024-12-22,【女流】66在线调教AI石小悦弹幕版，壮壮和YJJ同时掉水里，你会先救谁~,服部平次,22:12,女流 切片
BV131keYbE5j,2024-12-22,【女流】66分享奇怪噩梦，入住天价酒店竟变密室逃脱，炮炮被NPC电到胃出血，我急得大哭快救救他~,服部平次,10:8,女流 切片
BV1x5kiYtEoq,2024-12-22,[yjjimpaopao/yjj直播回放] 【双倍】 比赛JETT首秀 2024年12月22日,怪盗基德KID,633:40,女流 2024
BV1CCkvYUEVB,2024-12-22,[yjjimpaopao/yjj直播回放] 【双倍】 比赛JETT首秀 2024年12月22日 （带弹幕版）,怪盗基德KID,633:40,女流 2024
BV1y7kiYxERt,2024-12-22,【女流66】分享黑神话百事可乐罐 这可乐罐全网就2个人有,Hason01,0:43,女流 2024
BV1e9kYYPEoi,2024-12-22,火车读car？！女流66分享夸张的噩梦，YJJ回村扫墓遇当地陋习,恶龙炮OvO,6:44,女流 切片
BV1VLkYYcE4p,2024-12-22,女流66回忆帮YJJ化女妆，cos百变小樱,恶龙炮OvO,1:18,女流 切片
BV1mpkhY2E75,2024-12-22,【女流66】直播回放2024-12-21,KassyTan,92:12,女流 2024
BV1mpkhY2EJq,2024-12-21,【女流66】出差回北京了，好久不见 2024/12/21 20时场 直播回放,KasuganoSora3,103:30,女流 2024
BV1eWktYJE9e,2024-12-21,[女流66/女流直播回放] 出差回北京了，好久不见 2024年12月21日,怪盗基德KID,104:17,女流 2024
BV15tktY2Ejy,2024-12-21,【女流66】【2024.12.21】[出差回北京了，好久不见],bobi华,104:34,女流 2024
BV1EEktYXEPq,2024-12-21,[女流66/直播回放] 前排有手柄，进来坐~ 2024年12月21日 (弹幕版),浮尘呃,99:56,女流 2024
BV1n5ktYxEGq,2024-12-21,【女流66】4K弹幕版《清汤6老爷》《手机播会》2024.12.21,不懒bot,204:0,女流 2024
BV1eWktYJESV,2024-12-21,66姐的情敌！AI“石小悦”高情商作答震惊到女流66,恶龙炮OvO,3:6,女流 切片|女流 2024
BV13hktYyEMg,2024-12-21,你也讨厌YJJ？！女流66与“石小悦”AI搞笑互动，问：壮壮和YJJ同时落水你会救谁？,恶龙炮OvO,23:54,女流 切片
BV1FoktYoEbc,2024-12-21,【女流66】前排有手柄，进来坐~ 2024/12/21 18时场 直播回放,KasuganoSora3,94:33,女流 2024
BV1MzktYuEkr,2024-12-21,【女流66】【2024.12.21】[前排有手柄，进来坐~],bobi华,99:52,女流 2024
BV1ZfktYsEqg,2024-12-21,【女流66】直播回放2024-12-21,KassyTan,87:14,女流 2024
BV1sUktYAExd,2024-12-21,【女流66】直播录像《清汤6老爷》《手机播会》2024.12.21,不懒bot,204:31,女流 2024
BV1KkktYTEMB,2024-12-21,[女流66/女流直播回放] 前排有手柄，进来坐~ 2024年12月21日,怪盗基德KID,100:3,女流 2024
BV1KCktYiEkh,2024-12-21,历届女流最高位（2024版）,立直喵急便,1:40,女流 2024
BV1dAkbYQEXL,2024-12-21,男孩子出门在外要保护好自己,bili神剧情,4:2,女流 2024
BV1tfk4YiEk1,2024-12-21,[yjjimpaopao/yjj直播回放] 【双倍】 比赛JETT首秀 2024年12月21日 （带弹幕版）,怪盗基德KID,164:6,女流 2024
BV1sNktYaEz5,2024-12-21,[yjjimpaopao/yjj直播回放] 【双倍】 比赛JETT首秀 2024年12月21日,怪盗基德KID,122:26,女流 2024
BV15ZkWY6E2n,2024-12-21,申请户外！YJJ过年要带66姐回潮汕体验年俗，之前“河鱼鱼生”让66姐体验很差,恶龙炮OvO,3:4,女流 切片
BV17jkxYjEoV,2024-12-21,女流桜花生涯成绩排名（2024年版）【日本职业麻将联盟】,随缘的阿东,11:55,女流 2024
BV1tek2YsErY,2024-12-20,女流樱花生涯成绩排行榜（2024年版）,立直喵急便,11:55,女流 2024
BV115k1YJENA,2024-12-20,[yjjimpaopao/yjj直播回放] 【双倍】瓦瓦瓦瓦瓦瓦瓦 2024年12月20日 （带弹幕版）,怪盗基德KID,345:31,女流 2024
BV1wVkrYeEHz,2024-12-20,【主播对对碰】81 快去给深宝投票（主播记得把账结一下）,南夕君cC,14:45,女流 2024
BV1hwk1YtE6N,2024-12-20,[yjjimpaopao/yjj直播回放] 【双倍】瓦瓦瓦瓦瓦瓦瓦 2024年12月20日,怪盗基德KID,345:30,女流 2024
BV1fPkyYTEha,2024-12-20,[yjjimpaopao/yjj直播回放] 【双倍】先虐一 GO学长 再6点瓦比赛 2024年12月20日 （带弹幕版）,怪盗基德KID,260:49,女流 2024
BV1zPkyYTEEt,2024-12-20,[yjjimpaopao/yjj直播回放] 【双倍】先虐一 GO学长 再6点瓦比赛 2024年12月20日,怪盗基德KID,213:36,女流 2024
BV1zekBYpEux,2024-12-19,外面女流氓也很多呀！哈哈,追剧闲鱼,1:17,女流 2024
BV1ajkMYpEPL,2024-12-19,[yjjimpaopao/yjj直播回放] 【双倍】先上赋能再玩别的 2024年12月19日 （带弹幕版）,怪盗基德KID,446:57,女流 2024
BV1DjkMYpExG,2024-12-19,[yjjimpaopao/yjj直播回放] 【双倍】先上赋能再玩别的 2024年12月19日,怪盗基德KID,446:56,女流 2024
BV1sLkwYfEpy,2024-12-18,[yjjimpaopao/yjj直播回放] 【双倍】161718在外拍摄，19播 2024年12月18日 （带弹幕版）,怪盗基德KID,43:15,女流 2024
BV1x5kwY8EBs,2024-12-18,YJJ参加无畏之夜，康康当面亲YJJ，女流66：？是不是显得我有点多余了,恶龙炮OvO,1:26,女流 切片
BV1WnkwYxEpA,2024-12-18,[yjjimpaopao/yjj直播回放] 【双倍】161718在外拍摄，19播 2024年12月18日,怪盗基德KID,43:15,女流 2024
BV1bzkEY7EAN,2024-12-17,温柔的“石狮子”，腼腆的炮炮,恶龙炮OvO,9:57,女流 切片
BV1wDkjYAEcv,2024-12-17,战术目镜已开启！YJJ早期带妹吃鸡，疯狂拷问，帮房管“提亲”，中途还被“大周女皇”查房逮到,恶龙炮OvO,23:8,女流 切片
BV12hBKY8ELa,2024-12-16,【女流66】直播回放2024-12-16,KassyTan,1282:15,女流 2024
BV1kBBKYRE9x,2024-12-16,【女流】66展示直播间专业级打光，户外买北冰洋中奖，直播间却被拿下~,服部平次,5:33,女流 切片|女流 2024
BV1dTBPYMEwy,2024-12-16,女流谈冯骥发微博回应TGA忍不住感慨：我觉得冯骥挺真实的 他是那种很敢表达自己的人！,游戏BBQ,2:41,女流 2024
BV1XTBwY8EYT,2024-12-16,女流66：他叫YJJ！,恶龙炮OvO,0:21,女流 切片
BV1RTBwY8EPW,2024-12-16,【女流66】直播录像《黑神话悟空》连战BOSS模式挑战2024.12.15,不懒bot,271:16,女流 2024
BV1wmqfYiEnU,2024-12-15,【女流66】黑神话悟空大更新，挑战boss连战！ 2024/12/15 17时场 直播回放,KasuganoSora3,267:33,女流 2024
BV1erBFYbEBw,2024-12-15,[女流66/直播回放] 黑神话悟空大更新，挑战boss连战！ 2024年12月15日 (弹幕版),浮尘呃,270:55,女流 2024
BV16aBFYvEEa,2024-12-15,【女流66】4K弹幕版《黑神话悟空》连战BOSS模式挑战2024.12.15,不懒bot,270:30,女流 2024
BV19ABFYsEAV,2024-12-15,【女流】清汤6老爷美团评审第七期弹幕版，我们90个人喝三杯柠檬水，不给90根吸管小心牢大肘击你~,服部平次,62:37,女流 切片|女流 2024
BV1yHBFYGEB4,2024-12-15,【女流66】【2024.12.15】[黑神话悟空大更新，挑战boss连战！],bobi华,267:56,女流 2024
BV16bBFYqE9Y,2024-12-15,【女流】66看冯骥微博敬佩之情油然而生，他是一个非常真实、敢于表达自己的人~,服部平次,3:51,女流 切片
BV1AzqoYPEAy,2024-12-15,女流66展示自己的“魔法直播间”  专业人士的灯光布置,恶龙炮OvO,3:10,女流 切片
BV1M4qoYGERR,2024-12-15,[女流66/女流直播回放] 黑神话悟空大更新，挑战boss连战！ 2024年12月15日,怪盗基德KID,270:38,女流 2024
BV1TtqoYrE86,2024-12-15,女流66看过冯骥微博后有感而发：很佩服他，为人真实！,恶龙炮OvO,3:16,女流 切片
BV1KoqZYrEcz,2024-12-15,【壮壮】石大壮醉酒五禁不识破最终通关「六根一性」，打完整个人都渡劫飞升了~,服部平次,38:6,女流 2024
BV1HfqdYhEtY,2024-12-15,[yjjimpaopao/yjj直播回放] 【双倍】FPS新人主播 2024年12月15日 （带弹幕版）,怪盗基德KID,635:5,女流 2024
BV18kqdYGE1P,2024-12-15,[yjjimpaopao/yjj直播回放] 【双倍】FPS新人主播 2024年12月15日,怪盗基德KID,635:5,女流 2024
BV1RgB7YCEDJ,2024-12-15,女流66看杨奇的微博透露年底黑悟空有小惊喜！原来是影神图实体版！,恶龙炮OvO,3:41,女流 切片
BV1NgBEYYESc,2024-12-14,女流66吐槽YJJ的“老头红背心”，你好骚啊“何好夹”~,恶龙炮OvO,1:2,女流 切片|女流 2024
BV13cBEYzEJ3,2024-12-14,【壮壮】石大壮玩《黑神话悟空》BOSS连战模式弹幕版，12.14更新完毕~,服部平次,313:6,女流 2024
BV17bBEYnECa,2024-12-14,【女流66】4K弹幕版《清汤6老爷》2024.12.14,不懒bot,88:5,女流 2024
BV1ZbBEYJE78,2024-12-14,【女流】清汤6老爷美团评审第六期弹幕版，原来王老吉还有百家姓版本~,服部平次,51:40,女流 切片|女流 2024
BV1nqBLY7Etm,2024-12-14,[女流66/直播回放] 黑神话悟空大更新，进来下饭 2024年12月14日 (弹幕版),浮尘呃,88:23,女流 2024
BV1pvBLYUEYP,2024-12-14,【女流66】直播录像《清汤6老爷》2024.12.14,不懒bot,88:26,女流 2024
BV1NTBjYoEoR,2024-12-14,【女流66】黑神话悟空大更新，进来下饭 2024/12/14 18时场 直播回放,KasuganoSora3,81:54,女流 2024
BV1PVBjYXEv6,2024-12-14,【女流66】【2024.12.14】[黑神话悟空大更新，进来下饭],bobi华,88:33,女流 2024
BV1hdBLYNEaW,2024-12-14,[女流66/女流直播回放] 黑神话悟空大更新，进来下饭 2024年12月14日,怪盗基德KID,87:55,女流 2024
BV1oxBjYCEUh,2024-12-14,【女流】66胸有成竹挑战九禁「六健将」，进去之后发现事情并没有那么简单~,服部平次,96:15,女流 切片
BV1UHBLYtE8r,2024-12-14,[yjjimpaopao/yjj直播回放] 【一毛牌子+双倍】先瓦2点看看MAJOR 2024年12月14日 （带弹幕版）,怪盗基德KID,651:6,女流 2024
BV1hLBLYaEqV,2024-12-14,女流66姐看TGA年度最佳，得知宇宙机器人获选，内心五味杂陈,科目二终结者,0:43,女流 2024
BV15GBLYvE5s,2024-12-14,[yjjimpaopao/yjj直播回放] 【一毛牌子+双倍】先瓦2点看看MAJOR 2024年12月14日,怪盗基德KID,651:6,女流 2024
BV1TXBTYNE4x,2024-12-13,【壮壮】石大壮玩《黑神话悟空》BOSS连战模式弹幕版，12.13更新完毕~,服部平次,330:1,女流 2024
BV15EBMY7EtM,2024-12-13,【壮壮】石大壮五禁五小时通关「梅山故人」，直呼好难啊这六兄弟没一个吃素的~,服部平次,21:13,女流 2024
BV1DpBMYCEUC,2024-12-13,【女流66】TGA 最佳游戏落选 宇宙机器人 女流66看完笑了,Hason01,3:42,女流 2024
BV1KeBMYTEgj,2024-12-13,女流看宇宙机器人获得2024TGA年度游戏当场无语,账号已注销,1:54,女流 2024
BV16SqBYCEHD,2024-12-13,各大主播观看TGA年度最佳游戏的反应，人在无语的时候真的会无语（弹幕版）,呆唯呆唯,12:2,女流 2024
BV1uhqBYoEVd,2024-12-13,BYD给我气笑了，很久没看到这么多国内外主播一起&quot;破防&quot;了，谢谢你小机器人，带给我这一年笑的最开心最大声的一次快乐，“实至名归”，TGA众主播reaction,o魅影无形_O,6:6,女流 2024
BV1ptqzYmE7P,2024-12-13,国内外众主播看黑神话悟空无缘TGA年度最佳集体沉默，众人疯狂锐评：脸都不要了！,兔玩网,2:49,女流 2024
BV14LqzYdE9B,2024-12-13,[yjjimpaopao/yjj直播回放] 【双倍】先瓦 2点看看MAJOR 2024年12月13日 （带弹幕版）,怪盗基德KID,642:38,女流 2024
BV1sWqzYnEnk,2024-12-13,【女流66】4K弹幕版《陪看TGA2024颁奖典礼》看无语了,不懒bot,3:48,女流 2024
BV1WHqzYQEfk,2024-12-13,【女流】66看小机器人获奖 泪花泛起光速下播,联盟答录机,1:49,女流 2024
BV1Kwq6YsEeN,2024-12-13,【女流66】【2024.12.13】[TGA正在直播],bobi华,68:6,女流 2024
BV15UqzYPEwt,2024-12-13,女流看宇宙机器人获TGA20024年度游戏直接无语，半天说不出话！,世一上陈泽bin,1:41,女流 2024
BV1qQqiYeEZY,2024-12-13,[女流66/直播回放] TGA正在直播中 2024年12月13日 (弹幕版),浮尘呃,68:50,女流 2024
BV18MqqYXEkz,2024-12-13,【女流66】直播录像《陪看TGA2024颁奖典礼》2024.12.13,不懒bot,10:15,女流 2024
BV16DqiYNEJw,2024-12-13,女流66直播间公布年度最佳游戏切片,韭菜包包包,8:22,女流 切片
BV1BDqiYNE3J,2024-12-13,【女流66】TGA正在直播中 2024/12/13 11时场 直播回放,KasuganoSora3,62:21,女流 2024
BV1oRqiYaEbr,2024-12-13,[女流66/女流直播回放] TGA正在直播中 2024年12月13日,怪盗基德KID,68:52,女流 2024
BV1zUqiYiEXS,2024-12-13,女流看宇宙机器人获得2024TGA年度游戏当场无语 全程一句话说不出来！,游戏BBQ,1:54,女流 2024
BV1EYqqYiE56,2024-12-13,[yjjimpaopao/yjj直播回放] 【双倍】先瓦 2点看看MAJOR 2024年12月13日,怪盗基德KID,702:38,女流 2024
BV1YZqeYQEwv,2024-12-13,何人点外卖填女流66的电话？！害66姐错失斩杀寅虎的大好时机！,恶龙炮OvO,2:15,女流 切片
BV1DLqaYkECQ,2024-12-12,YJJ还得练！女流66开三灯见面杀小黄龙，成功通关“万样骁凶”！,恶龙炮OvO,6:41,女流 切片
BV1DEqaY6E8B,2024-12-12,【女流66】直播录像《黑神话悟空》继续连战BOSS模式2024.12.12,不懒bot,143:18,女流 2024
BV1UKqYYBEBf,2024-12-12,【女流66】4K弹幕版《黑神话悟空》继续连战BOSS模式2024.12.12,不懒bot,143:29,女流 2024
BV1bAqYY6EaD,2024-12-12,[女流66/直播回放] 黑神话悟空大更新！进来下饭 2024年12月12日 (弹幕版),浮尘呃,143:18,女流 2024
BV1drqDYqExW,2024-12-12,盘点十大女流氓爆笑场面，女流氓浑身是戏，这扑面而来的少女感,個久吐煙圈,10:23,女流 2024
BV18AqYY6Ep7,2024-12-12,【女流66】黑神话悟空大更新！进来下饭 2024/12/12 18时场 直播回放,KasuganoSora3,137:24,女流 2024
BV1WGqYYeEr1,2024-12-12,[女流66/女流直播回放] 黑神话悟空大更新！进来下饭 2024年12月12日,怪盗基德KID,142:32,女流 2024
BV1mMqYYTE2W,2024-12-12,【女流66】【2024.12.12】[黑神话悟空大更新！进来下饭],bobi华,143:40,女流 2024
BV1CQqhYFEke,2024-12-12,重生之我在b站看外网博主看女流看黑神话悟空的更新，现在轮到他们来国内找游戏资讯了,冰小柒,8:39,女流 2024
BV1HMqbYDEUf,2024-12-12,[yjjimpaopao/yjj直播回放] 感冒第三天 先打CS轻松一下 下午再瓦 2024年12月12日,怪盗基德KID,594:53,女流 2024
BV1MEqDYWE2P,2024-12-12,[女流66/直播回放] 黑神话悟空大更新！进来下饭 2024年12月11日 (弹幕版),浮尘呃,249:18,女流 2024
BV1uLqDYxEMU,2024-12-12,【女流66】黑神话悟空大更新！进来下饭 2024/12/11 20时场 直播回放,KasuganoSora3,245:41,女流 2024
BV1z9qSY6EC5,2024-12-11,【壮壮】石大壮挑战「万样骁凶」五小时最终肉身成圣，想看姐姐打休息一会，不料乐极生悲直播间被拿下~,服部平次,26:25,女流 切片
BV12AqQYpEyZ,2024-12-11,【女流】66展示黑神话悟空和百事可乐联名葫芦，据说全网只有我和邓紫棋有~,服部平次,3:47,女流 切片
BV1qJqQYrEgX,2024-12-11,[女流66/女流直播回放] 黑神话悟空大更新！进来下饭 2024年12月11日,怪盗基德KID,120:2,女流 2024
BV1GDqDYaEnb,2024-12-11,【女流66】【2024.12.10】[黑神话悟空夜间档！进来下饭],bobi华,248:43,女流 2024
BV1DSqUYWEaa,2024-12-11,【女流66】直播录像《黑神话悟空》连战BOSS模式挑战，2024.12.11合集,不懒bot,479:22,女流 2024
BV1tqqSYHEZm,2024-12-11,[女流66/直播回放] 黑神话悟空大更新！进来下饭 2024年12月11日 (弹幕版),浮尘呃,184:6,女流 2024
BV18aqSYRExm,2024-12-11,【女流66】黑神话悟空大更新！进来下饭 2024/12/11 12时场 直播回放,KasuganoSora3,223:16,女流 2024
BV1hhqSYxEw8,2024-12-11,【女流】66酣战50分钟毒敌大王，接受针灸治疗还念成对方技能，气到差点怒砸手柄~,服部平次,52:4,女流 切片
BV1dqq2Y9Egn,2024-12-11,【女流66】4K弹幕版《黑神话悟空》连战BOSS模式挑战，2024.12.11合集,不懒bot,479:23,女流 2024
BV1q5qmY8EeG,2024-12-11,【女流66】【2024.12.10】[黑神话悟空大更新！进来下饭],bobi华,227:46,女流 2024
BV1rNqmYvEH5,2024-12-11,[yjjimpaopao/yjj直播回放] 【双倍】炮之食堂，吃过的别来 2024年12月11日 （带弹幕版）,怪盗基德KID,619:15,女流 2024
BV16TqmYPEE7,2024-12-11,女流66夸赞黑悟空的BOSS设计：让玩家能够摘到“踮脚的葡萄”,恶龙炮OvO,1:43,女流 切片
BV1WkqmYgEZu,2024-12-11,[女流66/女流直播回放] 黑神话悟空大更新！进来下饭 2024年12月11日,怪盗基德KID,230:11,女流 2024
BV1UYqmYjEkJ,2024-12-11,[yjjimpaopao/yjj直播回放] 【双倍】炮之食堂，吃过的别来 2024年12月11日,怪盗基德KID,619:16,女流 2024
BV17sqkY7ET9,2024-12-11,【女流66】直播录像《黑神话悟空》内容大更新2024.12.10,不懒bot,344:49,女流 2024
BV1RVqCYCEw3,2024-12-10,【女流66】黑神话悟空大更新！好多人呐 2024/12/10 16时场 直播回放,KasuganoSora3,340:5,女流 2024
BV1SCqkYPEce,2024-12-10,黑神话悟空更新，这么帅的螳螂有变化吗？女流直播切片,燎原火之心,8:2,女流 切片
BV1Kyq6YdE1Z,2024-12-10,【女流】66领取《黑神话悟空》新春贺礼「彩金狮子套装」，升阶满后看彩蛋「点放花炮」~,服部平次,4:40,女流 切片
BV1gqq6YhE4T,2024-12-10,【女流66】4K弹幕版《黑神话悟空》内容大更新，更新完毕2024.12.10,不懒bot,344:51,女流 2024
BV1DYq6YAEUi,2024-12-10,女流66看黑神话更新送新春套装：哇！还有烟花,恶龙炮OvO,2:17,女流 切片
BV16oq6Y2EtM,2024-12-10,【女流66】【2024.12.09】[黑神话悟空大更新！好多人呐],bobi华,340:39,女流 2024
BV1ErqrY2EDG,2024-12-10,[女流66/女流直播回放] 黑神话悟空大更新！好多人呐 2024年12月10日,怪盗基德KID,344:43,女流 2024
BV1daqGYFEBb,2024-12-10,[yjjimpaopao/yjj直播回放] 今天的头 晕晕滴 2024年12月10日 （带弹幕版）,怪盗基德KID,671:29,女流 2024
BV1Y9quYEELH,2024-12-10,[yjjimpaopao/yjj直播回放] 今天的头 晕晕滴 2024年12月10日,怪盗基德KID,671:29,女流 2024
BV15YqgYQE5g,2024-12-10,女流棋士の将棋ウォーズ実況ライブ！2024年12月8日(日),新规,80:57,女流 2024
BV1xEqNYdEhZ,2024-12-10,【女流66】直播回放2024-12-09,KassyTan,126:35,女流 2024
BV1iAqTYyEXP,2024-12-10,【女流66】提前预测TGA2024年度最佳游戏《黑神话悟空》,不懒bot,0:38,女流 2024
BV14WqTYcEgB,2024-12-10,【女流】66回忆大一时遭遇智商税，戴上头部按摩仪，物理100分，你这不是在侮辱我吗~,服部平次,3:4,女流 切片
BV1H8qNYEEFc,2024-12-09,【女流66】直播录像《清汤6老爷》《界外狂潮》2024.12.09,不懒bot,134:41,女流 2024
BV1pWqNYpEBx,2024-12-09,【女流66】提前预测TGA游戏年度大奖 毫无疑问肯定是黑神话悟空,Hason01,0:31,女流 2024
BV1SVqNYFEWN,2024-12-09,【女流66】4K弹幕版《清汤6老爷》《界外狂潮》2024.12.09,不懒bot,134:10,女流 2024
BV1snqNYsEXZ,2024-12-09,【女流66】美团实现了当官梦，大一差点变成“聪明头盔”代言人，游戏买了两份还退不了了,恶龙炮OvO,9:13,女流 切片
BV1SVqNYFEep,2024-12-09,【Npc录播弹幕版】2024-12-09 界外狂潮（和66壮壮）,鼠鼠人粮仓T,534:23,女流 录播|女流 2024
BV1SVqNYFEqt,2024-12-09,【女流】清汤6老爷美团评审第五期弹幕版，升官发财现在我是劲道大老爷啦~,服部平次,44:6,女流 切片
BV1T5qNY8EDW,2024-12-09,【女流66】今儿好热闹喔 2024/12/09 18时场 直播回放,KasuganoSora3,129:42,女流 2024
BV1J5qKYEEBF,2024-12-09,[女流66/女流直播回放] 今儿好热闹喔 2024年12月09日,怪盗基德KID,134:14,女流 2024
BV1j6qNYrEb7,2024-12-09,【女流66】【2024.12.09】[今儿好热闹喔],bobi华,134:34,女流 2024
BV1SMqAYREdS,2024-12-09,【女流】壮壮想来北京被拒，我感冒了，传染给你不重要，不要带回去给爸爸妈妈~,服部平次,4:52,女流 切片
BV1BbqcYYE3o,2024-12-09,[yjjimpaopao/yjj直播回放] 11点来 11点来 上上赋能 2024年12月09日 （带弹幕版）,怪盗基德KID,652:5,女流 2024
BV1ZTqwYiEdb,2024-12-09,[yjjimpaopao/yjj直播回放] 11点来 11点来 上上赋能 2024年12月09日,怪盗基德KID,652:5,女流 2024
BV1wAqwYgEco,2024-12-09,【女流】66想起老大让买的长毛吉他，即兴弹唱一曲《寂寞的季节》~,服部平次,9:25,女流 切片
BV14DqWY2EAE,2024-12-09,【女流66】直播回放2024-12-08,KassyTan,123:31,女流 2024
BV18mqWYUEwx,2024-12-08,【女流66】直播录像《清汤6老爷》《界外狂潮》2024.12.08,不懒bot,132:56,女流 2024
BV1T9qWY1EAZ,2024-12-08,【女流66】4K弹幕版《清汤6老爷》《界外狂潮》2024.12.08,不懒bot,133:4,女流 2024
BV1kEqWYBEjn,2024-12-08,【女流66】女流66姐姐弹吉他 慢节奏倾听下姐姐弹唱吉他 简直太好听啦~,Hason01,8:21,女流 2024
BV1YBqWYRELT,2024-12-08,【女流66】今儿好热闹喔 2024/12/08 18时场 直播回放,KasuganoSora3,133:8,女流 2024
BV1EuqsYeE2a,2024-12-08,【女流】清汤6老爷美团评审第四期弹幕版，今天的案子太好判了，难不倒本官~,服部平次,41:44,女流 切片
BV1HAqsYBE6C,2024-12-08,【女流66】【2024.12.08】[今儿好热闹喔],bobi华,132:13,女流 2024
BV1zHqHYZExY,2024-12-08,[女流66/女流直播回放] 今儿好热闹喔 2024年12月08日,怪盗基德KID,133:15,女流 2024
BV1P8qnYeEVL,2024-12-08,[yjjimpaopao/yjj直播回放] 【双倍】换成高敏重新出发 2024年12月08日 （带弹幕版）,怪盗基德KID,620:11,女流 2024
BV1piqnY8E7A,2024-12-08,[yjjimpaopao/yjj直播回放] 【双倍】换成高敏重新出发 2024年12月08日,怪盗基德KID,620:10,女流 2024
BV1unqnY6Edi,2024-12-08,【女流】遇到瑜伽课销售疯狂电话轰炸，还约错课，没有训练计划不办卡，您体验的目的是什么~,服部平次,10:50,女流 切片
BV1RHqLYeE1b,2024-12-08,【女流66】直播回放2024-12-07,KassyTan,173:39,女流 2024
BV1oYq5YTEbn,2024-12-08,大周主厨YJJ！斗鱼炮磊教你“鲫鱼汤”家常做法，满满的烹饪原理！勺子刮鱼鳞，鲫鱼煎粘锅，七年级生物书，放入榨汁机，多次过滤后上菜！,恶龙炮OvO,60:49,女流 2024
BV1vHqLYeEA1,2024-12-07,【女流66】直播录像《清汤6老爷》《界外狂潮》2024.12.07,不懒bot,185:34,女流 2024
BV13MqjYAEcq,2024-12-07,【女流66】今晚玩新的射击游戏！好多人呐 2024/12/07 18时场 直播回放,KasuganoSora3,182:56,女流 2024
BV1EdqLY3Eg4,2024-12-07,【女流66】4K弹幕版《清汤6老爷》《界外狂潮》2024.12.07,不懒bot,184:46,女流 2024
BV1i5qVYhEnK,2024-12-07,【女流】清汤6老爷美团评审第三期弹幕版，这事就这么定了，无须再议~,服部平次,68:32,女流 切片
BV14YqVYEE2x,2024-12-07,[女流66/女流直播回放] 今晚玩新的射击游戏！好多人呐 2024年12月07日,怪盗基德KID,185:11,女流 2024
BV1kwqVYzEKw,2024-12-07,【女流66】【2024.12.07】[今晚玩新的射击游戏！好多人呐],bobi华,183:24,女流 2024
BV1UtqVYQEY7,2024-12-07,YJJ被66姐查房吓一跳，弹幕：我作证，他在看妹妹！,恶龙炮OvO,1:31,女流 切片
BV1J8q5YgEKa,2024-12-07,女流66姐自述牌技太差，回忆斗地主被妈妈吐槽试图一展牌技证明自己，但结局以失败告终,科目二终结者,1:51,女流 2024
BV12Ai1YNEK7,2024-12-07,[yjjimpaopao/yjj直播回放] 换成高敏重新出发 2024年12月07日 （带弹幕版）,怪盗基德KID,728:45,女流 2024
BV1tri1YuEQE,2024-12-07,[yjjimpaopao/yjj直播回放] 换成高敏重新出发 2024年12月07日,怪盗基德KID,685:39,女流 2024
BV1Y8i1Y2Eky,2024-12-07,女流最高位战生涯成绩排行榜（2024年版）,立直喵急便,11:59,女流 2024
BV1E1iqYeEYZ,2024-12-07,【女流66】直播回放2024-12-06,KassyTan,167:13,女流 2024
BV1csi6Y1Eiq,2024-12-06,【女流66】直播录像《清汤6老爷》《界外狂潮》2024.12.06,不懒bot,181:13,女流 2024
BV1Lii6YMEEA,2024-12-06,当女流66姐化身清汤大老爷，总有意想不到的反转，要不说艺术来源于生活,科目二终结者,0:56,女流 2024
BV15XiqYfEBy,2024-12-06,【女流66】今晚玩新的射击游戏！好多人呐 2024/12/06 18时场 直播回放,KasuganoSora3,181:28,女流 2024
BV1rriqYTEhF,2024-12-06,【女流66】4K弹幕版《清汤6老爷》《界外狂潮》2024.12.06,不懒bot,181:44,女流 2024
BV1A5iBYyErh,2024-12-06,[女流66/直播回放] 今晚玩新的射击游戏！好多人呐 2024年12月06日 (弹幕版),浮尘呃,181:33,女流 2024
BV1WviqY3EBs,2024-12-06,【女流】清汤6老爷美团评审第二期弹幕版，大胆刁民竟敢欺瞒本官，斩立决~,服部平次,65:36,女流 切片
BV1XziBY4EGL,2024-12-06,【女流66】【2024.12.06】[今晚玩新的射击游戏！好多人呐],bobi华,181:22,女流 2024
BV136iBYoESP,2024-12-06,[女流66/女流直播回放] 今晚玩新的射击游戏！好多人呐 2024年12月06日,怪盗基德KID,180:4,女流 2024
BV1KTiiYrE4H,2024-12-06,【女流】重返清华近乡情怯，心里说不出来的滋味，听师兄说建筑系毕业即失业大为震惊~,服部平次,6:52,女流 切片
BV1YjiqYWEB2,2024-12-06,[yjjimpaopao/yjj直播回放] 【一元+双倍】11点来  转个信息位玩玩 2024年12月06日 （带弹幕版）,怪盗基德KID,704:11,女流 2024
BV1UBieYrEnS,2024-12-06,[yjjimpaopao/yjj直播回放] 【一元+双倍】11点来  转个信息位玩玩 2024年12月06日,怪盗基德KID,704:11,女流 2024
BV1adiZY7ERT,2024-12-06,【女流】66采访壮壮为什么抽烟，分手之恋坐阳台上舍友递来一根，内蒙高人健身教练不服退卡~,服部平次,10:36,女流 切片
BV1MRi9YYENp,2024-12-05,女流66:我的枪里全是子弹！！！,上了岸の鱼,4:24,女流 2024
BV1dPidY5EVU,2024-12-05,【女流】6青天美团外卖差评断案：到底有没有鸡屁股，这可乐盖子插不了吸管~,服部平次,3:49,女流 切片
BV1o9iXYVEdw,2024-12-05,[yjjimpaopao/yjj直播回放] 11点来 上上分 2024年12月05日 （带弹幕版）,怪盗基德KID,612:13,女流 2024
BV19ci9YBE7c,2024-12-05,[yjjimpaopao/yjj直播回放] 11点来 上上分 2024年12月05日,怪盗基德KID,612:14,女流 2024
BV1K7i9YZED9,2024-12-05,【女流】明年是游戏大年，给出压力黑神话DLC起码得出一个，猜想丝之歌跳票原因~,服部平次,6:9,女流 切片
BV153iUY4ETV,2024-12-05,【女流66】直播回放2024-12-04,KassyTan,84:42,女流 2024
BV1MhiDYHEFH,2024-12-05,【女流】有人连线PK我包输秒拒，最近有点游戏荒，我妈看我玩斗地主，气得吃速效救心丸~,服部平次,4:21,女流 切片
BV1sSimYrE1E,2024-12-04,女流66和YJJ一起当美团评审团  #2,恶龙炮OvO,6:17,女流 2024
BV1M4iUYjEva,2024-12-04,【女流】清汤6老爷美团评审第一期弹幕版，来人啊叉出去，狗头铡伺候~,服部平次,82:28,女流 切片
BV1WYiUYGEy7,2024-12-04,[女流66/直播回放] 我总是突然的出现，好多人呐 2024年12月04日 (弹幕版),浮尘呃,94:57,女流 2024
BV1gHiUYSEjU,2024-12-04,【女流66】我总是突然的出现，好多人呐 2024/12/04 19时场 直播回放,KasuganoSora3,89:37,女流 2024
BV1XoiUYREJE,2024-12-04,【女流66】【2024.12.04】[我总是突然的出现，好多人呐],bobi华,93:36,女流 2024
BV199iUYoEVp,2024-12-04,[女流66/女流直播回放] 我总是突然的出现，好多人呐 2024年12月04日,怪盗基德KID,94:40,女流 2024
BV1Hez9YZEP8,2024-12-04,[yjjimpaopao/yjj直播回放] 3点呆猪杯，2点来 2024年12月04日,怪盗基德KID,487:27,女流 2024
BV1Jqz9YRE3X,2024-12-04,【女流】66分享和YJJ在成都遇到的可爱水友，这个可能是女流和炮炮，可以帮我和炮炮合照吗~,服部平次,9:35,女流 切片
BV1KZzSYREs6,2024-12-04,【女流66】直播回放2024-12-03,KassyTan,171:39,女流 2024
BV1YAzSYaE5z,2024-12-04,【女流】66初次玩骗子酒馆，连续两把一枪崩死倒头就睡，在成都光吃老妈兔头被报复了~,服部平次,14:27,女流 切片
BV1M9zSYtEew,2024-12-03,【女流】66和壮壮、菠萝赛东、NPC一起玩《骗子酒馆》弹幕版，老妈兔头真好吃~,服部平次,99:24,女流 切片
BV15BzSYBEGc,2024-12-03,【女流66】今天这么热闹 2024/12/03 18时场 直播回放,KasuganoSora3,176:26,女流 2024
BV1vBzSYBEkw,2024-12-03,【Npc录播弹幕版】2024-12-03 骗子酒馆！,鼠鼠人粮仓T,425:17,女流 录播|女流 2024
BV1aFzmYdEyy,2024-12-03,[女流66/直播回放] 今天这么热闹 2024年12月03日 (弹幕版),浮尘呃,182:34,女流 2024
BV1iXz2YaE3z,2024-12-03,【女流66】【2024.12.03】[今天这么热闹],bobi华,181:32,女流 2024
BV1y5zmYjEpr,2024-12-03,[女流66/女流直播回放] 今天这么热闹 2024年12月03日,怪盗基德KID,182:49,女流 2024
BV1aqz1YXEP8,2024-12-03,[yjjimpaopao/yjj直播回放] 3点呆猪杯，1点来 2024年12月03日 （带弹幕版）,怪盗基德KID,633:46,女流 2024
BV13zz1YHEm4,2024-12-03,[yjjimpaopao/yjj直播回放] 3点呆猪杯，1点来 2024年12月03日,怪盗基德KID,633:45,女流 2024
BV1x8zdYMEPU,2024-12-01,[yjjimpaopao/yjj直播回放] 5点dfmPRX决赛BO5 2024年12月01日,怪盗基德KID,314:3,女流 2024
BV1oNzdYsEGo,2024-12-01,女流66夺冠啦！首杀DANKING，与simple道具配合，闭眼双杀！nice try！,恶龙炮OvO,18:8,女流 2024
BV144zdYgE8E,2024-12-01,[yjjimpaopao/yjj直播回放] 5点dfmPRX决赛BO5 2024年12月01日 （带弹幕版）,怪盗基德KID,326:59,女流 2024
BV1x4zdYgEuU,2024-12-01,DANK1NG对位s1mple换边追分遗憾落败痛失表演赛冠军！Forever残局2V5五杀 Gus多次四杀开炸！| 亚邀表演赛 YYB vs DDW,瓦播君,22:39,女流 2024
BV1MNzoY5Eq3,2024-12-01,女流氓该干的事是什么,bili神剧情,3:48,女流 2024
BV1L1zJYHEAE,2024-11-30,[yjjimpaopao/yjj直播回放] 5点TE PRX败决BO5 2024年11月30日 （带弹幕版）,怪盗基德KID,185:32,女流 2024
BV18qznY2EKb,2024-11-30,[yjjimpaopao/yjj直播回放] 5点TE PRX败决BO5 2024年11月30日,怪盗基德KID,185:32,女流 2024
BV1Rwz6YGEf7,2024-11-29,【女流】玩老头环和老爸差点吵架，老爹在壮壮直播间发弹幕，喜提365天禁言套餐~,服部平次,6:35,女流 切片
BV1bGz6YvENU,2024-11-29,something回流身法判官三杀！YJJ夹着嗓子撒娇也很不错！,恶龙炮OvO,0:31,女流 2024
BV1m3zBY4EKZ,2024-11-29,[yjjimpaopao/yjj直播回放] 我bule了！ 2024年11月29日 （带弹幕版）,怪盗基德KID,619:15,女流 2024
BV1AvzvY5EoS,2024-11-29,[yjjimpaopao/yjj直播回放] 我bule了！ 2024年11月29日,怪盗基德KID,619:14,女流 2024
BV1tqz8YqEFM,2024-11-29,【女流66】直播回放2024-11-28,KassyTan,197:9,女流 2024
BV1BczYYfE9M,2024-11-29,【女流】66和壮壮、菠萝赛东、NPC一起玩《马里奥派对：空前聚会》弹幕版，今日冠军将花落谁家~,服部平次,207:52,女流 切片
BV133zhY5EiK,2024-11-28,[女流66/直播回放] 今天直播间开派对呢，这么热闹 2024年11月28日 (弹幕版),浮尘呃,196:18,女流 2024
BV1wYzhYFEcs,2024-11-28,【女流66】【2024.11.28】[今天直播间开派对呢，这么热闹],bobi华,205:38,女流 2024
BV1xHzhYqEK7,2024-11-28,[女流66/女流直播回放] 今天直播间开派对呢，这么热闹 2024年11月28日,怪盗基德KID,207:20,女流 2024
BV1RyzhYDErJ,2024-11-28,进步明显！YJJ观战视角下指点66姐打瓦，道具使用越来越熟练，枪械使用升级至幻影！（弹幕版）,恶龙炮OvO,30:41,女流 2024
BV147zbYaECS,2024-11-28,败家HERO&amp;女流66同台PK !  AMD2024会员嘉年华,专业败家superpc,1:56,女流 2024
BV1yTzFY1Eqc,2024-11-28,[yjjimpaopao/yjj直播回放] 带一下66特训瓦 2024年11月28日 （带弹幕版）,怪盗基德KID,790:0,女流 2024
BV18zzFY9EF9,2024-11-28,[yjjimpaopao/yjj直播回放] 带一下66特训瓦 2024年11月28日,怪盗基德KID,790:0,女流 2024
BV1jYBXY1EFk,2024-11-27,【女流66】直播回放2024-11-27,KassyTan,145:57,女流 2024
BV1kwB9YREcz,2024-11-27,[女流66/直播回放] 无畏契约备赛训练营，好多人呐 2024年11月27日 (弹幕版),浮尘呃,155:38,女流 2024
BV12BB9YcEWU,2024-11-27,【女流66】【2024.11.26】[无畏契约备赛训练营，好多人呐],bobi华,154:50,女流 2024
BV1XnB9YkEpu,2024-11-27,[女流66/女流直播回放] 无畏契约备赛训练营，好多人呐 2024年11月27日,怪盗基德KID,156:58,女流 2024
BV1VoBQYgEMa,2024-11-27,[yjjimpaopao/yjj直播回放] 还老孩童版 上个赋能 2024年11月27日 （带弹幕版）,怪盗基德KID,397:15,女流 2024
BV1HBBQYpEyE,2024-11-27,[yjjimpaopao/yjj直播回放] 还老孩童版 上个赋能 2024年11月27日,怪盗基德KID,353:4,女流 2024
BV1zABSYBE7V,2024-11-27,【女流】66和YJJ玩恐怖解谜游戏《咒》4K弹幕版，炮炮推门而进吓姐姐一激灵~,服部平次,192:37,女流 切片
BV1ouz5Y6EY9,2024-11-27,【女流66】直播回放2024-11-26,KassyTan,201:16,女流 2024
BV1ZNzGYiESr,2024-11-26,【女流66】【2024.11.26】[今儿直播间真热闹],bobi华,208:42,女流 2024
BV1ZwzGYqEqA,2024-11-26,[女流66/女流直播回放] 今儿直播间真热闹 2024年11月26日,怪盗基德KID,207:53,女流 2024
BV1R2zgYfE9F,2024-11-26,[yjjimpaopao/yjj直播回放] 今天干一天  上个赋能 2024年11月26日 （带弹幕版）,怪盗基德KID,515:24,女流 2024
BV17pz3YNEXY,2024-11-26,[yjjimpaopao/yjj直播回放] 今天干一天  上个赋能 2024年11月26日,怪盗基德KID,515:25,女流 2024
BV1tzzuYkEhY,2024-11-26,盘点“女流氓”的爆笑名场面，男孩子出门在外，一定要保护好自己,玖念娱乐,5:6,女流 2024
BV1wCzNY4EYT,2024-11-26,【女流66】直播回放2024-11-25,KassyTan,245:39,女流 2024
BV155zAYBENe,2024-11-25,[女流66/直播回放] 欢迎关注耕田游戏头号玩家 2024年11月25日 (弹幕版),浮尘呃,257:8,女流 2024
BV1rszPYSEBi,2024-11-25,【女流66】【2024.11.25】[欢迎关注耕田游戏头号玩家],bobi华,255:37,女流 2024
BV1rHzPYQEQa,2024-11-25,[女流66/女流直播回放] 欢迎关注耕田游戏头号玩家 2024年11月25日,怪盗基德KID,257:9,女流 2024
BV1pZzwYJEwc,2024-11-25,[yjjimpaopao/yjj直播回放] 先上赋能 再跟浩东看EDG比赛 2024年11月25日 （带弹幕版）,怪盗基德KID,680:33,女流 2024
BV1zuBYY8ER3,2024-11-25,[yjjimpaopao/yjj直播回放] 先上赋能 再跟浩东看EDG比赛 2024年11月25日,怪盗基德KID,680:33,女流 2024
BV1aTBeYDErU,2024-11-25,女流氓不可怕，就怕她会说骚话！盘点女追男搞笑名场面,玖念娱乐,20:48,女流 2024
BV1VmBsYaEyz,2024-11-24,[yjjimpaopao/yjj直播回放] 先上赋能 再跟浩东看比赛 2024年11月24日 （带弹幕版）,怪盗基德KID,683:52,女流 2024
BV1XmBsYhESp,2024-11-24,[yjjimpaopao/yjj直播回放] 先上赋能 再跟浩东看比赛 2024年11月24日,怪盗基德KID,683:52,女流 2024
BV1a9BsYtE4r,2024-11-24,【甜心战士】看《主播对对碰80》想给飞儿量胸围,甜心战士Miyuki,19:37,女流 2024
BV1F1BkYoEZg,2024-11-23,【主播对对碰】80  66姐，你有男朋友了吗？,南夕君cC,18:58,女流 2024
BV1LiBCYQErg,2024-11-23,[yjjimpaopao/yjj直播回放] 5点 成都国际邀请赛 2024年11月23日 （带弹幕版）,怪盗基德KID,700:11,女流 2024
BV1cTByYaE2N,2024-11-23,[yjjimpaopao/yjj直播回放] 5点 成都国际邀请赛 2024年11月23日,怪盗基德KID,700:11,女流 2024
BV1r9BvYMENW,2024-11-22,[yjjimpaopao/yjj直播回放] 5点 成都国际邀请赛 2024年11月22日 （带弹幕版）,怪盗基德KID,691:43,女流 2024
BV14zBvYmEeF,2024-11-22,[yjjimpaopao/yjj直播回放] 5点 成都国际邀请赛 2024年11月22日,怪盗基德KID,691:43,女流 2024
BV1UrU2Y3EKg,2024-11-21,[yjjimpaopao/yjj直播回放] 5点 成都国际邀请赛 2024年11月21日 （带弹幕版）,怪盗基德KID,801:19,女流 2024
BV12yU2YuE9Q,2024-11-21,[yjjimpaopao/yjj直播回放] 5点 成都国际邀请赛 2024年11月21日,怪盗基德KID,801:18,女流 2024
BV1ueUyYuEzv,2024-11-21,《双刀女流》萌新初体验体0共斗黑龙,小特长不大,13:56,女流 切片
BV1egSgYDEyX,2024-11-20,[yjjimpaopao/yjj直播回放] 我爱无畏契约 687423 2024年11月20日 （带弹幕版）,怪盗基德KID,175:27,女流 2024
BV1uiSTYKEPx,2024-11-20,[yjjimpaopao/yjj直播回放] 我爱无畏契约 687423 2024年11月20日,怪盗基德KID,175:27,女流 2024
BV1VTSKYTEcr,2024-11-20,[yjjimpaopao/yjj直播回放] 我爱无畏契约 687423 2024年11月20日 （带弹幕版）,怪盗基德KID,238:51,女流 2024
BV1QMSKYvEcZ,2024-11-20,[yjjimpaopao/yjj直播回放] 我爱无畏契约 687423 2024年11月20日,怪盗基德KID,238:51,女流 2024
BV1YhUZYmEB4,2024-11-19,2024/11/18 第19期女流樱花 A联赛 Play-off B桌,日本职业麻将联盟,257:21,女流 2024
BV19hUZYmEsA,2024-11-19,[yjjimpaopao/yjj直播回放] 我爱无畏契约 687423 2024年11月19日 （带弹幕版）,怪盗基德KID,569:33,女流 2024
BV1zEUZYdENH,2024-11-19,YJJ看TGA 2024年度提名，康康上榜最佳电竞选手，吐槽DLC和重制能被提名,恶龙炮OvO,7:47,女流 2024
BV1JZUZYFE9K,2024-11-19,[yjjimpaopao/yjj直播回放] 我爱无畏契约 687423 2024年11月19日,怪盗基德KID,569:33,女流 2024
BV1C8D5YjEYP,2024-11-17,哪里来的女流氓,粑粑柑sagi,0:46,女流 2024
BV1oFUCYkEVv,2024-11-17,2024年11月6日第43期女流本因坊挑战赛4局，藤泽里菜VS牛荣子，白中盘胜,哈利路亚十亮,15:18,女流 2024
BV18PUzYWEN1,2024-11-17,[yjjimpaopao/yjj直播回放] 大炮杯生死局 ~干秃头 2024年11月17日 （带弹幕版）,怪盗基德KID,658:35,女流 2024
BV1x3UzYUEHf,2024-11-17,[yjjimpaopao/yjj直播回放] 大炮杯生死局 ~干秃头 2024年11月17日,怪盗基德KID,658:35,女流 2024
BV1zMmoYDEC7,2024-11-15,PK遇到女流氓 大晚上不睡觉直播给男人看！,甜豆Stella,1:42,女流 切片|女流 2024
BV1dQmRYkEDg,2024-11-15,[yjjimpaopao/yjj直播回放] 无畏契约新人主播求关注 2024年11月15日 （带弹幕版）,怪盗基德KID,610:3,女流 2024
BV1Z8mdY2Exo,2024-11-15,[yjjimpaopao/yjj直播回放] 无畏契约新人主播求关注 2024年11月15日,怪盗基德KID,610:3,女流 2024
BV1tJUVY7EZK,2024-11-14,[yjjimpaopao/yjj直播回放] 无畏契约新人主播求关注 2024年11月14日 （带弹幕版）,怪盗基德KID,354:7,女流 2024
BV11xUVYVE5y,2024-11-14,[yjjimpaopao/yjj直播回放] 无畏契约新人主播求关注 2024年11月14日,怪盗基德KID,354:7,女流 2024
BV1neU3YFE5J,2024-11-14,[yjjimpaopao/yjj直播回放] 无畏契约新人主播求关注 2024年11月14日 （带弹幕版）,怪盗基德KID,165:25,女流 2024
BV1EiU3YZE2M,2024-11-14,[yjjimpaopao/yjj直播回放] 无畏契约新人主播求关注 2024年11月14日,怪盗基德KID,120:2,女流 2024
BV1AuUGYKEcb,2024-11-14,【夏露露】承认自己是女流氓，喜欢视奸半裸帅哥打篮球。用坏猫之歌表达自己人设。,煤气露,3:35,女流 切片
BV1UrUGYVEFD,2024-11-14,盘点全网“女流氓”爆笑瞬间，男孩子在外面，一定要保护好自己,玖念娱乐,16:39,女流 2024
BV1myUAYnEsF,2024-11-13,[yjjimpaopao/yjj直播回放] 4点大炮杯～～！ 2024年11月13日 （带弹幕版）,怪盗基德KID,509:19,女流 2024
BV1GYUAYZERP,2024-11-13,[yjjimpaopao/yjj直播回放] 4点大炮杯～～！ 2024年11月13日,怪盗基德KID,509:19,女流 2024
BV14MmYYYEUA,2024-11-13,【Asaki大人/猪猪公主】最近收到小作文主题有些神秘！夸猪猪贬低他人居多！什么邪恶捧杀计划,啊哲一个小人物,1:8,女流 2024
BV1zzm8YyEiu,2024-11-12,[yjjimpaopao/yjj直播回放] 陪爸妈去机场 晚点播5点大炮杯 2024年11月12日 （带弹幕版）,怪盗基德KID,535:38,女流 2024
BV1i1m8Y6EdQ,2024-11-12,[yjjimpaopao/yjj直播回放] 陪爸妈去机场 晚点播5点大炮杯 2024年11月12日,怪盗基德KID,535:38,女流 2024
BV12JmtYSEZC,2024-11-12,2024/11/11 第19期女流樱花 A联赛 Play-off A桌,日本职业麻将联盟,247:41,女流 2024
BV1acmWY7EfT,2024-11-11,[yjjimpaopao/yjj直播回放] 陪爸妈吃饭去了，吃完回来 2024年11月11日 （带弹幕版）,怪盗基德KID,469:52,女流 2024
BV1rpmWYwEdx,2024-11-11,[yjjimpaopao/yjj直播回放] 陪爸妈吃饭去了，吃完回来 2024年11月11日,怪盗基德KID,469:53,女流 2024
BV1zgmmYtEzK,2024-11-11,[yjjimpaopao/yjj直播回放] 大炮杯2点准时开赛！！ 2024年11月11日 （带弹幕版）,怪盗基德KID,419:10,女流 2024
BV1ijmmYWEfs,2024-11-11,[yjjimpaopao/yjj直播回放] 大炮杯2点准时开赛！！ 2024年11月11日,怪盗基德KID,419:10,女流 2024
BV1dxm6YPEFy,2024-11-10,结婚两周年纪念日YJJ首次观看婚礼视频！害羞不已 YJJ女流66皓月当空！,ASuK4-,23:36,女流 切片
BV1rFDrYQEnZ,2024-11-09,2024/11/08 第19期女流樱花 升降级附加赛 3rd Stage,日本职业麻将联盟,403:46,女流 2024
BV1GdDzYiEa5,2024-11-09,［tiktok］当老外遇见中国女流氓他们会有什么反应？,账号已注销,1:23,女流 抖音
BV1qkDqYqE77,2024-11-09,[yjjimpaopao/yjj直播回放] 看看比赛 抽抽新皮肤 2024年11月09日 （带弹幕版）,怪盗基德KID,364:38,女流 2024
BV1wYDqYCETp,2024-11-09,[yjjimpaopao/yjj直播回放] 看看比赛 抽抽新皮肤 2024年11月09日,怪盗基德KID,328:33,女流 2024
BV1KwDfY5EUm,2024-11-08,[yjjimpaopao/yjj直播回放] 爸妈来北京去接他们，下午3点播 2024年11月08日 （带弹幕版）,怪盗基德KID,414:31,女流 2024
BV1u9DZYSE9Z,2024-11-08,[yjjimpaopao/yjj直播回放] 爸妈来北京去接他们，下午3点播 2024年11月08日,怪盗基德KID,414:31,女流 2024
BV1rHDQY7E61,2024-11-07,【壮壮】网恋短剧1：姐姐玩冒险岛找了个老公，我拿她号也找了个老公，直到有一天他们三个人相遇了~,服部平次,11:56,女流 冒险岛
BV1zzDUYMEwS,2024-11-07,石大壮讲小时候，玩女号骗人，用姐姐的号去找老公,帅炸天朱哥,9:47,女流 冒险岛
BV1HVDmYTEGq,2024-11-07,[yjjimpaopao/yjj直播回放] 6点大炮杯  选人分组 2024年11月07日 （带弹幕版）,怪盗基德KID,442:34,女流 2024
BV1E7DmYeEmV,2024-11-07,《双刀女流》直播满月初见黑龙蓝火一次过，哦耶～,小特长不大,7:30,女流 切片
BV1AQDmY3EEm,2024-11-07,[yjjimpaopao/yjj直播回放] 6点大炮杯  选人分组 2024年11月07日,怪盗基德KID,442:34,女流 2024
BV114D5YEEZP,2024-11-06,【中字/11月4日后台切片】混入女流桌的本田朋子,真的太过科幻,0:59,女流 切片
BV1ZQDuYdEHu,2024-11-06,[yjjimpaopao/yjj直播回放] 没关系，你们还有炮 2024年11月06日 （带弹幕版）,怪盗基德KID,576:47,女流 2024
BV16tDgYwEXt,2024-11-06,[yjjimpaopao/yjj直播回放] 没关系，你们还有炮 2024年11月06日,怪盗基德KID,576:47,女流 2024
BV1T8DTYPEHF,2024-11-06,2024/11/04 第19期女流樱花 升降级附加赛1st/2nd Stage,日本职业麻将联盟,557:56,女流 2024
BV1R9DTY2E1B,2024-11-06,当弹幕让66姐cos黑神话铁扇仙，回应道怕cos不好怕让大家失望，不禁得勾起一段cos往事回忆,科目二终结者,0:56,女流 2024
BV11QDbYtEWV,2024-11-05,[yjjimpaopao/yjj直播回放] 没关系，你们还有炮 2024年11月05日 （带弹幕版）,怪盗基德KID,599:35,女流 2024
BV1kfDbYXELJ,2024-11-05,[yjjimpaopao/yjj直播回放] 没关系，你们还有炮 2024年11月05日,怪盗基德KID,599:35,女流 2024
BV1MaDnYgEn2,2024-11-04,[yjjimpaopao/yjj直播回放] 没关系，我们还有瓦 2024年11月04日 （带弹幕版）,怪盗基德KID,443:8,女流 2024
BV1YwDHYUEkD,2024-11-04,[yjjimpaopao/yjj直播回放] 没关系，我们还有瓦 2024年11月04日,怪盗基德KID,443:8,女流 2024
BV1vSSkYVEVw,2024-11-03,[yjjimpaopao/yjj直播回放] 没关系，我们还有瓦 2024年11月03日 （带弹幕版）,怪盗基德KID,793:13,女流 2024
BV1hoSkYBEyv,2024-11-03,[yjjimpaopao/yjj直播回放] 没关系，我们还有瓦 2024年11月03日,怪盗基德KID,793:12,女流 2024
BV1Z9SqYNEYT,2024-11-03,【女流66】直播回放2024-11-02,KassyTan,125:3,女流 2024
BV1dFSBYcEPn,2024-11-03,[女流66/直播回放] 主机区第一手速，好多人呐 2024年11月02日 (弹幕版),浮尘呃,137:39,女流 2024
BV1NpSBYjEUv,2024-11-02,【女流66】【2024.11.02】[主机区第一手速，好多人呐],bobi华,137:40,女流 2024
BV1eySBYcEGZ,2024-11-02,[女流66/女流直播回放] 主机区第一手速，好多人呐 2024年11月02日,怪盗基德KID,137:56,女流 2024
BV1PPSzYEESJ,2024-11-02,《双刀女流收集完毕》绚辉龙让我尽早变天尊,小特长不大,2:59,女流 切片
BV1iHDwYPEvF,2024-11-02,[yjjimpaopao/yjj直播回放] 下午1点有EDG TE 2024年11月02日 （带弹幕版）,怪盗基德KID,563:24,女流 2024
BV1rgDwYrEq5,2024-11-02,[yjjimpaopao/yjj直播回放] 下午1点有EDG TE 2024年11月02日,怪盗基德KID,563:23,女流 2024
BV1UhSZYrEK6,2024-11-02,【女流】66玩《沙威玛传奇》4K弹幕版，打烊了旺铺转让，又是道心破碎的一天~,服部平次,197:21,女流 切片
BV1JhSfYhED7,2024-11-02,【女流】66玩《沙威玛传奇》，加入顾客自选配料，没想到是噩梦的开始，玩到道心破碎，准备转让店铺~,服部平次,5:29,女流 切片
BV1MTSoYuES2,2024-11-02,【女流66】直播回放2024-11-01,KassyTan,197:24,女流 2024
BV1jYSoYHENT,2024-11-01,[女流66/直播回放] 主机区第一手速，好多人呐 2024年11月01日 (弹幕版),浮尘呃,207:19,女流 2024
BV1w7SRY9Eg3,2024-11-01,【女流66】【2024.11.01】[主机区第一手速，好多人呐],bobi华,203:4,女流 2024
BV1xuSRYFEMY,2024-11-01,[女流66/女流直播回放] 主机区第一手速，好多人呐 2024年11月01日,怪盗基德KID,207:24,女流 2024
BV1ybS9Y4EdN,2024-11-01,女流66吐槽YJJ生气理由不重复，一天能生20次气！分享两人出门偶遇粉丝名场面,恶龙炮OvO,4:48,女流 切片
BV1hLS9YKEmW,2024-11-01,[yjjimpaopao/yjj直播回放] 寻龙诀 寻龙诀 2024年11月01日 （带弹幕版）,怪盗基德KID,758:12,女流 2024
BV1bHS9YwEn9,2024-11-01,[yjjimpaopao/yjj直播回放] 寻龙诀 寻龙诀 2024年11月01日,怪盗基德KID,758:13,女流 2024
BV1tWSHY6EjK,2024-11-01,【女流66】直播回放2024-10-31,KassyTan,254:24,女流 2024
BV1ZWSnYDE8o,2024-11-01,【女流】直播十年了，有一个词，从来没有任何一个水友夸过我~,服部平次,4:34,女流 切片
BV18pSHY3EN1,2024-10-31,【女流】66玩《沙威玛传奇》4K弹幕版，壮壮累坏了，给他吃一口吧，又是猪脑过载的一天~,服部平次,95:48,女流 切片
BV1G7SHY1EHB,2024-10-31,【女流】66玩《沙威玛传奇》，被弹幕忽悠购买可乐机，忙到猪脑过载，才发现是天坑无底洞~,服部平次,17:20,女流 切片
BV1ZFSJYEE3b,2024-10-31,[女流66/直播回放] 主机区第一手速，好多人呐 2024年10月31日 (弹幕版),浮尘呃,265:18,女流 2024
BV1P8SJYfE4w,2024-10-31,【女流66】【2024.10.31】[主机区第一手速，好多人呐],bobi华,263:8,女流 2024
BV1bESJYKEoV,2024-10-31,[女流66/女流直播回放] 主机区第一手速，好多人呐 2024年10月31日,怪盗基德KID,265:8,女流 2024
BV11uSnYwE4y,2024-10-31,盘点那些女流氓名场面#见色起意 #万万没想到 #每日一笑【爆笑米米11】,苹果树下_Apple_Tree,6:37,女流 2024
BV1m6SEYwEXF,2024-10-31,[yjjimpaopao/yjj直播回放] 11点11分你的唯一准时开播~ 2024年10月31日 （带弹幕版）,怪盗基德KID,610:48,女流 2024
BV1dpSEYCEKb,2024-10-31,[yjjimpaopao/yjj直播回放] 11点11分你的唯一准时开播~ 2024年10月31日,怪盗基德KID,610:47,女流 2024
BV1YcSVYsE6G,2024-10-31,【女流】66玩爆笑《沙威玛传奇》4K弹幕版，让我们说中文，又是手忙脚乱的一天~,服部平次,155:35,女流 切片
BV1CES3YPEER,2024-10-31,【女流】和壮壮一起玩《怪物猎人：荒野》4K弹幕版，太刀侠66上线，谁说这刀钝啊，这刀太无敌了~,服部平次,198:19,女流 切片
BV1PGS3YuERt,2024-10-30,【女流66】直播回放2024-10-30,KassyTan,159:58,女流 2024
BV1WGS3YMEdj,2024-10-30,[女流66/直播回放] 主机区第一手速，好多人呐 2024年10月30日 (弹幕版),浮尘呃,170:5,女流 2024
BV14gS3YzEpr,2024-10-30,【女流】66戴上黑神话金箍，一眼望去行者武松，被观众问及什么时候COS铁扇仙~,服部平次,14:11,女流 切片
BV1GrS3YEEAe,2024-10-30,【女流66】【2024.10.30】[主机区第一手速，好多人呐],bobi华,168:39,女流 2024
BV1LaS3YsEtr,2024-10-30,[女流66/女流直播回放] 主机区第一手速，好多人呐 2024年10月30日,怪盗基德KID,169:36,女流 2024
BV1BxSeYoEpW,2024-10-30,[yjjimpaopao/yjj直播回放] 先上点小分 再搞点别的 2024年10月30日 （带弹幕版）,怪盗基德KID,617:47,女流 2024
BV19eSeYHEZu,2024-10-30,[yjjimpaopao/yjj直播回放] 先上点小分 再搞点别的 2024年10月30日,怪盗基德KID,617:47,女流 2024
BV18tSvYLEMR,2024-10-30,【女流】谋朝篡位，壮王府反了！大周女皇66逆水寒三天没上线，被壮王爷踢出公会~,服部平次,5:27,女流 切片
BV1r3S8YQE6u,2024-10-30,【女流66】直播回放2024-10-29,KassyTan,205:53,女流 2024
BV1QYS8YiEe3,2024-10-30,[女流66/直播回放] 新人太刀打猎啦，好多人呐 2024年10月29日 (弹幕版),浮尘呃,209:29,女流 2024
BV1xNS8YdEt9,2024-10-29,【女流66】怪物猎人荒野：能跟我用一辈子太刀吗,GA18井,9:36,女流 抖音
BV1LMShYkEt6,2024-10-29,【女流66】【2024.10.29】[新人太刀打猎啦，好多人呐],bobi华,209:37,女流 2024
BV1HQS8YWEih,2024-10-29,[女流66/女流直播回放] 新人太刀打猎啦，好多人呐 2024年10月29日,怪盗基德KID,209:26,女流 2024
BV1JSSxYuEdR,2024-10-29,[yjjimpaopao/yjj直播回放] 先上点小分 再搞点别的 2024年10月29日 （带弹幕版）,怪盗基德KID,539:35,女流 2024
BV1NJS4YUEbn,2024-10-29,[yjjimpaopao/yjj直播回放] 先上点小分 再搞点别的 2024年10月29日,怪盗基德KID,539:35,女流 2024
BV1N817YjEA2,2024-10-29,2024/10/28 第19期女流樱花 A联赛 第七轮D桌,日本职业麻将联盟,381:46,女流 2024
BV1V415YDEHg,2024-10-28,[yjjimpaopao/yjj直播回放] 11点准时直播   迟到的话严重惩罚 2024年10月28日 （带弹幕版）,怪盗基德KID,484:22,女流 2024
BV1RN1LY9Eww,2024-10-28,[yjjimpaopao/yjj直播回放] 11点准时直播   迟到的话严重惩罚 2024年10月28日,怪盗基德KID,484:22,女流 2024
BV1UU1aYbELU,2024-10-27,[yjjimpaopao/yjj直播回放] 剪个头  2点半来COD21 2024年10月27日 （带弹幕版）,怪盗基德KID,250:25,女流 2024
BV1BM1YY1ES2,2024-10-27,[yjjimpaopao/yjj直播回放] 剪个头  2点半来COD21 2024年10月27日,怪盗基德KID,310:25,女流 2024
BV1s814YTEn7,2024-10-26,【女流66录播合集】之《庇护所》,游戏学姐夫,587:16,女流 录播
BV1GP1pYzEjP,2024-10-26,[yjjimpaopao/yjj直播回放] 新赛季就做个好人吧 12点准时！ 2024年10月26日 （带弹幕版）,怪盗基德KID,406:59,女流 2024
BV1Ar1HYsErf,2024-10-26,[yjjimpaopao/yjj直播回放] 新赛季就做个好人吧 12点准时！ 2024年10月26日,怪盗基德KID,406:59,女流 2024
BV1SxymYiEA2,2024-10-25,[yjjimpaopao/yjj直播回放] 新赛季新子龙上点分，下午3点杀狐 2024年10月25日 （带弹幕版）,怪盗基德KID,445:22,女流 2024
BV1KaymYYECt,2024-10-25,[yjjimpaopao/yjj直播回放] 新赛季新子龙上点分，下午3点杀狐 2024年10月25日,怪盗基德KID,445:22,女流 2024
BV1Joy6YAEY5,2024-10-24,【女流】上大一时给高三男生当家教，两星期被家长辞退，回想起教壮壮豆豆学习，气不打一处来~,服部平次,6:38,女流 切片
BV19Q1KYhEtX,2024-10-24,[yjjimpaopao/yjj直播回放] 11点55分61秒播 2024年10月24日 （带弹幕版）,怪盗基德KID,465:59,女流 2024
BV1vQ1KYaEg1,2024-10-24,[yjjimpaopao/yjj直播回放] 11点55分61秒播 2024年10月24日,怪盗基德KID,465:58,女流 2024
BV1SUyZYhEb5,2024-10-23,【女流】老大邀请我去天津玩，他还欠我一套煎饼果子，回想多年前请DC老师吃饭，刷卡时提示余额不足~,服部平次,6:25,女流 切片
BV1ESyfYSEFv,2024-10-23,[yjjimpaopao/yjj直播回放] 出去拍东西 6点回来看比赛 2024年10月23日 （带弹幕版）,怪盗基德KID,292:14,女流 2024
BV1WzyfY4ENB,2024-10-23,[yjjimpaopao/yjj直播回放] 出去拍东西 6点回来看比赛 2024年10月23日,怪盗基德KID,292:14,女流 2024
BV1GyyZYNEPd,2024-10-23,【女流】再黑能有石悦黑？喝咖啡一晚上失眠，YJJ惊醒发现我正瞪着他，帮炮炮收拾直播间表示不能接受~,服部平次,5:8,女流 切片
BV15dysYmESN,2024-10-23,【女流66】直播回放2024-10-22,KassyTan,74:18,女流 2024
BV15fysY1EBe,2024-10-23,【女流66】【2024.10.22】[好久不见，今日有 6],bobi华,88:47,女流 2024
BV1P7yxYYETk,2024-10-22,[女流66/女流直播回放] 好久不见，今日有 6 2024年10月22日,怪盗基德KID,87:22,女流 2024
BV1AjyWYxETq,2024-10-22,[yjjimpaopao/yjj直播回放] 6点AG-WOL 8点DRG-NOVA 2024年10月22日 （带弹幕版）,怪盗基德KID,320:22,女流 2024
BV1DryWYME2j,2024-10-22,[yjjimpaopao/yjj直播回放] 6点AG-WOL 8点DRG-NOVA 2024年10月22日,怪盗基德KID,320:22,女流 2024
BV1yQyHYXEwL,2024-10-22,[yjjimpaopao/yjj直播回放] 累成蛤蟆狗，等会可能户外记录美好生活 2024年10月22日 （带弹幕版）,怪盗基德KID,114:45,女流 2024
BV1A9yHYpEZv,2024-10-22,[yjjimpaopao/yjj直播回放] 累成蛤蟆狗，等会可能户外记录美好生活 2024年10月22日,怪盗基德KID,114:45,女流 2024
BV1rWy5YfEHk,2024-10-22,2024/10/21 第19期女流樱花 A联赛 第七轮C桌,日本职业麻将联盟,322:56,女流 2024
BV1fUyBYfEQZ,2024-10-21,[yjjimpaopao/yjj直播回放] 来啦来了来啊 2024年10月21日 （带弹幕版）,怪盗基德KID,611:39,女流 2024
BV1LoyBYsE9c,2024-10-21,[yjjimpaopao/yjj直播回放] 来啦来了来啊 2024年10月21日,怪盗基德KID,611:39,女流 2024
BV1Byy3YmEYG,2024-10-18,[yjjimpaopao/yjj直播回放] 封心老头，开心为主。去医院了11点30来 2024年10月18日 （带弹幕版）,怪盗基德KID,525:40,女流 2024
BV11ty3YbEUD,2024-10-18,[yjjimpaopao/yjj直播回放] 封心老头，开心为主。去医院了11点30来 2024年10月18日,怪盗基德KID,525:39,女流 2024
BV14XyAYgEgG,2024-10-17,[yjjimpaopao/yjj直播回放] 17号播播播播 12点来 2024年10月17日 （带弹幕版）,怪盗基德KID,324:45,女流 2024
BV1pFyPYvEGH,2024-10-17,[yjjimpaopao/yjj直播回放] 17号播播播播 12点来 2024年10月17日,怪盗基德KID,324:44,女流 2024
BV1UzmKY4EME,2024-10-16,[yjjimpaopao/yjj直播回放] 小小的打个麻将~ 2024年10月16日 （带弹幕版）,怪盗基德KID,288:18,女流 2024
BV1opmKYMENM,2024-10-16,[yjjimpaopao/yjj直播回放] 小小的打个麻将~ 2024年10月16日,怪盗基德KID,288:18,女流 2024
BV1TRmAYSEdW,2024-10-16,2024/10/14 第19期女流樱花 A联赛 第七轮B桌,日本职业麻将联盟,299:21,女流 2024
BV15ymAY4Ej4,2024-10-16,女流棋士の将棋ウォーズ実況ライブ！2024年10月14日(祝),新规,74:21,女流 2024
BV1rY2dYDEdt,2024-10-15,[yjjimpaopao/yjj直播回放] 下午 杭州户外 2024年10月15日,怪盗基德KID,389:14,女流 2024
BV1Aa2dYpEH5,2024-10-15,[yjjimpaopao/yjj直播回放] 下午 杭州户外 2024年10月15日 （带弹幕版）,怪盗基德KID,370:8,女流 2024
BV1Z9mVYcEic,2024-10-14,[yjjimpaopao/yjj直播回放] 下午 杭州户外 2024年10月14日 （带弹幕版）,怪盗基德KID,410:36,女流 2024
BV1zDmVYAEoo,2024-10-14,[yjjimpaopao/yjj直播回放] 下午 杭州户外 2024年10月14日,怪盗基德KID,350:36,女流 2024
BV1gA2BYEELZ,2024-10-13,[yjjimpaopao/yjj直播回放] 早起的鸟儿有虫吃 687423 2024年10月13日 （带弹幕版）,怪盗基德KID,388:27,女流 2024
BV1h72vY3EEJ,2024-10-13,[yjjimpaopao/yjj直播回放] 早起的鸟儿有虫吃 687423 2024年10月13日,怪盗基德KID,388:27,女流 2024
BV1dC29YKE5k,2024-10-12,[yjjimpaopao/yjj直播回放] 10点半来，不来不是阿猫阿狗 2024年10月12日 （带弹幕版）,怪盗基德KID,427:26,女流 2024
BV1aS29YwE64,2024-10-12,[yjjimpaopao/yjj直播回放] 10点半来，不来不是阿猫阿狗 2024年10月12日,怪盗基德KID,427:25,女流 2024
BV1Am2XYyEWj,2024-10-12,2024年10月3日第28期日本女流棋聖战本赛，奥田彩VS上野愛咲美，白中盘胜,哈利路亚十亮,14:49,女流 2024
BV1Hc2UY8ELk,2024-10-11,[yjjimpaopao/yjj直播回放] 摄像头坏了 没有头 2024年10月11日 （带弹幕版）,怪盗基德KID,324:53,女流 2024
BV1TN21YcEjQ,2024-10-11,[yjjimpaopao/yjj直播回放] 摄像头坏了 没有头 2024年10月11日,怪盗基德KID,324:53,女流 2024
BV14y21YYErx,2024-10-11,[yjjimpaopao/yjj直播回放] 摄像头坏了 没有头 2024年10月11日,怪盗基德KID,2:56,女流 2024
BV1Ty21YeEJr,2024-10-11,[yjjimpaopao/yjj直播回放] 摄像头坏了 没有头 2024年10月11日 （带弹幕版）,怪盗基德KID,2:56,女流 2024
BV1Zy2GYWEw3,2024-10-10,2024.10.10女流66,N瓜冰冰,145:36,女流 2024
BV18e2uYeENR,2024-10-10,【女流66】直播回放2024-10-10,KassyTan,143:57,女流 2024
BV1Eo2uYUEwe,2024-10-10,[女流66/直播回放] 无限暖暖，好多人呐 2024年10月10日 (弹幕版),浮尘呃,146:40,女流 2024
BV1u72gYNEk9,2024-10-10,【女流66】【2024.10.10】[无限暖暖，好多人呐],bobi华,146:50,女流 2024
BV1Fe2gYWEZN,2024-10-10,[女流66/女流直播回放] 无限暖暖，好多人呐 2024年10月10日,怪盗基德KID,146:36,女流 2024
BV1jw2gYLEgS,2024-10-10,[女流66/直播回放] 2024年10月10日11点,无尚大,146:46,女流 2024
BV1ca2gYREJW,2024-10-10,[yjjimpaopao/yjj直播回放] 10月10号 赋能之日 今天必上 2024年10月10日 （带弹幕版）,怪盗基德KID,651:1,女流 2024
BV1TH2gYaEKq,2024-10-10,[yjjimpaopao/yjj直播回放] 10月10号 赋能之日 今天必上 2024年10月10日,怪盗基德KID,651:0,女流 2024
BV12m2wYrEh1,2024-10-09,[yjjimpaopao/yjj直播回放] 今天单排单排单排 说三次 2024年10月09日 （带弹幕版）,怪盗基德KID,484:59,女流 2024
BV1Ur2wY1Edc,2024-10-09,[yjjimpaopao/yjj直播回放] 今天单排单排单排 说三次 2024年10月09日,怪盗基德KID,484:59,女流 2024
BV1XN2JYPEmZ,2024-10-08,女流回忆吐槽上海堡垒，被导演面谈，拍一部好电影需要天时地利，最后嘲讽某些自我感觉良好的编剧导演,泡面的小虾,4:38,女流 2024
BV1h62LY9EoC,2024-10-08,2024.10.07女流66,N瓜冰冰,176:30,女流 2024
BV1a211YMEgM,2024-10-07,2024/10/07 第19期女流樱花 A联赛 第七轮A桌,日本职业麻将联盟,240:4,女流 2024
BV1BL12YEEoW,2024-10-07,【女流66】直播回放2024-10-07,KassyTan,165:2,女流 2024
BV1hb12YzEZu,2024-10-07,[女流66/直播回放] 节奏天国继续复健，好多人呐 2024年10月07日 (弹幕版),浮尘呃,176:34,女流 2024
BV1he12YKEEh,2024-10-07,【女流66】【2024.10.07】[大侠立志传，好多人呐],bobi华,176:33,女流 2024
BV19P1mYyEqf,2024-10-07,[女流66/直播回放] 2024年10月07日19点,无尚大,176:19,女流 2024
BV15P1mY1EPA,2024-10-07,[女流66/女流直播回放] 节奏天国继续复健，好多人呐 2024年10月07日,怪盗基德KID,176:17,女流 2024
BV1Zo12YJE8g,2024-10-07,[yjjimpaopao/yjj直播回放] 7点 子龙杯 BO5决赛 2024年10月07日 （带弹幕版）,怪盗基德KID,327:39,女流 2024
BV1731yYVEyM,2024-10-07,[yjjimpaopao/yjj直播回放] 7点 子龙杯 BO5决赛 2024年10月07日,怪盗基德KID,327:39,女流 2024
BV1vT1BYQEfS,2024-10-07,现场“活捉”横尾太郎、疯狂购入小岛组周边以及偶遇女流！逛丢一只鞋 TGS 2024 VOL.2,机核GCORES,21:48,女流 2024
BV1EU1kYgEn9,2024-10-07,[yjjimpaopao/yjj直播回放] 6点半来 子龙杯 BO5 2024年10月07日 （带弹幕版）,怪盗基德KID,305:36,女流 2024
BV1dR1kYNEMe,2024-10-07,[yjjimpaopao/yjj直播回放] 6点半来 子龙杯 BO5 2024年10月07日,怪盗基德KID,305:36,女流 2024
BV1hV1BYmEZk,2024-10-06,【女流66】直播回放2024-10-06,KassyTan,138:31,女流 2024
BV1ph1BYKEy4,2024-10-06,2024.10.06女流66,N瓜冰冰,141:37,女流 2024
BV1Zr1BYtEui,2024-10-06,[女流66/直播回放] 节奏天国继续复健，好多人呐 2024年10月06日 (弹幕版),浮尘呃,141:45,女流 2024
BV1F61BYFEbG,2024-10-06,【女流66】【2024.10.06】[节奏天国继续复健，好多人呐],bobi华,141:8,女流 2024
BV1dy1BYxECt,2024-10-06,[女流66/直播回放] 2024年10月06日19点,无尚大,141:31,女流 2024
BV15w1iY7EU7,2024-10-06,[女流66/女流直播回放] 节奏天国继续复健，好多人呐 2024年10月06日,怪盗基德KID,141:35,女流 2024
BV17d1vYHEyL,2024-10-06,[yjjimpaopao/yjj直播回放] 6点半来 子龙杯 BO5 2024年10月06日 （带弹幕版）,怪盗基德KID,245:18,女流 2024
BV1p41iYcERJ,2024-10-06,[yjjimpaopao/yjj直播回放] 6点半来 子龙杯 BO5 2024年10月06日,怪盗基德KID,245:18,女流 2024
BV1R61eYkELr,2024-10-06,[yjjimpaopao/yjj直播回放] 转型信息位~ 才是我的归宿 2024年10月06日 （带弹幕版）,怪盗基德KID,255:17,女流 2024
BV1vE1vY2E9h,2024-10-06,[yjjimpaopao/yjj直播回放] 转型信息位~ 才是我的归宿 2024年10月06日,怪盗基德KID,255:17,女流 2024
BV1fu1dYVE28,2024-10-05,【女流66】直播回放2024-10-05,KassyTan,244:0,女流 2024
BV1Lj1dYzEQr,2024-10-05,2024.10.05女流66,N瓜冰冰,253:31,女流 2024
BV1f41XYNEPx,2024-10-05,我真不爱看大雷的！！！！,洛九三-,1:41,女流 切片
BV1ZM19YKEfx,2024-10-05,[女流66/直播回放] 养猪场怎么赚钱，好多人呐 2024年10月05日 (弹幕版),浮尘呃,253:45,女流 2024
BV1NB19Y2EwE,2024-10-05,【女流66】【2024.10.05】[养猪场怎么赚钱，好多人呐],bobi华,253:40,女流 2024
BV1k619Y5EW1,2024-10-05,[女流66/女流直播回放] 养猪场怎么赚钱，好多人呐 2024年10月05日,怪盗基德KID,253:53,女流 2024
BV1k619Y5E57,2024-10-05,[女流66/直播回放] 2024年10月05日12点,无尚大,253:34,女流 2024
BV1ux19YRE58,2024-10-05,[yjjimpaopao/yjj直播回放] 你就说 你的眼前有没有一亮 2024年10月05日 （带弹幕版）,怪盗基德KID,745:10,女流 2024
BV1ut19YWEsu,2024-10-05,[yjjimpaopao/yjj直播回放] 你就说 你的眼前有没有一亮 2024年10月05日,怪盗基德KID,745:10,女流 2024
BV1Ru1QYoEyv,2024-10-05,【子龙杯】你是谁？！YJJ29杀保安拒绝当阿斗，66姐上的buff有点猛了！,恶龙炮OvO,17:58,女流 切片
BV16N4weaEGD,2024-10-05,【女流66】直播回放2024-10-04,KassyTan,155:19,女流 2024
BV1JN4weaEBJ,2024-10-04,2024.10.04女流66,N瓜冰冰,162:33,女流 2024
BV1jX4we8E92,2024-10-04,[女流66/直播回放] 三角洲行动，好多人呐 2024年10月04日 (弹幕版),浮尘呃,162:47,女流 2024
BV1GY1UYyEaJ,2024-10-04,【Npc录播弹幕版】2024-10-04 跟66姐三角洲,鼠鼠人粮仓T,503:37,女流 录播|女流 2024
BV1JT4wecEKy,2024-10-04,[yjjimpaopao/yjj直播回放] 10点子龙杯 2024年10月04日 （带弹幕版）,怪盗基德KID,144:41,女流 2024
BV1nT4wecErQ,2024-10-04,【女流66】【2024.10.04】[三角洲行动，好多人呐],bobi华,162:55,女流 2024
BV1t24ceyEDm,2024-10-04,[yjjimpaopao/yjj直播回放] 10点子龙杯 2024年10月04日,怪盗基德KID,144:41,女流 2024
BV1Pz4weuEF6,2024-10-04,[女流66/女流直播回放] 三角洲行动，好多人呐 2024年10月04日,怪盗基德KID,162:22,女流 2024
BV1Cz4weuEQz,2024-10-04,[女流66/直播回放] 2024年10月04日18点,无尚大,163:14,女流 2024
BV1CGxfeFE1o,2024-10-04,[yjjimpaopao/yjj直播回放] 11点整来 迟到惩罚 2024年10月04日 （带弹幕版）,怪盗基德KID,481:2,女流 2024
BV1kVxfebEDT,2024-10-04,[yjjimpaopao/yjj直播回放] 11点整来 迟到惩罚 2024年10月04日,怪盗基德KID,481:2,女流 2024
BV1Q2x9ehEkT,2024-10-03,【女流66】直播回放2024-10-03,KassyTan,119:0,女流 2024
BV1hMx9etEt2,2024-10-03,2024.10.03女流66,N瓜冰冰,123:15,女流 2024
BV1o6x9evEuh,2024-10-03,【女流66】【2024.10.03】[国庆快乐，好多人呐],bobi华,123:27,女流 2024
BV1Jhx9ekExu,2024-10-03,[女流66/直播回放] 国庆快乐，好多人呐 2024年10月03日 (弹幕版),浮尘呃,123:27,女流 2024
BV1FGxReyEhn,2024-10-03,[女流66/直播回放] 2024年10月03日19点,无尚大,123:20,女流 2024
BV1kMxRejE36,2024-10-03,[女流66/女流直播回放] 国庆快乐，好多人呐 2024年10月03日,怪盗基德KID,123:28,女流 2024
BV1BTxDehEXJ,2024-10-03,[yjjimpaopao/yjj直播回放] 11点来 8点跟66玩 2024年10月03日 （带弹幕版）,怪盗基德KID,566:32,女流 2024
BV119xSegE4n,2024-10-03,[yjjimpaopao/yjj直播回放] 11点来 8点跟66玩 2024年10月03日,怪盗基德KID,566:32,女流 2024
BV1ZVxDe4EN1,2024-10-03,【女流】66姐：我跟我老东家关系还挺好的，弹幕：一听见66说老公就难受~,服部平次,10:1,女流 2024
BV12u4GezEdj,2024-10-03,【女流66】直播回放2024-10-02,KassyTan,204:42,女流 2024
BV1pE4GeYEWL,2024-10-02,2024.10.02女流66,N瓜冰冰,213:43,女流 2024
BV1TM4Ge3Efb,2024-10-02,女流66卡Picopark最后一关近半小时，弹幕全在吐槽战鹰，节目效果和血压都拉满了,泡面的小虾,16:41,女流 2024
BV1yo4GeqE8B,2024-10-02,[女流66/直播回放] 国庆快乐，好多人呐 2024年10月02日 (弹幕版),浮尘呃,213:29,女流 2024
BV1134ge8E6V,2024-10-02,【女流66】【2024.10.02】[国庆快乐，好多人呐],bobi华,213:44,女流 2024
BV1HL4geoEaY,2024-10-02,[女流66/直播回放] 2024年10月02日19点,无尚大,213:39,女流 2024
BV1H74gexEVY,2024-10-02,[女流66/女流直播回放] 国庆快乐，好多人呐 2024年10月02日,怪盗基德KID,213:45,女流 2024
BV1864ge6EbL,2024-10-02,【tiktok】当老外遇到中国女流氓，笑死我了,泡菜国西八妹观察员,0:59,女流 抖音
BV13v4MeKEGG,2024-10-02,女流回想起在抖音首播，被封上热搜！,账号已注销,5:18,女流 抖音
BV1zn4Me1Ezy,2024-10-02,【女流】66姐回想起第一天，播黑神话被封10分钟：上了好几个热搜，还开了紧急会议，我成小白鼠了~,服部平次,6:14,女流 2024
BV1V34uerEfK,2024-10-02,[yjjimpaopao/yjj直播回放] OB一下子龙杯 2024年10月02日 （带弹幕版）,怪盗基德KID,570:2,女流 2024
BV1S74ueiEyt,2024-10-02,[yjjimpaopao/yjj直播回放] OB一下子龙杯 2024年10月02日,怪盗基德KID,570:1,女流 2024
BV1Zc4TezEym,2024-10-02,【女流】66姐《封锁协议》第一次玩狼，一上来就自报家门我是Dissident，随后不打自招供出狼队友NPC~,服部平次,5:5,女流 2024
BV1es4KeNE4H,2024-10-02,【女流】66姐微服私访，本想打开大周国库，结果真大圣被当成六耳猕猴，这辆跑车差点就送出去了~,服部平次,5:20,女流 2024
BV1xo4Ae1E7q,2024-10-02,【女流66】直播回放2024-10-01,KassyTan,277:10,女流 2024
BV11w4PeGEj8,2024-10-02,【封锁协议】五小时纯享版，六六姐和朋友们一起团建，姐姐可太可爱了，今天的朋友们都很文明友善【Asaki大人/猪猪公主10月1日】（弹幕版）,啊哲一个小人物,289:37,女流 2024
BV1tX4AeEEb1,2024-10-02,2024.10.01女流66,N瓜冰冰,277:53,女流 2024
BV17f4PePE6B,2024-10-01,【Npc录播弹幕版】2024-10-01 LOCKDOWN PROTOCOL、LOL、深夜聊聊天,鼠鼠人粮仓T,527:56,女流 录播|女流 2024
BV135xverEyR,2024-10-01,[女流66/直播回放] 国庆快乐，好多人呐 2024年10月01日 (弹幕版),浮尘呃,278:3,女流 2024
BV1xyxeewE7Q,2024-10-01,[yjjimpaopao/yjj直播回放] 跟国一步打打国服 2024年10月01日 （带弹幕版）,怪盗基德KID,372:52,女流 2024
BV1gJxveMEUa,2024-10-01,【女流66】【2024.10.01】[国庆快乐，好多人呐],bobi华,278:10,女流 2024
BV17cxvenEjH,2024-10-01,[女流66/直播回放] 2024年10月01日18点,无尚大,277:30,女流 2024
BV1owxveUEfa,2024-10-01,[女流66/女流直播回放] 国庆快乐，好多人呐 2024年10月01日,怪盗基德KID,277:33,女流 2024
BV19MxveyEE8,2024-10-01,[yjjimpaopao/yjj直播回放] 跟国一步打打国服 2024年10月01日,怪盗基德KID,372:52,女流 2024
BV1rexveoEPq,2024-10-01,【Asaki大人/猪猪公主】今晚和姐姐玩封锁协议。猪猪：我绝对不会杀姐姐的,啊哲一个小人物,0:39,女流 2024
BV1jpxeejEgF,2024-10-01,[yjjimpaopao/yjj直播回放] 跟国一步打打国服 2024年10月01日 （带弹幕版）,怪盗基德KID,320:39,女流 2024
BV1ZaxhekEZ5,2024-10-01,[yjjimpaopao/yjj直播回放] 跟国一步打打国服 2024年10月01日,怪盗基德KID,320:38,女流 2024
BV1M4xteJEUS,2024-10-01,2024/09/30 第19期女流樱花 A联赛 第六轮D桌,日本职业麻将联盟,276:16,女流 2024
BV1zJxse4Ehq,2024-09-30,[yjjimpaopao/yjj直播回放] 一个香香的直播间 2024年09月30日 （带弹幕版）,怪盗基德KID,489:9,女流 2024
BV1nZxsehEcK,2024-09-30,[yjjimpaopao/yjj直播回放] 一个香香的直播间 2024年09月30日,怪盗基德KID,489:9,女流 2024
BV18MxkeZExn,2024-09-29,[yjjimpaopao/yjj直播回放] 一个香香的直播间 2024年09月29日 （带弹幕版）,怪盗基德KID,709:40,女流 2024
BV1LzxkeqEtj,2024-09-29,[yjjimpaopao/yjj直播回放] 一个香香的直播间 2024年09月29日,怪盗基德KID,709:39,女流 2024
BV1Lvx6eaEEF,2024-09-29,遇见女流氓了咋办在线等挺急,村口烫头的狗,1:17,女流 2024
BV1q2xqe4EmE,2024-09-28,[yjjimpaopao/yjj直播回放] 一个香香的直播间 2024年09月28日 （带弹幕版）,怪盗基德KID,76:53,女流 2024
BV1yYxqeKENw,2024-09-28,[yjjimpaopao/yjj直播回放] 一个香香的直播间 2024年09月28日,怪盗基德KID,76:53,女流 2024
BV1HzxqeAExW,2024-09-28,2024东京游戏展逛累了？来看看66姐绝美侧颜吧！,啜饮菊花茶,1:10,女流 2024
BV1JTxTekEnE,2024-09-28,[yjjimpaopao/yjj直播回放] 一个香香的直播间 2024年09月28日 （带弹幕版）,怪盗基德KID,499:30,女流 2024
BV1zHxPevEo9,2024-09-28,[yjjimpaopao/yjj直播回放] 一个香香的直播间 2024年09月28日,怪盗基德KID,499:29,女流 2024
BV1oKxAedEZ6,2024-09-28,【AI女流】遇见,活在过去社畜,3:32,女流 2024
BV1pfsReEEaq,2024-09-27,[yjjimpaopao/yjj直播回放] 27号11点 来夜市 2024年09月27日 （带弹幕版）,怪盗基德KID,681:3,女流 2024
BV1Nvsde9Eyu,2024-09-27,[yjjimpaopao/yjj直播回放] 27号11点 来夜市 2024年09月27日,怪盗基德KID,681:3,女流 2024
BV1x5x7emE5c,2024-09-26,女流66东京电玩展，路遇女粉，B站某up主在她直播间打广告求关注，玩国产3a影之刃零，太搞了,泡面的小虾,6:6,女流 2024
BV1Xkx7etEZ3,2024-09-26,【女流66】直播录像09.26试玩《影之刃零》极难难度|TGS2024,不懒bot,127:16,女流 2024
BV1MMx7eQExN,2024-09-26,2024.09.26女流66,N瓜冰冰,207:47,女流 2024
BV17mxjeKEm3,2024-09-26,[yjjimpaopao/yjj直播回放] 感冒了 4点来解说个比赛 2024年09月26日 （带弹幕版）,怪盗基德KID,430:57,女流 2024
BV1J1xjeqEMt,2024-09-26,[yjjimpaopao/yjj直播回放] 感冒了 4点来解说个比赛 2024年09月26日,怪盗基德KID,430:58,女流 2024
BV1n1xjeqEvD,2024-09-26,【女流】66姐逛东京电玩展，想和幻兽帕鲁塔主妹妹合照，可惜被婉拒，路遇壮壮cos蛋头博士~,服部平次,2:6,女流 2024
BV1GfxjeZE8U,2024-09-26,【女流66】直播回放2024-09-26,KassyTan,176:53,女流 2024
BV1VoxjeFEYa,2024-09-26,【女流】66姐东京电玩展实机试玩《影之刃零》，鏖战80分钟93命最终通关~,服部平次,10:17,女流 2024
BV1gAxLe7ECm,2024-09-26,【女流直播录像】9.26 在TGS 2024东京电玩展现场 | 女流66,三只Cats,242:10,女流 2024
BV1xgxLekEPq,2024-09-26,[yjjimpaopao/yjj直播回放] 感冒了 状态一般 呜呜呜 2024年09月26日 （带弹幕版）,怪盗基德KID,95:40,女流 2024
BV1VQx5eRE6G,2024-09-26,[yjjimpaopao/yjj直播回放] 感冒了 状态一般 呜呜呜 2024年09月26日,怪盗基德KID,95:40,女流 2024
BV1JxxLeaE4P,2024-09-26,【女流66】【2024.09.26】[东京电玩展2024，好多人呐！],bobi华,257:41,女流 2024
BV1RYxLedE5q,2024-09-26,[女流66/直播回放] 2024年09月26日10点,无尚大,237:49,女流 2024
BV19YxLedEJ2,2024-09-26,[女流66/女流直播回放] 东京电玩展现场，好多人呐 2024年09月26日,怪盗基德KID,236:47,女流 2024
BV1jAs6ehEi8,2024-09-25,[yjjimpaopao/yjj直播回放] 什么下饭神器？12点抽点啥 2024年09月25日 （带弹幕版）,怪盗基德KID,488:45,女流 2024
BV1eus6exEjo,2024-09-25,[yjjimpaopao/yjj直播回放] 什么下饭神器？12点抽点啥 2024年09月25日,怪盗基德KID,488:44,女流 2024
BV1aFsaehEUS,2024-09-24,2024/09/23 第19期女流桜花~Aリーグ第６節Ｃ卓~,日本职业麻将联盟,311:39,女流 2024
BV1RKsbeZE1U,2024-09-24,[yjjimpaopao/yjj直播回放] 什么下饭神器？12点抽点啥 2024年09月24日 （带弹幕版）,怪盗基德KID,675:40,女流 2024
BV1ASste6E3x,2024-09-24,[yjjimpaopao/yjj直播回放] 什么下饭神器？12点抽点啥 2024年09月24日,怪盗基德KID,675:40,女流 2024
BV1BktSevE8n,2024-09-22,[yjjimpaopao/yjj直播回放] 在武汉出活动，23回 2024年09月22日 （带弹幕版）,怪盗基德KID,59:49,女流 2024
BV1imtSewEEf,2024-09-22,[yjjimpaopao/yjj直播回放] 在武汉出活动，23回 2024年09月22日,怪盗基德KID,59:50,女流 2024
BV1L9t6eTEuf,2024-09-21,[yjjimpaopao/yjj直播回放] 进来学不到东西 你喷 我不说 2024年09月21日 （带弹幕版）,怪盗基德KID,388:31,女流 2024
BV1QFtrewEtj,2024-09-21,[yjjimpaopao/yjj直播回放] 进来学不到东西 你喷 我不说 2024年09月21日,怪盗基德KID,388:31,女流 2024
BV17ktfe4E3N,2024-09-20,【240915】麻雀最強戦2024 女流タイトルホルダー決戦,吃貨小北北,602:13,女流 2024
BV14EtoeNESQ,2024-09-20,[yjjimpaopao/yjj直播回放] 好好好好好好好好。 2024年09月20日 （带弹幕版）,怪盗基德KID,464:28,女流 2024
BV1PstoewEZk,2024-09-20,[yjjimpaopao/yjj直播回放] 好好好好好好好好。 2024年09月20日,怪盗基德KID,464:28,女流 2024
BV1dZtHeDEh6,2024-09-19,2024.9.13     女流66   2  ——中国女主播年鉴,文言文练习生李军宝,168:48,女流 2024
BV1metHeTEWV,2024-09-19,[yjjimpaopao/yjj直播回放] 我就是来上网玩游戏的 2024年09月19日 （带弹幕版）,怪盗基德KID,441:41,女流 2024
BV1UhtHeuERC,2024-09-19,[yjjimpaopao/yjj直播回放] 我就是来上网玩游戏的 2024年09月19日,怪盗基德KID,441:41,女流 2024
BV1iZtHeDEy9,2024-09-19,2024.9.13     女流66   3  ——中国女主播年鉴,文言文练习生李军宝,8:44,女流 2024
BV1dZtHeDEHk,2024-09-19,2024.9.13     女流66   1  ——中国女主播年鉴,文言文练习生李军宝,2:22,女流 2024
BV11HtVeVERR,2024-09-18,[yjjimpaopao/yjj直播回放] 头有点疼的，可能播不久 2024年09月18日 （带弹幕版）,怪盗基德KID,391:41,女流 2024
BV1CttVeuELd,2024-09-18,[yjjimpaopao/yjj直播回放] 头有点疼的，可能播不久 2024年09月18日,怪盗基德KID,391:41,女流 2024
BV1srtYewEs3,2024-09-17,传说中的女流氓,解忧杂货铺之七七,1:3,女流 2024
BV1gft4exEMn,2024-09-16,2024/09/16 第19期女流樱花 A联赛 第六轮B桌,日本职业麻将联盟,320:10,女流 2024
BV1LD4RerEfi,2024-09-16,麻将最强战2024：女流头衔持有者决战 B桌,立直喵急便,99:36,女流 2024
BV1iD4RerExG,2024-09-16,麻将最强战2024：女流头衔持有者决战 决胜桌,立直喵急便,70:12,女流 2024
BV1vT4XeAED3,2024-09-16,麻将最强战2024：女流头衔持有者决战 A桌,立直喵急便,121:11,女流 2024
BV1aM4De9Eet,2024-09-15,麻雀最强战2024 女流头衔者决赛桌新榮有理 相川まりえ,McCrae真的不是麦当劳,49:7,女流 2024
BV1XT4DesE7V,2024-09-15,【转折点的5S】HasFin解说最强战-女流头衔者-Final桌-2024.9.15,解说HasFin,85:5,女流 2024
BV1dj4meDEnj,2024-09-15,麻雀最强战2024 女流头衔者B桌,McCrae真的不是麦当劳,81:3,女流 2024
BV1nK4mebEqU,2024-09-15,【该赌里吗】HasFin解说最强战-女流头衔者-B桌-2024.9.15,解说HasFin,106:55,女流 2024
BV1aP4UeUEQn,2024-09-15,【绝地逆转】HasFin解说最强战-女流头衔者-A桌-2024.9.15,解说HasFin,120:11,女流 2024
BV1JS4meFERX,2024-09-15,麻雀最强战2024 女流头衔者A桌,McCrae真的不是麦当劳,107:35,女流 2024
BV1z241epEFe,2024-09-15,[yjjimpaopao/yjj直播回放] 30岁中年家庭妇男的枪法 2024年09月15日 （带弹幕版）,怪盗基德KID,360:6,女流 2024
BV1i941emEKw,2024-09-15,[yjjimpaopao/yjj直播回放] 30岁中年家庭妇男的枪法 2024年09月15日,怪盗基德KID,370:27,女流 2024
BV1C9tNeJEhg,2024-09-14,[yjjimpaopao/yjj直播回放] 30岁中年家庭妇男的枪法 2024年09月14日,怪盗基德KID,420:0,女流 2024
BV14mtNeWEAY,2024-09-14,[yjjimpaopao/yjj直播回放] 30岁中年家庭妇男的枪法 2024年09月14日 （带弹幕版）,怪盗基德KID,420:0,女流 2024
BV17ZtcecE3r,2024-09-14,【接录制】冰皇 2024-09-13直播录像|直播回放|录播 - 发誓不再为冰女流眼泪,直播代录luzhiob,257:33,女流 录播|女流 抖音|女流 2024
BV1MVtFeGEe7,2024-09-14,【女流66】直播回放2024-09-13,KassyTan,170:49,女流 2024
BV1ac4ZekEmP,2024-09-14,[女流66/直播回放] 手机横过来解锁新世界，好多人呐 2024年09月13日 (弹幕版),浮尘呃,180:37,女流 2024
BV1gMtFe1E6x,2024-09-14,2024.9.13   女流66   3—— 中国女主播年鉴,文言文练习生李军宝,8:44,女流 2024
BV1qR4fesES5,2024-09-14,2024.09.13女流66,N瓜冰冰,180:4,女流 2024
BV1JS4feZELa,2024-09-14,2024.9.13   女流66   1—— 中国女主播年鉴,文言文练习生李军宝,2:22,女流 2024
BV1uXtFe1EWN,2024-09-13,[女流66/女流直播回放] 手机横过来解锁新世界，好多人呐 2024年09月13日 （带弹幕版）,怪盗基德KID,180:3,女流 2024
BV1gT4ZeBEn5,2024-09-13,【女流66】【2024.09.13】[宇宙机器人],bobi华,179:54,女流 2024
BV1J14oeXEcs,2024-09-13,[女流66/直播回放] 2024年09月13日19点,无尚大,180:3,女流 2024
BV1PN4be7EQ6,2024-09-13,2024/09/09 第19期女流樱花 A联赛 第六节A桌,日本职业麻将联盟,284:51,女流 2024
BV1TH48esEGH,2024-09-13,[yjjimpaopao/yjj直播回放] 高敏遇到低敏一颗秒了就老实了 2024年09月13日 （带弹幕版）,怪盗基德KID,493:22,女流 2024
BV1vE44efEL8,2024-09-13,2024/09/02 第19期女流樱花 A联赛 第五节D桌,日本职业麻将联盟,347:6,女流 2024
BV1UU4WerE6f,2024-09-13,【接录制】冰皇 2024-09-12直播录像|直播回放|录播 - 发誓不再为冰女流眼泪,直播代录luzhiob,264:23,女流 录播|女流 抖音|女流 2024
BV1aX4EeeEGS,2024-09-12,[yjjimpaopao/yjj直播回放] 11点播，下午567训练赛 2024年09月12日 （带弹幕版）,怪盗基德KID,565:54,女流 2024
BV1K44CebEQk,2024-09-12,获得战鹰黑神话切片大赛第9名获得珍藏版写真已经连夜跑路了。,战鹰鹰嘤嘤嘤,1:20,女流 切片
BV1nR46ekEWn,2024-09-11,【女流66】直播回放2024-09-11,KassyTan,179:55,女流 2024
BV1H946eVEnG,2024-09-11,2024.09.11女流66,N瓜冰冰,180:5,女流 2024
BV13V4re8E1N,2024-09-11,[女流66/直播回放] 简单的快乐，好多人呐 2024年09月11日 (弹幕版),浮尘呃,181:4,女流 2024
BV1SZ4rebE9X,2024-09-11,【女流66】【2024.09.11】[和朋友们pick park 2],bobi华,179:35,女流 2024
BV1zB4reGESR,2024-09-11,[女流66/直播回放] 2024年09月11日18点,无尚大,180:3,女流 2024
BV1Jk4aeUELa,2024-09-11,【女流66】直播回放2024-09-10,KassyTan,172:1,女流 2024
BV1VL4aeMEMg,2024-09-11,2024.09.10女流66,N瓜冰冰,177:10,女流 2024
BV1gk4YeBEL8,2024-09-10,【女流66】【2024.09.10】[宇宙机器人]双画面测试,bobi华,176:18,女流 2024
BV1Dr4YeMEcd,2024-09-10,【女流66】【2024.09.10】[宇宙机器人],bobi华,177:50,女流 2024
BV1RY4YeCEKx,2024-09-10,[女流66/直播回放] 简单的快乐，好多人呐 2024年09月10日 (弹幕版),浮尘呃,177:8,女流 2024
BV1Lm48eqENu,2024-09-10,[女流66/直播回放] 2024年09月10日20点,无尚大,177:26,女流 2024
BV1FLHXeFEAi,2024-09-06,“女流氓”有多可怕，男生在外面一定要保护好自己,搞笑赐岩桑,6:21,女流 2024
BV1PdHpenEGo,2024-09-03,2024.8.23  女流66  2—— 中国女主播年鉴,文言文练习生李军宝,60:30,女流 2024
BV1CdHpeJECJ,2024-09-03,2024.8.23  女流66  4—— 中国女主播年鉴,文言文练习生李军宝,29:46,女流 2024
BV1kdHpeJEe1,2024-09-03,2024.8.23  女流66  3—— 中国女主播年鉴,文言文练习生李军宝,11:46,女流 2024
BV1CdHpeJEzs,2024-09-03,2024.8.23  女流66  1—— 中国女主播年鉴,文言文练习生李军宝,20:55,女流 2024
BV1E5HzepEw2,2024-09-02,【女流】66姐带你看黑神话「英文版」影神图，老外怎么也想不到，六只蛤蟆的名字，跟读绕口令一样~,服部平次,21:44,女流 2024
BV1VrHLe2Edy,2024-08-30,2024.08.30女流66,N瓜冰冰,105:36,女流 2024
BV1tXHLeuEiD,2024-08-30,【女流66】直播回放2024-08-30,KassyTan,101:0,女流 2024
BV1uDHLe6Enf,2024-08-30,[女流66/直播回放] 跟大家畅聊，好多人呐 2024年08月30日 (弹幕版),浮尘呃,103:20,女流 2024
BV1uSHLe3EYR,2024-08-30,[女流66/直播回放] 2024年08月30日16点,无尚大,105:6,女流 2024
BV18hHjeVEMy,2024-08-30,[女流66] 2024.08.26 [跟大家畅聊，好多人呐],bobi华,105:40,女流 2024
BV1nNH5epEBW,2024-08-30,壮壮的家庭弟位,女版广智,0:31,女流 2024
BV1QgHMe9EQj,2024-08-29,女流66-2024年08月26日直播回放（弹幕版）,浮尘呃,510:30,女流 2024
BV14XspeAEeJ,2024-08-27,2024.08.26女流66,N瓜冰冰,510:5,女流 2024
BV1qusHeCEGA,2024-08-27,【女流66】直播回放2024-08-26,KassyTan,500:36,女流 2024
BV1Cas7eGExT,2024-08-26,女流66 2024.08.26 今天白金全收集,bobi华,509:36,女流 2024
BV1A8s7eCEek,2024-08-26,[女流66/直播回放] 黑神话悟空今天白金全收集，好多人呐 2024年08月26日16点,无尚大,510:43,女流 2024
BV1NxWCeEEEi,2024-08-26,2024.08.25女流66,N瓜冰冰,400:51,女流 2024
BV1okWCeiEq6,2024-08-26,【女流】66姐黑神话二周目二看章节动画：火烧黑云《看见》、风起黄昏《聋》、夜生白露《屁》~,服部平次,16:58,女流 2024
BV1huWreHEhb,2024-08-26,【女流66】直播回放2024-08-25,KassyTan,385:10,女流 2024
BV15yWretENW,2024-08-25,【双人の舞台】HasFin解说最强战-女流の乱-Final桌-2024.8.25,解说HasFin,162:6,女流 2024
BV18YWke9Ehi,2024-08-25,【三国志14PK】曲海金戈MOD：女流之战 看海,曲海金戈,9:25,女流 2024
BV1qJWkeeEtx,2024-08-25,【很帅的跳满】HasFin解说最强战-女流の乱-B桌-2024.8.25,解说HasFin,112:46,女流 2024
BV1iHWkewEpr,2024-08-25,【女流】66姐一时大意遭遇「双头鼠」临死自爆，黑神话二周目「首跪」成就达成~,服部平次,8:22,女流 2024
BV1KdWzeGEmQ,2024-08-25,[女流66/直播回放] 黑神话悟空，好多人呐 2024年08月25日 (弹幕版),浮尘呃,403:6,女流 2024
BV1SSWzejE2E,2024-08-25,【无安点炮xN】HasFin解说最强战-女流の乱-A桌-2024.8.25,解说HasFin,113:29,女流 2024
BV18hW6e7EWs,2024-08-25,[女流66/直播回放] 黑神话悟空，好多人呐 2024年08月25日14点,无尚大,402:57,女流 2024
BV1zXW6eAEVX,2024-08-25,女流66/直播回放-2024年08月25日12点01分（弹幕版）,浮尘呃,78:3,女流 2024
BV12vW6eyEoN,2024-08-25,2024.08.25女流66,N瓜冰冰,75:49,女流 2024
BV1WCW6euEP6,2024-08-25,【女流66】直播回放2024-08-25,KassyTan,41:1,女流 2024
BV11XWqevEZR,2024-08-25,【女流66】直播回放2024-08-25,KassyTan,20:2,女流 2024
BV1g1Wqe3Et2,2024-08-25,女流66 2024.08.25 连线山西文旅,bobi华,480:20,女流 2024
BV11XWqevE98,2024-08-25,[女流66/直播回放] 黑神话悟空！好多人呐 2024年08月25日12点,无尚大,77:38,女流 2024
BV1pYWeeQEbd,2024-08-25,2024.08.24女流66,N瓜冰冰,600:16,女流 2024
BV12mWvecEh8,2024-08-25,【女流66】直播回放2024-08-24,KassyTan,593:52,女流 2024
BV1H9WdemE2t,2024-08-24,[女流66/直播回放] 黑神话悟空！好多人呐 2024年08月24日 (弹幕版),浮尘呃,602:2,女流 2024
BV1UpWoeoEWq,2024-08-24,女流66 2024.08.24 DAY5 黑神话悟空！ 全收集ing,bobi华,600:40,女流 2024
BV1KbWoe9EPa,2024-08-24,[女流66/直播回放] 黑神话悟空！好多人呐 2024年08月24日12点,无尚大,601:40,女流 2024
BV1pGWde1EcH,2024-08-24,2024.08.23女流66,N瓜冰冰,692:59,女流 2024
BV1EGWQeFEiC,2024-08-24,【女流66】直播回放2024-08-23,KassyTan,682:11,女流 2024
BV16pWUeREdP,2024-08-23,【主播对对碰】79 这是人能干出来的事儿？各种意义上的,南夕君cC,14:6,女流 2024
BV1SAWUeBERh,2024-08-23,[女流66/直播回放] 黑神话悟空！好多人呐 2024年08月23日 (弹幕版),浮尘呃,688:17,女流 录播|女流 2024
BV13wWUegEs8,2024-08-23,女流66 2024.08.23 DAY4 黑神话悟空！ 一周目完结,bobi华,632:26,女流 2024
BV1uKWUeqEjH,2024-08-23,【女流】66姐再品第四回章节动画：曲渡紫鸳《勿听》，好喜欢紫蛛儿，想把她挂在床头~,服部平次,4:53,女流 2024
BV1hyWUe6E5V,2024-08-23,[女流66/直播回放] 黑神话悟空！好多人呐 2024年08月23日12点,无尚大,692:27,女流 2024
BV1UxWsevEgn,2024-08-23,【女流66】直播回放2024-08-20,KassyTan,595:6,女流 2024
BV1GXWaecETr,2024-08-23,【女流66】直播回放2024-08-21,KassyTan,531:30,女流 2024
BV1mKW5eBEDW,2024-08-23,【女流66】直播回放2024-08-22,KassyTan,513:47,女流 2024
BV1KaWLe6E73,2024-08-23,2024.08.22女流66,N瓜冰冰,515:46,女流 2024
BV1dSWVeJEvT,2024-08-22,女流66 2024.08.22 20:00-20:26 抖音-黑神话悟空！,bobi华,35:45,女流 抖音|女流 2024
BV13fWVe5Ekd,2024-08-22,女流66 2024.08.22 19:00-20:00 抖音-黑神话悟空！,bobi华,60:1,女流 抖音|女流 2024
BV1x9W5eqEaJ,2024-08-22,女流66 2024.08.22 18:00-19:00 抖音-黑神话悟空！,bobi华,60:1,女流 抖音|女流 2024
BV1UkWGeKErP,2024-08-22,[女流66/直播回放] 黑神话悟空！好多人呐 2024年08月22日 (弹幕版),浮尘呃,516:49,女流 2024
BV14SW5euEqy,2024-08-22,女流66 2024.08.22 17:00-18:00 抖音-黑神话悟空！,bobi华,59:59,女流 抖音|女流 2024
BV17uWLexERT,2024-08-22,女流66 2024.08.22 16:00-17:00 抖音-黑神话悟空！,bobi华,60:1,女流 抖音|女流 2024
BV1CGWGedEFt,2024-08-22,女流66 2024.08.22 15：00-16：00 抖音-黑神话悟空！,bobi华,60:1,女流 抖音|女流 2024
BV1xUWGewE4e,2024-08-22,女流66 2024.08.22 14：00-15：00 抖音-黑神话悟空！,bobi华,60:2,女流 抖音|女流 2024
BV13nWVe3EJR,2024-08-22,女流66 2024.08.22 12:00-14:00抖音-黑神话悟空！,bobi华,120:2,女流 抖音|女流 2024
BV1zyWVe9EH6,2024-08-22,[女流66/直播回放] 黑神话悟空！好多人呐 2024年08月22日12点,无尚大,516:39,女流 2024
BV1UwWGeYE8H,2024-08-22,女流66/直播回放（画质修复版）-2024年08月21日12点03分（弹幕版）,浮尘呃,541:40,女流 2024
BV1dBWTeYE3o,2024-08-22,2024.08.21女流66,N瓜冰冰,540:14,女流 2024
BV1mBWMepEta,2024-08-21,女流66 2024.08.21 抖音- 20：00-end 黑神话悟空！,bobi华,58:23,女流 抖音|女流 2024
BV18aWMe4EP7,2024-08-21,【女流】66姐看第三回章节动画：夜生白露《屁》，解读黑神话西游画卷~,服部平次,14:32,女流 2024
BV17JWYekE9W,2024-08-21,女流66 2024.08.21 抖音- 18：00-20：00 黑神话悟空！,bobi华,120:1,女流 抖音|女流 2024
BV14WWeeZEt2,2024-08-21,女流66 2024.08.21 抖音- 16：00-18：00 黑神话悟空！,bobi华,120:0,女流 抖音|女流 2024
BV1wSWhe5EJA,2024-08-21,女流66 2024.08.21 抖音- 14：00-16：00 黑神话悟空！,bobi华,120:1,女流 抖音|女流 2024
BV1YmWaeeEDU,2024-08-21,女流66 2024.08.21 抖音- 12：00-14：00 黑神话悟空！,bobi华,123:40,女流 抖音|女流 2024
BV1NxWaeSE7c,2024-08-21,【女流66】直播录像 黑神话悟空合集,不懒bot,2455:27,女流 录播
BV17RWbeAEmS,2024-08-21,[女流66 /直播回放] 黑神话悟空！好多人呐 2024年08月21日 (弹幕版),浮尘呃,541:40,女流 2024
BV1zQWbeNEUb,2024-08-21,[女流66 （20 日 12 点直播）/直播回放] 黑神话悟空！好多人呐 2024年08月21日12点,无尚大,541:59,女流 2024
BV1HWWteeED8,2024-08-21,女流66 2024.08.20 抖音- 丹炉到下播 黑神话悟空！,bobi华,262:8,女流 抖音|女流 2024
BV1uyWxeGEdd,2024-08-21,2024.08.20女流66,N瓜冰冰,711:0,女流 2024
BV1WRWWeoEPd,2024-08-21,女流66 2024.08.20 抖音- 闪退后到丹炉 黑神话悟空！,bobi华,143:46,女流 抖音|女流 2024
BV19uWpeBEmw,2024-08-20,女流66 2024.08.20 抖音- 解封后到一脚踢闪退 黑神话悟空！好多人呐,bobi华,266:43,女流 抖音|女流 2024
BV1ByWpe1EF2,2024-08-20,#黑神话悟空  抖音女流66过黑神话悟空第二回！,啥都玩一点ovo,145:58,女流 抖音
BV1eDWpe6E5F,2024-08-20,女流,仔姜鸭呀呀呀,0:13,女流 2024
BV12HWneQE7X,2024-08-20,女流66 2024.08.20 抖音-黑神话悟空！好多人呐,bobi华,39:40,女流 抖音|女流 2024
BV1LsWHezEK6,2024-08-20,女流66 黑神话悟空 2024-08-20 直播录像 P3,gaucnet,324:39,女流 2024
BV17nWHeGEVQ,2024-08-20,女流66 黑神话悟空 2024-08-20 直播录像 P2,gaucnet,241:25,女流 2024
BV1ZnWHeGEhM,2024-08-20,[女流66 （20 日 12 点直播）/直播回放] 黑神话悟空！好多人呐 2024年08月20日10点,无尚大,671:24,女流 2024
BV1SzWHeFEJQ,2024-08-20,[女流66 /直播回放] 黑神话悟空！好多人呐 2024年08月20日 (弹幕版),浮尘呃,710:50,女流 2024
BV1gqWHehEuZ,2024-08-20,女流66 黑神话悟空 2024-08-20 直播录像 P1,gaucnet,17:35,女流 2024
BV1s2WHesESX,2024-08-20,[女流66 （20 日 12 点直播）/直播回放] 黑神话悟空！好多人呐 2024年08月20日10点,无尚大,38:46,女流 2024
BV1TZ421K7ic,2024-08-19,【女流】抖音首播开箱黑神话悟空实体收藏版,女流66,22:28,女流 抖音|女流 2024
BV1GWp1eeERQ,2024-08-19,女流首播被问看没看老外评价黑神话，女流66：不看，看他们干啥，也不影响咱们玩啊！然后讲起了中西方文化差异！,世一上陈泽bin,7:39,女流 抖音
BV1sBpCejEV6,2024-08-19,女流66首播，菠萝赛东送礼物坠机，好急，不是飞机啊是抖音一号，弹幕：不愧是你啊菠神,杀戮无法驾驭,4:19,女流 抖音|女流 2024
BV1dRpCeeEZC,2024-08-19,震震有词，“女流氓”开车颜色主播,你的桔熊君呀,5:32,女流 2024
BV18UpyetEEG,2024-08-19,女流66首播，菠神送礼物坠机，一边急得团团转一边还在邀功,账号已注销,5:47,女流 抖音
BV1jgpreoEW2,2024-08-19,【女流66】2024-08-18-某音首播-直播录像,1219迷茫的路上,180:42,女流 2024
BV16wpreAEto,2024-08-18,【女流66】2024-08-18 首秀直播录像,不懒bot,326:31,女流 2024
BV149WNe1Egm,2024-08-18,尘封9个月的女流66抖音首秀（黑神话/永劫）,墨枝モモの,26:33,女流 抖音
BV1QrWNeXEyr,2024-08-18,[女流66/直播回放] 好久不见，好多人呐 2024年08月18日 (弹幕版),浮尘呃,179:34,女流 2024
BV1bPWAe3Ejd,2024-08-18,立起来！我叫你立起来！,账号已注销,1:16,女流 2024
BV1yrpoeDEdw,2024-08-17,震惊!初代主机游戏主播66居然来抖直播了，斗鱼钉子户终于挪窝了,泡面的小虾,2:14,女流 2024
BV17CeueNESG,2024-08-16,女流六六抖音首秀官宣停播，再度回归内容为王，与粉丝共闯游戏世界,娱乐圈小话匣,0:34,女流 抖音
BV1ZCeuePEP9,2024-08-16,女流六六抖音首秀官宣停播，再度回归内容为王，与粉丝共闯游戏世界,娱乐圈小风流,0:34,女流 抖音
BV1pYY5eWEDB,2024-08-10,【合集】夕刊フジ杯~争夺麻雀女流リーグ 2024~,厌倦人世,9460:12,女流 2024
BV13eaDevEJd,2024-08-07,Asaki为了去漂流买了好几件T桖杉，到时候穿脸基尼出去打劫~,服部平次,11:21,女流 2024
BV1AE421w7mp,2024-08-06,女流氓,粑粑柑sagi,0:34,女流 2024
BV1kPaZeMEHT,2024-08-05,盘点女流氓爆笑名场面，走男人的路，让男人无路可走,爆笑社呀,5:3,女流 2024
BV1KRvCeUELK,2024-07-30,女流氓的日常,马晓东,1:41,女流 2024
BV1Yse6emEfy,2024-07-26,盘点那些见色起意的人类，美女咱能不能收敛点，别搞得那么明显,开心君呀y,4:48,女流 2024
BV1Tf421i72f,2024-07-24,2024年7月14日第9届日本扇兴杯女流最强战决赛，上野愛咲美VS藤沢里菜，白胜2.5目,哈利路亚十亮,18:28,女流 2024
BV1c4421S754,2024-07-24,2024年7月12日第9届日本扇兴杯女流最强战半决赛，上野愛咲美VS上野梨紗，黑胜0.5目,哈利路亚十亮,21:18,女流 2024
BV1Uf421q7BW,2024-07-24,2024年7月12日第9届日本扇兴杯女流最强战半决赛，藤沢里菜VS王景怡，黑中盘胜,哈利路亚十亮,11:8,女流 2024
BV1JE421P7dj,2024-07-18,女流氓主播半个屁股露外面,猫落落_Official,1:38,女流 切片
BV1dM4m1178c,2024-07-10,菠神谈直播合同到期后计划，虽然有平台问我续不续约，但是下定决心停播休息半年~,服部平次,10:26,女流 2024
BV18w4m1e7YP,2024-07-06,女流氓,粑粑柑sagi,0:43,女流 2024
BV1sM4m127zA,2024-07-06,【东爱璃】塔神一直盯着樱花妹看，感觉塔神才是色魔，我只是女流氓,绯之残影,2:40,女流 切片
BV1LT421k7XZ,2024-07-03,郑翔爆料女流66抖音还是b站账号收益被别人绑定还没办法改回来,约约约修亚,2:19,女流 抖音
BV11m42137Xf,2024-06-23,C哥讲述：哆来咪叮咚看我微博，没发入眼！弹幕：少跟NPC玩,阿雕俱乐部,8:53,女流 2024
BV1en4y1X7UQ,2024-06-18,【海拉鲁女流氓上线】《塞尔达传说》最新作发表，塞尔达救林克_2024/6/18任天堂直面会,木の葉景天,3:23,女流 2024
BV11m42137Uy,2024-06-18,【中字】蓝子四暗刻采访 帅气的低音炮（？）女神 最高位战女流B 2024.6.13,渋谷ABEMAS非公式字幕,2:55,女流 2024
BV12S421d7w6,2024-06-17,壮壮B站本尊被误以为是切片哥，抽Asaki大隐藏怒花3000块~,服部平次,3:56,女流 切片
BV1eT421a7Qs,2024-06-16,街头小霸王遇到牙尖嘴利的女流氓，算是踢到钢板了～～ &quot;,小曹来了,0:49,女流 2024
BV1a4421X7Rw,2024-06-05,【中文解说】2024年女流大会决赛 野添美依奈VS矢岛圣兰,柏木千鹤,38:24,女流 2024
BV1ji421U7Aj,2024-06-04,惊！！！史上最强女高音竟是她！！！#,仓樱酱,0:50,女流 2024
BV17x4y1n71D,2024-05-30,盘点那些女流氓的爆笑场面，男孩子在外面，一定要好好保护好自己 ，每天搞笑视频不断,小家数码领航员,9:24,女流 2024
BV1rM4m167vh,2024-05-30,【熟肉】冈田纱佳2024女流日本系列优胜赛后采访,樱花豪华便当烤制厨房,3:51,女流 2024
BV14w4m1i7EK,2024-05-29,【2024】新年初！女流棋士の将棋ウォーズ実況ライブ 16時,新规,138:16,女流 2024
BV1Km421N7F6,2024-05-27,【听牌Queen】女流立直麻将第四季：准决胜一组目第一试合,冰凉的糯米糍,69:9,女流 2024
BV16i421S7vW,2024-05-27,psp最强东大将棋VS千叶女流 三段七番棋-第四局(2024年5月26日),泸州立直麻雀連盟,24:16,女流 2024
BV1nZ421s78Y,2024-05-24,[放铳的精灵]协会Pro 逢川惠梦的雀魂直播（2024-04-09）,女刀锋意志,126:21,女流 2024
BV1Mi421Q78Y,2024-05-24,2024年5月18日第11期日本女流立葵杯本赛半决赛，上野梨纱VS向井千瑛，白胜0.5目,哈利路亚十亮,16:56,女流 2024
BV19b421i7qh,2024-05-24,2024年5月18日第11期日本女流立葵杯本赛半决赛，藤泽里菜VS牛荣子，白胜1.5目,哈利路亚十亮,22:26,女流 2024
BV1er421j7yU,2024-05-24,2024年5月19日第11期日本女流立葵杯挑战者决定战，向井千瑛VS牛荣子，黑中盘胜,哈利路亚十亮,12:56,女流 2024
BV1oz421Y7L2,2024-05-23,psp最强东大将棋VS千叶女流 三段七番棋-第三局(2024年5月23日),泸州立直麻雀連盟,25:20,女流 2024
BV14m421K7ge,2024-05-22,psp最强东大将棋VS千叶女流 三段七番棋-第二局(2024年5月22日),泸州立直麻雀連盟,7:44,女流 2024
BV17D421V7F7,2024-05-21,psp最强东大将棋VS千叶女流 三段七番棋-第一局(2024年5月21日),泸州立直麻雀連盟,7:7,女流 2024
BV1cs421A71e,2024-05-20,【240317】麻雀最強戦2024 女流新スター決戦,吃貨小北北,289:46,女流 2024
BV1ww4m1D7Dg,2024-05-16,猪猪公主线下摸到66姐的腿了：嘿嘿我只是帮她捂捂ovo,笙笙子,1:6,女流 切片
BV15m421p7t2,2024-05-12,猪猪公主：昨天66姐夸我淑女！轰轰也没向我妈告状，我妈都知道,阿雕俱乐部,5:20,女流 2024
BV11Z421j7J2,2024-05-10,天哪！猪猪公主明天要和66姐一起吃饭，太期待了！！,笙笙子,1:15,女流 切片
BV1Ub421a7BT,2024-05-03,【AI女流】风的轨迹【Cover-ycccc（余澈）】,活在过去社畜,3:25,女流 2024
BV14p421X7iF,2024-04-16,盘点傻缺又可爱的&quot;女流氓&quot;:外表白白嫩嫩，内心却像咸鸭蛋黄的流油,爆笑兔精灵,4:15,女流 2024
BV1Xp42197n7,2024-04-15,[睇波vlog]3 中超 深圳新鹏城vs武汉三镇 2024.4.14 后面有武汉足球“流氓”事件,Duang_Li,10:36,女流 2024
BV1qp42197Wk,2024-04-11,盘点女流氓爆笑名场面，外表像小白兔，实际内心是个大流氓,思无所想,10:20,女流 2024
BV1Gt421J7JG,2024-04-08,【麻雀】四神降临~2024女流王座决定战~,厌倦人世,488:56,女流 2024
BV1Ht421n7wR,2024-04-04,2024超级好看的历史奇幻动作冒险英剧《叛逆女流》震撼来袭&quot;叛逆女流 &quot;,你的好友哦,9:42,女流 2024
BV1st421n7mE,2024-04-03,有女流氓啊！！！,美少女晴晴晴子,1:4,女流 切片|女流 2024
BV1nx421Q7k1,2024-03-31,2024超级好看的历史奇幻动作冒险英剧《叛逆女流》震撼来袭,舒克影鉴,11:39,女流 2024
BV1Ep42117dc,2024-03-31,【叛逆女流】2024迪斯尼最新动作巨献 美剧解说1,阿诺战影,6:35,女流 2024
BV1PK421Y7Ps,2024-03-31,【女流】66歌手成长史 唱歌真的贼好听！太喜欢22唱歌了 我是姐姐的歌迷！佩奇upup,六六的治疗,6:23,女流 2024
BV1aK421e7Tv,2024-03-30,2024英国最新奇幻冒险动作剧集《叛逆女流》，寡妇逆袭成为传奇！,如银月色影视,6:0,女流 2024
BV1Dt421371W,2024-03-30,2024迪士尼最新的动作奇幻剧制《叛逆女流》今日上线,野草影视,3:16,女流 2024
BV1tJ4m177D8,2024-03-25,盘点现实中女流氓的名场面，女孩子色起来真的没有男的一点事儿了,萌萌漫舍,6:14,女流 2024
BV1e1421S7wF,2024-03-22,三招教你辨别女流氓,98年非正常老阿姨,1:8,女流 2024
BV1YK421e7JJ,2024-03-22,遇见女流氓,账号已注销,0:16,女流 2024
BV1aC411b7Ed,2024-03-18,麻雀最强战2024 ：女流新明星决战-B桌,冰凉的糯米糍,76:6,女流 2024
BV1Ky421i7fR,2024-03-18,麻雀最强战2024：女流新明星决战-A桌,冰凉的糯米糍,70:35,女流 2024
BV1Nx4y1U7hp,2024-03-17,麻将最强战2024：女流新星决战 决胜桌,立直喵急便,87:37,女流 2024
BV1VC411h71U,2024-03-17,默什么默解说2024最强战女流新スター決戦决赛桌,默什么默,70:39,女流 2024
BV1Wu4m1M7QQ,2024-03-17,麻将最强战2024：女流新星决战 B桌,立直喵急便,112:12,女流 2024
BV1Uu4m1M7oC,2024-03-17,默什么默解说2024最强战女流新スター決戦第二桌,默什么默,93:5,女流 2024
BV1dH4y1W7vj,2024-03-17,麻将最强战2024：女流新星决战 A桌,立直喵急便,89:57,女流 2024
BV18r421n7Wk,2024-03-17,默什么默解说2024最强战女流新スター決戦第一桌,默什么默,69:42,女流 2024
BV1hi421R7kE,2024-03-16,【女流】2024.3.3深夜女流66直播录屏完整版无剪辑,觅密空间的黑粉头子,59:0,女流 2024
BV1r2421N7uT,2024-03-15,【主播对对碰】73  深总！我要去你那里上班！,南夕君cC,14:6,女流 2024
BV1Yi421R7Rr,2024-03-14,[KOREA直播] 20240309 於之莹vs崔精 - 2024 SENKO CUP（世界女流最强战）,水冰冰水水冰冰,635:40,女流 2024
BV13K421x7Cj,2024-03-13,这个女人的成分.非常复杂,-婉拒李知恩-,3:17,女流 切片
BV1Uw4m1d7YD,2024-03-12,2024 SENKO CUPワールド碁女流最強戦2024前夜祭（抽签）,水冰冰水水冰冰,10:40,女流 2024
BV1nm411d7Vu,2024-03-12,女流之辈怎能负有男子气概,馒头0小哇塞0,0:22,女流 2024
BV1hm411d7Jp,2024-03-11,盘点那些不知收敛的女流氓！,账号已注销,21:1,女流 2024
BV1Vx4y1Q7PT,2024-03-11,果冻66姐聊主机区去抖音情况,dreamsaz,1:21,女流 抖音
BV1cK421x7Uo,2024-03-11,2024 SENKO CUP（世界女流最强战）颁奖仪式,水冰冰水水冰冰,6:2,女流 2024
BV12j421Z7Tz,2024-03-10,果冻cc007昨天和女流66浅聊了下《66姐也考虑去抖音》《参考旭旭宝宝的模式》,青菜剪辑,2:57,女流 抖音
BV182421K7GR,2024-03-09,盘点女流氓爆笑名场面 原来女人也好色 #看一遍笑一遍 #沙雕女孩欢乐多 #这个娘们不一般,晓月搞笑剧,5:59,女流 2024
BV1by421B7Pi,2024-03-08,盘点那些女流氓的爆笑名场面#女流氓名场面 #美女日常沙雕行为 #街头采访名场面盘点,歪果爱吃饭,6:35,女流 2024
BV1cA4m1F7ig,2024-03-07,【囲碁棋士夫婦】SENKO　CUPワールド碁女流最強戦2024前夜祭,水冰冰水水冰冰,2:21,女流 2024
BV1kx421y7EY,2024-03-06,【女流】2024年2月29日语音直播后1.5小时补档,六六的治疗,91:20,女流 2024
BV19S421c7Jt,2024-03-06,【真诚爱与暗】最新视频来袭，快来看看吧！,真诚爱与暗,0:54,女流 2024
BV14y421B7MG,2024-03-05,【完整】一介女流,星星落入我怀里,11:25,女流 2024
BV1zH4y1j7YN,2024-03-03,遇见女流氓，裹紧被子也没用❤️,账号已注销,0:11,女流 2024
BV1qJ4m1s71Q,2024-03-03,动漫 女流氓来了，男孩子也要保护好自己啊~,逍遥影视11,1:11,女流 2024
BV1Xx42127u8,2024-03-03,【赟落】女流抖音直播录屏,赟落,19:19,女流 抖音
BV1LW421w7ng,2024-03-03,女流录播_2024.3.3.凌晨两点,李显祺,30:55,女流 录播|女流 2024
BV1Ej421U7ss,2024-03-03,2024.3.3女流🎵首播：与弹幕聊婚姻、驾校等,昱辰山河映梨花,50:53,女流 2024
BV1uH4y1j7hD,2024-03-03,女流夜话2024-03-03-00-38-14-67,潇灬潇,67:13,女流 抖音|女流 2024
BV1nv421r7Vz,2024-03-01,不看后悔系列，原来女流氓也这么可怕？,观娱有料,1:15,女流 2024
BV1hW421A7bJ,2024-02-29,女流话疗2024-02-29-16-31-36-834,潇灬潇,71:38,女流 抖音|女流 2024
BV1TW421P741,2024-02-24,【中田花奈】2024.02.24「女流麻雀～GEKOKUJYO～2」#4,前田幻羽Official_ATC,85:6,女流 2024
BV1Nj421S774,2024-02-24,遇到女流氓不要慌,漫步云中君,0:14,女流 2024
BV12J4m1W7L9,2024-02-23,《女人如花》又名《厂花》，马苏、姜武、涂松岩、刘敏等主演讲述了白玉萍因为一场突如其来的风波，被误认为“女流氓”。但她没有在洪流中迷失，也没有在无助中绝望,LC影视馆,5:20,女流 2024
BV1Q1421Z7PX,2024-02-22,爆笑女流氓系列，女流氓全身都是戏，看这扑面而来的少女感,個久吐煙圈,10:37,女流 2024
BV1Xm411D7Tj,2024-02-17,女流プロ麻雀日本シリーズ2024第５節,雙海真美,439:27,女流 2024
BV11B421k7sW,2024-02-16,盘点影视女流氓爆笑场面：当女人耍起流氓来，根本没男人什么事！,萌萌漫舍,10:43,女流 2024
BV1T6421V7pn,2024-02-16,盘点那些女流氓的爆笑场面：男孩子在外面，一定要好好保护好自己,寻史简记,9:35,女流 2024
BV1wH4y1a7vS,2024-02-13,爆笑女流氓名场面：女人耍流氓，浑身都是戏，能顶得住的没几个！,個久吐煙圈,11:20,女流 2024
BV1PJ4m1b7F3,2024-02-04,满级女流氓！让郭德纲招架不住的10位女流氓：个个都是硬茬不好惹,账号已注销,13:3,女流 2024
BV1j4421A7QW,2024-02-02,爆笑女流氓名场面：女人耍流氓，浑身都是戏，能顶得住的没几个！,木噜噜木,10:41,女流 2024
BV1tt421W7eq,2024-02-02,满级女流氓！让郭德纲招架不住的8位女流氓：个个都是硬茬不好惹,账号已注销,9:29,女流 2024
BV1nF4m1u76T,2024-02-01,盘点全网33个女流氓的爆笑瞬间，妹子都看麻了，简直笑到肚子疼,21世纪的外星人呀,15:33,女流 2024
BV1aB42167Jw,2024-01-29,【66】他就是我的帕鲁！&amp; 西安小故事,-Waiting-chan-,10:41,女流 2024
BV1up4y1m7DM,2024-01-27,女流话疗2024-01-27-15-33-22-366,潇灬潇,153:30,女流 2024
BV13C4y167E2,2024-01-27,女流话疗2024-01-27-18-06-53-971,潇灬潇,5:59,女流 2024
BV1ob4y1A7v2,2024-01-27,女流话疗-2024-01-27-14-26-57-988,潇灬潇,65:58,女流 2024
BV1wV411X7wF,2024-01-27,女流话疗2024-01-27-12-29-34-914,潇灬潇,117:21,女流 2024
BV1kV411S7y7,2024-01-27,台州樱花位女流杯决赛切片,抬头瞅一眼星星,3:22,女流 切片
BV16K4y1i7Zu,2024-01-26,【中田花奈】2024.01.25「理麗麻雀6～最強女流ペア決定戦～ #4」,前田幻羽Official_ATC,30:8,女流 2024
BV11Z4y1n7di,2024-01-25,盘点全网“女流氓”爆笑场面，男孩子出门，一定要好好保护自己,小胖爱剪辑吖,5:23,女流 2024
BV1wc411x7W5,2024-01-22,当赛博女流氓遇到赛博尿王！【赛博朋克2077】,宅宅迪DvD,1:1,女流 切片
BV1L64y1P7Gi,2024-01-21,【听牌Queen】女流立直麻将第九季：非职业预选一组目第二试合,冰凉的糯米糍,87:52,女流 2024
BV1KK4y1i7aB,2024-01-21,【听牌Queen】女流立直麻将第二季：准决胜C桌第一试合,冰凉的糯米糍,84:14,女流 2024
BV1vV411X7cN,2024-01-18,女流66祝崔婉莹，生日快乐！弹幕：终于有个正常人了！童猪：好漂亮啊,阿雕俱乐部,8:16,女流 2024
BV1VQ4y1w72Z,2024-01-14,2024台州花鸟风月雀庄女流杯台州赛区预赛B桌,台州花鸟风月雀庄,55:8,女流 2024
BV1dw411J7pY,2024-01-14,2024台州花鸟风月雀庄女流杯温州赛区决赛,温州東元雀庄,85:30,女流 2024
BV14c41147KS,2024-01-14,2024台州花鸟风月雀庄女流杯温州赛区预赛第2半庄,温州東元雀庄,78:6,女流 2024
BV1MW4y1w7jv,2024-01-14,2024台州花鸟风月雀庄女流杯温州赛区预赛第1半庄,温州東元雀庄,55:37,女流 2024
BV1ga4y127RJ,2024-01-14,2024台州花鸟风月雀庄女流杯台州赛区预赛A桌,台州花鸟风月雀庄,50:53,女流 2024
BV1uw411J7eS,2024-01-13,2024台州花鸟风月雀庄女流杯温州赛区决赛,台州花鸟风月雀庄,85:43,女流 2024
BV1eg4y1S7kY,2024-01-13,2024台州花鸟风月雀庄女流杯温州赛区预赛第二半庄,台州花鸟风月雀庄,55:22,女流 2024
BV1qt4y1R7oR,2024-01-13,2024台州花鸟风月雀庄女流杯温州赛区预赛第一半庄,台州花鸟风月雀庄,78:1,女流 2024
BV1UG411B7fJ,2024-01-11,【等66】66姐突然开播！22挖煤回来了？！66姐，快回来吧，没有你，我们怎么活啊？～《江南》真好看,南极没有大鲶鱼,3:36,女流 2024
BV1Rk4y1D7xx,2024-01-10,女流户外2024-01-10-20,潇灬潇,43:45,女流 抖音|女流 2024
BV1tV41197Fc,2024-01-10,女流户外2024-01-10-18,潇灬潇,71:5,女流 抖音|女流 2024
BV1iT4y1p7v9,2024-01-10,女流夜话2024-01-10-11,潇灬潇,21:1,女流 2024
BV1wG411z7rw,2023-12-31,2024 藤井聡太王位 里見香奈女流王位 記念対局,秦佐盒子,120:2,女流 2024
BV1kN4y1s7t1,2023-12-27,【女流&amp;YJJ】炮炮生日66送蛋糕“老公你最棒”,旧炉新火,4:47,女流 录播
BV1TC4y1T7oC,2023-12-25,【女流】《VIEWFINDER》直播录像,_时光梦蝶_,280:50,女流 录播
BV17i4y1a7y5,2023-12-17,鞠躬尽瘁~力挽大厦于倾危！女流僭越王位【诺兰德】 中世纪废材复仇之路#6【Norland】录播,欧阳偷吃小臭屁,87:29,女流 录播
BV1nG411e74c,2023-12-13,饭女流！你,泪的彼方,0:25,女流 2024
BV1zc411i7Sy,2023-12-08,【女流/壮壮】看《黑神话悟空中文预告》明年能看到姐姐玩吗；蜘蛛是壮壮的天命,旧炉新火,13:6,女流 录播
BV1YH4y1y7Vc,2023-12-08,【女流66/甜心战士】看《TGA-黑神话悟空片段》定档820，全体起立,旧炉新火,6:45,女流 录播
BV1oQ4y1x7CQ,2023-12-04,@女流66 斗鱼156277合同到期停播了，新平台还是休息一段时间？要不生个小66玩玩吧 @yjjimpaopao 加油～,南极没有大鲶鱼,1:13,女流 抖音
BV1pu4y1V7Fy,2023-12-02,刘小七背刺钱小佳，爱装X喜欢排场CB瘾大!果盘给2万!直播录像，高冷男神，虎牙，斗鱼，抖音，旭旭宝宝，陈少杰，PDD，备北京小王哥，女流66，张大龙，黑人毅。,Wild_horses,3:18,女流 抖音
BV1yM411R7GY,2023-12-02,【女流】2023年11月30日录播《66聊聊》,女流录像小屋,521:58,女流 录播|女流录像小屋
BV1fb4y1N7RH,2023-12-01,【女流】看《李连杰vs钱小豪逐招拆解》我这一脚你可能会s,旧炉新火,7:5,女流 录播
BV1Ra4y1d7Vn,2023-11-30,【女流】2023年11月29日录播《英雄杀手》,女流录像小屋,307:54,女流 录播|女流录像小屋
BV1FC4y117ph,2023-11-30,女流看2024十大新游看到最终幻想7感慨：哪个人的梦里没有蒂法呢！,高能游戏眼,10:20,女流 2024
BV1sb4y1M7q8,2023-11-29,【女流】2023年11月28日录播《街霸》,女流录像小屋,242:55,女流 录播|女流录像小屋
BV1x94y1n7Vr,2023-11-29,【女流】2023年11月27日录播《英雄杀手》P1,女流录像小屋,398:16,女流 录播|女流录像小屋
BV1La4y1f7wb,2023-11-28,【女流】2023年11月27日录播《英雄杀手》P2,女流录像小屋,182:1,女流 录播|女流录像小屋
BV1gv411F7sW,2023-11-27,【女流】2023年11月26日录播《心灵砒霜 弹幕版》,女流录像小屋,246:18,女流 录播|女流录像小屋
BV1bc411z7k6,2023-11-27,【女流】2023年11月26日录播《心灵砒霜 》,女流录像小屋,246:18,女流 录播|女流录像小屋
BV1cw411H7u1,2023-11-26,【女流】2023年11月24日录播《大侠立志传》P3,女流录像小屋,220:6,女流 录播|女流录像小屋
BV1BQ4y1t7Mo,2023-11-26,【女流】2023年11月24日录播《大侠立志传》P1,女流录像小屋,220:6,女流 录播|女流录像小屋
BV1wc411z7FS,2023-11-26,【女流】2023年11月24日录播《大侠立志传》P2,女流录像小屋,220:9,女流 录播|女流录像小屋
BV1tM411f7j8,2023-11-25,【女流】2023年11月25日录播《吃香》P1,女流录像小屋,195:25,女流 录播|女流录像小屋
BV1MG411S7my,2023-11-25,【女流】2023年11月25日录播《吃香》P2,女流录像小屋,195:28,女流 录播|女流录像小屋
BV1Wa4y1Z7QE,2023-11-24,【女流】2023年11月23日录播《大侠立志传》,女流录像小屋,481:12,女流 录播|女流录像小屋
BV1za4y1Z7H1,2023-11-22,【女流】2023年11月22日录播《大侠立志传》,女流录像小屋,310:26,女流 录播|女流录像小屋
BV1hQ4y1b7AJ,2023-11-22,【女流】2023年11月21日录播《大侠立志传》P1,女流录像小屋,256:52,女流 录播|女流录像小屋
BV1f34y1c7Nc,2023-11-22,【女流】2023年11月21日录播《大侠立志传》P2,女流录像小屋,256:50,女流 录播|女流录像小屋
BV17z4y1c7o8,2023-11-22,【女流】2023年11月20日录播《大侠立志传》&amp;《因果动物园》P2,女流录像小屋,270:36,女流 录播|女流录像小屋
BV1gw411P79y,2023-11-22,karmazoo【女流】2023年11月20日录播《大侠立志传》&amp;《因果动物园》P1,女流录像小屋,270:35,女流 录播|女流录像小屋
BV1n94y1H7yA,2023-11-20,【女流】2023年11月19日录播《大侠立志传》P1,女流录像小屋,215:54,女流 录播|女流录像小屋
BV1fN411T71c,2023-11-20,【Npc录播弹幕版】2023-11-20 因果动物园、云顶之弈、瓦,鼠鼠人粮仓T,485:34,女流 录播
BV1mH4y1q7WR,2023-11-20,【女流】2023年11月19日录播《大侠立志传》P2,女流录像小屋,215:55,女流 录播|女流录像小屋
BV1Hu4y1P7Wn,2023-11-19,【女流】2023年11月18日录播《大侠立志传》,女流录像小屋,429:55,女流 录播|女流录像小屋
BV1bw411H7iT,2023-11-18,【女流】2023年11月17日录播《遗迹2》P2,女流录像小屋,166:49,女流 录播|女流录像小屋
BV1Bg4y1Q7Cp,2023-11-13,【女流】2023年11月12日录播《心灵砒霜弹幕版》P1,女流录像小屋,118:6,女流 录播|女流录像小屋
BV1fH4y1i7LW,2023-11-13,【女流】2023年11月12日录播《心灵砒霜弹幕版》P2,女流录像小屋,118:7,女流 录播|女流录像小屋
BV1Mj411a7YB,2023-11-13,【女流】2023年11月12日录播《心灵砒霜》,女流录像小屋,236:11,女流 录播|女流录像小屋
BV1aw411T7SW,2023-11-13,【女流】2023年11月12日录播《全职野人》,女流录像小屋,236:35,女流 录播|女流录像小屋
BV11u4y1N7Ue,2023-11-12,【女流】2023年11月11日录播《超级舞动 瓦里奥制造》,女流录像小屋,315:41,女流 录播|女流录像小屋
BV1ru4y1N7vn,2023-11-12,真.体感游戏,-婉拒李知恩-,7:53,女流 切片
BV1wC4y1S7xp,2023-11-11,【女流】2023年11月10日录播《魔法工艺》,女流录像小屋,323:11,女流 录播|女流录像小屋
BV1Cz4y1P7Xr,2023-11-11,这就是轰轰仔不当人的后果.姐姐已经生气了,-婉拒李知恩-,24:23,女流 切片
BV1Lc411X74W,2023-11-11,【女流】2023年11月9日录播《魔法工艺》《鹅鹅鸭》《糖豆人》P1,女流录像小屋,188:6,女流 录播|女流录像小屋
BV1VC4y1S7qQ,2023-11-10,【女流】2023年11月9日录播《魔法工艺》《鹅鹅鸭》《糖豆人》P2,女流录像小屋,188:7,女流 录播|女流录像小屋
BV1kw411T7Sg,2023-11-10,【女流】2023年11月9日录播《魔法工艺》《鹅鹅鸭》《糖豆人》P3,女流录像小屋,188:9,女流 录播|女流录像小屋
BV1jg4y197rq,2023-11-10,66姐复盘今天鹅鸭杀智商排名.兰林汉智商高达600,-婉拒李知恩-,7:36,女流 切片
BV1jH4y1B7gP,2023-11-09,【女流】2023年11月8日录播《节奏鸽子》&amp;《DON&#x27;T SCREAM》&amp;《揍击派对》,女流录像小屋,316:54,女流 录播|女流录像小屋
BV1n94y137mA,2023-11-09,【Npc录播弹幕版】2023-11-09 瓦！水友局~iii和朋友们糖豆人、帝国时代4,鼠鼠人粮仓T,459:7,女流 录播
BV1wz4y1P7ym,2023-11-09,反败为胜！猪猪公主顶级折磨66姐，给朋友们挨个打电话叫来玩游戏！！,笙笙子,9:20,女流 切片
BV1iN411g76Z,2023-11-09,66姐想加入猪猪公主和朋友们的歌会，但是没想到Asaki竟然被戏耍了！🤣🤣🤣,笙笙子,1:54,女流 切片
BV1Jw411x7rk,2023-11-08,【Npc录播弹幕版】2023-11-08 摇头鸽、SEE姐姐不要尖叫、揍击派对、瓦,鼠鼠人粮仓T,440:48,女流 录播
BV1Nw411M7tt,2023-11-02,【女流】2023年11月1日录播《无畏契约》&amp;《Rhythm Royale》,女流录像小屋,324:6,女流 录播|女流录像小屋
BV1MC4y1H7xp,2023-10-31,【女流】2023年10月31日录播《Rhythm Royale》,女流录像小屋,274:53,女流 录播|女流录像小屋
BV16Q4y1H78a,2023-10-30,【女流】2023年10月30日录播《心灵杀手2》P1,女流录像小屋,180:53,女流 录播|女流录像小屋
BV11C4y1n7Mu,2023-10-30,【女流】2023年10月30日录播《心灵杀手2》P3,女流录像小屋,180:54,女流 录播|女流录像小屋
BV1zG411C7gD,2023-10-30,【女流】2023年10月30日录播《心灵杀手2》P2,女流录像小屋,180:54,女流 录播|女流录像小屋
BV1De411971P,2023-10-29,【女流】2023年10月29日录播《心灵杀手2》P1,女流录像小屋,216:10,女流 录播|女流录像小屋
BV1Cc411f7du,2023-10-29,【女流】2023年10月29日录播《心灵杀手2》P2,女流录像小屋,216:8,女流 录播|女流录像小屋
BV1584y1X7FR,2023-10-29,【女流】2023年10月28日录播《心灵杀手2》P2,女流录像小屋,169:4,女流 录播|女流录像小屋
BV1xM411X7yz,2023-10-29,【女流】2023年10月28日录播《心灵杀手2》P1,女流录像小屋,169:3,女流 录播|女流录像小屋
BV1gy4y1A7c6,2023-10-26,【女流】2023年10月26日录播《蜘蛛侠2》,女流录像小屋,419:22,女流 录播|女流录像小屋
BV13j411i7VV,2023-10-25,【女流】2023年10月25日录播《蜘蛛侠2》,女流录像小屋,323:24,女流 录播|女流录像小屋
BV1cH4y1R7LU,2023-10-25,【女流】2023年10月24日录播《超级马里奥兄弟 惊奇》P1,女流录像小屋,221:59,女流 录播|女流录像小屋
BV13Q4y1W7iV,2023-10-24,【女流】2023年10月24日录播《超级马里奥兄弟 惊奇》P2,女流录像小屋,221:59,女流 录播|女流录像小屋
BV1694y1L7y7,2023-10-23,【女流】2023年10月23日录播《超级马里奥兄弟 惊奇》,女流录像小屋,203:56,女流 录播|女流录像小屋
BV1dC4y137LR,2023-10-23,【女流】2023年10月23日录播《蜘蛛侠2》,女流录像小屋,262:1,女流 录播|女流录像小屋
BV17H4y197nx,2023-10-22,【女流】2023年10月22日录播《蜘蛛侠2》,女流录像小屋,266:1,女流 录播|女流录像小屋
BV1Ye411R7EV,2023-10-22,【女流】2023年10月22日录播《超级马里奥兄弟 惊奇》,女流录像小屋,87:25,女流 录播|女流录像小屋
BV1J94y1L7V2,2023-10-22,【女流】2023年10月21日录播《超级马里奥兄弟 惊奇》,女流录像小屋,162:51,女流 录播|女流录像小屋
BV1jQ4y1p7k6,2023-10-22,【女流】2023年10月21日录播《蜘蛛侠2》,女流录像小屋,265:26,女流 录播|女流录像小屋
BV1Pw411F7wD,2023-10-21,【小缘】看《主播真会玩女神篇174》飞儿和珂珂一起播真好玩,旧炉新火,13:7,女流 录播
BV1bQ4y1p7ty,2023-10-21,【刘飞儿】看《主播真会玩女神篇174》什么是成龙电影,旧炉新火,15:18,女流 录播
BV1wj411i72W,2023-10-21,【女流】2023年10月20日录播《超级马里奥兄弟 惊奇》P1,女流录像小屋,257:52,女流 录播|女流录像小屋
BV1BN4y1C7Bp,2023-10-20,【女流】2023年10月20日录播《超级马里奥兄弟 惊奇》P2,女流录像小屋,257:52,女流 录播|女流录像小屋
BV1nN411t7oc,2023-10-19,【女流】2023年10月19日录播《佩奇6》,女流录像小屋,272:0,女流 录播|女流录像小屋
BV13j41147oc,2023-10-19,【女流】2023年10月18日录播《堕落之主》,女流录像小屋,231:23,女流 录播|女流录像小屋
BV1hw411w7Dx,2023-10-19,【女流】2023年10月18日录播《我被美女包围了》,女流录像小屋,223:36,女流 录播|女流录像小屋
BV1E84y1d7U6,2023-10-19,【女流】2023年10月17日录播《堕落之主》P2,女流录像小屋,341:5,女流 录播|女流录像小屋
BV1VM41197Ru,2023-10-19,【女流】2023年10月17日录播《堕落之主》P1,女流录像小屋,360:0,女流 录播|女流录像小屋
BV1Dw411c7fR,2023-10-15,【女流】2023年10月15日录播《重庆开学季》,女流录像小屋,265:35,女流 录播|女流录像小屋
BV1xw411c7WC,2023-10-15,【女流】2023年10月15日录播《重庆开学季》,女流录像小屋,32:20,女流 录播|女流录像小屋
BV1sw411C7hk,2023-10-15,【女流】2023年10月15日录播《重庆开学季》,女流录像小屋,50:34,女流 录播|女流录像小屋
BV1534y1g7tF,2023-10-15,【女流】2023年10月14日录《堕落之主》,女流录像小屋,212:45,女流录像小屋
BV1TB4y1f7B1,2023-10-15,【女流】2023年10月14日录《堕落之主》,女流录像小屋,212:44,女流录像小屋
BV1T34y1g7dn,2023-10-15,【女流】2023年10月13日录《堕落之主》,女流录像小屋,229:41,女流录像小屋
BV1BH4y1R769,2023-10-14,【女流】2023年10月13日录《堕落之主》,女流录像小屋,229:43,女流录像小屋
BV1Nw411C7Mn,2023-10-14,【女流】2023年10月13日录《堕落之主》,女流录像小屋,229:42,女流录像小屋
BV1Yu4y1W7uE,2023-10-13,女流66的旗下唯一品牌chi66内蒙特产零食抖音官方店全面升级，抖音全网唯一！毋庸置疑！吃零食就来抖音chi66，内蒙特产首选chi66。,chi66女流,1:10,女流 抖音
BV1Hu411K7Wd,2023-10-13,【女流】2023年10月12日录播《Headbangers》,女流录像小屋,318:21,女流 录播|女流录像小屋
BV1yw411r791,2023-10-12,【女流】2023年10月11日录播《女鬼桥2》,女流录像小屋,376:36,女流 录播|女流录像小屋
BV1kH4y1o7vu,2023-10-11,这轰轰仔鬼鬼祟祟！一定有问题！,不知名的观鸟者,12:9,女流 切片
BV1e94y18714,2023-10-11,喂秃鹫是吧！菠萝赛东！吃我一刀！,不知名的观鸟者,10:53,女流 切片
BV15H4y1R7Hk,2023-10-11,女流-2023.10.10-Goose Goose Duck,女流录像小屋,188:7,女流录像小屋
BV1F34y1G7B9,2023-10-11,女流-2023.10.10-糖豆人,女流录像小屋,39:16,女流录像小屋
BV1B94y187Nt,2023-10-11,作为一个旁观秃鹫没吃上还被污蔑。不说别的了，爆了！全票打飞NPC！,不知名的观鸟者,13:2,女流 切片
BV1A34y1g77U,2023-10-11,可以的，复仇者有刀就开绝不含糊！！！,不知名的观鸟者,6:37,女流 切片
BV1bu411K7P6,2023-10-11,猪猪什么身份！殡仪员？殡仪员这个身份你可穿不起来哦 小猪。,不知名的观鸟者,11:34,女流 切片
BV1Cm4y1g7Pn,2023-10-11,可以，猴哥这番正义发言值得奖励鸡腿吃。来吧，两位大厨都在等你呢。,不知名的观鸟者,13:2,女流 切片
BV1jN41147tN,2023-10-11,66姐还是神将局玩的不够透彻，悍匪追不得呀！,不知名的观鸟者,8:31,女流 切片
BV14C4y1575K,2023-10-11,狼人咋还不开刀？还不刀？还不刀！一群人在这儿站着就不能开刀吗？,不知名的观鸟者,12:9,女流 切片
BV1R34y1u77R,2023-10-11,开局即是结束，队友一死一打洞，模仿鹅还跳出来了玩啥子喽  可怜的猪......,不知名的观鸟者,11:34,女流 切片
BV1Rw411r7jV,2023-10-11,哎呦，好巧哦，转角刀被发现了哦 壮壮。,不知名的观鸟者,8:32,女流 切片
BV1Cw411A7XS,2023-10-11,别吃！别吃！姐姐的鸡腿弟弟可不能吃啊！（殺人还要诛心？！好可怕！！！）,不知名的观鸟者,6:38,女流 切片
BV1tB4y1Z7As,2023-10-11,【Npc录播弹幕版】2023-10-10  幸运鹅鸭杀！糖豆人~瓦,鼠鼠人粮仓T,571:58,女流 录播
BV1Cw411w7EW,2023-10-08,P1-女流-2023.10.8-刺客信条 幻景,女流录像小屋,211:46,女流录像小屋
BV1gw411r7v9,2023-10-08,P2-女流-2023.10.8-刺客信条 幻景,女流录像小屋,211:47,女流录像小屋
BV1zh4y1B71Z,2023-10-07,女流-2023.10.7-刺客信条 幻景,女流录像小屋,360:39,女流录像小屋
BV12C4y1R7KT,2023-10-07,女流-2023.10.6-刺客信条 幻景,女流录像小屋,298:58,女流录像小屋
BV15N411J79U,2023-10-06,P2-女流-2023.10.5-刺客信条 幻景,女流录像小屋,231:39,女流录像小屋
BV1pC4y1V7dm,2023-10-05,P1-女流-2023.10.5-刺客信条 幻景,女流录像小屋,83:37,女流录像小屋
BV1u8411y7Aq,2023-10-05,女流-2023.10.4-巴别塔圣歌,女流录像小屋,281:32,女流录像小屋
BV1G94y1a7zb,2023-10-05,P1-女流-2023.10.1-心灵砒霜弹幕版,女流录像小屋,116:17,女流录像小屋
BV1Yj411477Y,2023-10-04,P2-女流-2023.10.1-心灵砒霜弹幕版,女流录像小屋,116:18,女流录像小屋
BV1pj41147BV,2023-10-04,女流-2023.10.3-糖豆人,女流录像小屋,168:30,女流录像小屋
BV1fN411E75Y,2023-10-04,女流-2023.10.2-Tricky Towers,女流录像小屋,406:18,女流录像小屋
BV118411C79T,2023-10-02,女流-2023.10.1-心灵砒霜,女流录像小屋,232:33,女流录像小屋
BV1Du4y147DN,2023-09-30,女流-2023.9.30-卧龙 称霸江东,女流录像小屋,300:21,女流录像小屋
BV1P94y1Y7Ps,2023-09-29,P1-女流-2023.9.29-跑跑卡丁车,女流录像小屋,155:17,女流录像小屋
BV1iV411w7vd,2023-09-29,女流-2023.9.29-糖豆人,女流录像小屋,24:9,女流录像小屋
BV1K84y1S7Np,2023-09-29,P2-女流-2023.9.29-跑跑卡丁车,女流录像小屋,35:32,女流录像小屋
BV1sC4y1f7HU,2023-09-28,女流-2023.9.28-地铁繁花,女流录像小屋,255:37,女流录像小屋
BV1Vm4y1V7hB,2023-09-27,P2-女流-2023.9.26-赛博朋克2077,女流录像小屋,234:25,女流录像小屋
BV1vj41187KE,2023-09-27,P1-女流-2023.9.26-赛博朋克2077,女流录像小屋,234:24,女流录像小屋
BV16C4y1Z7Fc,2023-09-25,女流-2023.9.24-新出道女歌手,女流录像小屋,407:8,女流录像小屋
BV1uN411n7C3,2023-09-25,chi66抖音唯一女流66授权正品零食专营店，女流老板诉说chi66的情怀史。#女流66 #chi66 #牛肉干,chi66女流,1:48,女流 抖音
BV1Y34y1A7aC,2023-09-24,女流-2023.9.23-新出道女歌手,女流录像小屋,109:36,女流录像小屋
BV1kV411c7tu,2023-09-24,女流-2023.9.23-Payday 3,女流录像小屋,341:13,女流录像小屋
BV1ap4y1w7Dy,2023-09-23,P2-女流-2023.9.22-生化危机4,女流录像小屋,224:40,女流录像小屋
BV19w41127Bk,2023-09-23,P1-女流-2023.9.22-生化危机4,女流录像小屋,224:39,女流录像小屋
BV1c94y1W7jg,2023-09-22,女流-2023.9.21-匹诺曹的谎言,女流录像小屋,228:55,女流录像小屋
BV1ju411w7mS,2023-09-20,P2-女流-2023.9.18-匹诺曹的谎言,女流录像小屋,235:15,女流录像小屋
BV1Ly4y1F7pd,2023-09-20,P3-女流-2023.9.19-匹诺曹的谎言,女流录像小屋,235:16,女流录像小屋
BV1Uw411e7Uj,2023-09-20,P1-女流-2023.9.18-匹诺曹的谎言,女流录像小屋,235:19,女流录像小屋
BV1yu4y1r7ZW,2023-09-20,猪猪公主：看见yjj笑就烦！2.0,鬼束樱末,0:49,女流 切片
BV1p94y1p7Rz,2023-09-19,P1-女流-2023.9.18-匹诺曹的谎言,女流录像小屋,194:12,女流录像小屋
BV1pu4y1z78R,2023-09-19,P3-女流-2023.9.18-匹诺曹的谎言,女流录像小屋,194:14,女流录像小屋
BV18F411S7Ap,2023-09-19,P2-女流-2023.9.18-匹诺曹的谎言,女流录像小屋,194:13,女流录像小屋
BV1tz4y1L78G,2023-09-19,P1-女流-2023.9.17-匹诺曹的谎言&amp;猛兽派对,女流录像小屋,335:31,女流录像小屋
BV1bN411H7TT,2023-09-19,P2-女流-2023.9.17-匹诺曹的谎言&amp;猛兽派对,女流录像小屋,324:59,女流录像小屋
BV1Sw411i7FL,2023-09-17,女流-2023.9.16-匹诺曹的谎言,女流录像小屋,313:58,女流录像小屋
BV1UP411t7vh,2023-09-16,【Npc录播弹幕版】2023-09-15 猛兽派对   瓦！,鼠鼠人粮仓T,460:51,女流 录播
BV1iz4y15799,2023-09-16,66姐驾驶猪猪公主新皮套：好可爱！和Asaki本人一样！！,笙笙子,1:11,女流 切片
BV11w411i7mc,2023-09-16,女流-2023.9.13-岛潮酒店,女流录像小屋,313:3,女流录像小屋
BV1SP411t76x,2023-09-16,女流-2023.9.15-We Were Here Expeditions,女流录像小屋,267:45,女流录像小屋
BV1fH4y1U7jo,2023-09-16,女流-2023.9.14-街霸,女流录像小屋,400:58,女流录像小屋
BV1q94y1W7AR,2023-09-15,66姐问咋这么久没叫自己鸭鸭杀，是不是嫌弃了，猪猪公主：你就是我的生命！！！,笙笙子,0:58,女流 切片
BV1GN411W77T,2023-09-13,P1-女流-2023.9.12-光头鉴宝,女流录像小屋,282:59,女流录像小屋
BV1hp4y1A7HE,2023-09-13,女流-2023.9.12-无畏契约,女流录像小屋,122:4,女流录像小屋
BV1D94y1W7gF,2023-09-13,P2-女流-2023.9.12-光头鉴宝,女流录像小屋,61:1,女流录像小屋
BV1tF411r7q2,2023-09-12,女流-2023.9.11-A Little to the Left&amp;文字规则怪谈,女流录像小屋,391:52,女流录像小屋
BV16z4y1j7ms,2023-09-11,女流-2023.9.10-心灵砒霜弹幕版,女流录像小屋,202:13,女流录像小屋
BV15V411P7qZ,2023-09-10,女流-2023.9.10-心灵砒霜,女流录像小屋,202:13,女流录像小屋
BV1kz4y1j7oM,2023-09-10,女流-2023.9.10-猛兽派对,女流录像小屋,102:55,女流录像小屋
BV16u411w72J,2023-09-10,女流-2023.9.8-街霸,女流录像小屋,346:16,女流录像小屋
BV1h94y1x7be,2023-09-09,寅子vs66《街霸比赛》代理战争（双音频）,扣扣太子,9:59,女流 录播
BV1Fh4y1v7wq,2023-09-08,【Npc录播弹幕版】2023-09-07 顶级天才鹅鸭杀！！瓦~,鼠鼠人粮仓T,449:18,女流 录播
BV1Qu411P7U9,2023-09-08,女流-2023.9.7-鹅鸭杀,女流录像小屋,104:58,女流录像小屋
BV1Xu411P7mb,2023-09-08,女流-2023.9.7-街霸明新主播赛,女流录像小屋,192:26,女流录像小屋
BV1ej41117wj,2023-09-06,女流-2023.9.6-Trine 5,女流录像小屋,314:51,女流录像小屋
BV1wu4y1k7yB,2023-09-05,女流-2023.9.5-Trine 5,女流录像小屋,190:3,女流录像小屋
BV1g14y1C77N,2023-09-05,女流-2023.9.5-装甲核心6境界天火,女流录像小屋,215:23,女流录像小屋
BV1eN411v7XM,2023-09-03,女流-2023.9.3-Trine 5,女流录像小屋,113:32,女流录像小屋
BV1k94y1s7h3,2023-09-03,女流-2023.9.3-装甲核心6境界天火,女流录像小屋,125:31,女流录像小屋
BV1Vp4y177De,2023-09-03,女流-2023.9.2-Trine 5,女流录像小屋,261:19,女流录像小屋
BV1ah4y1m7N2,2023-09-03,P1-女流-2023.9.1-猛兽派对,女流录像小屋,151:48,女流录像小屋
BV1kF411673t,2023-09-02,P2-女流-2023.9.1-猛兽派对,女流录像小屋,102:10,女流录像小屋
BV1G14y1y7Xa,2023-09-01,女流-2023.8.31-AltF4,女流录像小屋,186:1,女流录像小屋
BV1Tj411m7zv,2023-09-01,女流-2023.8.31-Trine 5,女流录像小屋,110:36,女流录像小屋
BV15u4y1v78f,2023-08-31,P3-女流-2023.8.30-装甲核心6境界天火,女流录像小屋,207:28,女流录像小屋
BV1or4y1X7L4,2023-08-31,P1-女流-2023.8.30-装甲核心6境界天火,女流录像小屋,296:56,女流录像小屋
BV1mh4y127Vx,2023-08-31,P2-女流-2023.8.30-装甲核心6境界天火,女流录像小屋,240:1,女流录像小屋
BV1Fp4y177Xh,2023-08-30,女流-2023.8.29-老六归来,女流录像小屋,249:59,女流录像小屋
BV1814y1y7Rs,2023-08-30,【甜心战士】看《主播真会玩主机篇186》老大不用特效不也这样吗,旧炉新火,15:27,女流 录播
BV1GN4y1R7y1,2023-08-29,【周淑怡】看《主播真会玩主机篇186》魅魔原来是这意思,旧炉新火,14:32,女流 录播
BV1814y117xF,2023-08-26,66姐特地在LA给猪猪公主买了个T恤并且签上EDG球球签名！！,笙笙子,0:57,女流 切片
BV1aF411C7yF,2023-08-22,P3-女流-2023.8.21-AltF4,女流录像小屋,212:22,女流录像小屋
BV1tm4y1M7PG,2023-08-22,P1-女流-2023.8.21-AltF4,女流录像小屋,212:17,女流录像小屋
BV1rP411p72o,2023-08-22,P2-女流-2023.8.21-AltF4,女流录像小屋,212:20,女流录像小屋
BV1Th4y1U7w9,2023-08-21,太牛了！！猪猪公主看66姐看壮壮40分钟通关《黑神话悟空》,笙笙子,20:53,女流 切片
BV1nh4y1D74Z,2023-08-20,当女流玩《冒险岛：枫之传说》,我说我是岛民001,0:55,女流 冒险岛
BV1Rh4y1S7Ay,2023-08-19,女流-2023.8.19-无畏契约,女流录像小屋,244:3,女流录像小屋
BV1hu4y1Q7NZ,2023-08-19,女流-2023.8.18-Viewfinder,女流录像小屋,196:58,女流录像小屋
BV1Bu411J7rk,2023-08-18,女流-2023.8.18-A Little to the Left,女流录像小屋,133:26,女流录像小屋
BV1UP411s7yt,2023-08-18,女流-2023.8.18-糖豆人,女流录像小屋,49:32,女流录像小屋
BV1yG411f7mY,2023-08-18,女流-2023.8.17-绝地求生,女流录像小屋,163:54,女流录像小屋
BV1y841197QN,2023-08-18,是什么让女流在冒险岛手游中直呼无敌？,岛上第一线人-周老师,0:42,女流 冒险岛
BV1Mj411z7dd,2023-08-18,猪猪公主和朋友们看轰轰跳舞，烧！太烧了！！脸都看红了！,笙笙子,2:53,女流 切片
BV1Vu41177WM,2023-08-18,女流-2023.8.17-Viewfinder,女流录像小屋,212:31,女流录像小屋
BV1X94y167k8,2023-08-18,女流-2023.8.17-冒险岛：枫之传说,女流录像小屋,90:29,女流 冒险岛|女流录像小屋
BV1Su4y197S9,2023-08-17,gemini和女流属于冒险岛的故事,账号已注销,1:6,女流 冒险岛
BV1gr4y1o7Tr,2023-08-17,女流和Doinb聊冒险岛的事,喵八天儿,0:47,女流 冒险岛
BV1vG411f73H,2023-08-17,与gemini和女流一起，相遇冒险岛！,账号已注销,1:16,女流 冒险岛
BV1eP411s7VY,2023-08-16,女流-2023.8.16-雀魂,女流录像小屋,212:39,女流录像小屋
BV1Er4y1d77q,2023-08-16,女流时隔多年重回冒险岛,账号已注销,0:48,女流 冒险岛
BV1B94y167ch,2023-08-16,电竞人早期跳舞名场面曝光！周姐女团帅气短发 硬币哥猴子打拳！,游戏BBQ,1:29,女流 冒险岛
BV1i84y1f7EF,2023-08-16,大型纪录片《大周女皇——女流传奇》,南夕君cC,2:35,女流 冒险岛
BV1YN411z7ot,2023-08-16,女流-2023.8.15-博德完结 下午茶,女流录像小屋,306:59,女流录像小屋
BV1HP411s7nc,2023-08-15,P1-女流-2023.8.14-博德之门 3,女流录像小屋,223:20,女流录像小屋
BV1D14y1v7T8,2023-08-15,P3-女流-2023.8.14-博德之门 3,女流录像小屋,223:24,女流录像小屋
BV16u4y197df,2023-08-15,P2-女流-2023.8.14-博德之门 3,女流录像小屋,223:24,女流录像小屋
BV18h4y1S7vR,2023-08-15,前奏一响 老岛民泪目登场！,源计划喷,2:5,女流 冒险岛
BV1Gu411J74f,2023-08-14,P2-女流-2023.8.13-博德之门 3,女流录像小屋,138:57,女流录像小屋
BV1Nm4y1W7FG,2023-08-14,P1-女流-2023.8.13-博德之门 3,女流录像小屋,72:1,女流录像小屋
BV1tu4y1q7td,2023-08-14,P3-女流-2023.8.13-博德之门 3,女流录像小屋,138:26,女流录像小屋
BV1JP411s7j9,2023-08-14,女流-2023.8.13-女巫来了 Witch It,女流录像小屋,201:34,女流录像小屋
BV19u4y1i7iB,2023-08-12,女流-2023.8.11-博德之门 3,女流录像小屋,584:4,女流录像小屋
BV1Wm4y1p753,2023-08-12,寅子【露脸唱歌合集】第二期（暗杠的声乐是我教的）,扣扣太子,5:37,女流 录播
BV1Rr4y1o7Q3,2023-08-10,女流-2023.8.10-博德之门 3,女流录像小屋,358:41,女流录像小屋
BV1Ur4y1o7oV,2023-08-10,P2-女流-2023.8.9-博德之门 3,女流录像小屋,233:16,女流录像小屋
BV1hV4y1v7DD,2023-08-10,P1-女流-2023.8.9-博德之门 3,女流录像小屋,233:13,女流录像小屋
BV1j8411R7HK,2023-08-08,女流-2023.8.8-博德之门 3,女流录像小屋,258:10,女流录像小屋
BV1vF411f7A9,2023-08-08,P1-女流-2023.8.7-博德之门 3,女流录像小屋,258:25,女流录像小屋
BV1ru4y117r9,2023-08-08,P2-女流-2023.8.7-博德之门 3,女流录像小屋,258:26,女流录像小屋
BV1Zj411r7m3,2023-08-08,P1-女流-2023.8.6-博德之门 3,女流录像小屋,190:52,女流录像小屋
BV1Bk4y1g7V6,2023-08-07,P3-女流-2023.8.6-博德之门 3,女流录像小屋,190:56,女流录像小屋
BV1xm4y1s7qr,2023-08-07,P2-女流-2023.8.6-博德之门 3,女流录像小屋,190:54,女流录像小屋
BV18u4y1B71p,2023-08-07,寅子【露脸唱歌合集】第一期（雄性荷尔蒙）,扣扣太子,3:47,女流 录播
BV1e44y1w7ZR,2023-08-06,P3-女流-2023.8.5-博德之门 3,女流录像小屋,186:42,女流录像小屋
BV1314y1z7HK,2023-08-06,P1-女流-2023.8.5-博德之门 3,女流录像小屋,34:55,女流录像小屋
BV1Ac411F7ct,2023-08-06,P2-女流-2023.8.5-博德之门 3,女流录像小屋,186:41,女流录像小屋
BV1nk4y1g7go,2023-08-05,P1-女流-2023.8.4-Baldur&#x27;s Gate 3,女流录像小屋,289:59,女流录像小屋
BV1iV4y1i7dW,2023-08-05,P3-女流-2023.8.4-Baldur&#x27;s Gate 3,女流录像小屋,187:1,女流录像小屋
BV17h4y1r74R,2023-08-05,P2-女流-2023.8.4-Baldur&#x27;s Gate 3,女流录像小屋,77:42,女流录像小屋
BV15p4y137M8,2023-08-03,女流-2023.8.3-Street Fighter,女流录像小屋,294:7,女流录像小屋
BV1aP41147oQ,2023-08-02,女流-2023.8.2-Payday3,女流录像小屋,325:36,女流录像小屋
BV1yj41167vD,2023-08-01,女流-2023.8.1-学园构想家,女流录像小屋,265:43,女流录像小屋
BV1E14y167ja,2023-07-28,女流-2023.7.28-三伏,女流录像小屋,367:42,女流录像小屋
BV1aj41197mR,2023-07-28,女流-2023.7.26-遗迹2,女流录像小屋,176:27,女流录像小屋
BV1714y167HG,2023-07-28,女流-2023.7.26-Street Fighter,女流录像小屋,270:13,女流录像小屋
BV1Uz4y1W7i8,2023-07-28,女流-2023.7.25-遗迹2,女流录像小屋,305:1,女流录像小屋
BV1y94y1Y7Zr,2023-07-28,女流-2023.7.25-梦幻西游,女流录像小屋,134:40,女流录像小屋
BV1EV4y1q7vw,2023-07-27,【黑历史】唱小H歌《要不要去袭女孩子的欧派呢》,X星空之痕X,1:49,女流 切片
BV1A8411U7ZN,2023-07-26,P1-女流-2023.7.24-遗迹2,女流录像小屋,439:38,女流录像小屋
BV1Vz4y1x7hG,2023-07-25,P1-女流-2023.7.24-遗迹2,女流录像小屋,428:57,女流录像小屋
BV1mx4y197f4,2023-07-25,P2-女流-2023.7.24-遗迹2,女流录像小屋,301:40,女流录像小屋
BV1tm4y1L7ae,2023-07-24,P4-女流-2023.7.23-遗迹2,女流录像小屋,155:3,女流录像小屋
BV1Nz4y1x7vW,2023-07-23,P3-女流-2023.7.23-遗迹2,女流录像小屋,178:26,女流录像小屋
BV1K14y1X7gS,2023-07-23,P2-女流-2023.7.23-遗迹2,女流录像小屋,178:29,女流录像小屋
BV1Fk4y1V7F8,2023-07-23,P1-女流-2023.7.23-遗迹2,女流录像小屋,178:25,女流录像小屋
BV1yc411c79J,2023-07-23,P2-女流-2023.7.22-遗迹2,女流录像小屋,126:35,女流录像小屋
BV1vm4y1L7FB,2023-07-22,P1-女流-2023.7.22-遗迹2,女流录像小屋,197:8,女流录像小屋
BV1pV411L7jM,2023-07-22,P1-女流-2023.7.22-Street Fighter,女流录像小屋,148:3,女流录像小屋
BV1hV4y1t7zT,2023-07-22,P2-女流-2023.7.22-Street Fighter,女流录像小屋,148:6,女流录像小屋
BV1Rz4y147UQ,2023-07-21,女流-2023.7.21-Street Fighter,女流录像小屋,184:45,女流录像小屋
BV1nh4y127z6,2023-07-20,P2-女流-2023.7.20-Street Fighter,女流录像小屋,215:14,女流录像小屋
BV1pj411R7Re,2023-07-19,【刘飞儿】看《主播真会玩女神篇168》没人冒充我；宾州是什么,旧炉新火,14:40,女流 录播
BV1VV4y1t7Gy,2023-07-19,女流-2023.7.19-Street Fighter,女流录像小屋,294:42,女流录像小屋
BV1894y1i7CB,2023-07-19,【甜心战士】看《主播真会玩女神篇168》以后再也不整活了,旧炉新火,14:29,女流 录播
BV1Jj411o7c1,2023-07-17,女流-2023.7.16-Techtonica,女流录像小屋,263:5,女流录像小屋
BV1vV4y1b7rG,2023-07-15,女流-2023.7.15-街霸6,女流录像小屋,287:39,女流录像小屋
BV1dX4y1a7yS,2023-07-15,P1-女流-2023.7.14-六六聊封神,女流录像小屋,213:9,女流录像小屋
BV1iP411y7Qd,2023-07-15,P2-女流-2023.7.14-六六聊封神,女流录像小屋,213:9,女流录像小屋
BV1wX4y1Y7Zm,2023-07-14,女流-2023.7.13-面包和年糕,女流录像小屋,190:36,女流录像小屋
BV1oN41117S9,2023-07-14,女流-2023.7.13-糖豆人,女流录像小屋,328:44,女流录像小屋
BV17M4y1x7j9,2023-07-13,女流-2023.7.12-糖豆人,女流录像小屋,98:24,女流录像小屋
BV1AN411U7oQ,2023-07-13,P1-女流-2023.7.12-糖豆人,女流录像小屋,240:38,女流录像小屋
BV1Tm4y1E7LF,2023-07-12,女流-2023.7.10-糖豆人,女流录像小屋,144:39,女流录像小屋
BV1oj411Z7hb,2023-07-12,糖豆人菠萝对猪猪使用了河马冲撞，还冤枉猪猪，猪猪直接带着录播组升堂，菠神好硬的嘴啊，灭霸都甘拜下风了,人间观丶观主,3:33,女流 录播
BV1Kz4y177Re,2023-07-11,女流-2023.7.11-土豆兄弟,女流录像小屋,277:9,女流录像小屋
BV1Dh4y1Z71P,2023-07-11,女流-2023.7.10-糖豆人,女流录像小屋,149:32,女流录像小屋
BV1G14y1d7te,2023-07-10,女流-2023.7.10-土豆兄弟,女流录像小屋,239:54,女流录像小屋
BV1cV4y1b77j,2023-07-10,【底特律：化身为人】9、逃犯（卡拉携女流落空屋）,青木林生,25:27,女流 切片
BV1E14y1R7JH,2023-07-09,女流-2023.7.8-GYLT,女流录像小屋,264:53,女流录像小屋
BV1Gm4y1n7be,2023-07-09,女流-2023.7.8-糖豆人,女流录像小屋,194:17,女流录像小屋
BV1iX4y1e74u,2023-07-09,【周淑怡】看《主播真会玩主机篇183》桀哥“头部主播”是这样的,旧炉新火,15:57,女流 录播
BV1uW4y1f7Xs,2023-07-08,【甜心战士】看《主播真会玩主机篇183》孙哥下身失踪变RGB大腿,旧炉新火,19:28,女流 录播
BV19j411o72T,2023-07-07,女流-2023.7.7-潜水员戴夫,女流录像小屋,308:27,女流录像小屋
BV1SX4y1Y7WR,2023-07-07,女流-2023.7.6-潜水员戴夫,女流录像小屋,271:48,女流录像小屋
BV1Mu41187pJ,2023-07-05,女流-2023.7.5-土豆兄弟,女流录像小屋,332:22,女流录像小屋
BV1jN411S7QQ,2023-07-05,女流-2023.7.4-糖豆人,女流录像小屋,225:53,女流录像小屋
BV1rh4y1M7nJ,2023-07-03,女流-2023.7.2-糖豆人,女流录像小屋,238:4,女流录像小屋
BV1wF411R7Tw,2023-07-03,女流-2023.7.2-潜水员戴夫,女流录像小屋,171:11,女流录像小屋
BV1oM4y177R2,2023-07-03,女流-2023.7.1-AI变声,女流录像小屋,113:54,女流录像小屋
BV1pm4y1Y7x1,2023-07-02,【周淑怡】看《主播真会玩女神篇167》周姐竟是鲁迅后人？江南女子肩膀窄；看战鹰下巴内分泌失调,旧炉新火,17:55,女流 录播
BV12X4y1n7QD,2023-07-01,女流-2023.7.1-潜水员戴夫,女流录像小屋,330:34,女流录像小屋
BV1ga4y1w7JP,2023-06-30,女流-2023.6.14-Street Fighter,女流录像小屋,192:47,女流录像小屋
BV1jF411o7tz,2023-06-30,P1-女流-2023.6.30-Street Fighter,女流录像小屋,91:4,女流录像小屋
BV1km4y1a7ib,2023-06-29,女流-2023.6.29-卧龙,女流录像小屋,234:0,女流录像小屋
BV1BP411i7Bv,2023-06-29,【周淑怡】看《主播真会玩主机篇182》寅子住的是炮景房,旧炉新火,18:39,女流 录播
BV1kX4y1q7nb,2023-06-28,女流66萌宠：小窝入驻chi66抖音，定期推送小窝萌呆视频。#女流66,chi66女流,0:43,女流 抖音
BV1EF411o7ze,2023-06-28,P2-女流-2023.6.27-最终幻想XVI,女流录像小屋,217:57,女流录像小屋
BV1HX4y1q7ao,2023-06-28,P1-女流-2023.6.27-最终幻想XVI,女流录像小屋,217:54,女流录像小屋
BV1hu41187PK,2023-06-26,女流-2023.6.26-最终幻想XVI,女流录像小屋,292:9,女流录像小屋
BV18a4y1A7NZ,2023-06-26,猪猪公主被妈妈吐槽别人家小孩女流66，然后看到YJJ就烦哈哈哈,笙笙子,1:20,女流 切片
BV1zu41187Qi,2023-06-25,女流-2023.6.25-最终幻想XVI,女流录像小屋,332:46,女流录像小屋
BV12P411v7h1,2023-06-25,女流-2023.6.24-最终幻想XVI,女流录像小屋,355:57,女流录像小屋
BV1uX4y1q76f,2023-06-24,P2-女流-2023.6.23-最终幻想XVI,女流录像小屋,296:59,女流录像小屋
BV1Tu411h7an,2023-06-24,P1-女流-2023.6.23-最终幻想XVI,女流录像小屋,52:57,女流录像小屋
BV1Km4y1e7Qv,2023-06-23,【甜心战士】看《主播真会玩主机篇182》老大急得都发朋友圈了,旧炉新火,16:15,女流 录播
BV1Dk4y1M7iT,2023-06-22,女流-2023.6.21-糖豆人,女流录像小屋,257:50,女流录像小屋
BV19V4y1C7nk,2023-06-21,女流-2023.6.20-糖豆人,女流录像小屋,529:47,女流录像小屋
BV1M14y1U7oU,2023-06-20,女流-2023.6.19-糖豆人,女流录像小屋,435:51,女流录像小屋
BV1bP411v7Vz,2023-06-20,女流竟在官方直播中，隔空喊话水友想要再续前缘？,账号已注销,1:35,女流 冒险岛
BV1mc411M7YT,2023-06-19,女流-2023.6.17-糖豆人,女流录像小屋,388:46,女流录像小屋
BV1EN411r7w4,2023-06-19,女流-2023.6.18-糖豆人,女流录像小屋,392:4,女流录像小屋
BV1Eh4y197nT,2023-06-18,冒险岛手游直播回顾 女流现场暴打扎昆,账号已注销,4:40,女流 冒险岛
BV1Jz4y1v7wC,2023-06-18,冒险岛手游直播回顾 女流现场暴打希纳斯,账号已注销,0:48,女流 冒险岛
BV19z4y1e7AA,2023-06-18,冒险岛手游直播回顾 刻进女流DNA的地图BGM,账号已注销,3:25,女流 冒险岛
BV1bP411q7h8,2023-06-17,冒险岛手游首发，女流挑战暗黑龙王4,账号已注销,1:25,女流 冒险岛
BV1ek4y1M7Qn,2023-06-17,冒险岛手游首发，女流挑战暗黑龙王2,账号已注销,1:11,女流 冒险岛
BV1Ec411M72L,2023-06-17,冒险岛手游首发，女流挑战暗黑龙王,账号已注销,1:53,女流 冒险岛
BV1Jz4y1v7Sn,2023-06-17,【高清素材私】女流66 2023-06-17直播录像|直播回放|录播 - 全新玩家自制图糖豆人一起嗨,直播代录luzhiob,0:33,女流 录播
BV1Sm4y1Y7Rh,2023-06-17,女流-2023.6.16-冒险岛 枫之传说,女流录像小屋,136:14,女流 冒险岛|女流录像小屋
BV1fh4y137v4,2023-06-17,冒险岛手游直播回顾 女流现场暴打品克缤,账号已注销,1:1,女流 冒险岛
BV1ah4y137FD,2023-06-17,冒险岛手游直播回顾 女流现场暴打暗黑龙王,账号已注销,5:36,女流 冒险岛
BV1QP411B7EM,2023-06-14,女流-2023.6.14-Street Fighter,女流录像小屋,287:48,女流录像小屋
BV1Jh4y137R2,2023-06-14,【高清素材私】女流66 2023-06-14直播录像|直播回放|录播 - 一进来就看见66在梳头,直播代录luzhiob,286:38,女流 录播
BV11c411g7YJ,2023-06-14,女流-2023.6.13-Street Fighter,女流录像小屋,452:8,女流录像小屋
BV1gc411g7KK,2023-06-14,【高清素材私】女流66 2023-06-13直播录像|直播回放|录播 - 一进来就看见66在梳头,直播代录luzhiob,448:15,女流 录播
BV1Js4y1y7qN,2023-06-13,女流-2023.6.12-Street Fighter,女流录像小屋,320:7,女流录像小屋
BV11k4y1n76m,2023-06-13,女流-2023.6.11-Street Fighter,女流录像小屋,351:51,女流录像小屋
BV1Cs4y1v7tu,2023-06-12,【高清素材私】女流66 2023-06-12直播录像|直播回放|录播 - 一进来就看见66在打架,直播代录luzhiob,318:58,女流 录播
BV1rN411k7Lx,2023-06-12,chi66打假宣传，各位水友注意：chi66内蒙特产零食是女流旗下自营品牌，抖音、淘宝、京东三大平台唯一官方店铺。#女流66 #chi66牛肉干 #chi66,chi66女流,1:45,女流 抖音
BV1Uc411u7Fb,2023-06-12,【高清素材私】女流66 2023-06-11直播录像|直播回放|录播 - 一进来就看见66在打架,直播代录luzhiob,349:25,女流 录播
BV1ah411T7EA,2023-06-11,女流-2023.6.10-Street Fighter,女流录像小屋,231:26,女流录像小屋
BV1ik4y1n76t,2023-06-10,【高清素材私】女流66 2023-06-10直播录像|直播回放|录播 - 女流66,直播代录luzhiob,219:57,女流 录播
BV1Nu411Y7yL,2023-06-10,女流-2023.6.9-Street Fighter,女流录像小屋,339:45,女流录像小屋
BV1cm4y1q76f,2023-06-09,【高清素材私】女流66 2023-06-09直播录像|直播回放|录播 - 【钻粉2.5倍】一进来就看见66在打架,直播代录luzhiob,336:43,女流 录播
BV1u14y1Q7DL,2023-06-09,女流-2023.6.8-Street Fighter,女流录像小屋,350:58,女流录像小屋
BV1ph4y1G7E2,2023-06-09,【高清素材私】女流66 2023-06-08直播录像|直播回放|录播 - 【钻粉2.5倍】一进来就看见66在打架,直播代录luzhiob,350:28,女流 录播
BV1sj411Q7po,2023-06-08,女流-2023.6.7-Only UP,女流录像小屋,281:36,女流录像小屋
BV1j8411Z7oJ,2023-06-07,【高清素材私】女流66 2023-06-07直播录像|直播回放|录播 - 【钻粉2.5倍】你们点的only up,直播代录luzhiob,279:39,女流 录播
BV1ez4y1v7Kt,2023-06-07,女流-2023.6.6-Only UP,女流录像小屋,344:1,女流录像小屋
BV1sm4y1q7uw,2023-06-06,【高清素材私】女流66 2023-06-06直播录像|直播回放|录播 - 【钻粉2.5倍】你们点的only up,直播代录luzhiob,260:47,女流 录播
BV1Ts4y1q7L8,2023-06-06,女流-2023.6.5-Only UP,女流录像小屋,279:9,女流录像小屋
BV1Hc41137PW,2023-06-06,【高清素材私】女流66 2023-06-06直播录像|直播回放|录播 - 女流66,直播代录luzhiob,39:48,女流 录播
BV18X4y187c7,2023-06-05,【高清素材私】女流66 2023-06-05直播录像|直播回放|录播 - 你们点的天天向上,直播代录luzhiob,278:1,女流 录播
BV1mh4y1d72p,2023-06-03,P3-女流-2023.6.2-塞尔达传说,女流录像小屋,179:2,女流录像小屋
BV1RL411q78m,2023-06-03,P1-女流-2023.6.2-塞尔达传说,女流录像小屋,179:1,女流录像小屋
BV1kN4111764,2023-06-03,P2-女流-2023.6.2-塞尔达传说,女流录像小屋,179:3,女流录像小屋
BV1Gc411V77h,2023-06-03,【高清素材私】女流66 2023-06-02直播录像|直播回放|录播 - 【今日双倍】中午来塞尔达！！,直播代录luzhiob,536:36,女流 录播
BV1Sk4y1W7Wy,2023-06-02,P1-女流-2023.6.1-塞尔达传说,女流录像小屋,208:55,女流录像小屋
BV17k4y1s7Th,2023-06-02,P2-女流-2023.6.1-塞尔达传说,女流录像小屋,208:56,女流录像小屋
BV1824y1P7za,2023-06-02,P3-女流-2023.6.1-塞尔达传说,女流录像小屋,208:56,女流录像小屋
BV1TW4y1R77L,2023-06-01,【高清素材私】女流66 2023-06-01直播录像|直播回放|录播 - 【钻粉2.5倍】上午来塞尔达！！,直播代录luzhiob,294:4,女流 录播
BV1th4y1s7iH,2023-06-01,【高清素材私】女流66 2023-06-01直播录像|直播回放|录播 - 女流66,直播代录luzhiob,242:57,女流 录播
BV1GW4y1R7k6,2023-06-01,P1-女流-2023.5.31-塞尔达传说,女流录像小屋,182:8,女流录像小屋
BV1Fm4y1t7W4,2023-06-01,P3-女流-2023.5.31-塞尔达传说,女流录像小屋,182:12,女流录像小屋
BV1MW4y1R71g,2023-05-31,P2-女流-2023.5.31-塞尔达传说,女流录像小屋,182:10,女流录像小屋
BV1Ws4y1i7rG,2023-05-31,【高清素材私】女流66 2023-05-31直播录像|直播回放|录播 - 【钻粉2.5倍】上午来塞尔达！！,直播代录luzhiob,544:33,女流 录播
BV1es4y1B7bU,2023-05-31,P3-女流-2023.5.30-塞尔达传说,女流录像小屋,178:19,女流录像小屋
BV1bV4y1z7Xy,2023-05-31,P1-女流-2023.5.30-塞尔达传说,女流录像小屋,178:17,女流录像小屋
BV1XN411y7WA,2023-05-31,【高清素材私】女流66 2023-05-30直播录像|直播回放|录播 - 上午十点来塞尔达！！,直播代录luzhiob,533:53,女流 录播
BV1Rh4y1R7RN,2023-05-31,P2-女流-2023.5.30-塞尔达传说,女流录像小屋,178:18,女流录像小屋
BV18L411q79W,2023-05-30,P2 -女流-2023.5.28-塞尔达传说,女流录像小屋,225:7,女流录像小屋
BV18o4y137mz,2023-05-30,P1 -女流-2023.5.28-塞尔达传说,女流录像小屋,225:6,女流录像小屋
BV1r24y1A7m4,2023-05-29,【高清素材私】女流66 2023-05-29直播录像|直播回放|录播 - 【今日双倍】上午十点来塞尔达！！,直播代录luzhiob,529:1,女流 录播
BV1JV4y1z7Rh,2023-05-29,P2-女流-2023.5.27-塞尔达传说,女流录像小屋,222:39,女流录像小屋
BV11k4y1W7ad,2023-05-28,P1-女流-2023.5.27-塞尔达传说,女流录像小屋,222:37,女流录像小屋
BV1xN41117BJ,2023-05-28,【高清素材私】女流66 2023-05-28直播录像|直播回放|录播 - 【今日双倍】上午十点来塞尔达！！,直播代录luzhiob,313:2,女流 录播
BV1Mz4y1z7is,2023-05-28,【寅子】老大终于看咱视频了,扣扣太子,9:27,女流 录播
BV19u411W7b9,2023-05-27,【高清素材私】女流66 2023-05-27直播录像|直播回放|录播 - 上午十点来塞尔达！！,直播代录luzhiob,444:13,女流 录播
BV1yo4y1g79A,2023-05-27,P1-女流-2023.5.26-塞尔达传说,女流录像小屋,225:38,女流录像小屋
BV1KL411z7j7,2023-05-27,P2-女流-2023.5.26-塞尔达传说,女流录像小屋,225:41,女流录像小屋
BV14s4y1T7Tt,2023-05-26,【高清素材私】女流66 2023-05-26直播录像|直播回放|录播 - 上午十点来塞尔达！！,直播代录luzhiob,449:59,女流 录播
BV1ak4y1x7XJ,2023-05-25,P2-女流-2023.5.25-塞尔达传说,女流录像小屋,384:41,女流录像小屋
BV1QP41197Xr,2023-05-25,六男七女流落无人岛，在危险中荒岛求生，13人版鲁宾逊漂流记，从未见过如此厚颜无耻之人！一口气看完荒岛求生美剧《被遗忘的岛》完整版！,大章追剧,56:46,女流 冒险岛
BV1sz4y1B7x1,2023-05-25,【高清素材私】女流66 2023-05-25直播录像|直播回放|录播 - 上午十点来塞尔达！！,直播代录luzhiob,408:58,女流 录播
BV14P411Q733,2023-05-25,P1-女流-2023.5.25-塞尔达传说,女流录像小屋,24:44,女流录像小屋
BV18h411c7dX,2023-05-25,猪猪公主：好喜欢女流66这种温柔大姐姐啊！！不知道什么时候可以认识一下,笙笙子,0:37,女流 切片
BV1Xh4y1t74L,2023-05-24,女流-2023.5.23-塞尔达传说,女流录像小屋,185:24,女流录像小屋
BV16m4y1t7qV,2023-05-23,【高清素材私】女流66 2023-05-23直播录像|直播回放|录播 - 【今日双倍】上午10点来塞尔达！！！,直播代录luzhiob,185:10,女流 录播
BV1JX4y1y7aP,2023-05-23,【高清素材私】女流66 2023-05-23直播录像|直播回放|录播 - 女流66,直播代录luzhiob,532:8,女流 录播
BV1rs4y1q7hq,2023-05-23,女流-2023.5.22-塞尔达传说,女流录像小屋,377:59,女流录像小屋
BV1Bd4y1Z77c,2023-05-22,女流-2023.5.22-斗鱼高校音乐盛典,女流录像小屋,144:4,女流录像小屋
BV1Ah4y1o7cu,2023-05-22,P1-女流-2023.5.21-塞尔达传说,女流录像小屋,178:10,女流录像小屋
BV1BV4y167FM,2023-05-22,P3-女流-2023.5.21-塞尔达传说,女流录像小屋,178:14,女流录像小屋
BV1DM4y1q7MT,2023-05-22,P2-女流-2023.5.21-塞尔达传说,女流录像小屋,178:12,女流录像小屋
BV1Y24y1N7jK,2023-05-22,【高清素材私】女流66 2023-05-21直播录像|直播回放|录播 - 【今日双倍】上午10点来塞尔达！！！,直播代录luzhiob,533:32,女流 录播
BV1Hh4y1o7XG,2023-05-21,P2-女流-2023.5.19-塞尔达传说,女流录像小屋,240:1,女流录像小屋
BV1Fd4y1f7cF,2023-05-21,P1-女流-2023.5.19-塞尔达传说,女流录像小屋,240:1,女流录像小屋
BV14h411F7mm,2023-05-21,P3-女流-2023.5.19-塞尔达传说,女流录像小屋,37:10,女流录像小屋
BV1cu41147WX,2023-05-21,女流-2023.5.20-塞尔达传说,女流录像小屋,549:2,女流录像小屋
BV1Qs4y1M7pd,2023-05-20,【刘飞儿】看《主播真会玩女神篇164》飞儿唱东京不热；NPC还在斗鱼？,旧炉新火,18:39,女流 录播
BV1rh411w7rA,2023-05-19,【高清素材私】女流66 2023-05-19直播录像|直播回放|录播 - 【今日双倍】上午10点来塞尔达！！！,直播代录luzhiob,516:40,女流 录播
BV1GM4y1q7qh,2023-05-19,女流-2023.5.18-塞尔达传说,女流录像小屋,543:43,女流录像小屋
BV19m4y187KS,2023-05-19,女流-2023.5.17-塞尔达传说,女流录像小屋,550:4,女流录像小屋
BV1fs4y1M73N,2023-05-19,【高清素材私】女流66 2023-05-18直播录像|直播回放|录播 - 【今日双倍】上午10点来塞尔达！！！,直播代录luzhiob,542:5,女流 录播
BV1Tz4y1b7bL,2023-05-18,【高清素材私】女流66 2023-05-17直播录像|直播回放|录播 - 女流66,直播代录luzhiob,525:55,女流 录播
BV1XT411t7g3,2023-05-18,P2-女流-2023.5.16-塞尔达传说,女流录像小屋,252:27,女流录像小屋
BV1Am4y187GV,2023-05-17,P1-女流-2023.5.16-塞尔达传说,女流录像小屋,252:27,女流录像小屋
BV19h411c7GW,2023-05-16,【高清素材私】女流66 2023-05-16直播录像|直播回放|录播 - 上午10点来塞尔达！！！,直播代录luzhiob,501:3,女流 录播
BV1es4y1g7eA,2023-05-16,P2-女流-2023.5.15-塞尔达传说,女流录像小屋,296:52,女流录像小屋
BV1Cc411P7pf,2023-05-16,P1-女流-2023.5.15-塞尔达传说,女流录像小屋,296:51,女流录像小屋
BV1ch4y1t7Ek,2023-05-16,【甜心战士】看《主播对对碰60》抱一下会被弹开；灶台擦了我又不是南夕君,旧炉新火,21:3,女流 录播
BV1La4y1u7WK,2023-05-16,【刘飞儿】看[周淑怡]看《主播对对碰60》今天胸上画着兄弟们；街溜子才看直播；她的表情好好笑,旧炉新火,19:58,女流 录播
BV1LX4y117m2,2023-05-16,【刘飞儿】看《主播对对碰60》男人真无聊；想看周姐看这期,旧炉新火,17:12,女流 录播
BV1ha4y1u7wb,2023-05-16,【高清素材私】女流66 2023-05-15直播录像|直播回放|录播 - 上午10点来塞尔达！！！,直播代录luzhiob,593:24,女流 录播
BV16P411R7Vb,2023-05-15,P1-女流-2023.5.14-塞尔达传说,女流录像小屋,307:31,女流录像小屋
BV1Cc411P7j7,2023-05-15,P2-女流-2023.5.14-塞尔达传说,女流录像小屋,284:52,女流录像小屋
BV1HL41167HX,2023-05-14,女流-2023.5.13-塞尔达传说,女流录像小屋,551:5,女流录像小屋
BV1eT411t7tC,2023-05-14,【高清素材私】女流66 2023-05-13直播录像|直播回放|录播 - 【钻粉2.5倍】上午10点来塞尔达！！！,直播代录luzhiob,550:33,女流 录播
BV1Vc411P7zR,2023-05-13,P1-女流-2023.5.12-塞尔达传说,女流录像小屋,282:25,女流录像小屋
BV1424y1M7Zg,2023-05-13,【高清素材私】女流66 2023-05-12直播录像|直播回放|录播 - 上午10点来塞尔达！！！,直播代录luzhiob,250:53,女流 录播
BV1VP411R7WD,2023-05-12,P2-女流-2023.5.12-塞尔达传说,女流录像小屋,282:28,女流录像小屋
BV1cX4y117Tc,2023-05-12,女流-2023.5.11-邪恶冥刻,女流录像小屋,373:52,女流录像小屋
BV1hk4y177RA,2023-05-11,女流-2023.5.10-六六聊聊,女流录像小屋,240:55,女流录像小屋
BV1Nz4y187MK,2023-05-10,【高清素材私】女流66 2023-05-10直播录像|直播回放|录播 - 女流66,直播代录luzhiob,33:0,女流 录播
BV1mP41117rt,2023-05-09,女流-2023.5.9-邪恶冥刻,女流录像小屋,223:59,女流录像小屋
BV1aT41187qi,2023-05-08,女流-2023.5.8-虚空列车,女流录像小屋,288:26,女流录像小屋
BV1rL41187yv,2023-05-08,女流-2023.5.7-心灵砒霜弹幕版,女流录像小屋,260:47,女流录像小屋
BV1BP41117me,2023-05-07,【周淑怡】看《主播真会玩主机篇179》1米92谁家小孩；宋上繁华全是狗官,旧炉新火,16:58,女流 录播
BV1Wh4y1b7Re,2023-05-07,女流-2023.5.7-心灵砒霜,女流录像小屋,260:47,女流录像小屋
BV1ia4y1g7by,2023-05-07,【刘飞儿】看《主播真会玩女神篇163》飞儿狡辩不是弱智；伞树十年还是很甜,旧炉新火,19:59,女流 录播
BV18M41137pS,2023-05-07,【高清素材私】女流66 2023-05-07直播录像|直播回放|录播 - 【钻粉2.5倍】156277直播间,直播代录luzhiob,259:37,女流 录播
BV1sX4y127jH,2023-05-07,【甜心战士】看《主播真会玩主机篇179》主机区主播聊天比打游戏有意思,旧炉新火,18:7,女流 录播
BV1ps4y137gn,2023-05-07,女流-2023.5.6-邪恶冥刻,女流录像小屋,260:50,女流录像小屋
BV1QM411g7tg,2023-05-05,女流-2023.5.5-候鸟,女流录像小屋,289:57,女流录像小屋
BV1Fg4y157Wz,2023-05-05,【高清素材私】女流66 2023-05-05直播录像|直播回放|录播 - 候鸟今日完结,直播代录luzhiob,288:5,女流 录播
BV1nh4y1J75F,2023-05-05,女流-2023.4.30-心灵砒霜弹幕版,女流录像小屋,269:25,女流录像小屋
BV1NM41137nZ,2023-05-05,女流-2023.4.30-心灵砒霜,女流录像小屋,269:25,女流录像小屋
BV1zc411N7ws,2023-05-05,女流-2023.5.4-候鸟,女流录像小屋,305:11,女流录像小屋
BV19z4y1h7Uw,2023-05-04,【高清素材私】女流66 2023-05-04直播录像|直播回放|录播 - 156277直播间,直播代录luzhiob,302:16,女流 录播
BV1y14y1Z7t3,2023-05-03,【高清素材私】女流66 2023-05-03直播录像|直播回放|录播 - 【双倍+1元粉丝牌】恐怖恐怖,直播代录luzhiob,392:12,女流 录播
BV1so4y1x7rQ,2023-05-03,女流-2023.5.3-BrambleThe Mountain King,女流录像小屋,205:1,女流录像小屋
BV1Rg4y1L75D,2023-05-03,【YJJ】看《主播真会玩女神篇163》听伞皇告白史，yjj会心一笑,旧炉新火,14:24,女流 录播
BV1as4y1w7M6,2023-05-01,【周淑怡】看《主播真会玩女神篇163》同款麦克风66声音好听；沫子猪八戒背媳妇,旧炉新火,15:49,女流 录播
BV1Kh411L7rR,2023-04-30,女流-2023.4.29-饥荒联机版,女流录像小屋,307:31,女流录像小屋
BV1wT411h73R,2023-04-30,【高清素材私】女流66 2023-04-30直播录像|直播回放|录播 - 【钻粉2.5倍】五一假期中有个周日,直播代录luzhiob,269:4,女流 录播
BV1DM4y187q4,2023-04-29,【高清素材私】女流66 2023-04-29直播录像|直播回放|录播 - 【钻粉2.5倍+1元粉丝牌】156277,直播代录luzhiob,308:34,女流 录播
BV1Ds4y1c7c3,2023-04-28,女流-2023.4.28-桃源深处有人家&amp;长梦,女流录像小屋,219:43,女流录像小屋
BV13s4y1w7tu,2023-04-28,【高清素材私】女流66 2023-04-28直播录像|直播回放|录播 - 女流66,直播代录luzhiob,170:5,女流 录播
BV1hM411G7EJ,2023-04-27,女流-2023.4.27-火山的女儿,女流录像小屋,243:28,女流录像小屋
BV1Bo4y1w7GV,2023-04-27,【高清素材私】女流66 2023-04-27直播录像|直播回放|录播 - 女流66,直播代录luzhiob,243:14,女流 录播
BV14k4y1J7GN,2023-04-27,女流-2023.4.26-火山的女儿,女流录像小屋,355:46,女流录像小屋
BV1Km4y117jz,2023-04-27,【高清素材私】女流66 2023-04-26直播录像|直播回放|录播 - 【今日双倍】我要当个好爸爸,直播代录luzhiob,354:33,女流 录播
BV1aM4y187qX,2023-04-25,【周淑怡】看《主播真会玩主机篇178》辣眼睛，周姐真ikun，绝对不玩小黑子游戏,旧炉新火,16:48,女流 录播
BV1yM4y1a7Yt,2023-04-25,女流-2023.4.24-满庭芳：宋上繁华,女流录像小屋,111:49,女流录像小屋
BV1AM411G7Vu,2023-04-25,【高清素材私】女流66 2023-04-24直播录像|直播回放|录播 - 女流66,直播代录luzhiob,223:55,女流 录播
BV1Vh4y1n7rc,2023-04-24,女流-2023.4.24-火山的女儿,女流录像小屋,158:38,女流录像小屋
BV1ec411H7us,2023-04-24,女流-2023.4.23-满庭芳：宋上繁华,女流录像小屋,319:2,女流录像小屋
BV1Rh411E7qJ,2023-04-23,【高清素材私】女流66 2023-04-23直播录像|直播回放|录播 - 走马上任咯~~~~,直播代录luzhiob,317:41,女流 录播
BV1iP411m7me,2023-04-22,女流-2023.4.22-满庭芳：宋上繁华,女流录像小屋,269:47,女流录像小屋
BV1os4y1d7dS,2023-04-22,【高清素材私】女流66 2023-04-22直播录像|直播回放|录播 - 走马上任咯~~~~,直播代录luzhiob,269:42,女流 录播
BV1ao4y1b78o,2023-04-22,女流-2023.4.18-满庭芳：宋上繁华,女流录像小屋,246:23,女流录像小屋
BV1p14y1f7Y7,2023-04-22,【甜心战士】看《主播真会玩主机篇178》孙哥还会玩生化4,旧炉新火,17:19,女流 录播
BV1i14y1f7yX,2023-04-22,女流-2023.4.20-满庭芳：宋上繁华,女流录像小屋,417:34,女流录像小屋
BV1Us4y1w7zX,2023-04-21,【高清素材私】女流66 2023-04-20直播录像|直播回放|录播 - 来吧，重现宋代繁华~,直播代录luzhiob,415:38,女流 录播
BV1VX4y167bg,2023-04-19,【高清素材私】女流66 2023-04-19直播录像|直播回放|录播 - 来吧，重现宋代繁华~,直播代录luzhiob,244:38,女流 录播
BV1Ms4y1A7yb,2023-04-19,女流-2023.4.18-满庭芳：宋上繁华,女流录像小屋,262:8,女流录像小屋
BV1MV4y1o7E1,2023-04-18,【高清素材私】女流66 2023-04-18直播录像|直播回放|录播 - 来吧，重现宋代繁华~,直播代录luzhiob,261:29,女流 录播
BV1Pk4y1a7J8,2023-04-16,女流-2023.4.16-心灵砒霜,女流录像小屋,249:16,女流录像小屋
BV1Xc411n7se,2023-04-16,【高清素材私】女流66 2023-04-16直播录像|直播回放|录播 - 各位的耳朵有福了,直播代录luzhiob,248:2,女流 录播
BV1gN411A7YH,2023-04-15,女流-2023.4.14-只狼,女流录像小屋,323:35,女流录像小屋
BV1kL411f7Az,2023-04-14,【高清素材私】女流66 2023-04-14直播录像|直播回放|录播 - 已白金， 打打连战,直播代录luzhiob,320:48,女流 录播
BV1uL411m7JF,2023-04-13,女流-2023.4.12-只狼,女流录像小屋,359:35,女流录像小屋
BV1UL411f7yR,2023-04-13,女流-2023.4.11-只狼,女流录像小屋,527:44,女流录像小屋
BV1Ak4y1e7FK,2023-04-12,【高清素材私】女流66 2023-04-12直播录像|直播回放|录播 - 只狼白金就在今天了吧,直播代录luzhiob,355:53,女流 录播
BV1CM4y117GF,2023-04-12,【高清素材私】女流66 2023-04-11直播录像|直播回放|录播 - 女流66,直播代录luzhiob,524:54,女流 录播
BV1Ks4y1P7HS,2023-04-11,女流-2023.4.10-只狼,女流录像小屋,368:59,女流录像小屋
BV1Gm4y1m7GQ,2023-04-11,女流-2023.4.9-只狼,女流录像小屋,439:0,女流录像小屋
BV1o84y1T7pG,2023-04-11,女流-2023.4.8-只狼,女流录像小屋,421:8,女流录像小屋
BV1BM4y117Ag,2023-04-10,【高清素材私】女流66 2023-04-10直播录像|直播回放|录播 - 只狼打铁打铁当当当当,直播代录luzhiob,366:56,女流 录播
BV1Sh411g7dN,2023-04-10,【甜心战士】看《主播真会玩主机篇177》别让66去澳门；细说飞盘社交局；孙哥打拳被截图,旧炉新火,17:0,女流 录播
BV1bL41127Jr,2023-04-09,【高清素材私】女流66 2023-04-09直播录像|直播回放|录播 - 【钻粉2.5倍】只狼白金之路,直播代录luzhiob,438:11,女流 录播
BV1t24y1w7BV,2023-04-09,【周淑怡】看《主播真会玩主机篇177》周姐真有行动力，看完就下新游戏,旧炉新火,18:30,女流 录播
BV1Ch411g7RQ,2023-04-08,【高清素材私】女流66 2023-04-08直播录像|直播回放|录播 - 女流66,直播代录luzhiob,239:8,女流 录播
BV1Ng4y137uP,2023-04-08,【高清素材私】女流66 2023-04-08直播录像|直播回放|录播 - 皮蛋节来啦，一起组队蛋仔杀~,直播代录luzhiob,5:26,女流 录播
BV1vc411W7ts,2023-04-08,【高清素材私】女流66 2023-04-07直播录像|直播回放|录播 - 女流66,直播代录luzhiob,418:39,女流 录播
BV1xm4y1B7ya,2023-04-07,女流-2023.4.6-只狼,女流录像小屋,419:13,女流录像小屋
BV1qg4y1g7WR,2023-04-05,女流-2023.4.4-AltF4 2,女流录像小屋,294:47,女流录像小屋
BV1Kj411A7L8,2023-04-05,【6&amp;Y】这是我今年听过最难听的一句话，2023年4月5日,-Waiting-chan-,15:36,女流 切片
BV1Vm4y167ys,2023-04-04,【YJJ】炮大厨关火猛嗦花甲，石66夺食光速下播,Kaguya鈴,1:44,女流 切片
BV1eM4y1m7e6,2023-04-03,女流-2023.4.3-AltF4 2,女流录像小屋,329:43,女流录像小屋
BV1dk4y1i7os,2023-04-02,女流-2023.4.2-渔帆暗涌,女流录像小屋,230:6,女流录像小屋
BV1kj411w7HF,2023-04-02,女流-2023.4.1-渔帆暗涌,女流录像小屋,348:11,女流录像小屋
BV1UX4y1R778,2023-03-31,瑟瑟的女人西了 也会变成女流氓呀#我在抖音看动漫 #动漫解说 #看得见的女孩,肝帝豪少,1:58,女流 抖音
BV1aL411S7ie,2023-03-30,女流-2023.3.29-Storyteller,女流录像小屋,120:5,女流录像小屋
BV1tg4y1s7yn,2023-03-26,女流-2023.3.26-生化危机4,女流录像小屋,409:46,女流录像小屋
BV1dM411u7H4,2023-03-25,女流-2023.3.25-生化危机4,女流录像小屋,397:29,女流录像小屋
BV1im4y167pK,2023-03-24,女流-2023.3.24-生化危机4,女流录像小屋,337:54,女流录像小屋
BV1ks4y1n72m,2023-03-22,女流-2023.3.22-生化危机3,女流录像小屋,401:25,女流录像小屋
BV1iX4y1Z7MK,2023-03-20,女流-2023.3.20-心灵砒霜,女流录像小屋,107:53,女流录像小屋
BV1JV4y197mw,2023-03-20,P2-女流-2023.3.15-生化危机2,女流录像小屋,210:28,女流录像小屋
BV1eM411H75f,2023-03-19,P1-女流-2023.3.15-生化危机2,女流录像小屋,210:27,女流录像小屋
BV1924y1u7Vm,2023-03-19,【真栗】看《主播真会玩女神篇160》llm萝莉音不敌杨树；六年后llm孩子满地跑；咻咻满生日llm送火箭；llm学开车上海的朋友小心,旧炉新火,29:44,女流 录播
BV1N24y1473m,2023-03-19,女流-2023.3.17-生化危机2,女流录像小屋,276:4,女流录像小屋
BV1ds4y1H7DX,2023-03-19,女流-2023.3.16-生化危机2,女流录像小屋,228:36,女流录像小屋
BV1zP411d76f,2023-03-18,女流-2023.3.18-英雄联盟,女流录像小屋,307:53,女流录像小屋
BV12g4y1478y,2023-03-15,【高清素材私】女流66 2023-03-15直播录像|直播回放|录播 - 156277直播间,直播代录luzhiob,419:50,女流 录播
BV1E8411F7LE,2023-03-14,【刘飞儿】看《主播真会玩女神篇160》恶语伤人心，飞儿悟出互联网真理；用萝莉音讲冷笑话,旧炉新火,24:12,女流 录播
BV1xX4y1f716,2023-03-13,【甜心战士】看《主播真会玩[只狼]特别篇》考古，时隔四年再玩只狼,旧炉新火,17:38,女流 录播
BV1hL411y7Cc,2023-03-12,女流-2023.3.12-大侠立志传,女流录像小屋,217:53,女流录像小屋
BV1DY411B7Cb,2023-03-12,【高清素材私】女流66 2023-03-12直播录像|直播回放|录播 - 【钻粉2.5倍】六大侠，要立志！,直播代录luzhiob,382:25,女流 录播
BV1hL411y7Wv,2023-03-11,女流-2023.3.11-大侠立志传,女流录像小屋,371:47,女流录像小屋
BV16k4y1h7AF,2023-03-11,女流-2023.3.10-大侠立志传,女流录像小屋,354:8,女流录像小屋
BV1xX4y1S7nF,2023-03-10,【高清素材私】女流66 2023-03-10直播录像|直播回放|录播 - 六大侠，要立志！,直播代录luzhiob,351:28,女流 录播
BV1yM411s7sT,2023-03-10,【熟肉】太太与各位女流pro那些不得不说的故事第二弹（feat.东城、高宫、打铁&amp;模特）【瑞原明奈直播杂谈切片】,-汫-,7:4,女流 切片
BV1Fv4y18715,2023-03-09,女流-2023.3.9-大侠立志传,女流录像小屋,358:46,女流录像小屋
BV1xv4y187gk,2023-03-09,【高清素材私】女流66 2023-03-09直播录像|直播回放|录播 - 六大侠，要立志！,直播代录luzhiob,202:57,女流 录播
BV1gs4y157XL,2023-03-09,【高清素材私】女流66 2023-03-09直播录像|直播回放|录播 - 女流66,直播代录luzhiob,145:13,女流 录播
BV1Dk4y187Py,2023-03-09,【刘飞儿】看《主播对对碰54》讨厌一些没有边界感的水友；一箱真刀真枪两次社死经历,旧炉新火,22:52,女流 录播
BV1Jx4y1T7ZD,2023-03-09,【刘飞儿】看《主播真会玩女神篇159》主播们都办过画__大赛,旧炉新火,13:3,女流 录播
BV1Vo4y1671w,2023-03-08,女流-2023.3.8-大侠立志传,女流录像小屋,433:12,女流录像小屋
BV13s4y157pZ,2023-03-08,【高清素材私】女流66 2023-03-08直播录像|直播回放|录播 - 六大侠，要立志！38快乐,直播代录luzhiob,218:45,女流 录播
BV1rY41167np,2023-03-06,女流-2023.3.5-卧龙,女流录像小屋,490:58,女流录像小屋
BV1f24y137Ut,2023-03-05,女流-2023.3.3-卧龙,女流录像小屋,464:40,女流录像小屋
BV1vT411e7iJ,2023-03-05,女流-2023.3.4-卧龙,女流录像小屋,475:57,女流录像小屋
BV1BD4y1M7Un,2023-03-05,女流-2023.3.2-卧龙,女流录像小屋,278:55,女流录像小屋
BV1BM41147so,2023-03-04,女流-2023.3.2-土豆兄弟,女流录像小屋,248:9,女流录像小屋
BV1Y24y1V7fM,2023-03-02,【YJJ】看《主播真会玩女神篇159》查水友发现纯ipao，给他上房管，结果......,旧炉新火,13:29,女流 录播
BV1jY4y117by,2023-03-01,【甜心战士】看《主播真会玩主机篇174》本来挺喜欢66的，现在更喜欢了；杨树怎么变成这样了，都是岁月,旧炉新火,16:49,女流 录播
BV1x24y1n73T,2023-02-28,【甜心战士】看《主播真会玩女神篇159》“两年了，我没有让你满意过吗”,旧炉新火,16:7,女流 录播
BV1WL411Z7Q1,2023-02-28,【周淑怡】看《主播真会玩女神篇159》骆歆动作有点帅；周姐颜值不抽象,旧炉新火,13:58,女流 录播
BV1pL411Z7Ek,2023-02-27,女流-2023.2.26-森林之子,女流录像小屋,120:5,女流录像小屋
BV1QA411C7wT,2023-02-27,【周淑怡】看《主播真会玩主机篇174》66姐露出鸡脚啦；杨树玩的是黄油？,旧炉新火,17:41,女流 录播
BV1MD4y137zX,2023-02-26,女流-2023.2.24-原子之心,女流录像小屋,299:10,女流录像小屋
BV1GA41127ec,2023-02-26,女流-2023.2.24-卧龙,女流录像小屋,169:22,女流录像小屋
BV1fM41177TX,2023-02-24,女流-2023.2.23-原子之心,女流录像小屋,444:39,女流录像小屋
BV1Ky4y1f7Hd,2023-02-22,女流-2023.2.22-原子之心,女流录像小屋,329:32,女流录像小屋
BV1pb41197Gn,2023-02-22,【熟/樱花切片】活力新狗最喜欢哪款女流pro？最想和谁在ML对局？,Miponn,2:5,女流 切片
BV1Qj411G7wj,2023-02-21,女流-2023.2.21-原子之心,女流录像小屋,255:57,女流录像小屋
BV1Qb411X7eB,2023-02-20,女流-2023.2.20-Brotato,女流录像小屋,268:0,女流录像小屋
BV1Dx4y1c7B2,2023-02-18,女流-2023.2.18-Brotato,女流录像小屋,311:55,女流录像小屋
BV1Z24y1p7nQ,2023-02-18,女流-2023.2.17-死亡教堂,女流录像小屋,269:12,女流录像小屋
BV14A41127Us,2023-02-17,女流-2023.2.16-死亡教堂,女流录像小屋,369:45,女流录像小屋
BV1254y1A7qs,2023-02-14,【女流】回忆冒险岛online,女流66,13:15,女流 冒险岛
BV1N14y1w7rY,2023-02-14,女流-2023.2.13-霍格沃茨之遗,女流录像小屋,373:57,女流录像小屋
BV1d14y1c7k4,2023-02-13,女流-2023.2.12-霍格沃茨之遗,女流录像小屋,292:54,女流录像小屋
BV1co4y1i78f,2023-02-13,女流-2023.2.12-冒险岛,女流录像小屋,105:11,女流 冒险岛|女流录像小屋
BV1XY411i78Q,2023-02-12,女流-2023.2.11-霍格沃茨之遗,女流录像小屋,414:1,女流录像小屋
BV1TR4y1B7WT,2023-02-11,女流-2023.2.10-霍格沃茨之遗,女流录像小屋,368:9,女流录像小屋
BV1is4y1Y7m7,2023-02-09,女流-2023.2.9-霍格沃茨之遗,女流录像小屋,426:50,女流录像小屋
BV1MT41197jH,2023-02-09,女流-2023.2.8-霍格沃茨之遗,女流录像小屋,383:39,女流录像小屋
BV14M4y1D7Sz,2023-02-08,女流-2023.2.7-霍格沃茨之遗,女流录像小屋,320:5,女流录像小屋
BV1SG4y1T7qL,2023-02-08,女流-2023.2.6-死亡空间,女流录像小屋,479:14,女流录像小屋
BV1qx4y1j7Cr,2023-02-05,女流-2023.2.4-死亡空间,女流录像小屋,283:39,女流录像小屋
BV1kx4y1j7QN,2023-02-04,【熟肉】太太与各位女流pro那些不得不说的故事（feat.难波&amp;老父亲）【瑞原明奈直播杂谈切片】,-汫-,10:1,女流 切片
BV1WG4y1D7xp,2023-02-02,女流-2023.2.2-飞跃13号房,女流录像小屋,292:32,女流录像小屋
BV1Yd4y1p7mY,2023-02-02,【甜心战士】看《女流吐槽上海堡垒》&amp;《66讲导演看了她的吐槽》,旧炉新火,24:27,女流 录播
BV1AD4y1T796,2023-02-02,女流-2023.2.1-飞跃13号房,女流录像小屋,261:54,女流录像小屋
BV11T411y7qh,2023-01-29,女流-2023.1.28-Hi-Fi RUSH,女流录像小屋,283:53,女流录像小屋
BV1x24y1z7r6,2023-01-28,女流-2023.1.27-Hi-Fi RUSH,女流录像小屋,295:31,女流录像小屋
BV1s8411w7to,2023-01-22,女流-2023.1.21-8周年在除夕,女流录像小屋,113:43,女流录像小屋
BV1wP4y1r7kR,2023-01-19,女流-2023.1.19-隐秘的角落,女流录像小屋,289:24,女流录像小屋
BV1GR4y1a784,2023-01-18,女流-2023.1.18-雀魂+隐秘的角落,女流录像小屋,304:43,女流录像小屋
BV1uG4y1w7KB,2023-01-17,女流-2023.1.17-跑跑卡丁车：漂移,女流录像小屋,158:29,女流录像小屋
BV1eR4y1e7v3,2023-01-15,女流-2023.1.15-跑跑卡丁车：漂移,女流录像小屋,330:24,女流录像小屋
BV11P4y1k7Qa,2023-01-14,女流-2023.1.14-黄老饼梦游惊奇,女流录像小屋,255:59,女流录像小屋
BV1r14y1T7tE,2023-01-13,女流-2023.1.13-黄老饼梦游惊奇,女流录像小屋,304:5,女流录像小屋
BV1NK411y7Rf,2023-01-13,女流-2023.1.12-江湖十一,女流录像小屋,320:33,女流录像小屋
BV1E8411N7gq,2023-01-11,女流-2023.1.11-江湖十一,女流录像小屋,231:36,女流录像小屋
BV1gd4y1773h,2023-01-11,女流-2023.1.11-66的心灵offer,女流录像小屋,72:26,女流录像小屋
BV1YK411178k,2023-01-10,女流-2023.1.10-The Long Dark,女流录像小屋,263:41,女流录像小屋
BV18v4y1v7DU,2023-01-10,【甜心战士】看《主播对对碰51》王菠萝剪个丑头发都哭，孙哥睡裤下蹲，裆部撕裂,旧炉新火,19:33,女流 录播
BV1J84y1Y7bw,2023-01-09,【周淑怡】看《主播对对碰51》，单纯地想分享福利，给集美们饱眼福，我现实很文静淑女,旧炉新火,20:16,女流 录播
BV1WW4y1V761,2023-01-09,【小深深】看《主播对对碰51》自深南宝“南夕君这辈子不可能了，除非……“,旧炉新火,21:2,女流 录播
BV1KP4y1y7XC,2023-01-09,女流-2023.1.9-The Long Dark,女流录像小屋,265:55,女流录像小屋
BV1jd4y1E7aP,2023-01-05,女流-2023.1.4-真探,女流录像小屋,430:39,女流录像小屋
BV1U14y1g7w5,2023-01-05,女流和豆豆惊喜合唱理想之歌,昵称可以有但是没必要,4:53,女流 录播
BV1o44y197FV,2023-01-05,天哪…光线要翻拍我超爱的小说#春日宴 ！本原著党也有春天！惊了…霸道女流虻和傲娇男主居然是他俩演@抖音小助手,江西的林哥,0:30,女流 抖音
BV1k84y1e7Ya,2023-01-05,5男2女流落一座荒岛，他们差点把岛上的生物给吃绝！ #神秘岛    #科幻   #冒险,全民影视分享,1:42,女流 冒险岛
BV1U14y1g7eJ,2023-01-04,女流-2023.1.3-真探,女流录像小屋,241:14,女流录像小屋
BV11G4y1m7kE,2023-01-03,P1-女流-2023.1.1-心灵砒霜弹幕版,女流录像小屋,114:25,女流录像小屋
BV1nd4y177Bf,2023-01-03,P2-女流-2023.1.1-心灵砒霜弹幕版,女流录像小屋,114:23,女流录像小屋
BV1oD4y157is,2023-01-01,女流-2023.1.1-心灵砒霜,女流录像小屋,249:4,女流录像小屋
BV12D4y157xF,2023-01-01,【甜心战士】看《主播真会玩主机篇171》“dark duck desk”，孙哥豪爽拿刀剔牙,旧炉新火,15:33,女流 录播
BV1J24y1U7w9,2022-12-31,【周淑怡】看《主播真会玩主机篇171》“桀哥现在这么不注意个人形象啊”,旧炉新火,15:18,女流 录播
BV1p84y1W7Bo,2022-12-30,女流-2022.12.30-Fresh start,女流录像小屋,311:15,女流录像小屋
BV1z84y1W7G6,2022-12-29,【刘飞儿】看《主播对对碰49》“南夕君换厨房吧”“大家列出条件我来选去谁家”,旧炉新火,18:36,女流 录播
BV1B24y1m7Lp,2022-12-29,【刘飞儿】看《主播真会玩女神篇156》，“怎么会有这种冤种啊”,旧炉新火,16:23,女流 录播
BV1dK411i7Ln,2022-12-29,【战鹰】看《主播真会玩女神篇156》“我要加入黄海舰队！”鹰酱竟是女流心灵砒霜观众，表示要做一个温柔沉稳的人,旧炉新火,19:26,女流 录播
BV1g84y1W73G,2022-12-28,女流-2022.12.28-The House of Da Vinci 3,女流录像小屋,302:15,女流录像小屋
BV1UM41117sN,2022-12-27,【周淑怡】看《主播真会玩女神篇156》战鹰舰长群惊现周姐照片？周姐在线普法，xdm引以为戒,旧炉新火,17:20,女流 录播
BV1CV4y1F71K,2022-12-27,【YJJ】看《主播真会玩女神篇156》❤6❤6❤不❤在❤家❤偷❤偷❤看❤女❤神❤篇❤,旧炉新火,16:10,女流 录播
BV1JK411i7oU,2022-12-27,【甜心战士】看《主播真会玩女神篇156》“周姐衣服镂空位置应该在哪？”,旧炉新火,17:11,女流 录播
BV1WG4y1E7Pc,2022-12-26,女流-2022.12.26-深海迷航,女流录像小屋,238:1,女流录像小屋
BV1Ae411w7rs,2022-12-25,女流-2022.12.25-深海迷航,女流录像小屋,292:15,女流录像小屋
BV1cK411B7g7,2022-12-24,女流-2022.12.24-深海迷航,女流录像小屋,283:16,女流录像小屋
BV1nv4y1z7ng,2022-12-24,女流-2022.12.22-深海迷航,女流录像小屋,24:59,女流录像小屋
BV1dg411t7Qy,2022-12-23,女流-2022.12.23-深海迷航,女流录像小屋,281:33,女流录像小屋
BV1514y1w7KF,2022-12-23,女流-2022.12.23-光遇,女流录像小屋,65:35,女流录像小屋
BV1QR4y167ui,2022-12-21,女流-2022.12.21-深海迷航,女流录像小屋,244:33,女流录像小屋
BV1214y1A7Bq,2022-12-21,女流-2022.12.20-深海迷航,女流录像小屋,286:32,女流录像小屋
BV1914y1N7hX,2022-12-20,女流-2022.12.18-Springblades,女流录像小屋,169:47,女流录像小屋
BV1624y1D7t2,2022-12-19,女流-2022.12.18-失眠,女流录像小屋,75:30,女流录像小屋
BV1R24y1D7NR,2022-12-18,【周淑怡】看《主播对对碰49》，“小深深要和刘飞儿切磋球技吗”,旧炉新火,19:39,女流 录播
BV1Wd4y1Y76h,2022-12-17,女流-2022.12.17-A Little to the Left,女流录像小屋,311:13,女流录像小屋
BV1kd4y1Y7eL,2022-12-17,【小深深】看《主播对对碰49》，[ 擦灶台 ]未完待续……,旧炉新火,21:12,女流 录播
BV1xv4y1Q7FJ,2022-12-17,【骆歆】看《主播对对碰49》“南夕君说这种话也能信？”,旧炉新火,20:2,女流 录播
BV16v4y1Q7YF,2022-12-17,【甜心战士】看《主播对对碰49》，“刘飞儿瘦了就来找我”弹幕：她在画饼,旧炉新火,19:22,女流 录播
BV1nv4y1Q7y8,2022-12-17,P1-女流-2022.12.16-黑羊,女流录像小屋,360:5,女流录像小屋
BV1dP4y1q7nv,2022-12-17,P2-女流-2022.12.16-黑羊,女流录像小屋,299:9,女流录像小屋
BV1s8411V7L5,2022-12-14,女流-2022.12.13-天命奇御 归途,女流录像小屋,288:41,女流录像小屋
BV12G4y137qq,2022-12-13,【周淑怡】看《主播真会玩主机篇170》“寅道长怎么回事，入的是妖道吧”,旧炉新火,16:35,女流 录播
BV1Be411P7Qn,2022-12-12,P2-女流-2022.12.11-心灵砒霜弹幕版,女流录像小屋,131:58,女流录像小屋
BV1H14y1T7Hv,2022-12-12,P1-女流-2022.12.11-心灵砒霜弹幕版,女流录像小屋,131:58,女流录像小屋
BV1ED4y1879g,2022-12-11,女流-2022.12.11-心灵砒霜,女流录像小屋,263:55,女流录像小屋
BV1dV4y1P7aR,2022-12-09,女流-2022.12.8-Tunic,女流录像小屋,527:31,女流录像小屋
BV1cg411p7rY,2022-12-08,女流-2022.12.7-Tunic,女流录像小屋,355:1,女流录像小屋
BV1W14y1J7ws,2022-12-05,女流-2022.12.4-Tunic,女流录像小屋,264:13,女流录像小屋
BV1GG4y137Gj,2022-12-05,女流-2022.12.4-心灵砒霜弹幕版,女流录像小屋,128:34,女流录像小屋
BV1kP4y197Q5,2022-12-04,女流-2022.12.4-心灵砒霜,女流录像小屋,128:34,女流录像小屋
BV1t841157RJ,2022-12-02,女流-2022.11.27-心灵砒霜弹幕版,女流录像小屋,233:33,女流录像小屋
BV1sD4y1Y7Pi,2022-12-01,女流-2022.12.1-Ship of Fools,女流录像小屋,289:11,女流录像小屋
BV16Y411d7PN,2022-12-01,女流-2022.11.30-大多数,女流录像小屋,271:55,女流录像小屋
BV1qG4y197XZ,2022-11-30,【女流66】录播 2022-11-29,深夜录播组,267:39,女流 录播
BV1CR4y1y7hA,2022-11-29,女流-2022.11.29-大多数,女流录像小屋,268:12,女流录像小屋
BV1L44y1Q7dp,2022-11-29,【女流66】录播 2022-11-28,深夜录播组,259:20,女流 录播
BV1714y1E7jV,2022-11-28,女流-2022.11.28-大多数,女流录像小屋,260:19,女流录像小屋
BV1VK411o7sb,2022-11-28,【周淑怡】看《主播真会玩主机篇169》“寅子贼眉鼠眼的”,旧炉新火,17:33,女流 录播
BV1XK411973C,2022-11-27,女流-2022.11.27-心灵砒霜,女流录像小屋,233:33,女流录像小屋
BV1tD4y1e72p,2022-11-27,【女流66】录播 2022-11-26,深夜录播组,275:10,女流 录播
BV1KW4y1s7UC,2022-11-27,女流-2022.11.26-战锤40k,女流录像小屋,168:6,女流录像小屋
BV1fW4y1H7AY,2022-11-26,女流-2022.11.26-大多数,女流录像小屋,107:36,女流录像小屋
BV1BG4y1d7zG,2022-11-26,【女流66】录播 2022-11-25,深夜录播组,278:22,女流 录播
BV1eD4y1e71J,2022-11-25,【女流66】录播 2022-11-25,深夜录播组,236:46,女流 录播
BV1EG4y1d7He,2022-11-23,女流-2022.11.23-大多数,女流录像小屋,261:20,女流录像小屋
BV1de4y1p7ag,2022-11-23,女流-2022.11.21-战神5,女流录像小屋,480:5,女流录像小屋
BV1pP4y1R7Ta,2022-11-22,【女流】玩《大多数》路遇寅子董半仙强制消费，这人怎么还有两幅面孔,旧炉新火,1:52,女流 录播
BV1CK411d7HR,2022-11-21,女流-2022.11.20-战神5,女流录像小屋,552:0,女流录像小屋
BV1d3411Z7cX,2022-11-20,【蛋宝610】看王师傅小毛毛《女流Yjj新婚夫妇生活大揭秘》,旧炉新火,8:29,女流 录播
BV13e4y1p7Q3,2022-11-20,【YJJ】看王师傅小毛毛视频《女流Yjj新婚夫妇生活大揭秘》,旧炉新火,9:29,女流 录播
BV1ZP411g7z6,2022-11-20,女流-2022.11.18-战神5,女流录像小屋,480:5,女流录像小屋
BV1Qv4y117z9,2022-11-20,女流-2022.11.19-战神5,女流录像小屋,395:10,女流录像小屋
BV11P411g7tn,2022-11-18,女流-2022.11.17-战神5,女流录像小屋,572:14,女流录像小屋
BV1624y1y7cs,2022-11-17,女流-2022.11.16-战神5,女流录像小屋,441:8,女流录像小屋
BV1hW4y1x7CK,2022-11-16,女流-2022.11.15-战神5,女流录像小屋,480:5,女流录像小屋
BV1o84y1y7DH,2022-11-15,女流-2022.11.14-战神5,女流录像小屋,522:47,女流录像小屋
BV1ed4y1F7PJ,2022-11-08,【寅子】我狂嘛？我需要蹭战神的热度？,津门小白,3:0,女流 录播
BV1y84y1v7Jr,2022-11-08,女流-2022.11.14-双人成行,女流录像小屋,64:1,女流录像小屋
BV17g411B7EM,2022-11-05,女流-2022.11.5-哆啦A梦牧场物语2,女流录像小屋,136:22,女流录像小屋
BV1kd4y1C7xm,2022-11-04,女流-2022.11.4-暖雪,女流录像小屋,129:32,女流录像小屋
BV12g411B7fX,2022-11-04,女流66展示STEAM游戏时长：真要说最长的一定是冒险岛ol 那是我的人生我的青春！,高能游戏眼,6:29,女流 冒险岛
BV1wd4y1w7WE,2022-11-03,女流-2022.11.2-Endoparasitic,女流录像小屋,285:1,女流录像小屋
BV1RY411f7Xd,2022-11-03,女流-2022.11.2-The Past Within,女流录像小屋,104:57,女流录像小屋
BV1Me4y1m7mk,2022-11-03,女流-2022.11.3-哆啦A梦牧场物语2,女流录像小屋,311:11,女流录像小屋
BV1eD4y147CQ,2022-11-02,女流-2022.11.1-DAVE THE DIVER,女流录像小屋,391:51,女流录像小屋
BV1XV4y1g7jZ,2022-11-01,P2-女流-2022.10.30-生化危机8 DLC,女流录像小屋,212:0,女流录像小屋
BV1Je4y1t7oi,2022-11-01,P1-女流-2022.10.30-生化危机8 DLC,女流录像小屋,12:51,女流录像小屋
BV1KG411P7MJ,2022-11-01,女流氓来咯🤤🤤🤤,阿卡莉Akari,0:18,女流 抖音
BV1t14y1V76p,2022-10-31,女流-2022.10.31-DAVE THE DIVER,女流录像小屋,265:41,女流录像小屋
BV1Ce4y127PT,2022-10-29,女流-2022.10.29-神秘海域：盗贼传奇合辑,女流录像小屋,189:0,女流录像小屋
BV1JW4y1j7iE,2022-10-29,女流-2022.10.28-神秘海域：盗贼传奇合辑,女流录像小屋,289:5,女流录像小屋
BV1cR4y1Q7jb,2022-10-26,女流-2022.10.26-神秘海域：盗贼传奇合辑,女流录像小屋,216:43,女流录像小屋
BV1fK411D7JZ,2022-10-25,女流-2022.10.25-神秘海域：盗贼传奇合辑,女流录像小屋,330:36,女流录像小屋
BV1xe4y1e7hH,2022-10-24,女流-2022.10.24-神秘海域：盗贼传奇合辑,女流录像小屋,264:48,女流录像小屋
BV1jt4y1u738,2022-10-20,女流-2022.10.19-瘟疫传说2 安魂曲,女流录像小屋,446:30,女流录像小屋
BV1K84y1B7bh,2022-10-20,女流-2022.10.20-瘟疫传说2 安魂曲,女流录像小屋,149:59,女流录像小屋
BV1914y1L7i8,2022-10-20,【女流66】录播 2022-10-19,深夜录播组,289:17,女流 录播
BV1NR4y197mH,2022-10-18,女流-2022.10.18-瘟疫传说2 安魂曲,女流录像小屋,344:58,女流录像小屋
BV1oe4y1E7tR,2022-10-18,【女流66】录播 2022-10-17,深夜录播组,265:42,女流 录播
BV1RV4y1V79w,2022-10-17,女流-2022.10.17-Coral Island,女流录像小屋,266:54,女流录像小屋
BV1qN4y1w7gM,2022-10-16,女流-2022.10.15-Coral Island,女流录像小屋,437:2,女流录像小屋
BV1Ge4y1J7rC,2022-10-16,女流-2022.10.16-Coral Island,女流录像小屋,266:14,女流录像小屋
BV1384y1z7bT,2022-10-13,女流-2022.10.12-Coral Island,女流录像小屋,243:20,女流录像小屋
BV1Xt4y1c7yX,2022-10-11,女流-2022.10.11-Brotato,女流录像小屋,261:47,女流录像小屋
BV1Ce4y1U73Z,2022-10-11,P2-女流-2022.10.10-Brotato,女流录像小屋,347:53,女流录像小屋
BV1AV4y1L7J4,2022-10-11,P1-女流-2022.10.10-Brotato,女流录像小屋,360:7,女流录像小屋
BV1MT411N7n8,2022-10-11,【女流66】录播 2022-10-10,深夜录播组,681:2,女流 录播
BV1pW4y1H74j,2022-10-10,【女流66】录播 2022-10-09,深夜录播组,855:55,女流 录播
BV1eg411h7gj,2022-10-10,P2-女流-2022.10.9-Brotato,女流录像小屋,375:36,女流录像小屋
BV1PK411Q7ZU,2022-10-10,P1-女流-2022.10.9-Brotato,女流录像小屋,480:5,女流录像小屋
BV1RD4y1k7RE,2022-10-10,女流-2022.10.8-Brotato,女流录像小屋,229:53,女流录像小屋
BV1pm4y1A7cJ,2022-10-09,【女流66】录播 2022-10-08,深夜录播组,229:17,女流 录播
BV1gt4y1c75v,2022-10-08,女流-2022.10.7-Brotato,女流录像小屋,437:56,女流录像小屋
BV1nV4y1K7oY,2022-10-07,P1-女流-2022.10.5-Brotato,女流录像小屋,360:5,女流录像小屋
BV1fe4y1z7RD,2022-10-07,P2-女流-2022.10.5-Brotato,女流录像小屋,347:10,女流录像小屋
BV1Fe4y1674k,2022-10-07,P1-女流-2022.10.6-Brotato,女流录像小屋,360:5,女流录像小屋
BV1QT411P7xz,2022-10-07,P2-女流-2022.10.6-Brotato,女流录像小屋,337:12,女流录像小屋
BV1od4y1v7A5,2022-10-07,【路希维德】der宝被叫女流氓，当场破防高歌伤不起,狼羊百合是真的,3:4,女流 切片
BV1ET411P7rT,2022-10-06,【女流66】录播 2022-10-05,深夜录播组,641:18,女流 录播
BV1we4y1q7Ag,2022-10-05,女流-2022.10.4-Brotato,女流录像小屋,461:31,女流录像小屋
BV1s14y187s7,2022-10-03,女流-2022.10.3-Brotato,女流录像小屋,403:4,女流录像小屋
BV1c24y197de,2022-10-03,女流-2022.10.2-心灵砒霜弹幕版,女流录像小屋,248:20,女流录像小屋
BV1ue411j7pe,2022-10-02,女流-2022.10.2-心灵砒霜,女流录像小屋,248:20,女流录像小屋
BV1MR4y1d7b1,2022-10-01,女流-2022.10.1-Brotato,女流录像小屋,248:46,女流录像小屋
BV1kN4y1P7ED,2022-09-29,女流-2022.9.29-Brotato,女流录像小屋,242:17,女流录像小屋
BV1n14y1a76d,2022-09-28,女流-2022.9.28-Dome Keeper,女流录像小屋,250:29,女流录像小屋
BV1BD4y117yd,2022-09-27,女流-2022.9.27-史莱姆农场2,女流录像小屋,249:54,女流录像小屋
BV1we411T7hA,2022-09-26,女流-2022.9.26-史莱姆农场2,女流录像小屋,118:57,女流录像小屋
BV1ct4y1w7VK,2022-09-26,女流-2022.9.24-糖豆人,女流录像小屋,160:9,女流录像小屋
BV1Pt4y1w7AM,2022-09-26,女流-2022.9.25-心灵砒霜弹幕版,女流录像小屋,249:52,女流录像小屋
BV1wV4y1T7qC,2022-09-25,女流-2022.9.25-心灵砒霜,女流录像小屋,249:52,女流录像小屋
BV1Ve4y1H7Jc,2022-09-24,女流-2022.9.24-糖豆人,女流录像小屋,357:51,女流录像小屋
BV17e4y1b7Mo,2022-09-23,女流-2022.9.23-糖豆人,女流录像小屋,264:16,女流录像小屋
BV1wg411m7kJ,2022-09-23,女流-2022.9.22-卧龙 苍天陨落,女流录像小屋,240:5,女流录像小屋
BV1RP411H7ZE,2022-09-22,女流-2022.9.21-糖豆人,女流录像小屋,91:7,女流录像小屋
BV1XT411T7h2,2022-09-21,女流-2022.9.21-脑航员2,女流录像小屋,228:47,女流录像小屋
BV1K24y1o7Ck,2022-09-20,女流-2022.9.20-脑航员2,女流录像小屋,212:4,女流录像小屋
BV1Ee4y1k73e,2022-09-18,女流-2022.9.17-心灵砒霜弹幕版,女流录像小屋,275:20,女流录像小屋
BV1iV4y1M7ef,2022-09-17,女流-2022.9.17-心灵砒霜,女流录像小屋,275:20,女流录像小屋
BV1ht4y1j7E4,2022-09-16,女流-2022.9.16-脑航员2,女流录像小屋,297:41,女流录像小屋
BV1x8411t7ge,2022-09-15,女流-2022.9.15-脑航员2,女流录像小屋,263:53,女流录像小屋
BV1CT411M7uK,2022-09-14,女流-2022.9.14-糖豆人,女流录像小屋,248:22,女流录像小屋
BV1st4y1j7of,2022-09-13,女流-2022.9.13-The Wandering Village,女流录像小屋,251:31,女流录像小屋
BV1s24y1Z7ah,2022-09-12,女流-2022.9.12-修仙故事 轮回,女流录像小屋,254:32,女流录像小屋
BV1Sg411m7Ce,2022-09-11,女流-2022.9.9-今天是个好日子,女流录像小屋,143:37,女流录像小屋
BV1Ue4y1C7a2,2022-09-10,女流-2022.9.10-修仙故事 轮回,女流录像小屋,266:23,女流录像小屋
BV1vV4y1u7Vi,2022-09-08,女流-2022.9.8-Little Witch in the Woods,女流录像小屋,238:45,女流录像小屋
BV1qK411f7RS,2022-09-06,女流-2022.9.6-The House of Da Vinci 2,女流录像小屋,278:25,女流录像小屋
BV1314y1e7fh,2022-09-05,女流-2022.9.5-糖豆人,女流录像小屋,265:29,女流录像小屋
BV1ng411S7Za,2022-09-05,女流-2022.9.4-心灵砒霜,女流录像小屋,247:30,女流录像小屋
BV1ZG41157iE,2022-09-02,女流-2022.9.2-Sun Haven,女流录像小屋,255:31,女流录像小屋
BV1pd4y1R7CC,2022-09-02,女流-2022.9.1-Sun Haven,女流录像小屋,332:41,女流录像小屋
BV15P4y1f7yq,2022-08-29,女流-2022.8.28-心灵砒霜,女流录像小屋,254:46,女流录像小屋
BV14D4y167Q1,2022-08-28,女流-2022.8.28-心灵砒霜,女流录像小屋,254:47,女流录像小屋
BV1aa411R77P,2022-08-26,女流-2022.8.26-AmongUs,女流录像小屋,260:31,女流录像小屋
BV1wG4y1k7ef,2022-08-26,女流-2022.8.25-The House of Da Vinci,女流录像小屋,253:36,女流录像小屋
BV1sB4y1x7uL,2022-08-24,女流-2022.8.24-The House of Da Vinci,女流录像小屋,282:38,女流录像小屋
BV1uB4y157Y9,2022-08-23,女流-2022.8.23-港诡实录,女流录像小屋,235:6,女流录像小屋
BV12g411r7Z7,2022-08-22,女流-2022.8.22-记忆边境day2,女流录像小屋,280:55,女流录像小屋
BV1qt4y1J7GS,2022-08-21,女流-2022.8.21-心灵砒霜,女流录像小屋,171:24,女流录像小屋
BV1TG41147wz,2022-08-20,女流-2022.8.20-记忆边境,女流录像小屋,338:17,女流录像小屋
BV1yd4y1R7dj,2022-08-20,女流-2022.8.19-Rumbleverse,女流录像小屋,313:2,女流录像小屋
BV1kB4y1L7jH,2022-08-18,女流-2022.8.18-Mark of the Ninja,女流录像小屋,299:51,女流录像小屋
BV1Q14y1b7pD,2022-08-17,女流-2022.8.17-Lost in Play,女流录像小屋,300:29,女流录像小屋
BV1Ga411N7Ft,2022-08-15,女流-2022.8.15-咩咩启示录,女流录像小屋,286:46,女流录像小屋
BV12a411R7vJ,2022-08-14,女流-2022.8.13-咩咩启示录,女流录像小屋,301:41,女流录像小屋
BV1rd4y1o7vy,2022-08-14,女流-2022.8.14-心灵砒霜,女流录像小屋,278:16,女流录像小屋
BV1jd4y1K7VE,2022-08-12,女流-2022.8.12-咩咩启示录,女流录像小屋,203:11,女流录像小屋
BV1ha411P7PF,2022-08-11,女流-2022.8.11-咩咩启示录,女流录像小屋,270:28,女流录像小屋
BV1iv4y1F72C,2022-08-11,女流-2022.8.10-雀魂,女流录像小屋,253:19,女流录像小屋
BV1hd4y1m7vB,2022-08-09,女流-2022.8.9-Two Point Campus,女流录像小屋,168:57,女流录像小屋
BV12W4y1a7pU,2022-08-09,女流-2022.8.9-咩咩启示录,女流录像小屋,82:33,女流录像小屋
BV1va411K7W8,2022-08-08,女流-2022.8.8-Bear and Breakfast,女流录像小屋,264:29,女流录像小屋
BV1C14y1t7WL,2022-08-07,女流-2022.8.7-心灵砒霜,女流录像小屋,267:48,女流录像小屋
BV1XV4y1x7KG,2022-08-07,【粉黛乱子】摸完了还嫌弃的女流氓,璀璨尘埃,0:42,女流 切片
BV1yr4y157Tk,2022-08-05,女流-2022.8.5-Bear and Breakfast,女流录像小屋,375:42,女流录像小屋
BV15a411f773,2022-08-04,女流-2022.8.4-糖豆人,女流录像小屋,297:11,女流录像小屋
BV1cr4y157R4,2022-08-02,女流-2022.8.2-Bear and Breakfast,女流录像小屋,285:14,女流录像小屋
BV1Wd4y1T71b,2022-08-01,女流-2022.8.1-Inside the Backroom,女流录像小屋,239:41,女流录像小屋
BV1YF411A7xf,2022-07-31,女流-2022.7.31-心灵砒霜,女流录像小屋,267:21,女流录像小屋
BV1na411S7G7,2022-07-30,【寅子】2022年7月30日录播《夏日歌会+夜话》,寅子,223:37,女流 录播
BV1DG4y1e7Wu,2022-07-30,女流-2022.7.30-夏日歌友会,女流录像小屋,158:28,女流录像小屋
BV1iT411j7nj,2022-07-30,女流-2022.7.30-Inside the Backroom,女流录像小屋,212:47,女流录像小屋
BV1Gd4y1U7Cv,2022-07-28,女流-2022.7.28-糖豆人,女流录像小屋,276:3,女流录像小屋
BV1sB4y1b77H,2022-07-27,女流-2022.7.27-糖豆人,女流录像小屋,212:30,女流录像小屋
BV1dT411j7vU,2022-07-27,女流-2022.7.27-夏日歌友会选拔,女流录像小屋,128:23,女流录像小屋
BV1ma411K7Qp,2022-07-26,女流-2022.7.26-时空勇士,女流录像小屋,138:21,女流录像小屋
BV1dU4y1e7Yb,2022-07-25,女流-2022.7.25-时空勇士,女流录像小屋,295:42,女流录像小屋
BV1fa411K7BY,2022-07-24,女流-2022.7.24-心灵砒霜,女流录像小屋,132:23,女流录像小屋
BV1Yr4y177sk,2022-07-23,女流-2022.7.23-时空勇士,女流录像小屋,291:41,女流录像小屋
BV1ea411M7Dm,2022-07-22,女流-2022.7.22-时空勇士,女流录像小屋,284:17,女流录像小屋
BV1qe4y19741,2022-07-22,P2-女流-2022.7.21-糖豆人,女流录像小屋,97:28,女流录像小屋
BV1jd4y1S7bk,2022-07-22,P1-女流-2022.7.21-糖豆人,女流录像小屋,94:42,女流录像小屋
BV1ZG4y1v7jH,2022-07-20,女流-2022.7.20-Stray,女流录像小屋,198:19,女流录像小屋
BV1Lr4y1L72m,2022-07-20,女流-2022.7.20-糖豆人,女流录像小屋,50:26,女流录像小屋
BV1h34y1J7Gd,2022-07-19,女流-2022.7.19-Stray,女流录像小屋,188:46,女流录像小屋
BV1fr4y1j739,2022-07-19,女流-2022.7.17-心灵砒霜弹幕版,女流录像小屋,253:11,女流录像小屋
BV1JV4y1J7Nd,2022-07-18,女流-2022.7.18-Dinkum,女流录像小屋,252:44,女流录像小屋
BV1Ne4y197nM,2022-07-17,女流-2022.7.17-心灵砒霜,女流录像小屋,253:12,女流录像小屋
BV1d94y1Q727,2022-07-17,女流-2022.7.16-Dinkum,女流录像小屋,251:55,女流录像小屋
BV1fg411f7UX,2022-07-17,女流-2022.7.10-仙剑客栈2,女流录像小屋,281:39,女流录像小屋
BV1xf4y1o7oY,2022-07-16,女流-2022.7.14-美丽的大草原,女流录像小屋,67:25,女流录像小屋
BV18U4y1B7b6,2022-07-16,女流-2022.7.9-边钓边吃,女流录像小屋,186:14,女流录像小屋
BV1CF411N732,2022-07-16,女流-2022.7.7-糖豆人,女流录像小屋,204:18,女流录像小屋
BV1Te4y1d7EJ,2022-07-16,女流-2022.7.9-出发前聊聊,女流录像小屋,65:28,女流录像小屋
BV1DY4y177ey,2022-07-15,女流-2022.7.15-仙剑客栈2,女流录像小屋,272:55,女流录像小屋
BV1Xg411f7a2,2022-07-15,女流-2022.7.7-一起来玩吧!Oink Games,女流录像小屋,47:44,女流录像小屋
BV1it4y1b7Um,2022-07-07,女流-2022.7.6-RAFT,女流录像小屋,134:35,女流录像小屋
BV1J3411c7Tc,2022-07-07,女流-2022.7.6-Fall Guys,女流录像小屋,106:53,女流录像小屋
BV13L4y1A7Uk,2022-07-06,【Flora大栗子】星之卡比-探索发现-禁区之岛8,Flora大栗子,60:3,女流 冒险岛
BV1iT411u7zY,2022-07-05,女流-2022.7.5-RAFT,女流录像小屋,273:28,女流录像小屋
BV1s94y1R7D7,2022-07-05,女流-2020.9.1-心灵砒霜-弹幕版,女流录像小屋,245:13,女流录像小屋
BV14S4y1n73w,2022-07-03,女流-2022.7.3-心灵砒霜,女流录像小屋,245:14,女流录像小屋
BV15r4y1u7SF,2022-07-02,女流-2022.7.2-茶杯头 (Cuphead),女流录像小屋,134:27,女流录像小屋
BV1Pa411s7zV,2022-07-01,女流-2022.7.1-Fall Guys,女流录像小屋,175:59,女流录像小屋
BV1dB4y1v7S7,2022-07-01,女流-2022.7.1-怪物猎人崛起：曙光,女流录像小屋,89:13,女流录像小屋
BV1BT41137uD,2022-06-30,女流-2022.6.30-怪物猎人崛起：曙光,女流录像小屋,238:32,女流录像小屋
BV17B4y1B7Tx,2022-06-29,女流-2022.6.28-RAFT,女流录像小屋,269:14,女流录像小屋
BV1LW4y1z7H9,2022-06-29,女流-2022.6.29-Fall Guys,女流录像小屋,224:9,女流录像小屋
BV1Q94y197mF,2022-06-29,女流-2022.6.29-RAFT,女流录像小屋,28:31,女流录像小屋
BV1e34y1W7Md,2022-06-28,女流-2022.6.26-心灵砒霜弹幕版,女流录像小屋,271:34,女流录像小屋
BV1VN4y1G7er,2022-06-27,女流-2022.6.27-Neon White&amp;Fall Guys,女流录像小屋,237:50,女流录像小屋
BV1sL4y1P7QE,2022-06-26,女流-2022.6.26-心灵砒霜,女流录像小屋,271:35,女流录像小屋
BV1p94y117Z5,2022-06-25,女流-2022.6.23-Fall Guys,女流录像小屋,273:52,女流录像小屋
BV1jZ4y1i7Pc,2022-06-24,女流-2022.6.22-Fall Guys,女流录像小屋,308:9,女流录像小屋
BV1HS4y1v7PH,2022-06-22,女流-2022.6.22-暖雪,女流录像小屋,239:5,女流录像小屋
BV1qB4y1s7Rq,2022-06-22,女流-2022.6.21-暖雪,女流录像小屋,294:5,女流录像小屋
BV1Ef4y1f7xR,2022-06-20,女流-2022.6.20-暖雪,女流录像小屋,304:54,女流录像小屋
BV1Z3411M7iH,2022-06-20,女流-2022.6.19-心灵砒霜弹幕版,女流录像小屋,264:40,女流录像小屋
BV1mY411T7ZJ,2022-06-19,女流-2022.6.19-心灵砒霜,女流录像小屋,264:42,女流录像小屋
BV12r4y137t7,2022-06-19,女流-2022.6.17-忍者神龟：施莱德的复仇,女流录像小屋,241:40,女流录像小屋
BV1ea411s7Pk,2022-06-19,女流-2022.6.18-暖雪,女流录像小屋,279:28,女流录像小屋
BV1r3411M73E,2022-06-18,女流-2022.6.16-一年一次的佩奇演出,女流录像小屋,289:24,女流录像小屋
BV16U4y1R76C,2022-06-14,女流-2022.6.12-心灵砒霜弹幕版,女流录像小屋,249:4,女流录像小屋
BV1qS4y1e7Jr,2022-06-13,女流-2022.6.13-Necesse,女流录像小屋,313:52,女流录像小屋
BV1Tr4y137QY,2022-06-12,女流-2022.6.12-心灵砒霜,女流录像小屋,249:6,女流录像小屋
BV1LU4y1X7KR,2022-06-11,女流-2022.6.11-采石场惊魂,女流录像小屋,245:45,女流录像小屋
BV1tt4y1H7Va,2022-06-11,女流-2022.6.9-各年代老歌榜单盘点,女流录像小屋,282:39,女流录像小屋
BV16a411L7nT,2022-06-11,女流-2022.6.10-采石场惊魂,女流录像小屋,276:44,女流录像小屋
BV1ES4y1i7iv,2022-06-09,女流-2022.6.8-Necesse,女流录像小屋,224:56,女流录像小屋
BV12L4y1P7yB,2022-06-08,女流66：魔兽世界、梦幻和冒险岛都是社交游戏 但现在没什么社交需求 大家都在怀旧,高能游戏眼,2:47,女流 冒险岛
BV1pA4y1R7LS,2022-06-07,女流-2022.6.7-钓鱼天堂,女流录像小屋,269:33,女流录像小屋
BV1LA4y1R7iH,2022-06-07,女流-2022.6.6-第一届画六大赛,女流录像小屋,414:38,女流录像小屋
BV1dY4y1V74v,2022-06-06,女流-2022.6.5-心灵砒霜,女流录像小屋,278:43,女流录像小屋
BV1xA4y1o7Rz,2022-06-05,P2-女流-2022.6.4-钓鱼天堂,女流录像小屋,155:12,女流录像小屋
BV1eL4y1K7Hq,2022-06-05,P1-女流-2022.6.4-钓鱼天堂,女流录像小屋,158:51,女流录像小屋
BV1s5411Q7MA,2022-06-05,女流-2022.6.3-各年代老歌榜单盘点,女流录像小屋,233:4,女流录像小屋
BV1HL4y1K7J4,2022-06-04,P1-女流-2022.6.3-各年代老歌榜单盘点,女流录像小屋,37:0,女流录像小屋
BV19Y411T7iT,2022-06-02,女流-2022.6.2-战匠杜沃,女流录像小屋,219:2,女流录像小屋
BV1pW4y1C7rm,2022-06-01,女流-2022.5.31-Hellstuck: Rage With Your Friends,女流录像小屋,494:47,女流录像小屋
BV17U4y1y7U7,2022-06-01,女流-2022.5.30-各年代老歌榜单盘点,女流录像小屋,248:37,女流录像小屋
BV1jg411R7Du,2022-05-30,女流-2022.5.29-心灵砒霜弹幕版,女流录像小屋,279:20,女流录像小屋
BV1pZ4y147F7,2022-05-29,女流-2022.5.29-心灵砒霜,女流录像小屋,279:20,女流录像小屋
BV1BU4y127KN,2022-05-27,女流-2022.5.27-沙石镇时光,女流录像小屋,153:51,女流录像小屋
BV17a411j7Zw,2022-05-26,女流-2022.5.26-沙石镇时光,女流录像小屋,288:45,女流录像小屋
BV1gr4y1x7Fi,2022-05-25,女流-2022.5.25-沙石镇时光,女流录像小屋,144:50,女流录像小屋
BV1q94y1U73d,2022-05-25,女流-2022.5.25-10 Minutes Till Dawn,女流录像小屋,169:6,女流录像小屋
BV1HF41157Ck,2022-05-25,女流-2022.5.24-怪物猎人：崛起,女流录像小屋,301:2,女流录像小屋
BV1JF411j7fy,2022-05-24,女流-2022.5.23-怪物猎人：崛起,女流录像小屋,261:18,女流录像小屋
BV1N5411X7yo,2022-05-24,女流-2022.5.22-心灵砒霜弹幕版,女流录像小屋,253:32,女流录像小屋
BV1y3411G74g,2022-05-22,女流-2022.5.22-心灵砒霜,女流录像小屋,253:32,女流录像小屋
BV1CZ4y1t7iB,2022-05-21,女流-2022.5.21-图游天下,女流录像小屋,172:41,女流录像小屋
BV1NB4y197oY,2022-05-20,女流-2022.5.20-V Rising,女流录像小屋,236:31,女流录像小屋
BV1AP4y1F7eo,2022-05-19,女流-2022.5.18-Ranch Simulator,女流录像小屋,298:34,女流录像小屋
BV1xF411L7eq,2022-05-18,女流-2022.5.17-Ranch Simulator,女流录像小屋,346:4,女流录像小屋
BV1SU4y1m7wD,2022-05-18,P1-女流-2022.5.16-Ranch Simulator,女流录像小屋,240:6,女流录像小屋
BV1hY4y1z7hc,2022-05-17,【女流66和YJJ】一起做饭 YJJ锐评抖音骗弹幕,尼古拉斯滑稽001,2:51,女流 抖音
BV1wt4y147wr,2022-05-17,女流-2022.5.15-心灵砒霜弹幕版,女流录像小屋,287:20,女流录像小屋
BV1Xa411J7pQ,2022-05-15,女流-2022.5.15-心灵砒霜,女流录像小屋,287:21,女流录像小屋
BV19T4y1B7ny,2022-05-15,女流-2022.5.14-We Were Here Forever,女流录像小屋,393:40,女流录像小屋
BV17U4y1m7zr,2022-05-13,女流-2022.5.13-We Were Here Forever&amp;斗诡,女流录像小屋,299:30,女流录像小屋
BV1Bu411z7kx,2022-05-12,【寅子】扣扣太子是谁？不认识,扣扣太子,3:28,女流 录播
BV1uL4y1F7Yy,2022-05-11,女流-2022.5.11-盐与献祭,女流录像小屋,277:49,女流录像小屋
BV1zA4y1S7rP,2022-05-10,女流-2022.5.10-盐与献祭,女流录像小屋,296:35,女流录像小屋
BV1XB4y1C7tG,2022-05-09,女流-2022.5.9-手工六上线,女流录像小屋,260:30,女流录像小屋
BV1Y34y1h72p,2022-05-09,女流-2022.5.8-心灵砒霜弹幕版,女流录像小屋,314:11,女流录像小屋
BV1ar4y1t7hr,2022-05-08,女流-2022.5.8-心灵砒霜,女流录像小屋,314:10,女流录像小屋
BV1z44y1u7jp,2022-05-07,女流-2022.5.7-神都不良探,女流录像小屋,340:59,女流录像小屋
BV1oY4y1t77a,2022-05-07,女流-2022.5.5-一方灵田,女流录像小屋,179:54,女流录像小屋
BV1VT4y167Sz,2022-05-07,女流-2022.5.6-恐龙化石猎人,女流录像小屋,252:28,女流录像小屋
BV1xY411A7zb,2022-05-06,女流-2022.5.5-纸嫁衣,女流录像小屋,82:41,女流录像小屋
BV1BY411A7zj,2022-05-04,女流-2022.5.4-蜡笔小新 我与博士的暑假,女流录像小屋,125:54,女流录像小屋
BV1GL4y1c7tS,2022-05-03,女流-2021.5.3-筑梦颂+一方灵田,女流录像小屋,310:43,女流录像小屋
BV15Y4y1h7f6,2022-05-03,女流-2022.5.2-体能实验室,女流录像小屋,240:5,女流录像小屋
BV1Mv4y1K7WS,2022-05-03,女流-2022.5.1-心灵砒霜弹幕版,女流录像小屋,331:44,女流录像小屋
BV1LL4y1c75n,2022-05-01,女流-2022.5.1-心灵砒霜,女流录像小屋,331:44,女流录像小屋
BV1NB4y117zt,2022-05-01,【碎叫的录播】【最强战】2022/05/01 女流チャンピオン決戦  AB决胜桌,全果碎叫,103:10,女流 录播
BV1US4y187M6,2022-05-01,【碎叫的录播】【最强战】2022/05/01 女流チャンピオン決戦  B桌,全果碎叫,82:53,女流 录播
BV1VL4y1c7b9,2022-05-01,【碎叫的录播】【最强战】2022/05/01 女流チャンピオン決戦  A桌,全果碎叫,64:42,女流 录播
BV1SY4y1t7cP,2022-04-30,女流-2022.4.30-手工六上线,女流录像小屋,252:6,女流录像小屋
BV1G44y1372S,2022-04-30,女流-2022.4.29-一方灵田,女流录像小屋,334:36,女流录像小屋
BV1X44y1g7wf,2022-04-28,女流-2022.4.28-一方灵田,女流录像小屋,127:54,女流录像小屋
BV17r4y1n7PA,2022-04-28,女流-2022.4.27-哥布林弹球,女流录像小屋,179:38,女流录像小屋
BV1734y1a7Pz,2022-04-27,女流-2022.4.27-雀魂麻将,女流录像小屋,120:5,女流录像小屋
BV1KY411N7ht,2022-04-26,女流-2022.4.26-哥布林弹球,女流录像小屋,282:26,女流录像小屋
BV1WB4y1m7LW,2022-04-26,女流-2022.4.24-心灵砒霜弹幕版,女流录像小屋,263:13,女流录像小屋
BV19u411y7X5,2022-04-24,女流-2022.4.24-心灵砒霜,女流录像小屋,263:12,女流录像小屋
BV14S4y1c7Cg,2022-04-22,女流-2022.4.22-退休模拟器,女流录像小屋,220:3,女流录像小屋
BV1t3411M7vA,2022-04-22,女流-2022.4.22-66工作室,女流录像小屋,113:31,女流录像小屋
BV1PY4y1Y7iv,2022-04-21,女流-2022.4.21-退休模拟器,女流录像小屋,327:55,女流录像小屋
BV1n94y1o7YT,2022-04-20,女流-2022.4.20-退休模拟器,女流录像小屋,340:43,女流录像小屋
BV1oB4y1U7xX,2022-04-19,女流-2022.4.19-彩虹深渊,女流录像小屋,213:19,女流录像小屋
BV19F411g7zF,2022-04-19,女流-2022.4.19-高尔夫大乱斗,女流录像小屋,36:44,女流录像小屋
BV1uY4y1a7gM,2022-04-18,女流-2022.4.18-彩虹深渊,女流录像小屋,321:3,女流录像小屋
BV1ti4y1S7hc,2022-04-18,女流-2022.4.17-心灵砒霜弹幕版,女流录像小屋,268:1,女流录像小屋
BV1Ri4y1U7HV,2022-04-17,女流-2022.4.17-久违的砒霜来啦,女流录像小屋,268:1,女流录像小屋
BV13L4y1L7eL,2022-04-16,女流-2022.4.15-光之传说,女流录像小屋,329:58,女流录像小屋
BV1xF411g7cF,2022-04-15,女流-2022.4.14-光之传说,女流录像小屋,252:40,女流录像小屋
BV1B44y137Sg,2022-04-14,女流-2022.4.13-吸血鬼幸存者,女流录像小屋,255:57,女流录像小屋
BV1yA4y197LJ,2022-04-13,女流-2022.4.12-吸血鬼幸存者,女流录像小屋,267:33,女流录像小屋
BV1Q34y1e75n,2022-04-11,女流-2022.4.10-66来聊聊,女流录像小屋,280:0,女流录像小屋
BV1RY411L7af,2022-04-11,女流-2022.4.11-地心护核者,女流录像小屋,259:6,女流录像小屋
BV1Cr4y1p7mT,2022-04-11,女流-2022.4.9-Outer Wilds,女流录像小屋,322:37,女流录像小屋
BV1nL4y1578x,2022-04-10,女流-2022.4.8-Outer Wilds,女流录像小屋,245:31,女流录像小屋
BV1uq4y1Y7A9,2022-04-09,女流-2022.4.8-游戏前聊10块钱的,女流录像小屋,90:11,女流录像小屋
BV1CS4y1P7qz,2022-04-09,【碎叫的录播】【女流最强战】2022/04/09 最强lp 决赛桌,全果碎叫,127:5,女流 录播
BV1xS4y1P7Ue,2022-04-09,【碎叫的录播】【女流最强战】2022/04/09 最强lp B桌,全果碎叫,98:36,女流 录播
BV1i94y1Z7Pn,2022-04-09,【碎叫的录播】【女流最强战】2022/04/09 最强lp A桌,全果碎叫,132:7,女流 录播
BV1xZ4y127Q9,2022-04-09,女流-2022.4.7-Outer Wilds,女流录像小屋,237:55,女流录像小屋
BV1ra411i758,2022-04-07,女流-2022.4.6-Outer Wilds,女流录像小屋,255:48,女流录像小屋
BV1m34y1s7io,2022-04-06,女流-2022.4.5-Outer Wilds,女流录像小屋,265:0,女流录像小屋
BV15u411e7cF,2022-04-05,【女流66】时隔多年取得驾照 登上热搜11名！！,尼古拉斯滑稽001,1:17,女流 切片
BV1jY4y1i73t,2022-04-05,女流-2022.4.4-Outer Wilds,女流录像小屋,280:33,女流录像小屋
BV17q4y1a7Cf,2022-04-04,【女流66】大叔的一个眼神的力量，从不瞪YJJ！,尼古拉斯滑稽001,1:26,女流 切片
BV1c5411D7RD,2022-04-04,【女流66】YJJ想买宾利 66解释喜欢宾利原因,尼古拉斯滑稽001,2:48,女流 切片
BV1tZ4y1m7Qe,2022-04-04,女流-2022.4.2-Outer Wilds,女流录像小屋,284:29,女流录像小屋
BV19S4y1m7e3,2022-04-03,女流-2022.4.1-三伏,女流录像小屋,309:44,女流录像小屋
BV1eY411J7MW,2022-03-30,P2【Flora大栗子】海之号角2-上岛搜刮一番,Flora大栗子,34:6,女流 冒险岛
BV1L3411W7Pm,2022-03-30,女流-2022.3.29-星之卡比：探索发现,女流录像小屋,253:0,女流录像小屋
BV1U44y1A7J2,2022-03-29,女流-2022.3.28-星之卡比：探索发现,女流录像小屋,267:49,女流录像小屋
BV1Pi4y1Q7Wa,2022-03-28,女流-2022.3.27-星之卡比：探索发现,女流录像小屋,439:5,女流录像小屋
BV1RS4y1N7bg,2022-03-27,女流-2022.3.26-星之卡比：探索发现,女流录像小屋,435:48,女流录像小屋
BV1BS4y127Vm,2022-03-26,女流-2022.3.25-星之卡比：探索发现,女流录像小屋,312:1,女流录像小屋
BV19L411P76P,2022-03-20,女流-2022.3.18-完美的一天,女流录像小屋,304:47,女流录像小屋
BV1EL411w7DC,2022-03-20,女流-2022.3.17-完美的一天,女流录像小屋,315:26,女流录像小屋
BV1vL4y1T7ps,2022-03-17,女流-2022.3.16-完美的一天（下）,女流录像小屋,170:32,女流录像小屋
BV1E44y1T7Df,2022-03-17,女流-2022.3.16-完美的一天（上）,女流录像小屋,170:29,女流录像小屋
BV1tU4y1Z7B3,2022-03-16,女流-2022.3.15-完美的一天,女流录像小屋,398:0,女流录像小屋
BV1ZP4y1g7nm,2022-03-12,女流-2022.3.11-艾尔登法环（二周目法师）,女流录像小屋,341:37,女流录像小屋
BV15L411P7kT,2022-03-11,女流-2022.3.10-艾尔登法环（二周目法师）,女流录像小屋,474:15,女流录像小屋
BV1Mi4y1C7JJ,2022-03-10,女流-2022.3.9-艾尔登法环,女流录像小屋,488:38,女流录像小屋
BV1FL411P77H,2022-03-09,女流-2022.3.8-艾尔登法环,女流录像小屋,397:12,女流录像小屋
BV1HF411b765,2022-03-07,女流-2022.3.6-艾尔登法环,女流录像小屋,474:11,女流录像小屋
BV1Si4y1k7yg,2022-03-07,女流-2022.3.5-艾尔登法环 P3,女流录像小屋,161:53,女流录像小屋
BV1TZ4y1r7QJ,2022-03-07,女流-2022.3.5-艾尔登法环 P2,女流录像小屋,161:54,女流录像小屋
BV1C341157zA,2022-03-07,女流-2022.3.5-艾尔登法环 P1,女流录像小屋,161:52,女流录像小屋
BV1Ar4y167Td,2022-03-06,女流-2022.3.4-艾尔登法环 P3,女流录像小屋,161:36,女流录像小屋
BV1tP4y1g7wW,2022-03-06,女流-2022.3.4-艾尔登法环 P4,女流录像小屋,161:32,女流录像小屋
BV18Z4y1r7RU,2022-03-06,女流-2022.3.4-艾尔登法环 P2,女流录像小屋,161:36,女流录像小屋
BV1e341157Pg,2022-03-06,女流-2022.3.4-艾尔登法环 P1,女流录像小屋,161:32,女流录像小屋
BV1JS4y167wF,2022-03-04,女流-2022.3.1-艾尔登法环 P3,女流录像小屋,195:13,女流录像小屋
BV1AL411N72A,2022-03-04,女流-2022.3.2-艾尔登法环 P3,女流录像小屋,189:19,女流录像小屋
BV1h3411j7i1,2022-03-04,女流-2022.3.2-艾尔登法环 P2,女流录像小屋,189:15,女流录像小屋
BV1DL4y1M7w1,2022-03-03,女流-2022.3.1-艾尔登法环 P2,女流录像小屋,195:11,女流录像小屋
BV1jL4y137nL,2022-03-03,女流-2022.3.1-艾尔登法环 P1,女流录像小屋,195:10,女流录像小屋
BV1s34y1k77v,2022-03-01,女流-2022.2.28-艾尔登法环 P3,女流录像小屋,181:59,女流录像小屋
BV1HY411G7DY,2022-03-01,女流-2022.2.28-艾尔登法环 P2,女流录像小屋,181:58,女流录像小屋
BV1rR4y157EA,2022-03-01,女流-2022.2.28-艾尔登法环 P1,女流录像小屋,181:58,女流录像小屋
BV1Aq4y147ZT,2022-03-01,女流-2022.2.27-艾尔登法环 P3,女流录像小屋,174:9,女流录像小屋
BV1FL411N7tm,2022-03-01,女流-2022.2.27-艾尔登法环 P2,女流录像小屋,174:6,女流录像小屋
BV1yF411t75n,2022-03-01,女流-2022.2.27-艾尔登法环 P1,女流录像小屋,280:34,女流录像小屋
BV1mr4y1z7dj,2022-03-01,女流-2022.3.2-艾尔登法环 P1,女流录像小屋,240:20,女流录像小屋
BV1zm4y1R75f,2022-02-28,女流-P4-2022.2.25-艾尔登法环,女流录像小屋,169:25,女流录像小屋
BV1oY411G7nx,2022-02-28,女流-P3-2022.2.25-艾尔登法环,女流录像小屋,169:28,女流录像小屋
BV1Nu411Q79H,2022-02-28,女流-P2-2022.2.25-艾尔登法环,女流录像小屋,169:26,女流录像小屋
BV1da41187va,2022-02-28,女流-P1-2022.2.25-艾尔登法环,女流录像小屋,169:25,女流录像小屋
BV1am4y1R7fS,2022-02-24,女流-2022.2.23-地平线：西部禁域,女流录像小屋,287:53,女流录像小屋
BV1r44y1T7wD,2022-02-23,女流-2022.2.22-地平线：西部禁域,女流录像小屋,285:39,女流录像小屋
BV1Gr4y1z79H,2022-02-23,女流-2022.2.21-地平线：西部禁域,女流录像小屋,269:35,女流录像小屋
BV17m4y1o7fb,2022-02-22,女流-2022.2.20-地平线：西部禁域,女流录像小屋,294:3,女流录像小屋
BV1RT4y1D7vn,2022-02-21,女流-2022.2.19-地平线：西部禁域,女流录像小屋,218:19,女流录像小屋
BV1Pq4y1b737,2022-02-20,女流-2022.2.18-地平线：西部禁域,女流录像小屋,295:2,女流录像小屋
BV1n3411L7iW,2022-02-18,女流-2022.2.17-吸血鬼幸存者,女流录像小屋,142:41,女流录像小屋
BV1Vi4y127js,2022-02-18,女流-2022.2.17-归家异途,女流录像小屋,71:41,女流录像小屋
BV1qS4y1F7L3,2022-02-17,女流-2022.2.16-部落幸存者,女流录像小屋,232:27,女流录像小屋
BV1BP4y1F7Vf,2022-02-17,女流-2021.2.14-龙之弹珠台,女流录像小屋,245:3,女流录像小屋
BV1CT4y1X7bd,2022-02-14,女流-2022.2.13-消逝的光芒2,女流录像小屋,261:46,女流录像小屋
BV1cq4y187t3,2022-02-12,女流-2022.2.11-SIFU,女流录像小屋,124:35,女流录像小屋
BV1JR4y17755,2022-02-11,女流-2022.2.9-SIFU,女流录像小屋,333:27,女流录像小屋
BV1hS4y1C7Cy,2022-02-11,女流-2022.2.10-SIFU,女流录像小屋,302:23,女流录像小屋
BV1Z5411d7Cv,2022-02-10,女流-2022.2.8-消逝的光芒2,女流录像小屋,446:5,女流录像小屋
BV1uS4y1C7fD,2022-02-09,女流-2022.2.7-消逝的光芒2,女流录像小屋,500:40,女流录像小屋
BV1F5411o7XB,2022-02-08,女流-2022.2.6-消逝的光芒2,女流录像小屋,533:9,女流录像小屋
BV1y34y1y7za,2022-02-07,女流-2022.2.5-消逝的光芒2,女流录像小屋,266:25,女流录像小屋
BV1mm4y1o7oW,2022-02-07,女流-2022.2.4-消逝的光芒2,女流录像小屋,166:19,女流录像小屋
BV1Gr4y1h7kF,2022-02-04,女流-2022.2.3-客厅户外 新年好,女流录像小屋,193:8,女流录像小屋
BV1e5411f7gy,2022-02-03,女流-2022.1.30-宝可梦阿尔宙斯（下）,女流录像小屋,345:3,女流录像小屋
BV1Mr4y1h79a,2022-02-03,女流-2022.1.30-宝可梦阿尔宙斯（上）,女流录像小屋,40:38,女流录像小屋
BV1644y1p7K7,2022-02-02,女流-2022.1.29-宝可梦阿尔宙斯,女流录像小屋,252:35,女流录像小屋
BV1nb4y1E7HB,2022-01-30,女流-2022.01.28-宝可梦传说阿尔宙斯,女流录像小屋,286:22,女流录像小屋
BV1pP4y1N74S,2022-01-27,女流-2022.01.26-文字游戏,女流录像小屋,172:25,女流录像小屋
BV1E3411h7TY,2022-01-27,女流-2022.01.25-文字游戏,女流录像小屋,333:1,女流录像小屋
BV1P3411h7d4,2022-01-26,女流-2022.01.24-暖雪,女流录像小屋,283:15,女流录像小屋
BV1B34y117Ds,2022-01-25,女流-2022.1.23-心灵砒霜,女流录像小屋,269:13,女流录像小屋
BV11r4y1e7Bq,2022-01-23,女流-2022.01.22-暖雪,女流录像小屋,272:3,女流录像小屋
BV1Pm4y1S7T5,2022-01-22,女流-2022.1.21-暖雪,女流录像小屋,330:57,女流录像小屋
BV1FL411w7Lu,2022-01-22,女流-2022.1.20-战神4（下）,女流录像小屋,225:24,女流录像小屋
BV1Cq4y1c7B1,2022-01-22,女流-2022.1.20-战神4（上）,女流录像小屋,225:21,女流录像小屋
BV1DP4y177kk,2022-01-21,女流-2022.1.19-战神4,女流录像小屋,305:32,女流录像小屋
BV1qF411p7k3,2022-01-20,女流-2022.1.18-战神4,女流录像小屋,251:47,女流录像小屋
BV1bP4y177gT,2022-01-19,女流-2022.1.17-战神4,女流录像小屋,440:14,女流录像小屋
BV1sm4y1U7Gz,2022-01-18,女流-2022.1.16-心灵砒霜&amp;弹幕版,女流录像小屋,541:48,女流录像小屋
BV1kq4y1A7gs,2022-01-17,女流-2022.1.15-战神4,女流录像小屋,371:10,女流录像小屋
BV1mZ4y1f7w2,2022-01-16,女流-2022.1.14-战神4,女流录像小屋,296:30,女流录像小屋
BV1BT4y1172d,2022-01-16,女流-2022.1.13-战神4,女流录像小屋,285:21,女流录像小屋
BV1SS4y1Z7ev,2022-01-12,女流-2022.1.11-勇网直前,女流录像小屋,256:34,女流录像小屋
BV18R4y1g7hr,2022-01-11,女流-2022.1.10-血源诅咒,女流录像小屋,247:24,女流录像小屋
BV18u411S7HC,2021-12-31,【咩咩录播056】女流氓唱歌~12.30,咩咩放映室,129:42,女流 录播
BV1Cm4y1X7Mx,2021-12-21,女流曝出壮壮玩冒险岛找老公：你每次玩都鬼鬼祟祟的 我感觉你乐在其中,高能游戏眼,9:4,女流 冒险岛
BV1hQ4y1U7XE,2021-11-19,女流66姐抖音-怎样交朋友才好。,新垣结衣结发之夫,0:43,女流 抖音
BV1Xb4y187rJ,2021-11-08,【切茜娅】什么女流氓,纽碧d,0:56,女流 切片
BV11L4y1Y78Y,2021-09-04,【asoul/直播切片】乃琳女流氓欺负我爹（字幕附）,茉莉緑妍まつり,1:1,女流 切片
BV1dy4y137d9,2021-08-22,AI美少女为主人服务时的不雅片段流出,星宫唯,2:15,女流 切片
BV1Eq4y1p74F,2021-08-03,【心灵砒霜】这日子越来越有判头了,卖薯片的马铃薯,3:38,女流 切片
BV1UB4y1u7yD,2021-05-31,【寅子＆女流】2021年5月31日录播《永劫无间官方活动》,寅子,175:28,女流 录播
BV1iK4y1R7hn,2021-05-31,【寅子_2021-05-31_】寅子和女流66一起户外 永劫无间出差户外  直播录像录播,录播员老夏,170:49,女流 录播
BV1Sv41177xQ,2021-04-21,五男两女流落荒岛，卡车大小的螃蟹火鸡各种送温暖，60年前的经典老片给你好看！《神秘岛》,大嘴青蛙聊电影,4:13,女流 冒险岛
BV1wX4y137pV,2021-04-14,女流66-4/14下午《鬼谷八荒》，女魔头,鬼娃娃华子,23:49,女流 录播
BV1KK4y1K7Qj,2021-04-08,【麻雀】第21期女流最高位戦Aリーグ 录播合集,宿鸢doris,410:19,女流 录播
BV1fb4y1S7DV,2021-04-06,冒险电影：五男两女流落无人荒岛，遭遇各种巨型生物，做成了美食，7分钟看完《神秘岛》,沙鱼说电影8,7:43,女流 冒险岛
BV1Nh411D7Tz,2021-03-30,【YJJ炮炮&amp;女流66录像】双人成形甜蜜之旅(已完结),十先令六便士_,711:53,女流 录播
BV1ht4y1B7dF,2021-01-28,【橙光精分配音】【脑洞玄幻】天下第一女流氓(全5期完结)【Becca萌の录播】,Becca萌-BMS,922:51,女流 录播
BV1Jf4y1k7md,2021-01-20,女流66_2021-01-19- 全收集还远吗？,账号已注销,302:38,女流 录播
BV1dy4y167CC,2020-11-26,【2020-11-26】2020腾讯游戏家盛典 直播录像录播,录播员老夏,199:1,女流 录播
BV1cA411777g,2020-11-14,MLEAGUE 录播 20201113第二半庄 女流对决,花逝み,93:33,女流 录播
BV1Uv411k73H,2020-10-24,【女流】2020.10.23FC游戏专场 三目童子 初代冒险岛 冒险岛3 洛克人 鸟人战队 超级玛丽 FC原人 松鼠大作战 爱的小屋 兔宝宝,985录播录像厅,230:53,女流 冒险岛
BV1Jt4y1v78Y,2020-10-03,【弹幕录像屋】女流66 2020.10.02 phasmophobia玩玩,账号已注销,224:34,女流 录播
BV1VK4y1h7mN,2020-10-01,【菠萝赛东_2020-09-30_】二次元百灵鸟上班啦！ 直播录像录播,录播员老夏,373:6,女流 录播
BV1HT4y1A7Qr,2020-09-24,{秘密录像屋}  女流66_2020-09-24  挖矿的核心在一个不贪,账号已注销,231:8,女流 录播
BV13t4y1q7Zz,2020-09-21,大周侍卫甘蔗哥-翻唱,分离焦躁症,13:30,女流 录播
BV1Ua4y1j7rm,2020-09-21,大周MC歌会-甘蔗哥-《行歌》,分离焦躁症,4:50,女流 录播
BV1tk4y1B7rT,2020-07-27,【菠萝赛东_2020-07-26_】跟66npc剧本杀！今天有1.5倍哦 直播录像录播,录播员老夏,225:3,女流 录播
BV1Dk4y1B74L,2020-06-10,【安神豆腐渣_2020-06-09_】壮壮过生日啦，谢谢大家~ 直播录像录播,录播员老夏,250:45,女流 录播
BV1Qz4y1X748,2020-05-23,【女流66】线性人生——你值得更好的未来。,我不是茄子0v0,7:49,女流 录播
BV1HZ4y1p7Bh,2020-05-14,【香川爱生】女流棋士1V3 来看看职业选手的真正实力【直播录播】,F桑提不起劲,30:58,女流 录播
BV155411s7mY,2020-05-13,[户外].[集梦秋秋【暖男团团长】].[我与女流氓……].[2020-05-13]凌晨,牛马不在孤单,124:37,女流 录播
BV1ap4y1976x,2020-05-07,女流66-2020.04.15-一路向北,昵称可以有但是没必要,4:50,女流 录播
BV1na4y1i7gg,2020-05-07,女流66 2020.5.7 -安静,昵称可以有但是没必要,5:18,女流 录播
BV1ma4y1v73z,2020-04-27,女流66_2020-04-27-15-10-40,么丽陌离,34:32,女流 录播
BV1oE411W75V,2020-03-07,【MC地图实况录播】无助少女流落到荒球求生.avi 更新至p1,椰果果果果崽,48:6,女流 录播
BV1h7411n78o,2020-02-16,【主播日常】女流66-石锤了，姐弟居然是同一个人？,竞52,0:40,女流 抖音
BV1VJ411b767,2020-01-01,6酱陪你跨年啦！！,黎ranran,24:1,女流 录播
BV1dJ411U742,2019-11-17,李伊霏：见过女流氓吗？,我是你隔壁的王叔叔啊,1:2,女流 抖音
BV1SE411k7vV,2019-10-20,【女流66】录播2019.10.19 12.48.31,白陆゜,430:50,女流 录播
BV1RE411r7Qo,2019-10-18,【女流66】录播2019.10.18 15.15.15,白陆゜,286:25,女流 录播
BV1TE411y7Sb,2019-10-18,【女流66】录播2019.10.17 15.05.39,白陆゜,320:14,女流 录播
BV1YE411C7oL,2019-10-16,【女流66】录播2019.10.16 13.28.12,白陆゜,123:22,女流 录播
BV1TE411C75c,2019-10-16,【女流66】录播2019.10.15 15.07.03,白陆゜,281:14,女流 录播
BV18E411d7he,2019-10-14,【女流66】录播2019.10.13 15.09.14,白陆゜,262:31,女流 录播
BV1sE411Z7YA,2019-10-12,【女流66】录播2019.10.12 15.13.44,白陆゜,251:57,女流 录播
BV1wE411Z75K,2019-10-12,【女流66】录播2019.10.11 15.10.16,白陆゜,243:15,女流 录播
BV1pE411o7UJ,2019-10-11,【女流66】录播2019.10.10 15.05.18,白陆゜,268:8,女流 录播
BV1DE411f7VZ,2019-10-10,【女流66】录播2019.10.09 15.04.35,白陆゜,254:4,女流 录播
BV1VJ411c7Gm,2019-10-08,【女流66】录播2019.10.06,白陆゜,278:22,女流 录播
BV13J411c7Q7,2019-10-08,【女流66】录播2019.10.07 15.12.56,白陆゜,241:44,女流 录播
BV1b4411k7Rw,2019-09-07,斗鱼-女流66_20190804  0808 0810 0814 0816 0818 0819 0821,985录播录像厅,1689:35,女流 录播
BV1K4411D7QE,2019-08-14,{秘密录像屋}斗鱼天下第一斗歌大赛  2019.08.13----多视角,账号已注销,597:13,女流 录播
BV1Q4411S7WL,2019-08-14,斗鱼斗歌大会总决赛刘飞儿视角房间号265438日期2019年8月13日19_00_10,列支敦士登驻通辽大使,23:7,女流 录播
BV1N4411v7Kp,2019-05-08,【安神豆腐渣录播】 DOTA2 2019.5.7,账号已注销,273:54,女流 录播
BV124411e7Dd,2019-05-07,【安神豆腐渣录播】 DOTA2 2019.5.6,账号已注销,230:8,女流 录播
BV1j4411i7tM,2019-05-05,【安神豆腐渣录播】 和菠萝塞东一起玩大富翁 魔兽对战平台：小精灵 2019.5.4,账号已注销,246:50,女流 录播
BV1f4411x7Cz,2019-05-03,【安神豆腐渣录播】 往日不再 2019.5.2,账号已注销,327:11,女流 录播
BV1C4411x7gF,2019-05-02,【安神豆腐渣录播】 往日不再 2019.5.1,账号已注销,370:57,女流 录播
BV144411t73k,2019-05-01,【安神豆腐渣录播】 往日不再 2019.4.30,账号已注销,261:52,女流 录播
BV1g441187zF,2019-04-29,【安神豆腐渣录播】 往日不再 2019.4.28,账号已注销,324:55,女流 录播
BV1B4411b7z5,2019-04-28,【安神豆腐渣录播】 往日不再 2019.4.27,账号已注销,282:51,女流 录播
BV1e4411h7ro,2019-04-27,【安神豆腐渣录播】 往日不再 2019.4.26,账号已注销,312:51,女流 录播
BV1w4411h7LW,2019-04-26,【安神豆腐渣录播】 只狼 往日不再 2019.4.25,账号已注销,424:29,女流 录播
BV1y4411877y,2019-04-25,【安神豆腐渣录播】 2019.4.24,账号已注销,466:40,女流 录播
BV1H441187Nx,2019-04-24,【安神豆腐渣录播】 2019.4.23,账号已注销,321:13,女流 录播
BV1eb411G77k,2019-04-24,【B站最高清1080P录播】女流2D只狼，你的生活不是录像，你玩的都是你脑中预想的行动，录像才是真实！,BLBL录像姬,18:50,女流 录播
BV1ub411G7fZ,2019-04-23,【B站最高清1080P录播】女流66，2D只狼！！！犹豫一样白给！！！超爽电音BGM，风格很好的游戏,BLBL录像姬,41:56,女流 录播
BV17b411G7kS,2019-04-23,【B站最高清1080P录播】女流2D只狼，你的生活不是录像，你玩的都是你脑中预想的行动，录像才是真实！！,BLBL录像姬,17:22,女流 录播
BV17b411G7ib,2019-04-23,【B站最高清1080P录播】女流2D只狼，你的生活不是录像，你玩的都是你脑中预想的行动，录像才是真实！,BLBL录像姬,19:2,女流 录播
BV1fb411376k,2019-04-23,【安神豆腐渣录播】 2019.4.22,账号已注销,239:0,女流 录播
BV1gb411T7d6,2019-04-14,【女流】66亲身讲述网游被骗经历，大家也要提高安全意识啊,蓝君zz,2:57,女流 冒险岛
BV1db411T7HL,2019-04-10,【B站最高清1080P录播】女流的直播录像,BLBL录像姬,29:29,女流 录播
BV1Yb411T75M,2019-04-09,【B站最高清1080P录播】女流，内蒙大叔：北京哪有好人，打完这一仗，赶紧回家结婚~家里的人都是热血青年，知根知底,BLBL录像姬,9:32,女流 录播
BV14b41117iu,2019-02-18,越南人反应中国抖音,木厉宁,8:6,女流 抖音
BV14b41117ij,2019-02-18,越南人看中国抖音变装视频,木厉宁,7:10,女流 抖音
BV1tb411U7Mt,2019-02-13,【女流】勇者斗恶龙 2019-02-13 15:41-19:06 录播,星星在那远方,205:15,女流 录播
BV1Nt411a7aC,2019-01-18,女流被单身狗心酸到笑,YanYanRich,0:30,女流 抖音
BV1Yt411x7Qt,2019-01-05,尬？抖音TIK-TOK！非常健康正能量的短视频app！！(手动微笑),这里是KOKO,8:40,女流 抖音
BV1vt41197Gs,2018-11-26,【主播精彩时刻-日常篇】女流太累飞机流口水 被抖音洗脑,塔塔别尿啦,6:52,女流 抖音
BV1qW41157xQ,2018-04-22,女流-2018.4.22-冒险岛,女流录像小屋,57:59,女流 冒险岛
BV1GW411j77G,2018-04-17,女流-2018.4.16-冒险岛,女流录像小屋,314:27,女流 冒险岛
BV1gW411s7zL,2018-03-11,3.10-yjj录播-今天是一位魔法少女,bili_67245206,194:52,女流 录播
BV1aW411x7Mf,2018-03-04,3.4-yjj录播-今天播了一会儿和66的平安京,bili_67245206,246:16,女流 录播
BV1zW411s7UV,2018-03-01,2.28-yjj录播-今天又开心四轮车，大家一起吃了好多鸡,bili_67245206,396:16,女流 录播
BV1gW41177c8,2018-02-19,2.18-yjj录播-我yjj和女流双排，落地，杀人，死,bili_67245206,514:5,女流 录播
BV1kW411H7yx,2018-02-03,2.2-yjj录播-后面和66双排有点糊,bili_67245206,375:1,女流 录播
BV1SW411Y7yZ,2018-01-23,1.22-yjj录播-暗杀部队在行动,bili_67245206,340:26,女流 录播
BV1EW411v7m9,2018-01-17,1.16-yjj录播-今天可把我们yjj累坏了,bili_67245206,503:50,女流 录播
BV1YW411i7tq,2018-01-09,1.9-yjj录播-神仙太多，打训练赛,bili_67245206,357:17,女流 录播
BV12W411B7tn,2018-01-07,1.6-yjj录播-文化日渐丰富，开始学习造句,bili_67245206,282:41,女流 录播
BV1PW411B7pk,2018-01-03,1.2-yjj录播-钢铁直男的称号岌岌可危,bili_67245206,404:51,女流 录播
BV1UW411q74o,2017-12-31,12.31-yjj录播-御前壹品带刀侍卫护驾不力，午门斩首,bili_67245206,346:26,女流 录播
BV1pW411b7GZ,2017-12-30,12.30-yjj录播-紧张刺激的yjj三问环节,bili_67245206,348:42,女流 录播
BV1AW411b773,2017-12-29,12.28-yjj录播-希望你们也有天能带三个妹子,bili_67245206,274:4,女流 录播
BV1DW411t7dd,2017-12-27,12.27-yjj录播-今天生日，放飞自我（弹幕版）,bili_67245206,238:12,女流 录播
BV1fW411t7vJ,2017-12-27,12.27-yjj录播-今天生日，放飞自我（弹幕版晚点发）,bili_67245206,238:48,女流 录播
BV1eW41187DW,2017-12-22,12.20-yjj录播-弹幕版“斗地主”（请看一下简介。。）,bili_67245206,284:17,女流 录播
BV1xW41187kt,2017-12-20,12.19-yjj录播-今天请叫我战神,bili_67245206,235:38,女流 录播
BV1jW41187y1,2017-12-19,12.18-yjj录播-黄历说今天不宜玩游戏,bili_67245206,445:50,女流 录播
BV1dW411b762,2017-12-17,12.16-yjj录播-98k竟然还有这种骚操作，你是看孙子兵法学的吗？,bili_67245206,430:36,女流 录播
BV1LW411h7Ua,2017-12-09,12.8-yjj录播-战地记者yjj来帮你选择工作,bili_67245206,627:1,女流 录播
BV1nW411Y786,2017-12-05,12.4-yjj录播-yjj教你如何做一个渔夫,bili_67245206,295:22,女流 录播
BV1wW411Y7pi,2017-12-04,12.3yjj录播-令人震惊的三人双排,bili_67245206,274:42,女流 录播
BV1cW411Y7N9,2017-12-03,12.2-yjj录播-历史上最尬的直播拉赞助,bili_67245206,589:8,女流 录播
BV1ix411576A,2017-11-29,11.28-yjj录播-嗨呀四排的小姐姐们声音都好好听啊,bili_67245206,453:47,女流 录播
BV18x41157ce,2017-11-28,11.27-yjj录播-我tn的今天就录了两个小时,bili_67245206,135:29,女流 录播
BV1Kx411j7Gs,2017-11-20,11.19-yjj录播-玩蛇主播，关注了,bili_67245206,315:56,女流 录播
BV1dx411L7DB,2017-11-19,11.18-yjj录播-斗鱼直播yjj，登月反地第一人,bili_67245206,492:25,女流 录播
BV1ix411L7e9,2017-11-17,11.16-yjj录播-昨天三连鸡的弹幕版,bili_67245206,91:19,女流 录播
BV1ex411L7mS,2017-11-17,11.16-yjj录播-今天播掘地求升还有绝地求生,bili_67245206,429:15,女流 录播
BV1ux41177hR,2017-11-11,11.10-yjj录播-大兄弟，看直播吗，要不要来办张卡？,bili_67245206,546:36,女流 录播
BV1cx41177jW,2017-11-10,11.9-yjj录播-读完这本书你就无敌了——盒子兵法全解,bili_67245206,365:51,女流 录播
BV1rx411j7gU,2017-11-08,11.7-yjj录播-今天四排黑车，流水的队友，铁打的大牙,bili_67245206,325:29,女流 录播
BV1Cx411j7Re,2017-11-07,11.6-yjj录播-今天水友赛（关于有个劳模当老板是个什么样的体验）,bili_67245206,557:56,女流 录播
BV16x411777z,2017-10-28,10.27-yjj录播-我yjj终于在第三天吃10.5把鸡，谢谢大家的支持,bili_67245206,352:38,女流 录播
BV1nx411u71d,2017-10-25,10.24-yjj录播-今天也是粉红色的炮炮，摄像头温柔到模糊~,bili_67245206,374:24,女流 录播
BV1Rx411M78k,2017-10-23,10.22-yjj录播-图书馆和紫色发廊倒闭了，都给我哭,bili_67245206,415:50,女流 录播
BV13x411g7B8,2017-10-13,10.12-yjj录播-我yjj，有大事宣布，淘宝店上新（水友：mmp）,bili_67245206,394:24,女流 录播
BV12x41137Ug,2017-10-07,10.6-yjj录播-今天在家直播吃鸡，和载具结下不解之缘的yjj,bili_67245206,412:9,女流 录播
BV1Vx41137Rt,2017-10-03,10.2-yjj录播-满脸幸福yjj,我陈二狗天下无敌,28:0,女流 录播
BV15x41137qz,2017-10-03,10.2-yjj录播-你们火箭别给我 去给66刷,我陈二狗天下无敌,57:58,女流 录播
BV1Mx411G7Sn,2017-09-23,【炮炮&amp;66】殉情TV：我为什么要等你？（弹幕版录播）,西尔维维维,183:21,女流 录播
BV1Qx411a7ue,2017-06-09,【PAOPAO】6月8日 和渣哥一起教女流姐姐玩守望（待施工）,bili_67245206,401:56,女流 录播
BV1Bx411S7PP,2017-04-09,女流-4.6-冒险岛2,女流录像小屋,54:54,女流 冒险岛
