bvid,pubdate,live_date,duration,cover,title
BV1yM411R7GY,2023-12-01,2023-11-30,521:58,https://i0.hdslb.com/bfs/archive/98c317574de6684b9e52b1f4b1ecda0e47cfa37c.jpg,【女流】2023年11月30日录播《66聊聊》
BV1Ra4y1d7Vn,2023-11-30,2023-11-29,307:54,https://i0.hdslb.com/bfs/archive/a501099454fd619ef8f83a1a7e8174d7e340a114.jpg,【女流】2023年11月29日录播《英雄杀手》
BV1sb4y1M7q8,2023-11-29,2023-11-28,242:55,https://i0.hdslb.com/bfs/archive/7daeb989489922f3b7d1fe5d03c8259228007550.jpg,【女流】2023年11月28日录播《街霸》
BV1x94y1n7Vr,2023-11-28,2023-11-27,398:16,https://i0.hdslb.com/bfs/archive/a501099454fd619ef8f83a1a7e8174d7e340a114.jpg,【女流】2023年11月27日录播《英雄杀手》P1
BV1La4y1f7wb,2023-11-28,2023-11-27,182:01,https://i0.hdslb.com/bfs/archive/a501099454fd619ef8f83a1a7e8174d7e340a114.jpg,【女流】2023年11月27日录播《英雄杀手》P2
BV1gv411F7sW,2023-11-27,2023-11-26,246:18,https://i0.hdslb.com/bfs/archive/ca28e261585d302f611380aa2b7ca824fb63ffaa.jpg,【女流】2023年11月26日录播《心灵砒霜 弹幕版》
BV1bc411z7k6,2023-11-26,2023-11-26,246:18,https://i0.hdslb.com/bfs/archive/ca28e261585d302f611380aa2b7ca824fb63ffaa.jpg,【女流】2023年11月26日录播《心灵砒霜 》
BV1wc411z7FS,2023-11-25,2023-11-24,220:09,https://i0.hdslb.com/bfs/archive/8b0b3637db242dbb77f4f6dba6cce5c39e744a08.jpg,【女流】2023年11月24日录播《大侠立志传》P2
BV1tM411f7j8,2023-11-25,2023-11-25,195:25,https://i0.hdslb.com/bfs/archive/de0228f64362f6124d3e5350f3a886c2feacb138.jpg,【女流】2023年11月25日录播《吃香》P1
BV1cw411H7u1,2023-11-25,2023-11-24,220:06,https://i0.hdslb.com/bfs/archive/8b0b3637db242dbb77f4f6dba6cce5c39e744a08.jpg,【女流】2023年11月24日录播《大侠立志传》P3
BV1MG411S7my,2023-11-25,2023-11-25,195:28,https://i0.hdslb.com/bfs/archive/de0228f64362f6124d3e5350f3a886c2feacb138.jpg,【女流】2023年11月25日录播《吃香》P2
BV1BQ4y1t7Mo,2023-11-25,2023-11-24,220:06,https://i0.hdslb.com/bfs/archive/8b0b3637db242dbb77f4f6dba6cce5c39e744a08.jpg,【女流】2023年11月24日录播《大侠立志传》P1
BV1Wa4y1Z7QE,2023-11-23,2023-11-23,481:12,https://i0.hdslb.com/bfs/archive/8b0b3637db242dbb77f4f6dba6cce5c39e744a08.jpg,【女流】2023年11月23日录播《大侠立志传》
BV1za4y1Z7H1,2023-11-22,2023-11-22,310:26,https://i0.hdslb.com/bfs/archive/8b0b3637db242dbb77f4f6dba6cce5c39e744a08.jpg,【女流】2023年11月22日录播《大侠立志传》
BV1hQ4y1b7AJ,2023-11-22,2023-11-21,256:52,https://i0.hdslb.com/bfs/archive/8b0b3637db242dbb77f4f6dba6cce5c39e744a08.jpg,【女流】2023年11月21日录播《大侠立志传》P1
BV1f34y1c7Nc,2023-11-22,2023-11-21,256:50,https://i0.hdslb.com/bfs/archive/8b0b3637db242dbb77f4f6dba6cce5c39e744a08.jpg,【女流】2023年11月21日录播《大侠立志传》P2
BV1gw411P79y,2023-11-21,2023-11-20,270:35,https://i0.hdslb.com/bfs/archive/8b0b3637db242dbb77f4f6dba6cce5c39e744a08.jpg,karmazoo【女流】2023年11月20日录播《大侠立志传》&《因果动物园》P1
BV17z4y1c7o8,2023-11-21,2023-11-20,270:36,https://i0.hdslb.com/bfs/archive/e9e7f56eef6ade5f65ee4723c1d2b44661fbe9b5.jpg,【女流】2023年11月20日录播《大侠立志传》&《因果动物园》P2
BV1n94y1H7yA,2023-11-20,2023-11-19,215:54,https://i0.hdslb.com/bfs/archive/3477ced7024b045d8baa5c5fec1e82e6ed11e825.jpg,【女流】2023年11月19日录播《大侠立志传》P1
BV1mH4y1q7WR,2023-11-20,2023-11-19,215:55,https://i0.hdslb.com/bfs/archive/3477ced7024b045d8baa5c5fec1e82e6ed11e825.jpg,【女流】2023年11月19日录播《大侠立志传》P2
BV1Hu4y1P7Wn,2023-11-19,2023-11-18,429:55,https://i0.hdslb.com/bfs/archive/3477ced7024b045d8baa5c5fec1e82e6ed11e825.jpg,【女流】2023年11月18日录播《大侠立志传》
BV1bw411H7iT,2023-11-18,2023-11-17,166:49,https://i0.hdslb.com/bfs/archive/cb46975bedf7004fcf2bdde419e98cab5a29e633.jpg,【女流】2023年11月17日录播《遗迹2》P2
BV1fH4y1i7LW,2023-11-13,2023-11-12,118:07,https://i0.hdslb.com/bfs/archive/b731b878a19ce8ad44a46f7ccde1d551562e055e.jpg,【女流】2023年11月12日录播《心灵砒霜弹幕版》P2
BV1Bg4y1Q7Cp,2023-11-13,2023-11-12,118:06,https://i0.hdslb.com/bfs/archive/e52a3b4cf54b20c52f7ec9965d7137504e8a2e17.jpg,【女流】2023年11月12日录播《心灵砒霜弹幕版》P1
BV1aw411T7SW,2023-11-12,2023-11-12,236:35,https://i0.hdslb.com/bfs/archive/83a5de400a57c01e6d8ba4d18ef4bf07c128fbfb.jpg,【女流】2023年11月12日录播《全职野人》
BV1Mj411a7YB,2023-11-12,2023-11-12,236:11,https://i0.hdslb.com/bfs/archive/b731b878a19ce8ad44a46f7ccde1d551562e055e.jpg,【女流】2023年11月12日录播《心灵砒霜》
BV11u4y1N7Ue,2023-11-12,2023-11-11,315:41,https://i0.hdslb.com/bfs/archive/2a9a90dd38a906273bf631b5ffe819053d4f247e.jpg,【女流】2023年11月11日录播《超级舞动 瓦里奥制造》
BV1wC4y1S7xp,2023-11-11,2023-11-10,323:11,https://i0.hdslb.com/bfs/archive/126025fcfff9581a75453ff2b6ead3b32cead496.jpg,【女流】2023年11月10日录播《魔法工艺》
BV1kw411T7Sg,2023-11-10,2023-11-09,188:09,https://i0.hdslb.com/bfs/archive/f74ed7325d7c676ff94da13bd6d26eebd507dbf5.jpg,【女流】2023年11月9日录播《魔法工艺》《鹅鹅鸭》《糖豆人》P3
BV1VC4y1S7qQ,2023-11-10,2023-11-09,188:07,https://i0.hdslb.com/bfs/archive/f74ed7325d7c676ff94da13bd6d26eebd507dbf5.jpg,【女流】2023年11月9日录播《魔法工艺》《鹅鹅鸭》《糖豆人》P2
BV1Lc411X74W,2023-11-10,2023-11-09,188:06,https://i0.hdslb.com/bfs/archive/f74ed7325d7c676ff94da13bd6d26eebd507dbf5.jpg,【女流】2023年11月9日录播《魔法工艺》《鹅鹅鸭》《糖豆人》P1
BV1jH4y1B7gP,2023-11-09,2023-11-08,316:54,https://i0.hdslb.com/bfs/archive/ea1ce639c1628a46cf9f3234a0d36a021d271fb7.jpg,【女流】2023年11月8日录播《节奏鸽子》&《DON'T SCREAM》&《揍击派对》
BV1Nw411M7tt,2023-11-01,2023-11-01,324:06,https://i0.hdslb.com/bfs/archive/c2e7b80c2cf91cfd3de2c46ed08af44c6c0e2c9a.jpg,【女流】2023年11月1日录播《无畏契约》&《Rhythm Royale》
BV1MC4y1H7xp,2023-10-31,2023-10-31,274:53,https://i0.hdslb.com/bfs/archive/ea1ce639c1628a46cf9f3234a0d36a021d271fb7.jpg,【女流】2023年10月31日录播《Rhythm Royale》
BV1zG411C7gD,2023-10-30,2023-10-30,180:54,https://i0.hdslb.com/bfs/archive/d07cfe5b1b84f8e5aeadda194161c2f471ad5ff6.jpg,【女流】2023年10月30日录播《心灵杀手2》P2
BV16Q4y1H78a,2023-10-30,2023-10-30,180:53,https://i0.hdslb.com/bfs/archive/d07cfe5b1b84f8e5aeadda194161c2f471ad5ff6.jpg,【女流】2023年10月30日录播《心灵杀手2》P1
BV11C4y1n7Mu,2023-10-30,2023-10-30,180:54,https://i0.hdslb.com/bfs/archive/d07cfe5b1b84f8e5aeadda194161c2f471ad5ff6.jpg,【女流】2023年10月30日录播《心灵杀手2》P3
BV1De411971P,2023-10-29,2023-10-29,216:10,https://i0.hdslb.com/bfs/archive/d07cfe5b1b84f8e5aeadda194161c2f471ad5ff6.jpg,【女流】2023年10月29日录播《心灵杀手2》P1
BV1Cc411f7du,2023-10-29,2023-10-29,216:08,https://i0.hdslb.com/bfs/archive/d07cfe5b1b84f8e5aeadda194161c2f471ad5ff6.jpg,【女流】2023年10月29日录播《心灵杀手2》P2
BV1xM411X7yz,2023-10-28,2023-10-28,169:03,https://i0.hdslb.com/bfs/archive/d07cfe5b1b84f8e5aeadda194161c2f471ad5ff6.jpg,【女流】2023年10月28日录播《心灵杀手2》P1
BV1584y1X7FR,2023-10-28,2023-10-28,169:04,https://i0.hdslb.com/bfs/archive/d07cfe5b1b84f8e5aeadda194161c2f471ad5ff6.jpg,【女流】2023年10月28日录播《心灵杀手2》P2
BV1gy4y1A7c6,2023-10-26,2023-10-26,419:22,https://i0.hdslb.com/bfs/archive/7315f62556d8cfc0a412c4eb353be20187280346.jpg,【女流】2023年10月26日录播《蜘蛛侠2》
BV13j411i7VV,2023-10-25,2023-10-25,323:24,https://i0.hdslb.com/bfs/archive/7315f62556d8cfc0a412c4eb353be20187280346.jpg,【女流】2023年10月25日录播《蜘蛛侠2》
BV1cH4y1R7LU,2023-10-24,2023-10-24,221:59,https://i0.hdslb.com/bfs/archive/736ca9767f6bbf6db827ecc26b543164dcc284f7.jpg,【女流】2023年10月24日录播《超级马里奥兄弟 惊奇》P1
BV13Q4y1W7iV,2023-10-24,2023-10-24,221:59,https://i0.hdslb.com/bfs/archive/736ca9767f6bbf6db827ecc26b543164dcc284f7.jpg,【女流】2023年10月24日录播《超级马里奥兄弟 惊奇》P2
BV1dC4y137LR,2023-10-23,2023-10-23,262:01,https://i0.hdslb.com/bfs/archive/7315f62556d8cfc0a412c4eb353be20187280346.jpg,【女流】2023年10月23日录播《蜘蛛侠2》
BV1694y1L7y7,2023-10-23,2023-10-23,203:56,https://i0.hdslb.com/bfs/archive/736ca9767f6bbf6db827ecc26b543164dcc284f7.jpg,【女流】2023年10月23日录播《超级马里奥兄弟 惊奇》
BV1jQ4y1p7k6,2023-10-22,2023-10-21,265:26,https://i0.hdslb.com/bfs/archive/7315f62556d8cfc0a412c4eb353be20187280346.jpg,【女流】2023年10月21日录播《蜘蛛侠2》
BV1Ye411R7EV,2023-10-22,2023-10-22,87:25,https://i0.hdslb.com/bfs/archive/736ca9767f6bbf6db827ecc26b543164dcc284f7.jpg,【女流】2023年10月22日录播《超级马里奥兄弟 惊奇》
BV1J94y1L7V2,2023-10-22,2023-10-21,162:51,https://i0.hdslb.com/bfs/archive/736ca9767f6bbf6db827ecc26b543164dcc284f7.jpg,【女流】2023年10月21日录播《超级马里奥兄弟 惊奇》
BV17H4y197nx,2023-10-22,2023-10-22,266:01,https://i0.hdslb.com/bfs/archive/751ae6fd17d6707de7ac1c471a9a1fe6a8c4d8e1.jpg,【女流】2023年10月22日录播《蜘蛛侠2》
BV1wj411i72W,2023-10-20,2023-10-20,257:52,https://i0.hdslb.com/bfs/archive/9d2dabf021ee8e01e23b54a229e4f0005eb738f3.jpg,【女流】2023年10月20日录播《超级马里奥兄弟 惊奇》P1
BV1BN4y1C7Bp,2023-10-20,2023-10-20,257:52,https://i0.hdslb.com/bfs/archive/ad4fc8a9da792f1504937b4f9daac379623c1421.jpg,【女流】2023年10月20日录播《超级马里奥兄弟 惊奇》P2
BV1nN411t7oc,2023-10-19,2023-10-19,272:00,https://i0.hdslb.com/bfs/archive/03f41ff537ad130b379566723d5ec38ea20610f8.jpg,【女流】2023年10月19日录播《佩奇6》
BV1hw411w7Dx,2023-10-19,2023-10-18,223:36,https://i0.hdslb.com/bfs/archive/3623a33ed1330784663f18682775d4fa89f44ed6.jpg,【女流】2023年10月18日录播《我被美女包围了》
BV13j41147oc,2023-10-19,2023-10-18,231:23,https://i0.hdslb.com/bfs/archive/0510a35d4f568af7e2179bab5222666ca9c3a066.jpg,【女流】2023年10月18日录播《堕落之主》
BV1VM41197Ru,2023-10-18,2023-10-17,360:00,https://i0.hdslb.com/bfs/archive/2a8a249a8234290aff231f1f20be9a5c4e445700.jpg,【女流】2023年10月17日录播《堕落之主》P1
BV1E84y1d7U6,2023-10-18,2023-10-17,341:05,https://i0.hdslb.com/bfs/archive/de0caf1df5473fa94bf47c90d2a3f6e07c268e3d.jpg,【女流】2023年10月17日录播《堕落之主》P2
BV1xw411c7WC,2023-10-15,2023-10-15,32:20,https://i0.hdslb.com/bfs/archive/285d43289f0585da5b8c79c3e4c936bf4939ec53.jpg,【女流】2023年10月15日录播《重庆开学季》
BV1sw411C7hk,2023-10-15,2023-10-15,50:34,https://i0.hdslb.com/bfs/archive/0aa510411ba206004ef21f7de94677bca7808869.jpg,【女流】2023年10月15日录播《重庆开学季》
BV1TB4y1f7B1,2023-10-15,2023-10-14,212:44,https://i0.hdslb.com/bfs/archive/0510a35d4f568af7e2179bab5222666ca9c3a066.jpg,【女流】2023年10月14日录《堕落之主》
BV1Dw411c7fR,2023-10-15,2023-10-15,265:35,https://i0.hdslb.com/bfs/archive/7e44921ceb2c80695bc14994ace535e98beb7550.jpg,【女流】2023年10月15日录播《重庆开学季》
BV1534y1g7tF,2023-10-15,2023-10-14,212:45,https://i0.hdslb.com/bfs/archive/0510a35d4f568af7e2179bab5222666ca9c3a066.jpg,【女流】2023年10月14日录《堕落之主》
BV1T34y1g7dn,2023-10-14,2023-10-13,229:41,https://i0.hdslb.com/bfs/archive/0510a35d4f568af7e2179bab5222666ca9c3a066.jpg,【女流】2023年10月13日录《堕落之主》
BV1Nw411C7Mn,2023-10-14,2023-10-13,229:42,https://i0.hdslb.com/bfs/archive/0510a35d4f568af7e2179bab5222666ca9c3a066.jpg,【女流】2023年10月13日录《堕落之主》
BV1BH4y1R769,2023-10-14,2023-10-13,229:43,https://i0.hdslb.com/bfs/archive/0510a35d4f568af7e2179bab5222666ca9c3a066.jpg,【女流】2023年10月13日录《堕落之主》
BV1yw411r791,2023-10-12,2023-10-11,376:36,https://i0.hdslb.com/bfs/archive/7732ec2c70b813588a7566e95dd89fc6d13c3cbe.jpg,【女流】2023年10月11日录播《女鬼桥2》
BV1Hu411K7Wd,2023-10-12,2023-10-12,318:21,https://i0.hdslb.com/bfs/archive/0f6853c349d156887d2beb4fea70e920fb39e8d7.jpg,【女流】2023年10月12日录播《Headbangers》
BV1F34y1G7B9,2023-10-11,2023-10-10,39:16,https://i0.hdslb.com/bfs/archive/295fb8a9f3810cd3fe6440efd9a411741564acb8.jpg,女流-2023.10.10-糖豆人
BV15H4y1R7Hk,2023-10-11,2023-10-10,188:07,https://i0.hdslb.com/bfs/archive/cd5019ca0b4a3a794f0fb7d7180969dab98e0666.jpg,女流-2023.10.10-Goose Goose Duck
BV1gw411r7v9,2023-10-08,2023-10-08,211:47,https://i0.hdslb.com/bfs/archive/ef409d4eb24f6f686dbd50ada1a044434d77214d.jpg,P2-女流-2023.10.8-刺客信条 幻景
BV1Cw411w7EW,2023-10-08,2023-10-08,211:46,https://i0.hdslb.com/bfs/archive/ef409d4eb24f6f686dbd50ada1a044434d77214d.jpg,P1-女流-2023.10.8-刺客信条 幻景
BV1zh4y1B71Z,2023-10-07,2023-10-07,360:39,https://i0.hdslb.com/bfs/archive/ef409d4eb24f6f686dbd50ada1a044434d77214d.jpg,女流-2023.10.7-刺客信条 幻景
BV12C4y1R7KT,2023-10-06,2023-10-06,298:58,https://i0.hdslb.com/bfs/archive/ef409d4eb24f6f686dbd50ada1a044434d77214d.jpg,女流-2023.10.6-刺客信条 幻景
BV1pC4y1V7dm,2023-10-05,2023-10-05,83:37,https://i0.hdslb.com/bfs/archive/ef409d4eb24f6f686dbd50ada1a044434d77214d.jpg,P1-女流-2023.10.5-刺客信条 幻景
BV15N411J79U,2023-10-05,2023-10-05,231:39,https://i0.hdslb.com/bfs/archive/ef409d4eb24f6f686dbd50ada1a044434d77214d.jpg,P2-女流-2023.10.5-刺客信条 幻景
BV1u8411y7Aq,2023-10-04,2023-10-04,281:32,https://i0.hdslb.com/bfs/archive/b27c52c1ae3c34658cbb04625fc357adf20617e5.jpg,女流-2023.10.4-巴别塔圣歌
BV1pj41147BV,2023-10-04,2023-10-03,168:30,https://i0.hdslb.com/bfs/archive/295fb8a9f3810cd3fe6440efd9a411741564acb8.jpg,女流-2023.10.3-糖豆人
BV1Yj411477Y,2023-10-04,2023-10-01,116:18,https://i0.hdslb.com/bfs/archive/c785091f2d8dffc5a6bdb8942f33db097c2e1243.jpg,P2-女流-2023.10.1-心灵砒霜弹幕版
BV1G94y1a7zb,2023-10-04,2023-10-01,116:17,https://i0.hdslb.com/bfs/archive/1b7737b04640f82d6108ea797abfe605192f93d5.jpg,P1-女流-2023.10.1-心灵砒霜弹幕版
BV1fN411E75Y,2023-10-03,2023-10-02,406:18,https://i0.hdslb.com/bfs/archive/3ffa81997e404f24bcfeba8b7a8cb0aec717eab1.jpg,女流-2023.10.2-Tricky Towers
BV118411C79T,2023-10-02,2023-10-01,232:33,https://i0.hdslb.com/bfs/archive/6e6cb0f5c01de04ad49507c7351454278b8961cb.jpg,女流-2023.10.1-心灵砒霜
BV1Du4y147DN,2023-09-30,2023-09-30,300:21,https://i0.hdslb.com/bfs/archive/aa00de77f6b0409a9d19bba2f8ea8941bc4cd76d.jpg,女流-2023.9.30-卧龙 称霸江东
BV1iV411w7vd,2023-09-29,2023-09-29,24:09,https://i0.hdslb.com/bfs/archive/295fb8a9f3810cd3fe6440efd9a411741564acb8.jpg,女流-2023.9.29-糖豆人
BV1P94y1Y7Ps,2023-09-29,2023-09-29,155:17,https://i0.hdslb.com/bfs/archive/4f83b1c0cd7efccec3149df7e419a5b6ebfa6930.jpg,P1-女流-2023.9.29-跑跑卡丁车
BV1K84y1S7Np,2023-09-29,2023-09-29,35:32,https://i0.hdslb.com/bfs/archive/4f83b1c0cd7efccec3149df7e419a5b6ebfa6930.jpg,P2-女流-2023.9.29-跑跑卡丁车
BV1sC4y1f7HU,2023-09-28,2023-09-28,255:37,https://i0.hdslb.com/bfs/archive/a0691da75e7806a701508c7c014c995891469c09.jpg,女流-2023.9.28-地铁繁花
BV1vj41187KE,2023-09-27,2023-09-26,234:24,https://i0.hdslb.com/bfs/archive/0f64bc7233ed348e4c5fc6e548a5f95ff141bf67.jpg,P1-女流-2023.9.26-赛博朋克2077
BV1Vm4y1V7hB,2023-09-27,2023-09-26,234:25,https://i0.hdslb.com/bfs/archive/0f64bc7233ed348e4c5fc6e548a5f95ff141bf67.jpg,P2-女流-2023.9.26-赛博朋克2077
BV16C4y1Z7Fc,2023-09-25,2023-09-24,407:08,https://i0.hdslb.com/bfs/archive/930e0a4e5729d202da08da29fc115220166b75e7.jpg,女流-2023.9.24-新出道女歌手
BV1Y34y1A7aC,2023-09-24,2023-09-23,109:36,https://i0.hdslb.com/bfs/archive/bf01a742fc9b09fa4f4aa3a771d76bc14ad2b346.jpg,女流-2023.9.23-新出道女歌手
BV1kV411c7tu,2023-09-23,2023-09-23,341:13,https://i0.hdslb.com/bfs/archive/768029ebc4426b71080c8fd918f1e4b6830c662d.jpg,女流-2023.9.23-Payday 3
BV1c94y1W7jg,2023-09-22,2023-09-21,228:55,https://i0.hdslb.com/bfs/archive/eb8fa0a6d07fe406eff158f483a310d38dead982.jpg,女流-2023.9.21-匹诺曹的谎言
BV1ap4y1w7Dy,2023-09-22,2023-09-22,224:40,https://i0.hdslb.com/bfs/archive/72d98d44b1f7428286f3c93ccde776a7a3df9b66.jpg,P2-女流-2023.9.22-生化危机4
BV19w41127Bk,2023-09-22,2023-09-22,224:39,https://i0.hdslb.com/bfs/archive/72d98d44b1f7428286f3c93ccde776a7a3df9b66.jpg,P1-女流-2023.9.22-生化危机4
BV1ju411w7mS,2023-09-20,2023-09-18,235:15,https://i0.hdslb.com/bfs/archive/eb8fa0a6d07fe406eff158f483a310d38dead982.jpg,P2-女流-2023.9.18-匹诺曹的谎言
BV1Uw411e7Uj,2023-09-20,2023-09-18,235:19,https://i0.hdslb.com/bfs/archive/eb8fa0a6d07fe406eff158f483a310d38dead982.jpg,P1-女流-2023.9.18-匹诺曹的谎言
BV1Ly4y1F7pd,2023-09-20,2023-09-19,235:16,https://i0.hdslb.com/bfs/archive/eb8fa0a6d07fe406eff158f483a310d38dead982.jpg,P3-女流-2023.9.19-匹诺曹的谎言
BV1tz4y1L78G,2023-09-19,2023-09-17,335:31,https://i0.hdslb.com/bfs/archive/d6adc31768ba57540ea3ce910435296e2cf496f4.jpg,P1-女流-2023.9.17-匹诺曹的谎言&猛兽派对
BV1pu4y1z78R,2023-09-19,2023-09-18,194:14,https://i0.hdslb.com/bfs/archive/79092c540319f636587b8dc9ec56ec9a4366f416.jpg,P3-女流-2023.9.18-匹诺曹的谎言
BV1p94y1p7Rz,2023-09-19,2023-09-18,194:12,https://i0.hdslb.com/bfs/archive/79092c540319f636587b8dc9ec56ec9a4366f416.jpg,P1-女流-2023.9.18-匹诺曹的谎言
BV1bN411H7TT,2023-09-19,2023-09-17,324:59,https://i0.hdslb.com/bfs/archive/79092c540319f636587b8dc9ec56ec9a4366f416.jpg,P2-女流-2023.9.17-匹诺曹的谎言&猛兽派对
BV18F411S7Ap,2023-09-19,2023-09-18,194:13,https://i0.hdslb.com/bfs/archive/79092c540319f636587b8dc9ec56ec9a4366f416.jpg,P2-女流-2023.9.18-匹诺曹的谎言
BV1Sw411i7FL,2023-09-16,2023-09-16,313:58,https://i0.hdslb.com/bfs/archive/d7936c82d7f3fcedcdd3749e46ab121a8242d63c.jpg,女流-2023.9.16-匹诺曹的谎言
BV1fH4y1U7jo,2023-09-15,2023-09-14,400:58,https://i0.hdslb.com/bfs/archive/e340f4a27be9a9d7ac9dd02f2912454985ee7eee.jpg,女流-2023.9.14-街霸
BV1SP411t76x,2023-09-15,2023-09-15,267:45,https://i0.hdslb.com/bfs/archive/735e91fb21e2517d9ca9b44b929887826d7a498e.jpg,女流-2023.9.15-We Were Here Expeditions
BV11w411i7mc,2023-09-15,2023-09-13,313:03,https://i0.hdslb.com/bfs/archive/c012e1f6862f8e9acb7f5b72cb295cfd7654d902.jpg,女流-2023.9.13-岛潮酒店
BV1hp4y1A7HE,2023-09-13,2023-09-12,122:04,https://i0.hdslb.com/bfs/archive/8cc138baf5a10062410801c8e55d4eafcf915d1b.jpg,女流-2023.9.12-无畏契约
BV1GN411W77T,2023-09-13,2023-09-12,282:59,https://i0.hdslb.com/bfs/archive/6560a83a52684acc0f99a54182948bbfc6e18438.jpg,P1-女流-2023.9.12-光头鉴宝
BV1D94y1W7gF,2023-09-13,2023-09-12,61:01,https://i0.hdslb.com/bfs/archive/9cff497c47cc9b5ff8bc007f3a993e50277f3ab5.jpg,P2-女流-2023.9.12-光头鉴宝
BV1tF411r7q2,2023-09-11,2023-09-11,391:52,https://i0.hdslb.com/bfs/archive/1137fda993fa84969cc7b15822bab2bcd5f4f82f.jpg,女流-2023.9.11-A Little to the Left&文字规则怪谈
BV16z4y1j7ms,2023-09-11,2023-09-10,202:13,https://i0.hdslb.com/bfs/archive/e65684981c9dd43d0fdcc3b5f125b9b4d9ce6668.jpg,女流-2023.9.10-心灵砒霜弹幕版
BV1kz4y1j7oM,2023-09-10,2023-09-10,102:55,https://i0.hdslb.com/bfs/archive/d6adc31768ba57540ea3ce910435296e2cf496f4.jpg,女流-2023.9.10-猛兽派对
BV15V411P7qZ,2023-09-10,2023-09-10,202:13,https://i0.hdslb.com/bfs/archive/9b75777d04abccfca3c5a57778d3842a46c41319.jpg,女流-2023.9.10-心灵砒霜
BV16u411w72J,2023-09-09,2023-09-08,346:16,https://i0.hdslb.com/bfs/archive/e340f4a27be9a9d7ac9dd02f2912454985ee7eee.jpg,女流-2023.9.8-街霸
BV1Xu411P7mb,2023-09-08,2023-09-07,192:26,https://i0.hdslb.com/bfs/archive/8c9599d386e41b28474b474120f0f145c9ce8f95.jpg,女流-2023.9.7-街霸明新主播赛
BV1Qu411P7U9,2023-09-08,2023-09-07,104:58,https://i0.hdslb.com/bfs/archive/cc5c6e01596d69f30a32ea63fe522d491770fb96.jpg,女流-2023.9.7-鹅鸭杀
BV1ej41117wj,2023-09-06,2023-09-06,314:51,https://i0.hdslb.com/bfs/archive/2545bf6e3315af3f694ab1859e1b257827cb567e.jpg,女流-2023.9.6-Trine 5
BV1wu4y1k7yB,2023-09-05,2023-09-05,190:03,https://i0.hdslb.com/bfs/archive/7eca5f353d24f240bf0182ccb393b37789e5fd29.jpg,女流-2023.9.5-Trine 5
BV1g14y1C77N,2023-09-05,2023-09-05,215:23,https://i0.hdslb.com/bfs/archive/7eca5f353d24f240bf0182ccb393b37789e5fd29.jpg,女流-2023.9.5-装甲核心6境界天火
BV1k94y1s7h3,2023-09-03,2023-09-03,125:31,https://i0.hdslb.com/bfs/archive/7eca5f353d24f240bf0182ccb393b37789e5fd29.jpg,女流-2023.9.3-装甲核心6境界天火
BV1eN411v7XM,2023-09-03,2023-09-03,113:32,https://i0.hdslb.com/bfs/archive/2545bf6e3315af3f694ab1859e1b257827cb567e.jpg,女流-2023.9.3-Trine 5
BV1Vp4y177De,2023-09-03,2023-09-02,261:19,https://i0.hdslb.com/bfs/archive/2545bf6e3315af3f694ab1859e1b257827cb567e.jpg,女流-2023.9.2-Trine 5
BV1kF411673t,2023-09-02,2023-09-01,102:10,https://i0.hdslb.com/bfs/archive/d6adc31768ba57540ea3ce910435296e2cf496f4.jpg,P2-女流-2023.9.1-猛兽派对
BV1ah4y1m7N2,2023-09-02,2023-09-01,151:48,https://i0.hdslb.com/bfs/archive/d6adc31768ba57540ea3ce910435296e2cf496f4.jpg,P1-女流-2023.9.1-猛兽派对
BV1Tj411m7zv,2023-09-01,2023-08-31,110:36,https://i0.hdslb.com/bfs/archive/2545bf6e3315af3f694ab1859e1b257827cb567e.jpg,女流-2023.8.31-Trine 5
BV1G14y1y7Xa,2023-09-01,2023-08-31,186:01,https://i0.hdslb.com/bfs/archive/53e56872ee1c4723e7ccff62e893aaabda677c9f.jpg,女流-2023.8.31-AltF4
BV1or4y1X7L4,2023-08-31,2023-08-30,296:56,https://i0.hdslb.com/bfs/archive/7eca5f353d24f240bf0182ccb393b37789e5fd29.jpg,P1-女流-2023.8.30-装甲核心6境界天火
BV1mh4y127Vx,2023-08-31,2023-08-30,240:01,https://i0.hdslb.com/bfs/archive/7eca5f353d24f240bf0182ccb393b37789e5fd29.jpg,P2-女流-2023.8.30-装甲核心6境界天火
BV15u4y1v78f,2023-08-31,2023-08-30,207:28,https://i0.hdslb.com/bfs/archive/7eca5f353d24f240bf0182ccb393b37789e5fd29.jpg,P3-女流-2023.8.30-装甲核心6境界天火
BV1Fp4y177Xh,2023-08-30,2023-08-29,249:59,https://i0.hdslb.com/bfs/archive/7eca5f353d24f240bf0182ccb393b37789e5fd29.jpg,女流-2023.8.29-老六归来
BV1tm4y1M7PG,2023-08-22,2023-08-21,212:17,https://i0.hdslb.com/bfs/archive/1c0e364-18a1ad12dd4.jpeg,P1-女流-2023.8.21-AltF4
BV1rP411p72o,2023-08-22,2023-08-21,212:20,https://i0.hdslb.com/bfs/archive/1c0e364-18a1ad087a9.jpeg,P2-女流-2023.8.21-AltF4
BV1aF411C7yF,2023-08-22,2023-08-21,212:22,https://i0.hdslb.com/bfs/archive/1c0e364-18a1ad0df98.jpeg,P3-女流-2023.8.21-AltF4
BV1Rh4y1S7Ay,2023-08-19,2023-08-19,244:03,https://i0.hdslb.com/bfs/archive/87151e21a5560893164f17c6c8dd987a80e8abb6.jpg,女流-2023.8.19-无畏契约
BV1yG411f7mY,2023-08-18,2023-08-17,163:54,https://i0.hdslb.com/bfs/archive/c74e0db126e40c8f59a3def370851803cfc5c5d0.jpg,女流-2023.8.17-绝地求生
BV1hu4y1Q7NZ,2023-08-18,2023-08-18,196:58,https://i0.hdslb.com/bfs/archive/b355a227f9b50ef2a142d9ab4b820d3c5732ef41.jpg,女流-2023.8.18-Viewfinder
BV1UP411s7yt,2023-08-18,2023-08-18,49:32,https://i0.hdslb.com/bfs/archive/295fb8a9f3810cd3fe6440efd9a411741564acb8.jpg,女流-2023.8.18-糖豆人
BV1Bu411J7rk,2023-08-18,2023-08-18,133:26,https://i0.hdslb.com/bfs/archive/c73d1d43536229f6fb9a66fc6f9959cc261ac32f.jpg,女流-2023.8.18-A Little to the Left
BV1X94y167k8,2023-08-17,2023-08-17,90:29,https://i0.hdslb.com/bfs/archive/e069a92d302662fd2f1ee8e51f79128123a0799d.jpg,女流-2023.8.17-冒险岛：枫之传说
BV1Vu41177WM,2023-08-17,2023-08-17,212:31,https://i0.hdslb.com/bfs/archive/848541095471177dd9641e60878111c38df2e06e.jpg,女流-2023.8.17-Viewfinder
BV1eP411s7VY,2023-08-16,2023-08-16,212:39,https://i0.hdslb.com/bfs/archive/8fffc54fa8362a9e820d28ed00c3117aedd1a74a.jpg,女流-2023.8.16-雀魂
BV1YN411z7ot,2023-08-15,2023-08-15,306:59,https://i0.hdslb.com/bfs/archive/aa59067fcc529b90c178cdb4d9a9fb441ff0301e.jpg,女流-2023.8.15-博德完结 下午茶
BV1HP411s7nc,2023-08-15,2023-08-14,223:20,https://i0.hdslb.com/bfs/archive/fb8e67b177480a8871a496818934e772bd05962c.jpg,P1-女流-2023.8.14-博德之门 3
BV1D14y1v7T8,2023-08-15,2023-08-14,223:24,https://i0.hdslb.com/bfs/archive/fb8e67b177480a8871a496818934e772bd05962c.jpg,P3-女流-2023.8.14-博德之门 3
BV16u4y197df,2023-08-15,2023-08-14,223:24,https://i0.hdslb.com/bfs/archive/fb8e67b177480a8871a496818934e772bd05962c.jpg,P2-女流-2023.8.14-博德之门 3
BV1tu4y1q7td,2023-08-14,2023-08-13,138:26,https://i0.hdslb.com/bfs/archive/fb8e67b177480a8871a496818934e772bd05962c.jpg,P3-女流-2023.8.13-博德之门 3
BV1Nm4y1W7FG,2023-08-14,2023-08-13,72:01,https://i0.hdslb.com/bfs/archive/fb8e67b177480a8871a496818934e772bd05962c.jpg,P1-女流-2023.8.13-博德之门 3
BV1JP411s7j9,2023-08-14,2023-08-13,201:34,https://i0.hdslb.com/bfs/archive/54620e2f02b0946c50dc5fac58022033b47b5f7d.jpg,女流-2023.8.13-女巫来了 Witch It
BV1Gu411J74f,2023-08-14,2023-08-13,138:57,https://i0.hdslb.com/bfs/archive/fb8e67b177480a8871a496818934e772bd05962c.jpg,P2-女流-2023.8.13-博德之门 3
BV19u4y1i7iB,2023-08-12,2023-08-11,584:04,https://i0.hdslb.com/bfs/archive/d2cf665bbb8d552011406b9aab9c95ef641276fb.jpg,女流-2023.8.11-博德之门 3
BV1hV4y1v7DD,2023-08-10,2023-08-09,233:13,https://i0.hdslb.com/bfs/archive/d2cf665bbb8d552011406b9aab9c95ef641276fb.jpg,P1-女流-2023.8.9-博德之门 3
BV1Ur4y1o7oV,2023-08-10,2023-08-09,233:16,https://i0.hdslb.com/bfs/archive/d2cf665bbb8d552011406b9aab9c95ef641276fb.jpg,P2-女流-2023.8.9-博德之门 3
BV1Rr4y1o7Q3,2023-08-10,2023-08-10,358:41,https://i0.hdslb.com/bfs/archive/d2cf665bbb8d552011406b9aab9c95ef641276fb.jpg,女流-2023.8.10-博德之门 3
BV1vF411f7A9,2023-08-08,2023-08-07,258:25,https://i0.hdslb.com/bfs/archive/6f200715c507f64a9c7087dca81e316af780510e.jpg,P1-女流-2023.8.7-博德之门 3
BV1ru4y117r9,2023-08-08,2023-08-07,258:26,https://i0.hdslb.com/bfs/archive/6f200715c507f64a9c7087dca81e316af780510e.jpg,P2-女流-2023.8.7-博德之门 3
BV1j8411R7HK,2023-08-08,2023-08-08,258:10,https://i0.hdslb.com/bfs/archive/6f200715c507f64a9c7087dca81e316af780510e.jpg,女流-2023.8.8-博德之门 3
BV1xm4y1s7qr,2023-08-07,2023-08-06,190:54,https://i0.hdslb.com/bfs/archive/6f200715c507f64a9c7087dca81e316af780510e.jpg,P2-女流-2023.8.6-博德之门 3
BV1Zj411r7m3,2023-08-07,2023-08-06,190:52,https://i0.hdslb.com/bfs/archive/6f200715c507f64a9c7087dca81e316af780510e.jpg,P1-女流-2023.8.6-博德之门 3
BV1Bk4y1g7V6,2023-08-07,2023-08-06,190:56,https://i0.hdslb.com/bfs/archive/6f200715c507f64a9c7087dca81e316af780510e.jpg,P3-女流-2023.8.6-博德之门 3
BV1e44y1w7ZR,2023-08-06,2023-08-05,186:42,https://i0.hdslb.com/bfs/archive/6f200715c507f64a9c7087dca81e316af780510e.jpg,P3-女流-2023.8.5-博德之门 3
BV1Ac411F7ct,2023-08-06,2023-08-05,186:41,https://i0.hdslb.com/bfs/archive/6f200715c507f64a9c7087dca81e316af780510e.jpg,P2-女流-2023.8.5-博德之门 3
BV1314y1z7HK,2023-08-06,2023-08-05,34:55,https://i0.hdslb.com/bfs/archive/6f200715c507f64a9c7087dca81e316af780510e.jpg,P1-女流-2023.8.5-博德之门 3
BV1nk4y1g7go,2023-08-05,2023-08-04,289:59,https://i0.hdslb.com/bfs/archive/6f200715c507f64a9c7087dca81e316af780510e.jpg,P1-女流-2023.8.4-Baldur's Gate 3
BV1iV4y1i7dW,2023-08-05,2023-08-04,187:01,https://i0.hdslb.com/bfs/archive/6f200715c507f64a9c7087dca81e316af780510e.jpg,P3-女流-2023.8.4-Baldur's Gate 3
BV17h4y1r74R,2023-08-05,2023-08-04,77:42,https://i0.hdslb.com/bfs/archive/6f200715c507f64a9c7087dca81e316af780510e.jpg,P2-女流-2023.8.4-Baldur's Gate 3
BV15p4y137M8,2023-08-03,2023-08-03,294:07,https://i0.hdslb.com/bfs/archive/e340f4a27be9a9d7ac9dd02f2912454985ee7eee.jpg,女流-2023.8.3-Street Fighter
BV1aP41147oQ,2023-08-02,2023-08-02,325:36,https://i0.hdslb.com/bfs/archive/24855a9caf54b1c72585050911a66505167b5373.jpg,女流-2023.8.2-Payday3
BV1yj41167vD,2023-08-01,2023-08-01,265:43,https://i0.hdslb.com/bfs/archive/5a789b05eddb3f1550afb13bb4705c6a47c8ba27.jpg,女流-2023.8.1-学园构想家
BV1y94y1Y7Zr,2023-07-28,2023-07-25,134:40,https://i0.hdslb.com/bfs/archive/2c2ef73a05ad96e3f0a4f8773b93dc0022385e43.jpg,女流-2023.7.25-梦幻西游
BV1aj41197mR,2023-07-28,2023-07-26,176:27,https://i0.hdslb.com/bfs/archive/39203480419611f8d8e85afa1d3f9f187dfd0818.jpg,女流-2023.7.26-遗迹2
BV1Uz4y1W7i8,2023-07-28,2023-07-25,305:01,https://i0.hdslb.com/bfs/archive/6570a3c2dd1c9e8ed8a866c5e29ade581e405ec3.jpg,女流-2023.7.25-遗迹2
BV1E14y167ja,2023-07-28,2023-07-28,367:42,https://i0.hdslb.com/bfs/archive/18e37d8dbc1604a2c5234a6bca71262315bedcc5.jpg,女流-2023.7.28-三伏
BV1714y167HG,2023-07-28,2023-07-26,270:13,https://i0.hdslb.com/bfs/archive/e340f4a27be9a9d7ac9dd02f2912454985ee7eee.jpg,女流-2023.7.26-Street Fighter
BV1mx4y197f4,2023-07-25,2023-07-24,301:40,https://i0.hdslb.com/bfs/archive/86a9f86c2922b6298f5e6f5b36711ceb32e4ab54.jpg,P2-女流-2023.7.24-遗迹2
BV1Vz4y1x7hG,2023-07-25,2023-07-24,428:57,https://i0.hdslb.com/bfs/archive/86a9f86c2922b6298f5e6f5b36711ceb32e4ab54.jpg,P1-女流-2023.7.24-遗迹2
BV1A8411U7ZN,2023-07-25,2023-07-24,439:38,https://i0.hdslb.com/bfs/archive/39203480419611f8d8e85afa1d3f9f187dfd0818.jpg,P1-女流-2023.7.24-遗迹2
BV1tm4y1L7ae,2023-07-24,2023-07-23,155:03,https://i0.hdslb.com/bfs/archive/86a9f86c2922b6298f5e6f5b36711ceb32e4ab54.jpg,P4-女流-2023.7.23-遗迹2
BV1yc411c79J,2023-07-23,2023-07-22,126:35,https://i0.hdslb.com/bfs/archive/86a9f86c2922b6298f5e6f5b36711ceb32e4ab54.jpg,P2-女流-2023.7.22-遗迹2
BV1Nz4y1x7vW,2023-07-23,2023-07-23,178:26,https://i0.hdslb.com/bfs/archive/86a9f86c2922b6298f5e6f5b36711ceb32e4ab54.jpg,P3-女流-2023.7.23-遗迹2
BV1K14y1X7gS,2023-07-23,2023-07-23,178:29,https://i0.hdslb.com/bfs/archive/86a9f86c2922b6298f5e6f5b36711ceb32e4ab54.jpg,P2-女流-2023.7.23-遗迹2
BV1Fk4y1V7F8,2023-07-23,2023-07-23,178:25,https://i0.hdslb.com/bfs/archive/86a9f86c2922b6298f5e6f5b36711ceb32e4ab54.jpg,P1-女流-2023.7.23-遗迹2
BV1vm4y1L7FB,2023-07-22,2023-07-22,197:08,https://i0.hdslb.com/bfs/archive/86a9f86c2922b6298f5e6f5b36711ceb32e4ab54.jpg,P1-女流-2023.7.22-遗迹2
BV1pV411L7jM,2023-07-22,2023-07-22,148:03,https://i0.hdslb.com/bfs/archive/e340f4a27be9a9d7ac9dd02f2912454985ee7eee.jpg,P1-女流-2023.7.22-Street Fighter
BV1hV4y1t7zT,2023-07-22,2023-07-22,148:06,https://i0.hdslb.com/bfs/archive/e340f4a27be9a9d7ac9dd02f2912454985ee7eee.jpg,P2-女流-2023.7.22-Street Fighter
BV1Rz4y147UQ,2023-07-21,2023-07-21,184:45,https://i0.hdslb.com/bfs/archive/e340f4a27be9a9d7ac9dd02f2912454985ee7eee.jpg,女流-2023.7.21-Street Fighter
BV1nh4y127z6,2023-07-20,2023-07-20,215:14,https://i0.hdslb.com/bfs/archive/e340f4a27be9a9d7ac9dd02f2912454985ee7eee.jpg,P2-女流-2023.7.20-Street Fighter
BV1VV4y1t7Gy,2023-07-19,2023-07-19,294:42,https://i0.hdslb.com/bfs/archive/e340f4a27be9a9d7ac9dd02f2912454985ee7eee.jpg,女流-2023.7.19-Street Fighter
BV1Jj411o7c1,2023-07-16,2023-07-16,263:05,https://i0.hdslb.com/bfs/archive/fd1baee15453ca8891acc74e8025213402d6b4c7.jpg,女流-2023.7.16-Techtonica
BV1vV4y1b7rG,2023-07-15,2023-07-15,287:39,https://i0.hdslb.com/bfs/archive/44d3719bec85bc14111a0f2d700b59c13e00e6da.jpg,女流-2023.7.15-街霸6
BV1wX4y1Y7Zm,2023-07-14,2023-07-13,190:36,https://i0.hdslb.com/bfs/archive/3a35bcb17bcdc0327f5edf9a49c7bb28f99ea465.jpg,女流-2023.7.13-面包和年糕
BV1oN41117S9,2023-07-14,2023-07-13,328:44,https://i0.hdslb.com/bfs/archive/295fb8a9f3810cd3fe6440efd9a411741564acb8.jpg,女流-2023.7.13-糖豆人
BV1iP411y7Qd,2023-07-14,2023-07-14,213:09,https://i0.hdslb.com/bfs/archive/6f1a9a0b744e3cc93a740ed33f58f5e61d677788.jpg,P2-女流-2023.7.14-六六聊封神
BV1dX4y1a7yS,2023-07-14,2023-07-14,213:09,https://i0.hdslb.com/bfs/archive/6f1a9a0b744e3cc93a740ed33f58f5e61d677788.jpg,P1-女流-2023.7.14-六六聊封神
BV1AN411U7oQ,2023-07-13,2023-07-12,240:38,https://i0.hdslb.com/bfs/archive/01381b61fba28ae2180f32f9ce29801153f46fe5.jpg,P1-女流-2023.7.12-糖豆人
BV17M4y1x7j9,2023-07-13,2023-07-12,98:24,https://i0.hdslb.com/bfs/archive/295fb8a9f3810cd3fe6440efd9a411741564acb8.jpg,女流-2023.7.12-糖豆人
BV1Tm4y1E7LF,2023-07-12,2023-07-10,144:39,https://i0.hdslb.com/bfs/archive/295fb8a9f3810cd3fe6440efd9a411741564acb8.jpg,女流-2023.7.10-糖豆人
BV1Kz4y177Re,2023-07-11,2023-07-11,277:09,https://i0.hdslb.com/bfs/archive/a4a611f627be30775ef5d396d1c53b09b74db66d.jpg,女流-2023.7.11-土豆兄弟
BV1Dh4y1Z71P,2023-07-11,2023-07-10,149:32,https://i0.hdslb.com/bfs/archive/295fb8a9f3810cd3fe6440efd9a411741564acb8.jpg,女流-2023.7.10-糖豆人
BV1G14y1d7te,2023-07-10,2023-07-10,239:54,https://i0.hdslb.com/bfs/archive/a4a611f627be30775ef5d396d1c53b09b74db66d.jpg,女流-2023.7.10-土豆兄弟
BV1Gm4y1n7be,2023-07-09,2023-07-08,194:17,https://i0.hdslb.com/bfs/archive/cd8f3b8158094cfa75dadf5e0a374e078f9dd996.jpg,女流-2023.7.8-糖豆人
BV1E14y1R7JH,2023-07-09,2023-07-08,264:53,https://i0.hdslb.com/bfs/archive/f66197dfa6fc2681adbcafe1a67222b46a609493.jpg,女流-2023.7.8-GYLT
BV19j411o72T,2023-07-07,2023-07-07,308:27,https://i0.hdslb.com/bfs/archive/bda05dc28da380e8d4707042ffdbb3fe95c6d5f9.jpg,女流-2023.7.7-潜水员戴夫
BV1SX4y1Y7WR,2023-07-06,2023-07-06,271:48,https://i0.hdslb.com/bfs/archive/bda05dc28da380e8d4707042ffdbb3fe95c6d5f9.jpg,女流-2023.7.6-潜水员戴夫
BV1jN411S7QQ,2023-07-05,2023-07-04,225:53,https://i0.hdslb.com/bfs/archive/295fb8a9f3810cd3fe6440efd9a411741564acb8.jpg,女流-2023.7.4-糖豆人
BV1Mu41187pJ,2023-07-05,2023-07-05,332:22,https://i0.hdslb.com/bfs/archive/5cc43f6b201af530214e61642794211f97bcc5b0.jpg,女流-2023.7.5-土豆兄弟
BV1wF411R7Tw,2023-07-03,2023-07-02,171:11,https://i0.hdslb.com/bfs/archive/bda05dc28da380e8d4707042ffdbb3fe95c6d5f9.jpg,女流-2023.7.2-潜水员戴夫
BV1rh4y1M7nJ,2023-07-03,2023-07-02,238:04,https://i0.hdslb.com/bfs/archive/295fb8a9f3810cd3fe6440efd9a411741564acb8.jpg,女流-2023.7.2-糖豆人
BV1oM4y177R2,2023-07-03,2023-07-01,113:54,https://i0.hdslb.com/bfs/archive/291f5e744c61ef106f3ff50ed0ce23551665d08a.jpg,女流-2023.7.1-AI变声
BV12X4y1n7QD,2023-07-01,2023-07-01,330:34,https://i0.hdslb.com/bfs/archive/bda05dc28da380e8d4707042ffdbb3fe95c6d5f9.jpg,女流-2023.7.1-潜水员戴夫
BV1jF411o7tz,2023-06-30,2023-06-30,91:04,https://i0.hdslb.com/bfs/archive/e340f4a27be9a9d7ac9dd02f2912454985ee7eee.jpg,P1-女流-2023.6.30-Street Fighter
BV1ga4y1w7JP,2023-06-30,2023-06-14,192:47,https://i0.hdslb.com/bfs/archive/e340f4a27be9a9d7ac9dd02f2912454985ee7eee.jpg,女流-2023.6.14-Street Fighter
BV1km4y1a7ib,2023-06-29,2023-06-29,234:00,https://i0.hdslb.com/bfs/archive/b812831b040a4b0be38e3a93030b9ad6c9226816.jpg,女流-2023.6.29-卧龙
BV1HX4y1q7ao,2023-06-27,2023-06-27,217:54,https://i0.hdslb.com/bfs/archive/556699e0bef4dd969bff0e3a5ef91c898d40ad42.jpg,P1-女流-2023.6.27-最终幻想XVI
BV1EF411o7ze,2023-06-27,2023-06-27,217:57,https://i0.hdslb.com/bfs/archive/556699e0bef4dd969bff0e3a5ef91c898d40ad42.jpg,P2-女流-2023.6.27-最终幻想XVI
BV1hu41187PK,2023-06-26,2023-06-26,292:09,https://i0.hdslb.com/bfs/archive/556699e0bef4dd969bff0e3a5ef91c898d40ad42.jpg,女流-2023.6.26-最终幻想XVI
BV1zu41187Qi,2023-06-25,2023-06-25,332:46,https://i0.hdslb.com/bfs/archive/556699e0bef4dd969bff0e3a5ef91c898d40ad42.jpg,女流-2023.6.25-最终幻想XVI
BV1uX4y1q76f,2023-06-24,2023-06-23,296:59,https://i0.hdslb.com/bfs/archive/556699e0bef4dd969bff0e3a5ef91c898d40ad42.jpg,P2-女流-2023.6.23-最终幻想XVI
BV1Tu411h7an,2023-06-24,2023-06-23,52:57,https://i0.hdslb.com/bfs/archive/556699e0bef4dd969bff0e3a5ef91c898d40ad42.jpg,P1-女流-2023.6.23-最终幻想XVI
BV12P411v7h1,2023-06-24,2023-06-24,355:57,https://i0.hdslb.com/bfs/archive/556699e0bef4dd969bff0e3a5ef91c898d40ad42.jpg,女流-2023.6.24-最终幻想XVI
BV1Dk4y1M7iT,2023-06-22,2023-06-21,257:50,https://i0.hdslb.com/bfs/archive/295fb8a9f3810cd3fe6440efd9a411741564acb8.jpg,女流-2023.6.21-糖豆人
BV19V4y1C7nk,2023-06-21,2023-06-20,529:47,https://i0.hdslb.com/bfs/archive/3ad3890d16adf0ed98802b6834de2b7e8e9996f6.jpg,女流-2023.6.20-糖豆人
BV1M14y1U7oU,2023-06-20,2023-06-19,435:51,https://i0.hdslb.com/bfs/archive/295fb8a9f3810cd3fe6440efd9a411741564acb8.jpg,女流-2023.6.19-糖豆人
BV1mc411M7YT,2023-06-19,2023-06-17,388:46,https://i0.hdslb.com/bfs/archive/fd079c3f924b469d132b68749c62c83734cadb24.jpg,女流-2023.6.17-糖豆人
BV1EN411r7w4,2023-06-19,2023-06-18,392:04,https://i0.hdslb.com/bfs/archive/295fb8a9f3810cd3fe6440efd9a411741564acb8.jpg,女流-2023.6.18-糖豆人
BV1Sm4y1Y7Rh,2023-06-17,2023-06-16,136:14,https://i0.hdslb.com/bfs/archive/1cebaa1eda3893f5aea1519a82a1e831b626fc28.jpg,女流-2023.6.16-冒险岛 枫之传说
BV1QP411B7EM,2023-06-14,2023-06-14,287:48,https://i0.hdslb.com/bfs/archive/e340f4a27be9a9d7ac9dd02f2912454985ee7eee.jpg,女流-2023.6.14-Street Fighter
BV11c411g7YJ,2023-06-14,2023-06-13,452:08,https://i0.hdslb.com/bfs/archive/e340f4a27be9a9d7ac9dd02f2912454985ee7eee.jpg,女流-2023.6.13-Street Fighter
BV1Js4y1y7qN,2023-06-13,2023-06-12,320:07,https://i0.hdslb.com/bfs/archive/e340f4a27be9a9d7ac9dd02f2912454985ee7eee.jpg,女流-2023.6.12-Street Fighter
BV11k4y1n76m,2023-06-12,2023-06-11,351:51,https://i0.hdslb.com/bfs/archive/e340f4a27be9a9d7ac9dd02f2912454985ee7eee.jpg,女流-2023.6.11-Street Fighter
BV1ah411T7EA,2023-06-10,2023-06-10,231:26,https://i0.hdslb.com/bfs/archive/e340f4a27be9a9d7ac9dd02f2912454985ee7eee.jpg,女流-2023.6.10-Street Fighter
BV1Nu411Y7yL,2023-06-09,2023-06-09,339:45,https://i0.hdslb.com/bfs/archive/e340f4a27be9a9d7ac9dd02f2912454985ee7eee.jpg,女流-2023.6.9-Street Fighter
BV1u14y1Q7DL,2023-06-08,2023-06-08,350:58,https://i0.hdslb.com/bfs/archive/e340f4a27be9a9d7ac9dd02f2912454985ee7eee.jpg,女流-2023.6.8-Street Fighter
BV1sj411Q7po,2023-06-08,2023-06-07,281:36,https://i0.hdslb.com/bfs/archive/5bcf173345d3b99ecf5da87312cff31ab3ae2867.jpg,女流-2023.6.7-Only UP
BV1ez4y1v7Kt,2023-06-07,2023-06-06,344:01,https://i0.hdslb.com/bfs/archive/5bcf173345d3b99ecf5da87312cff31ab3ae2867.jpg,女流-2023.6.6-Only UP
BV1Ts4y1q7L8,2023-06-06,2023-06-05,279:09,https://i0.hdslb.com/bfs/archive/5bcf173345d3b99ecf5da87312cff31ab3ae2867.jpg,女流-2023.6.5-Only UP
BV1mh4y1d72p,2023-06-02,2023-06-02,179:02,https://i0.hdslb.com/bfs/archive/d37cafc1e8647a7bd8d8c3eb212012a636946a36.jpg,P3-女流-2023.6.2-塞尔达传说
BV1kN4111764,2023-06-02,2023-06-02,179:03,https://i0.hdslb.com/bfs/archive/d37cafc1e8647a7bd8d8c3eb212012a636946a36.jpg,P2-女流-2023.6.2-塞尔达传说
BV1RL411q78m,2023-06-02,2023-06-02,179:01,https://i0.hdslb.com/bfs/archive/d37cafc1e8647a7bd8d8c3eb212012a636946a36.jpg,P1-女流-2023.6.2-塞尔达传说
BV1Sk4y1W7Wy,2023-06-01,2023-06-01,208:55,https://i0.hdslb.com/bfs/archive/d37cafc1e8647a7bd8d8c3eb212012a636946a36.jpg,P1-女流-2023.6.1-塞尔达传说
BV1824y1P7za,2023-06-01,2023-06-01,208:56,https://i0.hdslb.com/bfs/archive/d37cafc1e8647a7bd8d8c3eb212012a636946a36.jpg,P3-女流-2023.6.1-塞尔达传说
BV17k4y1s7Th,2023-06-01,2023-06-01,208:56,https://i0.hdslb.com/bfs/archive/d37cafc1e8647a7bd8d8c3eb212012a636946a36.jpg,P2-女流-2023.6.1-塞尔达传说
BV1MW4y1R71g,2023-05-31,2023-05-31,182:10,https://i0.hdslb.com/bfs/archive/d37cafc1e8647a7bd8d8c3eb212012a636946a36.jpg,P2-女流-2023.5.31-塞尔达传说
BV1GW4y1R7k6,2023-05-31,2023-05-31,182:08,https://i0.hdslb.com/bfs/archive/d37cafc1e8647a7bd8d8c3eb212012a636946a36.jpg,P1-女流-2023.5.31-塞尔达传说
BV1Fm4y1t7W4,2023-05-31,2023-05-31,182:12,https://i0.hdslb.com/bfs/archive/d37cafc1e8647a7bd8d8c3eb212012a636946a36.jpg,P3-女流-2023.5.31-塞尔达传说
BV1es4y1B7bU,2023-05-30,2023-05-30,178:19,https://i0.hdslb.com/bfs/archive/d37cafc1e8647a7bd8d8c3eb212012a636946a36.jpg,P3-女流-2023.5.30-塞尔达传说
BV1bV4y1z7Xy,2023-05-30,2023-05-30,178:17,https://i0.hdslb.com/bfs/archive/d37cafc1e8647a7bd8d8c3eb212012a636946a36.jpg,P1-女流-2023.5.30-塞尔达传说
BV1Rh4y1R7RN,2023-05-30,2023-05-30,178:18,https://i0.hdslb.com/bfs/archive/d37cafc1e8647a7bd8d8c3eb212012a636946a36.jpg,P2-女流-2023.5.30-塞尔达传说
BV18o4y137mz,2023-05-29,2023-05-28,225:06,https://i0.hdslb.com/bfs/archive/d37cafc1e8647a7bd8d8c3eb212012a636946a36.jpg,P1 -女流-2023.5.28-塞尔达传说
BV18L411q79W,2023-05-29,2023-05-28,225:07,https://i0.hdslb.com/bfs/archive/d37cafc1e8647a7bd8d8c3eb212012a636946a36.jpg,P2 -女流-2023.5.28-塞尔达传说
BV1JV4y1z7Rh,2023-05-28,2023-05-27,222:39,https://i0.hdslb.com/bfs/archive/d37cafc1e8647a7bd8d8c3eb212012a636946a36.jpg,P2-女流-2023.5.27-塞尔达传说
BV11k4y1W7ad,2023-05-28,2023-05-27,222:37,https://i0.hdslb.com/bfs/archive/d37cafc1e8647a7bd8d8c3eb212012a636946a36.jpg,P1-女流-2023.5.27-塞尔达传说
BV1yo4y1g79A,2023-05-26,2023-05-26,225:38,https://i0.hdslb.com/bfs/archive/d37cafc1e8647a7bd8d8c3eb212012a636946a36.jpg,P1-女流-2023.5.26-塞尔达传说
BV1KL411z7j7,2023-05-26,2023-05-26,225:41,https://i0.hdslb.com/bfs/archive/d37cafc1e8647a7bd8d8c3eb212012a636946a36.jpg,P2-女流-2023.5.26-塞尔达传说
BV1ak4y1x7XJ,2023-05-25,2023-05-25,384:41,https://i0.hdslb.com/bfs/archive/d37cafc1e8647a7bd8d8c3eb212012a636946a36.jpg,P2-女流-2023.5.25-塞尔达传说
BV14P411Q733,2023-05-25,2023-05-25,24:44,https://i0.hdslb.com/bfs/archive/d37cafc1e8647a7bd8d8c3eb212012a636946a36.jpg,P1-女流-2023.5.25-塞尔达传说
BV1Xh4y1t74L,2023-05-24,2023-05-23,185:24,https://i0.hdslb.com/bfs/archive/d37cafc1e8647a7bd8d8c3eb212012a636946a36.jpg,女流-2023.5.23-塞尔达传说
BV1rs4y1q7hq,2023-05-22,2023-05-22,377:59,https://i0.hdslb.com/bfs/archive/d37cafc1e8647a7bd8d8c3eb212012a636946a36.jpg,女流-2023.5.22-塞尔达传说
BV1DM4y1q7MT,2023-05-22,2023-05-21,178:12,https://i0.hdslb.com/bfs/archive/d37cafc1e8647a7bd8d8c3eb212012a636946a36.jpg,P2-女流-2023.5.21-塞尔达传说
BV1Bd4y1Z77c,2023-05-22,2023-05-22,144:04,https://i0.hdslb.com/bfs/archive/4b45b81a47043b3511defbd920f7b349f840e2e9.jpg,女流-2023.5.22-斗鱼高校音乐盛典
BV1BV4y167FM,2023-05-22,2023-05-21,178:14,https://i0.hdslb.com/bfs/archive/d37cafc1e8647a7bd8d8c3eb212012a636946a36.jpg,P3-女流-2023.5.21-塞尔达传说
BV1Ah4y1o7cu,2023-05-22,2023-05-21,178:10,https://i0.hdslb.com/bfs/archive/d37cafc1e8647a7bd8d8c3eb212012a636946a36.jpg,P1-女流-2023.5.21-塞尔达传说
BV1cu41147WX,2023-05-21,2023-05-20,549:02,https://i0.hdslb.com/bfs/archive/d37cafc1e8647a7bd8d8c3eb212012a636946a36.jpg,女流-2023.5.20-塞尔达传说
BV1Hh4y1o7XG,2023-05-21,2023-05-19,240:01,https://i0.hdslb.com/bfs/archive/d37cafc1e8647a7bd8d8c3eb212012a636946a36.jpg,P2-女流-2023.5.19-塞尔达传说
BV1Fd4y1f7cF,2023-05-21,2023-05-19,240:01,https://i0.hdslb.com/bfs/archive/d37cafc1e8647a7bd8d8c3eb212012a636946a36.jpg,P1-女流-2023.5.19-塞尔达传说
BV14h411F7mm,2023-05-21,2023-05-19,37:10,https://i0.hdslb.com/bfs/archive/d37cafc1e8647a7bd8d8c3eb212012a636946a36.jpg,P3-女流-2023.5.19-塞尔达传说
BV1GM4y1q7qh,2023-05-19,2023-05-18,543:43,https://i0.hdslb.com/bfs/archive/d37cafc1e8647a7bd8d8c3eb212012a636946a36.jpg,女流-2023.5.18-塞尔达传说
BV19m4y187KS,2023-05-19,2023-05-17,550:04,https://i0.hdslb.com/bfs/archive/d37cafc1e8647a7bd8d8c3eb212012a636946a36.jpg,女流-2023.5.17-塞尔达传说
BV1XT411t7g3,2023-05-17,2023-05-16,252:27,https://i0.hdslb.com/bfs/archive/d37cafc1e8647a7bd8d8c3eb212012a636946a36.jpg,P2-女流-2023.5.16-塞尔达传说
BV1Am4y187GV,2023-05-17,2023-05-16,252:27,https://i0.hdslb.com/bfs/archive/d37cafc1e8647a7bd8d8c3eb212012a636946a36.jpg,P1-女流-2023.5.16-塞尔达传说
BV1es4y1g7eA,2023-05-16,2023-05-15,296:52,https://i0.hdslb.com/bfs/archive/d37cafc1e8647a7bd8d8c3eb212012a636946a36.jpg,P2-女流-2023.5.15-塞尔达传说
BV1Cc411P7pf,2023-05-16,2023-05-15,296:51,https://i0.hdslb.com/bfs/archive/d37cafc1e8647a7bd8d8c3eb212012a636946a36.jpg,P1-女流-2023.5.15-塞尔达传说
BV1Cc411P7j7,2023-05-15,2023-05-14,284:52,https://i0.hdslb.com/bfs/archive/d37cafc1e8647a7bd8d8c3eb212012a636946a36.jpg,P2-女流-2023.5.14-塞尔达传说
BV16P411R7Vb,2023-05-15,2023-05-14,307:31,https://i0.hdslb.com/bfs/archive/d37cafc1e8647a7bd8d8c3eb212012a636946a36.jpg,P1-女流-2023.5.14-塞尔达传说
BV1HL41167HX,2023-05-14,2023-05-13,551:05,https://i0.hdslb.com/bfs/archive/d37cafc1e8647a7bd8d8c3eb212012a636946a36.jpg,女流-2023.5.13-塞尔达传说
BV1Vc411P7zR,2023-05-12,2023-05-12,282:25,https://i0.hdslb.com/bfs/archive/d37cafc1e8647a7bd8d8c3eb212012a636946a36.jpg,P1-女流-2023.5.12-塞尔达传说
BV1VP411R7WD,2023-05-12,2023-05-12,282:28,https://i0.hdslb.com/bfs/archive/d37cafc1e8647a7bd8d8c3eb212012a636946a36.jpg,P2-女流-2023.5.12-塞尔达传说
BV1hk4y177RA,2023-05-11,2023-05-10,240:55,https://i0.hdslb.com/bfs/archive/2a50ca164bc721e79c506cff8145c1592d632d4f.jpg,女流-2023.5.10-六六聊聊
BV1cX4y117Tc,2023-05-11,2023-05-11,373:52,https://i0.hdslb.com/bfs/archive/0439b244a0d9e93134e52289fc5beabc8017ff00.jpg,女流-2023.5.11-邪恶冥刻
BV1mP41117rt,2023-05-09,2023-05-09,223:59,https://i0.hdslb.com/bfs/archive/0439b244a0d9e93134e52289fc5beabc8017ff00.jpg,女流-2023.5.9-邪恶冥刻
BV1rL41187yv,2023-05-08,2023-05-07,260:47,https://i0.hdslb.com/bfs/archive/3d460a13046de6d575cb5c97973a09a2289358d0.jpg,女流-2023.5.7-心灵砒霜弹幕版
BV1aT41187qi,2023-05-08,2023-05-08,288:26,https://i0.hdslb.com/bfs/archive/8c50611e9705cefb33d42c46859a4e35af307f16.jpg,女流-2023.5.8-虚空列车
BV1Wh4y1b7Re,2023-05-07,2023-05-07,260:47,https://i0.hdslb.com/bfs/archive/828547a9a3c2ab320def51aeec045b81611526cb.jpg,女流-2023.5.7-心灵砒霜
BV1ps4y137gn,2023-05-06,2023-05-06,260:50,https://i0.hdslb.com/bfs/archive/0439b244a0d9e93134e52289fc5beabc8017ff00.jpg,女流-2023.5.6-邪恶冥刻
BV1nh4y1J75F,2023-05-05,2023-04-30,269:25,https://i0.hdslb.com/bfs/archive/143c3f280312c19f857a0818fc77667d9566ae23.jpg,女流-2023.4.30-心灵砒霜弹幕版
BV1QM411g7tg,2023-05-05,2023-05-05,289:57,https://i0.hdslb.com/bfs/archive/edd343e8685a7015131b39850b523f06cc3ced28.jpg,女流-2023.5.5-候鸟
BV1NM41137nZ,2023-05-05,2023-04-30,269:25,https://i0.hdslb.com/bfs/archive/b50a023bcab5cfd4d417eda2dbdd73bc7454cc14.jpg,女流-2023.4.30-心灵砒霜
BV1zc411N7ws,2023-05-04,2023-05-04,305:11,https://i0.hdslb.com/bfs/archive/edd343e8685a7015131b39850b523f06cc3ced28.jpg,女流-2023.5.4-候鸟
BV1so4y1x7rQ,2023-05-03,2023-05-03,205:01,https://i0.hdslb.com/bfs/archive/f6d21112fe0b9fe4e133121cc0ce9f0058e20df7.jpg,女流-2023.5.3-BrambleThe Mountain King
BV1Kh411L7rR,2023-04-30,2023-04-29,307:31,https://i0.hdslb.com/bfs/archive/574ce16081f7a943c8b9ab4020d331f61fde4e1c.jpg,女流-2023.4.29-饥荒联机版
BV1Ds4y1c7c3,2023-04-28,2023-04-28,219:43,https://i0.hdslb.com/bfs/archive/d624ec862b6a4ddbc5ed2ca2ffc8e8fe3c9b2386.jpg,女流-2023.4.28-桃源深处有人家&长梦
BV1hM411G7EJ,2023-04-27,2023-04-27,243:28,https://i0.hdslb.com/bfs/archive/210bf37794419dbf9189e8e78b40f4ced547ba8b.jpg,女流-2023.4.27-火山的女儿
BV14k4y1J7GN,2023-04-26,2023-04-26,355:46,https://i0.hdslb.com/bfs/archive/210bf37794419dbf9189e8e78b40f4ced547ba8b.jpg,女流-2023.4.26-火山的女儿
BV1yM4y1a7Yt,2023-04-24,2023-04-24,111:49,https://i0.hdslb.com/bfs/archive/1d3139f2b0a4007720e7798328b8a1b964283884.jpg,女流-2023.4.24-满庭芳：宋上繁华
BV1Vh4y1n7rc,2023-04-24,2023-04-24,158:38,https://i0.hdslb.com/bfs/archive/210bf37794419dbf9189e8e78b40f4ced547ba8b.jpg,女流-2023.4.24-火山的女儿
BV1ec411H7us,2023-04-23,2023-04-23,319:02,https://i0.hdslb.com/bfs/archive/1d3139f2b0a4007720e7798328b8a1b964283884.jpg,女流-2023.4.23-满庭芳：宋上繁华
BV1iP411m7me,2023-04-22,2023-04-22,269:47,https://i0.hdslb.com/bfs/archive/1d3139f2b0a4007720e7798328b8a1b964283884.jpg,女流-2023.4.22-满庭芳：宋上繁华
BV1ao4y1b78o,2023-04-22,2023-04-18,246:23,https://i0.hdslb.com/bfs/archive/1d3139f2b0a4007720e7798328b8a1b964283884.jpg,女流-2023.4.18-满庭芳：宋上繁华
BV1i14y1f7yX,2023-04-21,2023-04-20,417:34,https://i0.hdslb.com/bfs/archive/1d3139f2b0a4007720e7798328b8a1b964283884.jpg,女流-2023.4.20-满庭芳：宋上繁华
BV1Ms4y1A7yb,2023-04-18,2023-04-18,262:08,https://i0.hdslb.com/bfs/archive/1d3139f2b0a4007720e7798328b8a1b964283884.jpg,女流-2023.4.18-满庭芳：宋上繁华
BV1Pk4y1a7J8,2023-04-16,2023-04-16,249:16,https://i0.hdslb.com/bfs/archive/a0563f740f1357dbc1a618687f136ba4c78d9d1e.jpg,女流-2023.4.16-心灵砒霜
BV1gN411A7YH,2023-04-14,2023-04-14,323:35,https://i0.hdslb.com/bfs/archive/089690034532eeb26ceebb96c074d047ccfb55e7.jpg,女流-2023.4.14-只狼
BV1uL411m7JF,2023-04-12,2023-04-12,359:35,https://i0.hdslb.com/bfs/archive/ab5fe9e59588529a9ca69ebf34689d2e1c509c11.jpg,女流-2023.4.12-只狼
BV1UL411f7yR,2023-04-12,2023-04-11,527:44,https://i0.hdslb.com/bfs/archive/23f52c0ed58313ae96dff6bc7f822390d26e99e2.jpg,女流-2023.4.11-只狼
BV1o84y1T7pG,2023-04-11,2023-04-08,421:08,https://i0.hdslb.com/bfs/archive/23f52c0ed58313ae96dff6bc7f822390d26e99e2.jpg,女流-2023.4.8-只狼
BV1Ks4y1P7HS,2023-04-11,2023-04-10,368:59,https://i0.hdslb.com/bfs/archive/aa40fbe4b1225ee9acd72dc4c8657d592bf7edf1.jpg,女流-2023.4.10-只狼
BV1Gm4y1m7GQ,2023-04-11,2023-04-09,439:00,https://i0.hdslb.com/bfs/archive/882a6b450977aaffa417969d48e175ff88bc3ecd.jpg,女流-2023.4.9-只狼
BV1xm4y1B7ya,2023-04-06,2023-04-06,419:13,https://i0.hdslb.com/bfs/archive/23f52c0ed58313ae96dff6bc7f822390d26e99e2.jpg,女流-2023.4.6-只狼
BV1qg4y1g7WR,2023-04-05,2023-04-04,294:47,https://i0.hdslb.com/bfs/archive/d9e743eb642d8361b1374e8ff2d3c9ef7dec5df3.jpg,女流-2023.4.4-AltF4 2
BV1eM4y1m7e6,2023-04-03,2023-04-03,329:43,https://i0.hdslb.com/bfs/archive/a0c65ab7167279be6dc86f3a8789d2f0e16d5d4d.jpg,女流-2023.4.3-AltF4 2
BV1dk4y1i7os,2023-04-02,2023-04-02,230:06,https://i0.hdslb.com/bfs/archive/f545090dcbc7bd3643b2fd93ce2a38498df7f2a1.jpg,女流-2023.4.2-渔帆暗涌
BV1kj411w7HF,2023-04-01,2023-04-01,348:11,https://i0.hdslb.com/bfs/archive/f545090dcbc7bd3643b2fd93ce2a38498df7f2a1.jpg,女流-2023.4.1-渔帆暗涌
BV1aL411S7ie,2023-03-30,2023-03-29,120:05,https://i0.hdslb.com/bfs/archive/5f787de79d5a25a4f6b4a4ea0132b2991c0997ac.jpg,女流-2023.3.29-Storyteller
BV1tg4y1s7yn,2023-03-26,2023-03-26,409:46,https://i0.hdslb.com/bfs/archive/cb6471cf1d5aeefb2482c832e29f4f65abe3df9f.jpg,女流-2023.3.26-生化危机4
BV1dM411u7H4,2023-03-25,2023-03-25,397:29,https://i0.hdslb.com/bfs/archive/6bcc77d1756e8d78f2532e021934ede75028d787.jpg,女流-2023.3.25-生化危机4
BV1im4y167pK,2023-03-24,2023-03-24,337:54,https://i0.hdslb.com/bfs/archive/098505fea4e8dfa84dc2859fb201466b5d964f92.jpg,女流-2023.3.24-生化危机4
BV1ks4y1n72m,2023-03-22,2023-03-22,401:25,https://i0.hdslb.com/bfs/archive/83ee41b64d412c0abe554d8ce7dbab4f38e9dd28.jpg,女流-2023.3.22-生化危机3
BV1iX4y1Z7MK,2023-03-20,2023-03-20,107:53,https://i0.hdslb.com/bfs/archive/48435aec714eccdda83187181c81d5451e9c99f2.jpg,女流-2023.3.20-心灵砒霜
BV1eM411H75f,2023-03-19,2023-03-15,210:27,https://i0.hdslb.com/bfs/archive/79e977bb14894739fd7a9a8f4a1b88b0ae59e785.jpg,P1-女流-2023.3.15-生化危机2
BV1JV4y197mw,2023-03-19,2023-03-15,210:28,https://i0.hdslb.com/bfs/archive/79e977bb14894739fd7a9a8f4a1b88b0ae59e785.jpg,P2-女流-2023.3.15-生化危机2
BV1zP411d76f,2023-03-18,2023-03-18,307:53,https://i0.hdslb.com/bfs/archive/8bf5082845c34135c8514875ede04fe3446d296f.jpg,女流-2023.3.18-英雄联盟
BV1ds4y1H7DX,2023-03-18,2023-03-16,228:36,https://i0.hdslb.com/bfs/archive/79e977bb14894739fd7a9a8f4a1b88b0ae59e785.jpg,女流-2023.3.16-生化危机2
BV1N24y1473m,2023-03-18,2023-03-17,276:04,https://i0.hdslb.com/bfs/archive/79e977bb14894739fd7a9a8f4a1b88b0ae59e785.jpg,女流-2023.3.17-生化危机2
BV1hL411y7Cc,2023-03-12,2023-03-12,217:53,https://i0.hdslb.com/bfs/archive/65d9baaef2ad187f6fcd7330efbefb8a7f0bf826.jpg,女流-2023.3.12-大侠立志传
BV1hL411y7Wv,2023-03-11,2023-03-11,371:47,https://i0.hdslb.com/bfs/archive/65d9baaef2ad187f6fcd7330efbefb8a7f0bf826.jpg,女流-2023.3.11-大侠立志传
BV16k4y1h7AF,2023-03-10,2023-03-10,354:08,https://i0.hdslb.com/bfs/archive/65d9baaef2ad187f6fcd7330efbefb8a7f0bf826.jpg,女流-2023.3.10-大侠立志传
BV1Fv4y18715,2023-03-09,2023-03-09,358:46,https://i0.hdslb.com/bfs/archive/65d9baaef2ad187f6fcd7330efbefb8a7f0bf826.jpg,女流-2023.3.9-大侠立志传
BV1Vo4y1671w,2023-03-08,2023-03-08,433:12,https://i0.hdslb.com/bfs/archive/65d9baaef2ad187f6fcd7330efbefb8a7f0bf826.jpg,女流-2023.3.8-大侠立志传
BV1rY41167np,2023-03-05,2023-03-05,490:58,https://i0.hdslb.com/bfs/archive/f61c15694b0497952f2b6f844a762e979ecb146e.jpg,女流-2023.3.5-卧龙
BV1vT411e7iJ,2023-03-04,2023-03-04,475:57,https://i0.hdslb.com/bfs/archive/f61c15694b0497952f2b6f844a762e979ecb146e.jpg,女流-2023.3.4-卧龙
BV1f24y137Ut,2023-03-04,2023-03-03,464:40,https://i0.hdslb.com/bfs/archive/f61c15694b0497952f2b6f844a762e979ecb146e.jpg,女流-2023.3.3-卧龙
BV1BM41147so,2023-03-04,2023-03-02,248:09,https://i0.hdslb.com/bfs/archive/ce49400a8f348c85467167302eb1b15d0b59d4d6.jpg,女流-2023.3.2-土豆兄弟
BV1BD4y1M7Un,2023-03-04,2023-03-02,278:55,https://i0.hdslb.com/bfs/archive/f61c15694b0497952f2b6f844a762e979ecb146e.jpg,女流-2023.3.2-卧龙
BV1pL411Z7Ek,2023-02-27,2023-02-26,120:05,https://i0.hdslb.com/bfs/archive/41215f8194570f43c89e057635569270d2902b6b.jpg,女流-2023.2.26-森林之子
BV1MD4y137zX,2023-02-25,2023-02-24,299:10,https://i0.hdslb.com/bfs/archive/385e06b5244ff8ec70bb0347118f341ee489b8e1.jpg,女流-2023.2.24-原子之心
BV1GA41127ec,2023-02-25,2023-02-24,169:22,https://i0.hdslb.com/bfs/archive/a78fd5ec1e0ede844d2c90ae5fd7e64f053c7b6a.jpg,女流-2023.2.24-卧龙
BV1fM41177TX,2023-02-23,2023-02-23,444:39,https://i0.hdslb.com/bfs/archive/385e06b5244ff8ec70bb0347118f341ee489b8e1.jpg,女流-2023.2.23-原子之心
BV1Ky4y1f7Hd,2023-02-22,2023-02-22,329:32,https://i0.hdslb.com/bfs/archive/f4f6980064a6097a59dcd9e377ea518a92f614aa.jpg,女流-2023.2.22-原子之心
BV1Qj411G7wj,2023-02-21,2023-02-21,255:57,https://i0.hdslb.com/bfs/archive/f4f6980064a6097a59dcd9e377ea518a92f614aa.jpg,女流-2023.2.21-原子之心
BV1Qb411X7eB,2023-02-20,2023-02-20,268:00,https://i0.hdslb.com/bfs/archive/dd577baec88bd95b7844cb6a236e398b80938a54.jpg,女流-2023.2.20-Brotato
BV1Z24y1p7nQ,2023-02-18,2023-02-17,269:12,https://i0.hdslb.com/bfs/archive/9d1a428700e332cbc0d6a12d47285ae797f2c12b.jpg,女流-2023.2.17-死亡教堂
BV1Dx4y1c7B2,2023-02-18,2023-02-18,311:55,https://i0.hdslb.com/bfs/archive/dd577baec88bd95b7844cb6a236e398b80938a54.jpg,女流-2023.2.18-Brotato
BV14A41127Us,2023-02-17,2023-02-16,369:45,https://i0.hdslb.com/bfs/archive/9d1a428700e332cbc0d6a12d47285ae797f2c12b.jpg,女流-2023.2.16-死亡教堂
BV1N14y1w7rY,2023-02-14,2023-02-13,373:57,https://i0.hdslb.com/bfs/archive/995621f6f483529a2bdfd5cc18ec9f2352de2351.jpg,女流-2023.2.13-霍格沃茨之遗
BV1d14y1c7k4,2023-02-13,2023-02-12,292:54,https://i0.hdslb.com/bfs/archive/3d6cd68c0b09a330765e3518a2ffd7cf67d4b436.jpg,女流-2023.2.12-霍格沃茨之遗
BV1co4y1i78f,2023-02-13,2023-02-12,105:11,https://i0.hdslb.com/bfs/archive/8f023129bbd2453c10c7fd51923f7306cd47e088.jpg,女流-2023.2.12-冒险岛
BV1XY411i78Q,2023-02-12,2023-02-11,414:01,https://i0.hdslb.com/bfs/archive/ce70e578f5c7fa77a7057385a4a4e43777c2bac6.jpg,女流-2023.2.11-霍格沃茨之遗
BV1TR4y1B7WT,2023-02-11,2023-02-10,368:09,https://i0.hdslb.com/bfs/archive/0732b5d50fd4236f8bd343903be8859f8c32ce3b.jpg,女流-2023.2.10-霍格沃茨之遗
BV1is4y1Y7m7,2023-02-09,2023-02-09,426:50,https://i0.hdslb.com/bfs/archive/3d6cd68c0b09a330765e3518a2ffd7cf67d4b436.jpg,女流-2023.2.9-霍格沃茨之遗
BV1MT41197jH,2023-02-09,2023-02-08,383:39,https://i0.hdslb.com/bfs/archive/3d6cd68c0b09a330765e3518a2ffd7cf67d4b436.jpg,女流-2023.2.8-霍格沃茨之遗
BV1SG4y1T7qL,2023-02-08,2023-02-06,479:14,https://i0.hdslb.com/bfs/archive/5c646a47e8c0146495445ecd62149bb958cc9a4a.jpg,女流-2023.2.6-死亡空间
BV14M4y1D7Sz,2023-02-08,2023-02-07,320:05,https://i0.hdslb.com/bfs/archive/9992dc4b5ba4b3b9d3a614042ba72c7594ab9bad.jpg,女流-2023.2.7-霍格沃茨之遗
BV1qx4y1j7Cr,2023-02-04,2023-02-04,283:39,https://i0.hdslb.com/bfs/archive/5c646a47e8c0146495445ecd62149bb958cc9a4a.jpg,女流-2023.2.4-死亡空间
BV1WG4y1D7xp,2023-02-02,2023-02-02,292:32,https://i0.hdslb.com/bfs/archive/e45290a619ac8ba1fa9a19e45027d43ea9d318f8.jpg,女流-2023.2.2-飞跃13号房
BV1AD4y1T796,2023-02-01,2023-02-01,261:54,https://i0.hdslb.com/bfs/archive/e45290a619ac8ba1fa9a19e45027d43ea9d318f8.jpg,女流-2023.2.1-飞跃13号房
BV1x24y1z7r6,2023-01-28,2023-01-27,295:31,https://i0.hdslb.com/bfs/archive/e5388990ed59f4e943ec23a8aea51f9ee183a760.jpg,女流-2023.1.27-Hi-Fi RUSH
BV11T411y7qh,2023-01-28,2023-01-28,283:53,https://i0.hdslb.com/bfs/archive/e5388990ed59f4e943ec23a8aea51f9ee183a760.jpg,女流-2023.1.28-Hi-Fi RUSH
BV1s8411w7to,2023-01-22,2023-01-21,113:43,https://i0.hdslb.com/bfs/archive/cf4cf66b74e26adac597c47c5efd4deae7e0667e.jpg,女流-2023.1.21-8周年在除夕
BV1wP4y1r7kR,2023-01-19,2023-01-19,289:24,https://i0.hdslb.com/bfs/archive/d13c20f7cab3ecb0cc7dd9268a225aafa6ede70d.jpg,女流-2023.1.19-隐秘的角落
BV1GR4y1a784,2023-01-18,2023-01-18,304:43,https://i0.hdslb.com/bfs/archive/3b54f71658cc3d72301f42ab70d5f856607fbebd.jpg,女流-2023.1.18-雀魂+隐秘的角落
BV1uG4y1w7KB,2023-01-17,2023-01-17,158:29,https://i0.hdslb.com/bfs/archive/06ad8f10e89b7fe1d15f56ca046703ad9f59b428.jpg,女流-2023.1.17-跑跑卡丁车：漂移
BV1eR4y1e7v3,2023-01-15,2023-01-15,330:24,https://i0.hdslb.com/bfs/archive/6b661c822f3435e0b3c542c437e1f8bccb58eae5.jpg,女流-2023.1.15-跑跑卡丁车：漂移
BV11P4y1k7Qa,2023-01-14,2023-01-14,255:59,https://i0.hdslb.com/bfs/archive/9e266bf38a3dc497bbb20aaa729f15b444a54af8.jpg,女流-2023.1.14-黄老饼梦游惊奇
BV1r14y1T7tE,2023-01-13,2023-01-13,304:05,https://i0.hdslb.com/bfs/archive/9e266bf38a3dc497bbb20aaa729f15b444a54af8.jpg,女流-2023.1.13-黄老饼梦游惊奇
BV1NK411y7Rf,2023-01-13,2023-01-12,320:33,https://i0.hdslb.com/bfs/archive/2a45a54bc50ab5edf0af8e9825e90be87f6ea5f3.jpg,女流-2023.1.12-江湖十一
BV1gd4y1773h,2023-01-11,2023-01-11,72:26,https://i0.hdslb.com/bfs/archive/cd5f86b5153c80ee36d308d6daf602b8037681b5.jpg,女流-2023.1.11-66的心灵offer
BV1E8411N7gq,2023-01-11,2023-01-11,231:36,https://i0.hdslb.com/bfs/archive/065e455df39f50755f7a6b276a24ff76b4ea726d.jpg,女流-2023.1.11-江湖十一
BV1YK411178k,2023-01-10,2023-01-10,263:41,https://i0.hdslb.com/bfs/archive/4695cb206cffdb8c73793897a99464c8c8a9106d.jpg,女流-2023.1.10-The Long Dark
BV1KP4y1y7XC,2023-01-09,2023-01-09,265:55,https://i0.hdslb.com/bfs/archive/80a8d9eaabb943a971e7c4b8aae6eb389adccd89.jpg,女流-2023.1.9-The Long Dark
BV1jd4y1E7aP,2023-01-05,2023-01-04,430:39,https://i0.hdslb.com/bfs/archive/85465e3d2cbb5b6184e2c5f3e9d56dfbada693b6.jpg,女流-2023.1.4-真探
BV1U14y1g7eJ,2023-01-04,2023-01-03,241:14,https://i0.hdslb.com/bfs/archive/85465e3d2cbb5b6184e2c5f3e9d56dfbada693b6.jpg,女流-2023.1.3-真探
BV1nd4y177Bf,2023-01-02,2023-01-01,114:23,https://i0.hdslb.com/bfs/archive/89abb86e6e3d7f51493b11565a7db2b738c64a95.jpg,P2-女流-2023.1.1-心灵砒霜弹幕版
BV11G4y1m7kE,2023-01-02,2023-01-01,114:25,https://i0.hdslb.com/bfs/archive/59f3b763b778746e8511c7e08142b0edcd05ed7a.jpg,P1-女流-2023.1.1-心灵砒霜弹幕版
BV1oD4y157is,2023-01-01,2023-01-01,249:04,https://i0.hdslb.com/bfs/archive/e3db871998150be12258b28858b2a4a7ad5f8f72.jpg,女流-2023.1.1-心灵砒霜
BV1p84y1W7Bo,2022-12-30,2022-12-30,311:15,https://i0.hdslb.com/bfs/archive/2dadf795f03bdc00c17cccb97984fe0cd1b8d019.jpg,女流-2022.12.30-Fresh start
BV1g84y1W73G,2022-12-28,2022-12-28,302:15,https://i0.hdslb.com/bfs/archive/954e794a7feef8c126dbea34e20365c1ae0eaca8.jpg,女流-2022.12.28-The House of Da Vinci 3
BV1WG4y1E7Pc,2022-12-26,2022-12-26,238:01,https://i0.hdslb.com/bfs/archive/7781f3640a2501f777d74ae803d6a8a9d17c9113.jpg,女流-2022.12.26-深海迷航
BV1Ae411w7rs,2022-12-25,2022-12-25,292:15,https://i0.hdslb.com/bfs/archive/7781f3640a2501f777d74ae803d6a8a9d17c9113.jpg,女流-2022.12.25-深海迷航
BV1nv4y1z7ng,2022-12-24,2022-12-22,24:59,https://i0.hdslb.com/bfs/archive/7781f3640a2501f777d74ae803d6a8a9d17c9113.jpg,女流-2022.12.22-深海迷航
BV1cK411B7g7,2022-12-24,2022-12-24,283:16,https://i0.hdslb.com/bfs/archive/7781f3640a2501f777d74ae803d6a8a9d17c9113.jpg,女流-2022.12.24-深海迷航
BV1dg411t7Qy,2022-12-23,2022-12-23,281:33,https://i0.hdslb.com/bfs/archive/50b9b8b6eba47062d476b53d07e43386f84b4f26.jpg,女流-2022.12.23-深海迷航
BV1514y1w7KF,2022-12-23,2022-12-23,65:35,https://i0.hdslb.com/bfs/archive/9d0323485335fe48a9bbe6d141fec2b605389baf.jpg,女流-2022.12.23-光遇
BV1QR4y167ui,2022-12-21,2022-12-21,244:33,https://i0.hdslb.com/bfs/archive/7781f3640a2501f777d74ae803d6a8a9d17c9113.jpg,女流-2022.12.21-深海迷航
BV1214y1A7Bq,2022-12-21,2022-12-20,286:32,https://i0.hdslb.com/bfs/archive/7781f3640a2501f777d74ae803d6a8a9d17c9113.jpg,女流-2022.12.20-深海迷航
BV1914y1N7hX,2022-12-19,2022-12-18,169:47,https://i0.hdslb.com/bfs/archive/fd8660b6a9780652f296ac90697507fa3a9c18ea.jpg,女流-2022.12.18-Springblades
BV1624y1D7t2,2022-12-19,2022-12-18,75:30,https://i0.hdslb.com/bfs/archive/f237d6f7f7cd34955e8031cae97a7b95cd614c22.jpg,女流-2022.12.18-失眠
BV1nv4y1Q7y8,2022-12-17,2022-12-16,360:05,https://i0.hdslb.com/bfs/archive/2eaec4ac8a424382cd16b76e8d60797b76cc0ff4.jpg,P1-女流-2022.12.16-黑羊
BV1dP4y1q7nv,2022-12-17,2022-12-16,299:09,https://i0.hdslb.com/bfs/archive/2eaec4ac8a424382cd16b76e8d60797b76cc0ff4.jpg,P2-女流-2022.12.16-黑羊
BV1Wd4y1Y76h,2022-12-17,2022-12-17,311:13,https://i0.hdslb.com/bfs/archive/7e265500495c42f137b909ae6d797796b10a65a6.jpg,女流-2022.12.17-A Little to the Left
BV1s8411V7L5,2022-12-13,2022-12-13,288:41,https://i0.hdslb.com/bfs/archive/550832c7f1387c02e548fa49d79b4e0401458397.jpg,女流-2022.12.13-天命奇御 归途
BV1H14y1T7Hv,2022-12-12,2022-12-11,131:58,https://i0.hdslb.com/bfs/archive/837dc9354b3f47b4844f1d457eacf37ef776bd34.jpg,P1-女流-2022.12.11-心灵砒霜弹幕版
BV1Be411P7Qn,2022-12-12,2022-12-11,131:58,https://i0.hdslb.com/bfs/archive/b60b22e2003f24f4bfb9fb95320a9c52014b705f.jpg,P2-女流-2022.12.11-心灵砒霜弹幕版
BV1ED4y1879g,2022-12-11,2022-12-11,263:55,https://i0.hdslb.com/bfs/archive/af5d403ffbb8db7a63b5b7b200842477515fd1e6.jpg,女流-2022.12.11-心灵砒霜
BV1dV4y1P7aR,2022-12-09,2022-12-08,527:31,https://i0.hdslb.com/bfs/archive/d9cd8ffb203d7808d5bee31e8c402ccb2e6fd7fe.jpg,女流-2022.12.8-Tunic
BV1cg411p7rY,2022-12-07,2022-12-07,355:01,https://i0.hdslb.com/bfs/archive/f17a0c00a753ec33ec4c76132977473eb209a65e.jpg,女流-2022.12.7-Tunic
BV1W14y1J7ws,2022-12-05,2022-12-04,264:13,https://i0.hdslb.com/bfs/archive/d9cd8ffb203d7808d5bee31e8c402ccb2e6fd7fe.jpg,女流-2022.12.4-Tunic
BV1GG4y137Gj,2022-12-05,2022-12-04,128:34,https://i0.hdslb.com/bfs/archive/b2c45768a85abe646eb1f323babb978f74720a0d.jpg,女流-2022.12.4-心灵砒霜弹幕版
BV1kP4y197Q5,2022-12-04,2022-12-04,128:34,https://i0.hdslb.com/bfs/archive/deffcb81ae46f552be953cbe97d23435a7fd8e9f.jpg,女流-2022.12.4-心灵砒霜
BV1t841157RJ,2022-12-02,2022-11-27,233:33,https://i0.hdslb.com/bfs/archive/1281b5c576e43a43357015b052fe121c6fb50af3.jpg,女流-2022.11.27-心灵砒霜弹幕版
BV1sD4y1Y7Pi,2022-12-01,2022-12-01,289:11,https://i0.hdslb.com/bfs/archive/a0e216e0842463741055fa0a3ad2cb4553a6020c.jpg,女流-2022.12.1-Ship of Fools
BV16Y411d7PN,2022-12-01,2022-11-30,271:55,https://i0.hdslb.com/bfs/archive/459a65e9f88683ce6a83fd05b81f93ebf6e2e8dc.jpg,女流-2022.11.30-大多数
BV1CR4y1y7hA,2022-11-29,2022-11-29,268:12,https://i0.hdslb.com/bfs/archive/278175684935e4fd956f91f25d6c619546b34051.jpg,女流-2022.11.29-大多数
BV1714y1E7jV,2022-11-28,2022-11-28,260:19,https://i0.hdslb.com/bfs/archive/9ccc5ff19d3f330430778b73e746df3df86e945e.jpg,女流-2022.11.28-大多数
BV1XK411973C,2022-11-27,2022-11-27,233:33,https://i0.hdslb.com/bfs/archive/1281b5c576e43a43357015b052fe121c6fb50af3.jpg,女流-2022.11.27-心灵砒霜
BV1fW4y1H7AY,2022-11-26,2022-11-26,107:36,https://i0.hdslb.com/bfs/archive/9ccc5ff19d3f330430778b73e746df3df86e945e.jpg,女流-2022.11.26-大多数
BV1KW4y1s7UC,2022-11-26,2022-11-26,168:06,https://i0.hdslb.com/bfs/archive/e786e009617d52a74b47d8fb96fd74b1b81de0ef.jpg,女流-2022.11.26-战锤40k
BV1FY411d7uZ,2022-11-25,2022-11-25,279:20,https://i0.hdslb.com/bfs/archive/edd80b5a00e9189c328dc0c2a451481d4d47ea5b.jpg,女流-2022.11.25-大多数
BV1VP411u7Lw,2022-11-24,2022-11-24,237:03,https://i0.hdslb.com/bfs/archive/9ccc5ff19d3f330430778b73e746df3df86e945e.jpg,女流-2022.11.24-大多数
BV1EG4y1d7He,2022-11-23,2022-11-23,261:20,https://i0.hdslb.com/bfs/archive/9ccc5ff19d3f330430778b73e746df3df86e945e.jpg,女流-2022.11.23-大多数
BV1AG4y1d7hz,2022-11-23,2022-11-22,433:52,https://i0.hdslb.com/bfs/archive/9ccc5ff19d3f330430778b73e746df3df86e945e.jpg,女流-2022.11.22-大多数
BV1de4y1p7ag,2022-11-22,2022-11-21,480:05,https://i0.hdslb.com/bfs/archive/305b39b650d2e0d5068be46dbc36b15bf3897e68.jpg,女流-2022.11.21-战神5
BV1CK411d7HR,2022-11-21,2022-11-20,552:00,https://i0.hdslb.com/bfs/archive/5d4060b17767f7e93e416b435c8f374b3d87729f.jpg,女流-2022.11.20-战神5
BV1ZP411g7z6,2022-11-19,2022-11-18,480:05,https://i0.hdslb.com/bfs/archive/d6218e48e77435144987725d1af86fe7ce96f643.jpg,女流-2022.11.18-战神5
BV1Qv4y117z9,2022-11-19,2022-11-19,395:10,https://i0.hdslb.com/bfs/archive/5d4060b17767f7e93e416b435c8f374b3d87729f.jpg,女流-2022.11.19-战神5
BV1624y1y7cs,2022-11-17,2022-11-16,441:08,https://i0.hdslb.com/bfs/archive/d6218e48e77435144987725d1af86fe7ce96f643.jpg,女流-2022.11.16-战神5
BV11P411g7tn,2022-11-17,2022-11-17,572:14,https://i0.hdslb.com/bfs/archive/6e4dbc61c3ff497e9d568b30c3ad060214d73e74.jpg,女流-2022.11.17-战神5
BV1hW4y1x7CK,2022-11-16,2022-11-15,480:05,https://i0.hdslb.com/bfs/archive/2ef1fd6d80e5a2dea5966d3c9beb1d683c14f7ef.jpg,女流-2022.11.15-战神5
BV1o84y1y7DH,2022-11-15,2022-11-14,522:47,https://i0.hdslb.com/bfs/archive/d6218e48e77435144987725d1af86fe7ce96f643.jpg,女流-2022.11.14-战神5
BV1y84y1v7Jr,2022-11-08,2022-11-14,64:01,https://i0.hdslb.com/bfs/archive/3cbb1bccae65ff830ae243268f8bcf14d5005e08.jpg,女流-2022.11.14-双人成行
BV17g411B7EM,2022-11-05,2022-11-05,136:22,https://i0.hdslb.com/bfs/archive/4a2ce11408c4ad5baecea91ce807346301434f02.jpg,女流-2022.11.5-哆啦A梦牧场物语2
BV1kd4y1C7xm,2022-11-04,2022-11-04,129:32,https://i0.hdslb.com/bfs/archive/16bce0d286efcd5cc6445d8f90b5eb7c8404818c.jpg,女流-2022.11.4-暖雪
BV1wd4y1w7WE,2022-11-03,2022-11-02,285:01,https://i0.hdslb.com/bfs/archive/083490771ee13497e3ab0d24bfc7e6111e3a1b44.jpg,女流-2022.11.2-Endoparasitic
BV1RY411f7Xd,2022-11-03,2022-11-02,104:57,https://i0.hdslb.com/bfs/archive/a7c312158b4d4c9ffc005f377ffca0a911b48e94.jpg,女流-2022.11.2-The Past Within
BV1Me4y1m7mk,2022-11-03,2022-11-03,311:11,https://i0.hdslb.com/bfs/archive/e9ef99e32732cbdb4a6d1110e36222567e1782b1.jpg,女流-2022.11.3-哆啦A梦牧场物语2
BV1eD4y147CQ,2022-11-02,2022-11-01,391:51,https://i0.hdslb.com/bfs/archive/41f1ea16c11f476b908803132d4408375f038bb9.jpg,女流-2022.11.1-DAVE THE DIVER
BV1XV4y1g7jZ,2022-11-01,2022-10-30,212:00,https://i0.hdslb.com/bfs/archive/df9ca72a5c478142807e12617074bd207c64585e.jpg,P2-女流-2022.10.30-生化危机8 DLC
BV1Je4y1t7oi,2022-11-01,2022-10-30,12:51,https://i0.hdslb.com/bfs/archive/df9ca72a5c478142807e12617074bd207c64585e.jpg,P1-女流-2022.10.30-生化危机8 DLC
BV1t14y1V76p,2022-10-31,2022-10-31,265:41,https://i0.hdslb.com/bfs/archive/b95047aef427d19ef84b9abb67aa6bafdb4d11c5.jpg,女流-2022.10.31-DAVE THE DIVER
BV1Ce4y127PT,2022-10-29,2022-10-29,189:00,https://i0.hdslb.com/bfs/archive/6b60fbe552ef973eba8502d6ae527c2e314b93dd.jpg,女流-2022.10.29-神秘海域：盗贼传奇合辑
BV1JW4y1j7iE,2022-10-28,2022-10-28,289:05,https://i0.hdslb.com/bfs/archive/6b60fbe552ef973eba8502d6ae527c2e314b93dd.jpg,女流-2022.10.28-神秘海域：盗贼传奇合辑
BV1cR4y1Q7jb,2022-10-26,2022-10-26,216:43,https://i0.hdslb.com/bfs/archive/6b60fbe552ef973eba8502d6ae527c2e314b93dd.jpg,女流-2022.10.26-神秘海域：盗贼传奇合辑
BV1fK411D7JZ,2022-10-25,2022-10-25,330:36,https://i0.hdslb.com/bfs/archive/6b60fbe552ef973eba8502d6ae527c2e314b93dd.jpg,女流-2022.10.25-神秘海域：盗贼传奇合辑
BV1xe4y1e7hH,2022-10-24,2022-10-24,264:48,https://i0.hdslb.com/bfs/archive/42fda53580e10e58c0305e9ba053540696e658ef.jpg,女流-2022.10.24-神秘海域：盗贼传奇合辑
BV1jt4y1u738,2022-10-20,2022-10-19,446:30,https://i0.hdslb.com/bfs/archive/8370c323905a27b79d2211ece392ded213303de0.jpg,女流-2022.10.19-瘟疫传说2 安魂曲
BV1K84y1B7bh,2022-10-20,2022-10-20,149:59,https://i0.hdslb.com/bfs/archive/cbfc87bf310bce0abc5e7cf983238cbadc3542f9.jpg,女流-2022.10.20-瘟疫传说2 安魂曲
BV1NR4y197mH,2022-10-18,2022-10-18,344:58,https://i0.hdslb.com/bfs/archive/de6714a258f183e91fe2ca266b2fd8e622855418.jpg,女流-2022.10.18-瘟疫传说2 安魂曲
BV1RV4y1V79w,2022-10-17,2022-10-17,266:54,https://i0.hdslb.com/bfs/archive/6e1db2b90b49a132fe6d3e15b169747563fc192a.jpg,女流-2022.10.17-Coral Island
BV1qN4y1w7gM,2022-10-16,2022-10-15,437:02,https://i0.hdslb.com/bfs/archive/6e1db2b90b49a132fe6d3e15b169747563fc192a.jpg,女流-2022.10.15-Coral Island
BV1Ge4y1J7rC,2022-10-16,2022-10-16,266:14,https://i0.hdslb.com/bfs/archive/6e1db2b90b49a132fe6d3e15b169747563fc192a.jpg,女流-2022.10.16-Coral Island
BV1384y1z7bT,2022-10-12,2022-10-12,243:20,https://i0.hdslb.com/bfs/archive/9fea0dcab02b3c14ef34ba981653bc70120b3912.jpg,女流-2022.10.12-Coral Island
BV1Xt4y1c7yX,2022-10-11,2022-10-11,261:47,https://i0.hdslb.com/bfs/archive/9efde603662cf55c2c9b82a4382cac9b23a32ca8.jpg,女流-2022.10.11-Brotato
BV1Ce4y1U73Z,2022-10-11,2022-10-10,347:53,https://i0.hdslb.com/bfs/archive/9efde603662cf55c2c9b82a4382cac9b23a32ca8.jpg,P2-女流-2022.10.10-Brotato
BV1AV4y1L7J4,2022-10-11,2022-10-10,360:07,https://i0.hdslb.com/bfs/archive/a63e01945697851d3813fb62c1e0142a0f01899c.jpg,P1-女流-2022.10.10-Brotato
BV1eg411h7gj,2022-10-10,2022-10-09,375:36,https://i0.hdslb.com/bfs/archive/9efde603662cf55c2c9b82a4382cac9b23a32ca8.jpg,P2-女流-2022.10.9-Brotato
BV1RD4y1k7RE,2022-10-10,2022-10-08,229:53,https://i0.hdslb.com/bfs/archive/9efde603662cf55c2c9b82a4382cac9b23a32ca8.jpg,女流-2022.10.8-Brotato
BV1PK411Q7ZU,2022-10-10,2022-10-09,480:05,https://i0.hdslb.com/bfs/archive/9efde603662cf55c2c9b82a4382cac9b23a32ca8.jpg,P1-女流-2022.10.9-Brotato
BV1gt4y1c75v,2022-10-08,2022-10-07,437:56,https://i0.hdslb.com/bfs/archive/da0afcbece3ee127c2edf1dd62ec0f0523f66c39.jpg,女流-2022.10.7-Brotato
BV1nV4y1K7oY,2022-10-07,2022-10-05,360:05,https://i0.hdslb.com/bfs/archive/9efde603662cf55c2c9b82a4382cac9b23a32ca8.jpg,P1-女流-2022.10.5-Brotato
BV1fe4y1z7RD,2022-10-07,2022-10-05,347:10,https://i0.hdslb.com/bfs/archive/9efde603662cf55c2c9b82a4382cac9b23a32ca8.jpg,P2-女流-2022.10.5-Brotato
BV1QT411P7xz,2022-10-07,2022-10-06,337:12,https://i0.hdslb.com/bfs/archive/9efde603662cf55c2c9b82a4382cac9b23a32ca8.jpg,P2-女流-2022.10.6-Brotato
BV1Fe4y1674k,2022-10-07,2022-10-06,360:05,https://i0.hdslb.com/bfs/archive/9efde603662cf55c2c9b82a4382cac9b23a32ca8.jpg,P1-女流-2022.10.6-Brotato
BV1we4y1q7Ag,2022-10-05,2022-10-04,461:31,https://i0.hdslb.com/bfs/archive/2070290f8286a3fbfd4e1987af7bc58fd4f3e691.jpg,女流-2022.10.4-Brotato
BV1s14y187s7,2022-10-03,2022-10-03,403:04,https://i0.hdslb.com/bfs/archive/b6c1f25151318513416f2225ca2d5e54e262a251.jpg,女流-2022.10.3-Brotato
BV1c24y197de,2022-10-03,2022-10-02,248:20,https://i0.hdslb.com/bfs/archive/a80a72cc2606013b9606c14379f6f8d2fa131257.jpg,女流-2022.10.2-心灵砒霜弹幕版
BV1ue411j7pe,2022-10-02,2022-10-02,248:20,https://i0.hdslb.com/bfs/archive/38c364893b07350735e9613b345f418e358c72e2.jpg,女流-2022.10.2-心灵砒霜
BV1MR4y1d7b1,2022-10-01,2022-10-01,248:46,https://i0.hdslb.com/bfs/archive/e684db149a22ff5cd279762f19d77fc088ecc927.jpg,女流-2022.10.1-Brotato
BV1kN4y1P7ED,2022-09-29,2022-09-29,242:17,https://i0.hdslb.com/bfs/archive/b6c1f25151318513416f2225ca2d5e54e262a251.jpg,女流-2022.9.29-Brotato
BV1n14y1a76d,2022-09-28,2022-09-28,250:29,https://i0.hdslb.com/bfs/archive/1634a8e1b7be797226939de49054db3d70c9cd5c.jpg,女流-2022.9.28-Dome Keeper
BV1BD4y117yd,2022-09-27,2022-09-27,249:54,https://i0.hdslb.com/bfs/archive/ae6f21abf685ae4af6c8d306f3eeb795b49da4f4.jpg,女流-2022.9.27-史莱姆农场2
BV1we411T7hA,2022-09-26,2022-09-26,118:57,https://i0.hdslb.com/bfs/archive/ae6f21abf685ae4af6c8d306f3eeb795b49da4f4.jpg,女流-2022.9.26-史莱姆农场2
BV1ct4y1w7VK,2022-09-26,2022-09-24,160:09,https://i0.hdslb.com/bfs/archive/e40af085fc1f2549616a7a124d3f9e0cf23dad5e.jpg,女流-2022.9.24-糖豆人
BV1Pt4y1w7AM,2022-09-26,2022-09-25,249:52,https://i0.hdslb.com/bfs/archive/1db303f0720b84c88f4bc4ef2e3b21f32377b988.jpg,女流-2022.9.25-心灵砒霜弹幕版
BV1wV4y1T7qC,2022-09-25,2022-09-25,249:52,https://i0.hdslb.com/bfs/archive/6f4605cf08bf159caba9b5b706aa20124b86cb26.jpg,女流-2022.9.25-心灵砒霜
BV1Ve4y1H7Jc,2022-09-24,2022-09-24,357:51,https://i0.hdslb.com/bfs/archive/e40af085fc1f2549616a7a124d3f9e0cf23dad5e.jpg,女流-2022.9.24-糖豆人
BV1wg411m7kJ,2022-09-23,2022-09-22,240:05,https://i0.hdslb.com/bfs/archive/e03983345f82960544c3131eae0dc548f61728be.jpg,女流-2022.9.22-卧龙 苍天陨落
BV17e4y1b7Mo,2022-09-23,2022-09-23,264:16,https://i0.hdslb.com/bfs/archive/9c08097ac89e7dbd2ff0c521a51423f9d8473285.jpg,女流-2022.9.23-糖豆人
BV1XT411T7h2,2022-09-21,2022-09-21,228:47,https://i0.hdslb.com/bfs/archive/f30e8d4427282131f990743dcf4ed0baff6bc518.jpg,女流-2022.9.21-脑航员2
BV1RP411H7ZE,2022-09-21,2022-09-21,91:07,https://i0.hdslb.com/bfs/archive/09d251cb8826c4338df2b0ca937b2acbe8d6c8e6.jpg,女流-2022.9.21-糖豆人
BV1K24y1o7Ck,2022-09-20,2022-09-20,212:04,https://i0.hdslb.com/bfs/archive/f30e8d4427282131f990743dcf4ed0baff6bc518.jpg,女流-2022.9.20-脑航员2
BV1Ee4y1k73e,2022-09-18,2022-09-17,275:20,https://i0.hdslb.com/bfs/archive/4669b36dff579c518ce4f7d2da488971862b0872.jpg,女流-2022.9.17-心灵砒霜弹幕版
BV1iV4y1M7ef,2022-09-17,2022-09-17,275:20,https://i0.hdslb.com/bfs/archive/4669b36dff579c518ce4f7d2da488971862b0872.jpg,女流-2022.9.17-心灵砒霜
BV1ht4y1j7E4,2022-09-16,2022-09-16,297:41,https://i0.hdslb.com/bfs/archive/f30e8d4427282131f990743dcf4ed0baff6bc518.jpg,女流-2022.9.16-脑航员2
BV1x8411t7ge,2022-09-15,2022-09-15,263:53,https://i0.hdslb.com/bfs/archive/ff79ef6b10f18c661c5ab4c414ea24832969181c.jpg,女流-2022.9.15-脑航员2
BV1CT411M7uK,2022-09-14,2022-09-14,248:22,https://i0.hdslb.com/bfs/archive/e40af085fc1f2549616a7a124d3f9e0cf23dad5e.jpg,女流-2022.9.14-糖豆人
BV1st4y1j7of,2022-09-13,2022-09-13,251:31,https://i0.hdslb.com/bfs/archive/b40b4a92f13545b53362ba998c47391d2e6ecdac.jpg,女流-2022.9.13-The Wandering Village
BV1s24y1Z7ah,2022-09-12,2022-09-12,254:32,https://i0.hdslb.com/bfs/archive/2f4f21662d40735a62cf3c559cdccde53f818ad2.jpg,女流-2022.9.12-修仙故事 轮回
BV1Sg411m7Ce,2022-09-11,2022-09-09,143:37,https://i0.hdslb.com/bfs/archive/603cde1b071ebe02e84ba6fac90907115dd11178.jpg,女流-2022.9.9-今天是个好日子
BV1Ue4y1C7a2,2022-09-10,2022-09-10,266:23,https://i0.hdslb.com/bfs/archive/422187af95c31b1dca8b9edb8ea6b517e44f2742.jpg,女流-2022.9.10-修仙故事 轮回
BV1vV4y1u7Vi,2022-09-08,2022-09-08,238:45,https://i0.hdslb.com/bfs/archive/fae89a2d94aa81a404524e233c396cdee910c7ef.jpg,女流-2022.9.8-Little Witch in the Woods
BV1qK411f7RS,2022-09-06,2022-09-06,278:25,https://i0.hdslb.com/bfs/archive/194ba1d746baddb50f2aa9309af7061f7d9a6ac9.jpg,女流-2022.9.6-The House of Da Vinci 2
BV1314y1e7fh,2022-09-05,2022-09-05,265:29,https://i0.hdslb.com/bfs/archive/e40af085fc1f2549616a7a124d3f9e0cf23dad5e.jpg,女流-2022.9.5-糖豆人
BV1ng411S7Za,2022-09-04,2022-09-04,247:30,https://i0.hdslb.com/bfs/archive/4483b408eff7f357f6676dbbb1c98fdc0b800b9e.jpg,女流-2022.9.4-心灵砒霜
BV1pd4y1R7CC,2022-09-02,2022-09-01,332:41,https://i0.hdslb.com/bfs/archive/a9bcacdc45b72211e7164f653f29e97b4b27fba4.jpg,女流-2022.9.1-Sun Haven
BV1ZG41157iE,2022-09-02,2022-09-02,255:31,https://i0.hdslb.com/bfs/archive/3c64903e88a1b4d3ea28123c06690b31d5619b36.jpg,女流-2022.9.2-Sun Haven
BV15P4y1f7yq,2022-08-29,2022-08-28,254:46,https://i0.hdslb.com/bfs/archive/0e9e165d2dc925afcf672f1959d71135de9477ee.jpg,女流-2022.8.28-心灵砒霜
BV14D4y167Q1,2022-08-28,2022-08-28,254:47,https://i0.hdslb.com/bfs/archive/6918bd04e0342857bd23bcc83bf972892093b178.jpg,女流-2022.8.28-心灵砒霜
BV1aa411R77P,2022-08-26,2022-08-26,260:31,https://i0.hdslb.com/bfs/archive/6b9eb459844364448a4959356862912f79f6a153.jpg,女流-2022.8.26-AmongUs
BV1wG4y1k7ef,2022-08-25,2022-08-25,253:36,https://i0.hdslb.com/bfs/archive/4b575dc2a591b19a51a2212dfa981373da72af7f.jpg,女流-2022.8.25-The House of Da Vinci
BV1sB4y1x7uL,2022-08-24,2022-08-24,282:38,https://i0.hdslb.com/bfs/archive/c7ce6485a22e64c8d5bc2946cac9dc8d66ad0d69.jpg,女流-2022.8.24-The House of Da Vinci
BV1uB4y157Y9,2022-08-23,2022-08-23,235:06,https://i0.hdslb.com/bfs/archive/43185984cc696cf6b9a928204a65d80a0f945b97.jpg,女流-2022.8.23-港诡实录
BV12g411r7Z7,2022-08-22,2022-08-22,280:55,https://i0.hdslb.com/bfs/archive/4a16ec12e822de5995954f9371f7bd1ca13df031.jpg,女流-2022.8.22-记忆边境day2
BV1qt4y1J7GS,2022-08-21,2022-08-21,171:24,https://i0.hdslb.com/bfs/archive/cc585dc09fe99ffc165cb1dc03a8d1e75310afa7.jpg,女流-2022.8.21-心灵砒霜
BV1yd4y1R7dj,2022-08-20,2022-08-19,313:02,https://i0.hdslb.com/bfs/archive/1eed2ebb333d8b4554df9f1e51f3e56759f91698.jpg,女流-2022.8.19-Rumbleverse
BV1TG41147wz,2022-08-20,2022-08-20,338:17,https://i0.hdslb.com/bfs/archive/4a16ec12e822de5995954f9371f7bd1ca13df031.jpg,女流-2022.8.20-记忆边境
BV1kB4y1L7jH,2022-08-18,2022-08-18,299:51,https://i0.hdslb.com/bfs/archive/12d088d9f6244c8b28a76df2236eeff0a1a3cf9d.jpg,女流-2022.8.18-Mark of the Ninja
BV1Q14y1b7pD,2022-08-17,2022-08-17,300:29,https://i0.hdslb.com/bfs/archive/b59a37823f365f6867ba834a05f7f55c2d4bf945.jpg,女流-2022.8.17-Lost in Play
BV1Ga411N7Ft,2022-08-15,2022-08-15,286:46,https://i0.hdslb.com/bfs/archive/f5ea8814eb84258ea766d30144636411db2fe86a.jpg,女流-2022.8.15-咩咩启示录
BV1rd4y1o7vy,2022-08-14,2022-08-14,278:16,https://i0.hdslb.com/bfs/archive/0ff4b5e9b3f608b79ed792dd2fb48be923a4132b.jpg,女流-2022.8.14-心灵砒霜
BV12a411R7vJ,2022-08-14,2022-08-13,301:41,https://i0.hdslb.com/bfs/archive/3bc832767420bddd17b59dedaa380a5f90dc5240.jpg,女流-2022.8.13-咩咩启示录
BV1jd4y1K7VE,2022-08-12,2022-08-12,203:11,https://i0.hdslb.com/bfs/archive/302d05ae6c19bce555465b39502629b19b7e629a.jpg,女流-2022.8.12-咩咩启示录
BV1ha411P7PF,2022-08-11,2022-08-11,270:28,https://i0.hdslb.com/bfs/archive/0d0da2a0407983d9b703ff641b88c6b717379d8c.jpg,女流-2022.8.11-咩咩启示录
BV1iv4y1F72C,2022-08-10,2022-08-10,253:19,https://i0.hdslb.com/bfs/archive/2422713433e30b418dd29ddbf500635ca7534586.jpg,女流-2022.8.10-雀魂
BV1hd4y1m7vB,2022-08-09,2022-08-09,168:57,https://i0.hdslb.com/bfs/archive/6cab3eae54487293026b4fec1608dae9e22e6329.jpg,女流-2022.8.9-Two Point Campus
BV12W4y1a7pU,2022-08-09,2022-08-09,82:33,https://i0.hdslb.com/bfs/archive/26ddb63c6e6bf9fc554a37a54883a75203ae06aa.jpg,女流-2022.8.9-咩咩启示录
BV1va411K7W8,2022-08-08,2022-08-08,264:29,https://i0.hdslb.com/bfs/archive/1b9ad72e618bcaaae1759a3ce009881f71360d4f.jpg,女流-2022.8.8-Bear and Breakfast
BV1C14y1t7WL,2022-08-07,2022-08-07,267:48,https://i0.hdslb.com/bfs/archive/5d2d75ae162bd37af61cfa7b4bfa5e3cb7b7d360.jpg,女流-2022.8.7-心灵砒霜
BV1yr4y157Tk,2022-08-05,2022-08-05,375:42,https://i0.hdslb.com/bfs/archive/1b9ad72e618bcaaae1759a3ce009881f71360d4f.jpg,女流-2022.8.5-Bear and Breakfast
BV15a411f773,2022-08-04,2022-08-04,297:11,https://i0.hdslb.com/bfs/archive/7a9ecd2c2d922ee42ca8190561b0990126e7f729.jpg,女流-2022.8.4-糖豆人
BV1cr4y157R4,2022-08-02,2022-08-02,285:14,https://i0.hdslb.com/bfs/archive/a7fd2815a9bd959118e33d7d7566a1096607cfc6.jpg,女流-2022.8.2-Bear and Breakfast
BV1Wd4y1T71b,2022-08-01,2022-08-01,239:41,https://i0.hdslb.com/bfs/archive/1d2a81ba9e67bd624cdab22958741df8567e79bf.jpg,女流-2022.8.1-Inside the Backroom
BV1YF411A7xf,2022-07-31,2022-07-31,267:21,https://i0.hdslb.com/bfs/archive/fda8f0c54937c706d4f8756c4ccbff4f36bc6030.jpg,女流-2022.7.31-心灵砒霜
BV1iT411j7nj,2022-07-30,2022-07-30,212:47,https://i0.hdslb.com/bfs/archive/1d2a81ba9e67bd624cdab22958741df8567e79bf.jpg,女流-2022.7.30-Inside the Backroom
BV1DG4y1e7Wu,2022-07-30,2022-07-30,158:28,https://i0.hdslb.com/bfs/archive/4a5498d8b1642c51f1a1036a5ac52457eaf0925e.jpg,女流-2022.7.30-夏日歌友会
BV1Gd4y1U7Cv,2022-07-28,2022-07-28,276:03,https://i0.hdslb.com/bfs/archive/9c08097ac89e7dbd2ff0c521a51423f9d8473285.jpg,女流-2022.7.28-糖豆人
BV1sB4y1b77H,2022-07-27,2022-07-27,212:30,https://i0.hdslb.com/bfs/archive/9c08097ac89e7dbd2ff0c521a51423f9d8473285.jpg,女流-2022.7.27-糖豆人
BV1dT411j7vU,2022-07-27,2022-07-27,128:23,https://i0.hdslb.com/bfs/archive/87520ca1ef60717929ec4bb8c63ea7f95b26716f.jpg,女流-2022.7.27-夏日歌友会选拔
BV1ma411K7Qp,2022-07-26,2022-07-26,138:21,https://i0.hdslb.com/bfs/archive/3a3f2386b9e8641ee31ee82eb6afca8ec4abab39.jpg,女流-2022.7.26-时空勇士
BV1dU4y1e7Yb,2022-07-25,2022-07-25,295:42,https://i0.hdslb.com/bfs/archive/3a3f2386b9e8641ee31ee82eb6afca8ec4abab39.jpg,女流-2022.7.25-时空勇士
BV1fa411K7BY,2022-07-24,2022-07-24,132:23,https://i0.hdslb.com/bfs/archive/df5f1b86a5928f96a7688f178a9880099d39d47d.jpg,女流-2022.7.24-心灵砒霜
BV1Yr4y177sk,2022-07-23,2022-07-23,291:41,https://i0.hdslb.com/bfs/archive/3a3f2386b9e8641ee31ee82eb6afca8ec4abab39.jpg,女流-2022.7.23-时空勇士
BV1qe4y19741,2022-07-22,2022-07-21,97:28,https://i0.hdslb.com/bfs/archive/f363b4e75393763ace7874d60070a02107f1789c.jpg,P2-女流-2022.7.21-糖豆人
BV1jd4y1S7bk,2022-07-22,2022-07-21,94:42,https://i0.hdslb.com/bfs/archive/9c08097ac89e7dbd2ff0c521a51423f9d8473285.jpg,P1-女流-2022.7.21-糖豆人
BV1ea411M7Dm,2022-07-22,2022-07-22,284:17,https://i0.hdslb.com/bfs/archive/3a3f2386b9e8641ee31ee82eb6afca8ec4abab39.jpg,女流-2022.7.22-时空勇士
BV1ZG4y1v7jH,2022-07-20,2022-07-20,198:19,https://i0.hdslb.com/bfs/archive/edbbddda2d0e1501fab757225391d01b1e98f0e4.jpg,女流-2022.7.20-Stray
BV1Lr4y1L72m,2022-07-20,2022-07-20,50:26,https://i0.hdslb.com/bfs/archive/9c08097ac89e7dbd2ff0c521a51423f9d8473285.jpg,女流-2022.7.20-糖豆人
BV1h34y1J7Gd,2022-07-19,2022-07-19,188:46,https://i0.hdslb.com/bfs/archive/f51631c8433b5d63bc622c5d2137b060a7e2574d.jpg,女流-2022.7.19-Stray
BV1fr4y1j739,2022-07-18,2022-07-17,253:11,https://i0.hdslb.com/bfs/archive/0fc37575ec09c192687254ca2561596d6ed0a33c.jpg,女流-2022.7.17-心灵砒霜弹幕版
BV1JV4y1J7Nd,2022-07-18,2022-07-18,252:44,https://i0.hdslb.com/bfs/archive/ef3cc4a95ad94a5d888cabb76a9ee1359880fb1e.jpg,女流-2022.7.18-Dinkum
BV1Ne4y197nM,2022-07-17,2022-07-17,253:12,https://i0.hdslb.com/bfs/archive/0fc37575ec09c192687254ca2561596d6ed0a33c.jpg,女流-2022.7.17-心灵砒霜
BV1fg411f7UX,2022-07-16,2022-07-10,281:39,https://i0.hdslb.com/bfs/archive/15ae7c54ec07576ed87b04f5d408bbea1d3c76a9.jpg,女流-2022.7.10-仙剑客栈2
BV1d94y1Q727,2022-07-16,2022-07-16,251:55,https://i0.hdslb.com/bfs/archive/9c861420016f0a03b75c9f818a46b8bc2c94e427.jpg,女流-2022.7.16-Dinkum
BV1xf4y1o7oY,2022-07-15,2022-07-14,67:25,https://i0.hdslb.com/bfs/archive/d71090aa23590d8d5213d2ba1a276f8cc2a03dc5.jpg,女流-2022.7.14-美丽的大草原
BV1Xg411f7a2,2022-07-15,2022-07-07,47:44,https://i0.hdslb.com/bfs/archive/7f75f0fa3c5517bf98f699fc641b2dbd654d963c.jpg,女流-2022.7.7-一起来玩吧!Oink Games
BV1Te4y1d7EJ,2022-07-15,2022-07-09,65:28,https://i0.hdslb.com/bfs/archive/a6e7ad14246dd1e714627d93d7330fb13da6b16f.jpg,女流-2022.7.9-出发前聊聊
BV1DY4y177ey,2022-07-15,2022-07-15,272:55,https://i0.hdslb.com/bfs/archive/aabb6e21287ec1424986f81e946f07f59efcfdc6.jpg,女流-2022.7.15-仙剑客栈2
BV1CF411N732,2022-07-15,2022-07-07,204:18,https://i0.hdslb.com/bfs/archive/342c8fd0e2216a21a9d18729ab1d7be956ac3772.jpg,女流-2022.7.7-糖豆人
BV18U4y1B7b6,2022-07-15,2022-07-09,186:14,https://i0.hdslb.com/bfs/archive/3dfe10b70798d6526c7e0fef242289a712c05e8e.jpg,女流-2022.7.9-边钓边吃
BV1it4y1b7Um,2022-07-06,2022-07-06,134:35,https://i0.hdslb.com/bfs/archive/4c1a8fec82e8b950aac06e65e427e05e6b9079ee.jpg,女流-2022.7.6-RAFT
BV1J3411c7Tc,2022-07-06,2022-07-06,106:53,https://i0.hdslb.com/bfs/archive/a7e84c48576fc2de11d9981b2c1894a3877e032c.jpg,女流-2022.7.6-Fall Guys
BV1iT411u7zY,2022-07-05,2022-07-05,273:28,https://i0.hdslb.com/bfs/archive/71358a43d1e703c8b7296a055516407f5ed40c70.jpg,女流-2022.7.5-RAFT
BV1s94y1R7D7,2022-07-04,2020-09-01,245:13,https://i0.hdslb.com/bfs/archive/34307b494a384585f6e70ce10ef7734fe7258c17.jpg,女流-2020.9.1-心灵砒霜-弹幕版
BV14S4y1n73w,2022-07-03,2022-07-03,245:14,https://i0.hdslb.com/bfs/archive/4248e99277dbcac208c850837dd3d6e95d9b9086.jpg,女流-2022.7.3-心灵砒霜
BV15r4y1u7SF,2022-07-02,2022-07-02,134:27,https://i0.hdslb.com/bfs/archive/5b844f506d4b441ba578f8a04277475f4c5b3859.jpg,女流-2022.7.2-茶杯头 (Cuphead)
BV1dB4y1v7S7,2022-07-01,2022-07-01,89:13,https://i0.hdslb.com/bfs/archive/d380f001f545ceb2db8b8d7f3dcbdf126ddeebd8.jpg,女流-2022.7.1-怪物猎人崛起：曙光
BV1Pa411s7zV,2022-07-01,2022-07-01,175:59,https://i0.hdslb.com/bfs/archive/779e568fb5f6e7da7b475e537f47f6dd7079a6c9.jpg,女流-2022.7.1-Fall Guys
BV1BT41137uD,2022-06-30,2022-06-30,238:32,https://i0.hdslb.com/bfs/archive/d380f001f545ceb2db8b8d7f3dcbdf126ddeebd8.jpg,女流-2022.6.30-怪物猎人崛起：曙光
BV1Q94y197mF,2022-06-29,2022-06-29,28:31,https://i0.hdslb.com/bfs/archive/4c1a8fec82e8b950aac06e65e427e05e6b9079ee.jpg,女流-2022.6.29-RAFT
BV1LW4y1z7H9,2022-06-29,2022-06-29,224:09,https://i0.hdslb.com/bfs/archive/0bfe4683dbe3142506f9ec9e2182dcd2f0951ec4.jpg,女流-2022.6.29-Fall Guys
BV17B4y1B7Tx,2022-06-29,2022-06-28,269:14,https://i0.hdslb.com/bfs/archive/cf131212bc8a7ef0b693a96cdf093c2cee54f9d0.jpg,女流-2022.6.28-RAFT
BV1e34y1W7Md,2022-06-27,2022-06-26,271:34,https://i0.hdslb.com/bfs/archive/ed91d00efb5b254981e55c6bb6e1c9f0319940b2.jpg,女流-2022.6.26-心灵砒霜弹幕版
BV1VN4y1G7er,2022-06-27,2022-06-27,237:50,https://i0.hdslb.com/bfs/archive/b6dc111e9fc69e241e14c8f1f9398dc578edd515.jpg,女流-2022.6.27-Neon White&Fall Guys
BV1sL4y1P7QE,2022-06-26,2022-06-26,271:35,https://i0.hdslb.com/bfs/archive/ce4030bb5f96797b77ab32c47ce8b45f6f24dc14.jpg,女流-2022.6.26-心灵砒霜
BV1p94y117Z5,2022-06-25,2022-06-23,273:52,https://i0.hdslb.com/bfs/archive/904bf579bb1714e74153cbfc7121b082769a3c70.jpg,女流-2022.6.23-Fall Guys
BV1jZ4y1i7Pc,2022-06-24,2022-06-22,308:09,https://i0.hdslb.com/bfs/archive/a7e84c48576fc2de11d9981b2c1894a3877e032c.jpg,女流-2022.6.22-Fall Guys
BV1qB4y1s7Rq,2022-06-22,2022-06-21,294:05,https://i0.hdslb.com/bfs/archive/f81922cf675ae9a00cf656773fb0ede08b8b034b.jpg,女流-2022.6.21-暖雪
BV1HS4y1v7PH,2022-06-22,2022-06-22,239:05,https://i0.hdslb.com/bfs/archive/f81922cf675ae9a00cf656773fb0ede08b8b034b.jpg,女流-2022.6.22-暖雪
BV1Z3411M7iH,2022-06-20,2022-06-19,264:40,https://i0.hdslb.com/bfs/archive/0ee9e5456e8661e19fb0a1b67773540c1185731a.jpg,女流-2022.6.19-心灵砒霜弹幕版
BV1Ef4y1f7xR,2022-06-20,2022-06-20,304:54,https://i0.hdslb.com/bfs/archive/fdb334b64611249c0f20f046a3f3fd7e34b5416e.jpg,女流-2022.6.20-暖雪
BV1mY411T7ZJ,2022-06-19,2022-06-19,264:42,https://i0.hdslb.com/bfs/archive/26318564cd1a2005f8942b62b0e6744ce15a2506.jpg,女流-2022.6.19-心灵砒霜
BV1ea411s7Pk,2022-06-18,2022-06-18,279:28,https://i0.hdslb.com/bfs/archive/f81922cf675ae9a00cf656773fb0ede08b8b034b.jpg,女流-2022.6.18-暖雪
BV12r4y137t7,2022-06-18,2022-06-17,241:40,https://i0.hdslb.com/bfs/archive/1c70f8a5b7a0ad1f0f9360dcd8d51a7b5bb868d3.jpg,女流-2022.6.17-忍者神龟：施莱德的复仇
BV1r3411M73E,2022-06-17,2022-06-16,289:24,https://i0.hdslb.com/bfs/archive/04d7310213cf1614fc7b7c24393f7999ff113764.jpg,女流-2022.6.16-一年一次的佩奇演出
BV1qS4y1e7Jr,2022-06-13,2022-06-13,313:52,https://i0.hdslb.com/bfs/archive/862ed335ccefac36544528e3fe33ba95233a531a.jpg,女流-2022.6.13-Necesse
BV16U4y1R76C,2022-06-13,2022-06-12,249:04,https://i0.hdslb.com/bfs/archive/411dd4d3147158c9f3a25aaf3d7186bb489744e0.jpg,女流-2022.6.12-心灵砒霜弹幕版
BV1Tr4y137QY,2022-06-12,2022-06-12,249:06,https://i0.hdslb.com/bfs/archive/1da105275b56ac3b1158963d877c4b00f9d203bc.jpg,女流-2022.6.12-心灵砒霜
BV1LU4y1X7KR,2022-06-11,2022-06-11,245:45,https://i0.hdslb.com/bfs/archive/14ff1758d5cdbcb9b5ec44cf8d58b31064b4977c.jpg,女流-2022.6.11-采石场惊魂
BV1tt4y1H7Va,2022-06-10,2022-06-09,282:39,https://i0.hdslb.com/bfs/archive/5e204eb1dab1cc0b1a02ce7faaf35a3bd5694adf.jpg,女流-2022.6.9-各年代老歌榜单盘点
BV16a411L7nT,2022-06-10,2022-06-10,276:44,https://i0.hdslb.com/bfs/archive/f481531a25bd01cefb3631728983c44fd195cb2f.jpg,女流-2022.6.10-采石场惊魂
BV1ES4y1i7iv,2022-06-09,2022-06-08,224:56,https://i0.hdslb.com/bfs/archive/9e3104cae3fed5175318a4568c4437e869dd8f75.jpg,女流-2022.6.8-Necesse
BV1pA4y1R7LS,2022-06-07,2022-06-07,269:33,https://i0.hdslb.com/bfs/archive/7b73a91d632f0ed24d2b04732e9d1471257206df.jpg,女流-2022.6.7-钓鱼天堂
BV1LA4y1R7iH,2022-06-07,2022-06-06,414:38,https://i0.hdslb.com/bfs/archive/436182ae114a5d55125631c12050acf727359478.jpg,女流-2022.6.6-第一届画六大赛
BV1xA4y1o7Rz,2022-06-05,2022-06-04,155:12,https://i0.hdslb.com/bfs/archive/00a3779ce208a1249a37b9f0ae0f1f9d1d21facf.jpg,P2-女流-2022.6.4-钓鱼天堂
BV1eL4y1K7Hq,2022-06-05,2022-06-04,158:51,https://i0.hdslb.com/bfs/archive/00a3779ce208a1249a37b9f0ae0f1f9d1d21facf.jpg,P1-女流-2022.6.4-钓鱼天堂
BV1dY4y1V74v,2022-06-05,2022-06-05,278:43,https://i0.hdslb.com/bfs/archive/815ebb893d41a7f214acd170a21995076572c0b7.jpg,女流-2022.6.5-心灵砒霜
BV1s5411Q7MA,2022-06-04,2022-06-03,233:04,https://i0.hdslb.com/bfs/archive/01066344ed53ef55cd85eb590201e7a205ece561.jpg,女流-2022.6.3-各年代老歌榜单盘点
BV1HL4y1K7J4,2022-06-04,2022-06-03,37:00,https://i0.hdslb.com/bfs/archive/7296698cc5cb341a57f5af953d75f22a8f56e3ed.jpg,P1-女流-2022.6.3-各年代老歌榜单盘点
BV19Y411T7iT,2022-06-02,2022-06-02,219:02,https://i0.hdslb.com/bfs/archive/cc02cd6c4f0d1b5099e6418c745ded8736514d9c.jpg,女流-2022.6.2-战匠杜沃
BV1pW4y1C7rm,2022-06-01,2022-05-31,494:47,https://i0.hdslb.com/bfs/archive/0c73adf2cbc637bb7ed80a804f21358d8bf2ff75.jpg,女流-2022.5.31-Hellstuck: Rage With Your Friends
BV17U4y1y7U7,2022-05-31,2022-05-30,248:37,https://i0.hdslb.com/bfs/archive/86e24588e7ea243675602bcc6423a9c25c232018.jpg,女流-2022.5.30-各年代老歌榜单盘点
BV1jg411R7Du,2022-05-30,2022-05-29,279:20,https://i0.hdslb.com/bfs/archive/851c94051f3e77e401a95b6956d2320a3c10a2ef.jpg,女流-2022.5.29-心灵砒霜弹幕版
BV1pZ4y147F7,2022-05-29,2022-05-29,279:20,https://i0.hdslb.com/bfs/archive/851c94051f3e77e401a95b6956d2320a3c10a2ef.jpg,女流-2022.5.29-心灵砒霜
BV1BU4y127KN,2022-05-27,2022-05-27,153:51,https://i0.hdslb.com/bfs/archive/daf098ba65262016b7eef39c1def54a2a54695f3.jpg,女流-2022.5.27-沙石镇时光
BV17a411j7Zw,2022-05-26,2022-05-26,288:45,https://i0.hdslb.com/bfs/archive/41272b262b7a98dcad7e43296baeaa672f855abb.jpg,女流-2022.5.26-沙石镇时光
BV1q94y1U73d,2022-05-25,2022-05-25,169:06,https://i0.hdslb.com/bfs/archive/9632a73524e3e847bc2a11c5a0043085fcd6b388.jpg,女流-2022.5.25-10 Minutes Till Dawn
BV1gr4y1x7Fi,2022-05-25,2022-05-25,144:50,https://i0.hdslb.com/bfs/archive/f52c6fbe1c542f82d52e5e0bbd803c49638d1a32.jpg,女流-2022.5.25-沙石镇时光
BV1JF411j7fy,2022-05-24,2022-05-23,261:18,https://i0.hdslb.com/bfs/archive/47cb54c4db19d815bd2b392d0d6217a0ae759d5e.jpg,女流-2022.5.23-怪物猎人：崛起
BV1HF41157Ck,2022-05-24,2022-05-24,301:02,https://i0.hdslb.com/bfs/archive/ad4802900581d09318a952a3fbd65dd9e32dbcd4.jpg,女流-2022.5.24-怪物猎人：崛起
BV1N5411X7yo,2022-05-23,2022-05-22,253:32,https://i0.hdslb.com/bfs/archive/57fc6e121332d1e52cef20f90edb5a98268f02e7.jpg,女流-2022.5.22-心灵砒霜弹幕版
BV1y3411G74g,2022-05-22,2022-05-22,253:32,https://i0.hdslb.com/bfs/archive/eb1b4c12ce8e81e4eb0e311fa1ecdd44057691a1.jpg,女流-2022.5.22-心灵砒霜
BV1CZ4y1t7iB,2022-05-21,2022-05-21,172:41,https://i0.hdslb.com/bfs/archive/50d43f42e0af7ce52231d7dc28a0ebdf9d15b8a9.jpg,女流-2022.5.21-图游天下
BV1NB4y197oY,2022-05-20,2022-05-20,236:31,https://i0.hdslb.com/bfs/archive/4cbef26316820f826e2a51cd788dceff16af68b5.jpg,女流-2022.5.20-V Rising
BV1AP4y1F7eo,2022-05-18,2022-05-18,298:34,https://i0.hdslb.com/bfs/archive/2355855bfe436707a5ee8fbbf165a13d4d24c4e8.jpg,女流-2022.5.18-Ranch Simulator
BV1xF411L7eq,2022-05-17,2022-05-17,346:04,https://i0.hdslb.com/bfs/archive/2355855bfe436707a5ee8fbbf165a13d4d24c4e8.jpg,女流-2022.5.17-Ranch Simulator
BV1SU4y1m7wD,2022-05-17,2022-05-16,240:06,https://i0.hdslb.com/bfs/archive/a61d30dae800f3d4f34b1acbe467c79e03a31b77.jpg,P1-女流-2022.5.16-Ranch Simulator
BV1wt4y147wr,2022-05-16,2022-05-15,287:20,https://i0.hdslb.com/bfs/archive/c4cf439a05996752203f892df2213d45e0c2c085.jpg,女流-2022.5.15-心灵砒霜弹幕版
BV1Xa411J7pQ,2022-05-15,2022-05-15,287:21,https://i0.hdslb.com/bfs/archive/7a18c59ebe9aa1c7fa72b1a2c1dfe0d780513b9f.jpg,女流-2022.5.15-心灵砒霜
BV19T4y1B7ny,2022-05-14,2022-05-14,393:40,https://i0.hdslb.com/bfs/archive/bf76b401d6bd6aa3b8c73fb966c62217a6ec4138.jpg,女流-2022.5.14-We Were Here Forever
BV17U4y1m7zr,2022-05-13,2022-05-13,299:30,https://i0.hdslb.com/bfs/archive/54e48a90343a22a44639ceac8bfb33574c19c456.jpg,女流-2022.5.13-We Were Here Forever&斗诡
BV1uL4y1F7Yy,2022-05-11,2022-05-11,277:49,https://i0.hdslb.com/bfs/archive/479ef8f39cb36b050e8a2260f3e84cd28283771e.jpg,女流-2022.5.11-盐与献祭
BV1zA4y1S7rP,2022-05-10,2022-05-10,296:35,https://i0.hdslb.com/bfs/archive/c5dd2c2a413defff61c2dafda6b00c8574d3f356.jpg,女流-2022.5.10-盐与献祭
BV1Y34y1h72p,2022-05-09,2022-05-08,314:11,https://i0.hdslb.com/bfs/archive/5eea7674b59e324392d127ebbb386b2a951bed39.jpg,女流-2022.5.8-心灵砒霜弹幕版
BV1XB4y1C7tG,2022-05-09,2022-05-09,260:30,https://i0.hdslb.com/bfs/archive/e45b059c16fbbb856d949992fe978adc96e1dc22.jpg,女流-2022.5.9-手工六上线
BV1ar4y1t7hr,2022-05-08,2022-05-08,314:10,https://i0.hdslb.com/bfs/archive/cf5bd38b2b54ff2447e69549b531b189a870f004.jpg,女流-2022.5.8-心灵砒霜
BV1z44y1u7jp,2022-05-07,2022-05-07,340:59,https://i0.hdslb.com/bfs/archive/63a103c412f766714813c7bc5f86b85e4e57f9c8.jpg,女流-2022.5.7-神都不良探
BV1xY411A7zb,2022-05-06,2022-05-05,82:41,https://i0.hdslb.com/bfs/archive/b0d548ebd6cd2461bc96940fbf24d3a8d2267b27.jpg,女流-2022.5.5-纸嫁衣
BV1oY4y1t77a,2022-05-06,2022-05-05,179:54,https://i0.hdslb.com/bfs/archive/9b02897b8643a127e85c350b3b0c5621a1a811d3.jpg,女流-2022.5.5-一方灵田
BV1VT4y167Sz,2022-05-06,2022-05-06,252:28,https://i0.hdslb.com/bfs/archive/87e312e957269a318cdb26f2d1b1a642cf32d124.jpg,女流-2022.5.6-恐龙化石猎人
BV1BY411A7zj,2022-05-04,2022-05-04,125:54,https://i0.hdslb.com/bfs/archive/934a9f82f75133b494317725c43020c5396ff8db.jpg,女流-2022.5.4-蜡笔小新 我与博士的暑假
BV1GL4y1c7tS,2022-05-03,2021-05-03,310:43,https://i0.hdslb.com/bfs/archive/9b02897b8643a127e85c350b3b0c5621a1a811d3.jpg,女流-2021.5.3-筑梦颂+一方灵田
BV15Y4y1h7f6,2022-05-03,2022-05-02,240:05,https://i0.hdslb.com/bfs/archive/4b11059e68e4ce2bfae5d7bd80d178c4d98858ec.jpg,女流-2022.5.2-体能实验室
BV1Mv4y1K7WS,2022-05-02,2022-05-01,331:44,https://i0.hdslb.com/bfs/archive/6c9ba8d461b3df684124a91bd8e0262153040557.jpg,女流-2022.5.1-心灵砒霜弹幕版
BV1LL4y1c75n,2022-05-01,2022-05-01,331:44,https://i0.hdslb.com/bfs/archive/6c9ba8d461b3df684124a91bd8e0262153040557.jpg,女流-2022.5.1-心灵砒霜
BV1SY4y1t7cP,2022-04-30,2022-04-30,252:06,https://i0.hdslb.com/bfs/archive/dd25b1219d233c1a372a59769d6d7a50ea077124.jpg,女流-2022.4.30-手工六上线
BV1G44y1372S,2022-04-29,2022-04-29,334:36,https://i0.hdslb.com/bfs/archive/9b02897b8643a127e85c350b3b0c5621a1a811d3.jpg,女流-2022.4.29-一方灵田
BV1X44y1g7wf,2022-04-28,2022-04-28,127:54,https://i0.hdslb.com/bfs/archive/dec4a8b7a44142d0336a0562c33ec973f93cfc02.jpg,女流-2022.4.28-一方灵田
BV17r4y1n7PA,2022-04-28,2022-04-27,179:38,https://i0.hdslb.com/bfs/archive/e797752e59d8db550025af58368e9b232776fc75.jpg,女流-2022.4.27-哥布林弹球
BV1734y1a7Pz,2022-04-27,2022-04-27,120:05,https://i0.hdslb.com/bfs/archive/6d96b0faac229a9b4e5d90780e2ed4b0c4e1e667.jpg,女流-2022.4.27-雀魂麻将
BV1KY411N7ht,2022-04-26,2022-04-26,282:26,https://i0.hdslb.com/bfs/archive/e779dde074da5938e7c3718f44bd4ff1a0f7400f.jpg,女流-2022.4.26-哥布林弹球
BV1WB4y1m7LW,2022-04-25,2022-04-24,263:13,https://i0.hdslb.com/bfs/archive/12c5e18d0e0ce855d527c0ad4c489eb537a6e744.jpg,女流-2022.4.24-心灵砒霜弹幕版
BV19u411y7X5,2022-04-24,2022-04-24,263:12,https://i0.hdslb.com/bfs/archive/7baa1153ef15eba758b963e5a9e114a407143ebb.jpg,女流-2022.4.24-心灵砒霜
BV1t3411M7vA,2022-04-22,2022-04-22,113:31,https://i0.hdslb.com/bfs/archive/4fa601e1fc6adf210aa3b493013a0b8d6ed1cf76.jpg,女流-2022.4.22-66工作室
BV14S4y1c7Cg,2022-04-22,2022-04-22,220:03,https://i0.hdslb.com/bfs/archive/191ef557f8bd5f1b74390a4a430cdc2b62056000.jpg,女流-2022.4.22-退休模拟器
BV1PY4y1Y7iv,2022-04-21,2022-04-21,327:55,https://i0.hdslb.com/bfs/archive/7a23dffbc8bff6489886dad116f11c3edf48fdfa.jpg,女流-2022.4.21-退休模拟器
BV1n94y1o7YT,2022-04-20,2022-04-20,340:43,https://i0.hdslb.com/bfs/archive/a84267f25842da325fe8ceb3cf864a81c0904bcc.jpg,女流-2022.4.20-退休模拟器
BV1oB4y1U7xX,2022-04-19,2022-04-19,213:19,https://i0.hdslb.com/bfs/archive/b2873dcf68dde9a1ca83a17ee8b6906132066d21.jpg,女流-2022.4.19-彩虹深渊
BV19F411g7zF,2022-04-19,2022-04-19,36:44,https://i0.hdslb.com/bfs/archive/2205eee06683f46b2705888060ae25b786bff2a9.jpg,女流-2022.4.19-高尔夫大乱斗
BV1uY4y1a7gM,2022-04-18,2022-04-18,321:03,https://i0.hdslb.com/bfs/archive/2558d638fb1d66076dc4a196bd9b42f2fe51f64d.jpg,女流-2022.4.18-彩虹深渊
BV1ti4y1S7hc,2022-04-18,2022-04-17,268:01,https://i0.hdslb.com/bfs/archive/f0aef644507d064e39c01bd322cf75fbde14bab9.jpg,女流-2022.4.17-心灵砒霜弹幕版
BV1Ri4y1U7HV,2022-04-17,2022-04-17,268:01,https://i0.hdslb.com/bfs/archive/61ba86c8a24fc4fbee357470d47b189b4eba1e1c.jpg,女流-2022.4.17-久违的砒霜来啦
BV1xF411g7cF,2022-04-15,2022-04-14,252:40,https://i0.hdslb.com/bfs/archive/bd0ddd6e4a700b918c3c8b6a22f6a9755917a708.jpg,女流-2022.4.14-光之传说
BV13L4y1L7eL,2022-04-15,2022-04-15,329:58,https://i0.hdslb.com/bfs/archive/bd0ddd6e4a700b918c3c8b6a22f6a9755917a708.jpg,女流-2022.4.15-光之传说
BV1B44y137Sg,2022-04-14,2022-04-13,255:57,https://i0.hdslb.com/bfs/archive/369014929aa0786b91224c7dd0076c898668a228.jpg,女流-2022.4.13-吸血鬼幸存者
BV1yA4y197LJ,2022-04-13,2022-04-12,267:33,https://i0.hdslb.com/bfs/archive/369014929aa0786b91224c7dd0076c898668a228.jpg,女流-2022.4.12-吸血鬼幸存者
BV1RY411L7af,2022-04-11,2022-04-11,259:06,https://i0.hdslb.com/bfs/archive/a3a5b995673b6022ae79a17affd85a0d05c8e3ad.jpg,女流-2022.4.11-地心护核者
BV1Q34y1e75n,2022-04-11,2022-04-10,280:00,https://i0.hdslb.com/bfs/archive/c02c9f9f74c0941500eaa1bf44fe1a0f58321171.jpg,女流-2022.4.10-66来聊聊
BV1Cr4y1p7mT,2022-04-10,2022-04-09,322:37,https://i0.hdslb.com/bfs/archive/4aa7acd947f3794be3431a6b43efe9b076a169f2.jpg,女流-2022.4.9-Outer Wilds
BV1uq4y1Y7A9,2022-04-09,2022-04-08,90:11,https://i0.hdslb.com/bfs/archive/135daa8143eedaa9af88cb479f4d9be32154acdd.jpg,女流-2022.4.8-游戏前聊10块钱的
BV1nL4y1578x,2022-04-09,2022-04-08,245:31,https://i0.hdslb.com/bfs/archive/6be0f92767f29b641e2c5343a4cdf10f6b31f1c4.jpg,女流-2022.4.8-Outer Wilds
BV1xZ4y127Q9,2022-04-08,2022-04-07,237:55,https://i0.hdslb.com/bfs/archive/136ece3859916b18610a2719e66484eaa3545f51.jpg,女流-2022.4.7-Outer Wilds
BV1ra411i758,2022-04-07,2022-04-06,255:48,https://i0.hdslb.com/bfs/archive/6be0f92767f29b641e2c5343a4cdf10f6b31f1c4.jpg,女流-2022.4.6-Outer Wilds
BV1m34y1s7io,2022-04-06,2022-04-05,265:00,https://i0.hdslb.com/bfs/archive/136ece3859916b18610a2719e66484eaa3545f51.jpg,女流-2022.4.5-Outer Wilds
BV1jY4y1i73t,2022-04-04,2022-04-04,280:33,https://i0.hdslb.com/bfs/archive/6be0f92767f29b641e2c5343a4cdf10f6b31f1c4.jpg,女流-2022.4.4-Outer Wilds
BV1tZ4y1m7Qe,2022-04-03,2022-04-02,284:29,https://i0.hdslb.com/bfs/archive/6be0f92767f29b641e2c5343a4cdf10f6b31f1c4.jpg,女流-2022.4.2-Outer Wilds
BV19S4y1m7e3,2022-04-02,2022-04-01,309:44,https://i0.hdslb.com/bfs/archive/ccb2cbe53cbdb54f4bb158d91c7f699d03dbfa6c.jpg,女流-2022.4.1-三伏
BV1L3411W7Pm,2022-03-30,2022-03-29,253:00,https://i0.hdslb.com/bfs/archive/75a7b1bc9be6458dfd7cdc366a8fc2b2fc378a77.jpg,女流-2022.3.29-星之卡比：探索发现
BV1U44y1A7J2,2022-03-29,2022-03-28,267:49,https://i0.hdslb.com/bfs/archive/75a7b1bc9be6458dfd7cdc366a8fc2b2fc378a77.jpg,女流-2022.3.28-星之卡比：探索发现
BV1Pi4y1Q7Wa,2022-03-28,2022-03-27,439:05,https://i0.hdslb.com/bfs/archive/75a7b1bc9be6458dfd7cdc366a8fc2b2fc378a77.jpg,女流-2022.3.27-星之卡比：探索发现
BV1RS4y1N7bg,2022-03-27,2022-03-26,435:48,https://i0.hdslb.com/bfs/archive/75a7b1bc9be6458dfd7cdc366a8fc2b2fc378a77.jpg,女流-2022.3.26-星之卡比：探索发现
BV1BS4y127Vm,2022-03-26,2022-03-25,312:01,https://i0.hdslb.com/bfs/archive/8ff6bc3ff4ee4fd480cb8d23528ac80794495cb3.jpg,女流-2022.3.25-星之卡比：探索发现
BV1EL411w7DC,2022-03-19,2022-03-17,315:26,https://i0.hdslb.com/bfs/archive/a4d1967068c3a246532584ea948950d82f8a16e2.jpg,女流-2022.3.17-完美的一天
BV19L411P76P,2022-03-19,2022-03-18,304:47,https://i0.hdslb.com/bfs/archive/a4d1967068c3a246532584ea948950d82f8a16e2.jpg,女流-2022.3.18-完美的一天
BV1vL4y1T7ps,2022-03-17,2022-03-16,170:32,https://i0.hdslb.com/bfs/archive/a4d1967068c3a246532584ea948950d82f8a16e2.jpg,女流-2022.3.16-完美的一天（下）
BV1E44y1T7Df,2022-03-17,2022-03-16,170:29,https://i0.hdslb.com/bfs/archive/a4d1967068c3a246532584ea948950d82f8a16e2.jpg,女流-2022.3.16-完美的一天（上）
BV1tU4y1Z7B3,2022-03-16,2022-03-15,398:00,https://i0.hdslb.com/bfs/archive/a4d1967068c3a246532584ea948950d82f8a16e2.jpg,女流-2022.3.15-完美的一天
BV1ZP4y1g7nm,2022-03-12,2022-03-11,341:37,https://i0.hdslb.com/bfs/archive/6f82aae523b2b31b929f13478e14f05077089cae.jpg,女流-2022.3.11-艾尔登法环（二周目法师）
BV15L411P7kT,2022-03-11,2022-03-10,474:15,https://i0.hdslb.com/bfs/archive/6f82aae523b2b31b929f13478e14f05077089cae.jpg,女流-2022.3.10-艾尔登法环（二周目法师）
BV1Mi4y1C7JJ,2022-03-10,2022-03-09,488:38,https://i0.hdslb.com/bfs/archive/a5135fb066fbc0e429a136c078d1276dee877ab1.jpg,女流-2022.3.9-艾尔登法环
BV1FL411P77H,2022-03-09,2022-03-08,397:12,https://i0.hdslb.com/bfs/archive/a5135fb066fbc0e429a136c078d1276dee877ab1.jpg,女流-2022.3.8-艾尔登法环
BV1HF411b765,2022-03-07,2022-03-06,474:11,https://i0.hdslb.com/bfs/archive/a5135fb066fbc0e429a136c078d1276dee877ab1.jpg,女流-2022.3.6-艾尔登法环
BV1TZ4y1r7QJ,2022-03-06,2022-03-05,161:54,https://i0.hdslb.com/bfs/archive/a5135fb066fbc0e429a136c078d1276dee877ab1.jpg,女流-2022.3.5-艾尔登法环 P2
BV1Si4y1k7yg,2022-03-06,2022-03-05,161:53,https://i0.hdslb.com/bfs/archive/a5135fb066fbc0e429a136c078d1276dee877ab1.jpg,女流-2022.3.5-艾尔登法环 P3
BV1C341157zA,2022-03-06,2022-03-05,161:52,https://i0.hdslb.com/bfs/archive/a5135fb066fbc0e429a136c078d1276dee877ab1.jpg,女流-2022.3.5-艾尔登法环 P1
BV1tP4y1g7wW,2022-03-05,2022-03-04,161:32,https://i0.hdslb.com/bfs/archive/a5135fb066fbc0e429a136c078d1276dee877ab1.jpg,女流-2022.3.4-艾尔登法环 P4
BV1e341157Pg,2022-03-05,2022-03-04,161:32,https://i0.hdslb.com/bfs/archive/a5135fb066fbc0e429a136c078d1276dee877ab1.jpg,女流-2022.3.4-艾尔登法环 P1
BV1Ar4y167Td,2022-03-05,2022-03-04,161:36,https://i0.hdslb.com/bfs/archive/a5135fb066fbc0e429a136c078d1276dee877ab1.jpg,女流-2022.3.4-艾尔登法环 P3
BV18Z4y1r7RU,2022-03-05,2022-03-04,161:36,https://i0.hdslb.com/bfs/archive/a5135fb066fbc0e429a136c078d1276dee877ab1.jpg,女流-2022.3.4-艾尔登法环 P2
BV1h3411j7i1,2022-03-03,2022-03-02,189:15,https://i0.hdslb.com/bfs/archive/1fd8cb17a4f04af03564957fae60a03b9ed8ddc4.jpg,女流-2022.3.2-艾尔登法环 P2
BV1JS4y167wF,2022-03-03,2022-03-01,195:13,https://i0.hdslb.com/bfs/archive/6f82aae523b2b31b929f13478e14f05077089cae.jpg,女流-2022.3.1-艾尔登法环 P3
BV1AL411N72A,2022-03-03,2022-03-02,189:19,https://i0.hdslb.com/bfs/archive/6f82aae523b2b31b929f13478e14f05077089cae.jpg,女流-2022.3.2-艾尔登法环 P3
BV1jL4y137nL,2022-03-02,2022-03-01,195:10,https://i0.hdslb.com/bfs/archive/6f82aae523b2b31b929f13478e14f05077089cae.jpg,女流-2022.3.1-艾尔登法环 P1
BV1DL4y1M7w1,2022-03-02,2022-03-01,195:11,https://i0.hdslb.com/bfs/archive/6f82aae523b2b31b929f13478e14f05077089cae.jpg,女流-2022.3.1-艾尔登法环 P2
BV1s34y1k77v,2022-03-01,2022-02-28,181:59,https://i0.hdslb.com/bfs/archive/6f82aae523b2b31b929f13478e14f05077089cae.jpg,女流-2022.2.28-艾尔登法环 P3
BV1rR4y157EA,2022-03-01,2022-02-28,181:58,https://i0.hdslb.com/bfs/archive/6f82aae523b2b31b929f13478e14f05077089cae.jpg,女流-2022.2.28-艾尔登法环 P1
BV1HY411G7DY,2022-03-01,2022-02-28,181:58,https://i0.hdslb.com/bfs/archive/6f82aae523b2b31b929f13478e14f05077089cae.jpg,女流-2022.2.28-艾尔登法环 P2
BV1zm4y1R75f,2022-02-28,2022-02-25,169:25,https://i0.hdslb.com/bfs/archive/6f82aae523b2b31b929f13478e14f05077089cae.jpg,女流-P4-2022.2.25-艾尔登法环
BV1yF411t75n,2022-02-28,2022-02-27,280:34,https://i0.hdslb.com/bfs/archive/a2058ced867594c94a3603d090ee9db35ba500b3.jpg,女流-2022.2.27-艾尔登法环 P1
BV1oY411G7nx,2022-02-28,2022-02-25,169:28,https://i0.hdslb.com/bfs/archive/6f82aae523b2b31b929f13478e14f05077089cae.jpg,女流-P3-2022.2.25-艾尔登法环
BV1mr4y1z7dj,2022-02-28,2022-03-02,240:20,https://i0.hdslb.com/bfs/archive/a2058ced867594c94a3603d090ee9db35ba500b3.jpg,女流-2022.3.2-艾尔登法环 P1
BV1da41187va,2022-02-28,2022-02-25,169:25,https://i0.hdslb.com/bfs/archive/6f82aae523b2b31b929f13478e14f05077089cae.jpg,女流-P1-2022.2.25-艾尔登法环
BV1Nu411Q79H,2022-02-28,2022-02-25,169:26,https://i0.hdslb.com/bfs/archive/6f82aae523b2b31b929f13478e14f05077089cae.jpg,女流-P2-2022.2.25-艾尔登法环
BV1FL411N7tm,2022-02-28,2022-02-27,174:06,https://i0.hdslb.com/bfs/archive/a2058ced867594c94a3603d090ee9db35ba500b3.jpg,女流-2022.2.27-艾尔登法环 P2
BV1Aq4y147ZT,2022-02-28,2022-02-27,174:09,https://i0.hdslb.com/bfs/archive/a2058ced867594c94a3603d090ee9db35ba500b3.jpg,女流-2022.2.27-艾尔登法环 P3
BV1am4y1R7fS,2022-02-24,2022-02-23,287:53,https://i0.hdslb.com/bfs/archive/dbab01de39ab0aedf121ce5b6c65cf7f9d8822ce.jpg,女流-2022.2.23-地平线：西部禁域
BV1r44y1T7wD,2022-02-23,2022-02-22,285:39,https://i0.hdslb.com/bfs/archive/05073e335295a1e9bcb04a1685872579f52970fd.jpg,女流-2022.2.22-地平线：西部禁域
BV1Gr4y1z79H,2022-02-22,2022-02-21,269:35,https://i0.hdslb.com/bfs/archive/d5c46f4f61fa5928d4a9c7b4314567e56eaeab53.jpg,女流-2022.2.21-地平线：西部禁域
BV17m4y1o7fb,2022-02-21,2022-02-20,294:03,https://i0.hdslb.com/bfs/archive/d5c46f4f61fa5928d4a9c7b4314567e56eaeab53.jpg,女流-2022.2.20-地平线：西部禁域
BV1RT4y1D7vn,2022-02-20,2022-02-19,218:19,https://i0.hdslb.com/bfs/archive/05073e335295a1e9bcb04a1685872579f52970fd.jpg,女流-2022.2.19-地平线：西部禁域
BV1Pq4y1b737,2022-02-19,2022-02-18,295:02,https://i0.hdslb.com/bfs/archive/d5c46f4f61fa5928d4a9c7b4314567e56eaeab53.jpg,女流-2022.2.18-地平线：西部禁域
BV1n3411L7iW,2022-02-18,2022-02-17,142:41,https://i0.hdslb.com/bfs/archive/2509bafa0e358a7924fc91723144f3e6faca8928.jpg,女流-2022.2.17-吸血鬼幸存者
BV1Vi4y127js,2022-02-18,2022-02-17,71:41,https://i0.hdslb.com/bfs/archive/a2d0e0ae93020920ccc0ef989ff6624daaffc89e.jpg,女流-2022.2.17-归家异途
BV1qS4y1F7L3,2022-02-17,2022-02-16,232:27,https://i0.hdslb.com/bfs/archive/4d040739122b6cf59a6b636f27bd81cc534c1347.jpg,女流-2022.2.16-部落幸存者
BV1BP4y1F7Vf,2022-02-17,2021-02-14,245:03,https://i0.hdslb.com/bfs/archive/f08806ea9cc4dcc740e7474b87714e475bce0308.jpg,女流-2021.2.14-龙之弹珠台
BV1CT4y1X7bd,2022-02-14,2022-02-13,261:46,https://i0.hdslb.com/bfs/archive/93f60e16ee5eb96d1355e3d34bb59e28a7cfafac.jpg,女流-2022.2.13-消逝的光芒2
BV1cq4y187t3,2022-02-11,2022-02-11,124:35,https://i0.hdslb.com/bfs/archive/f0fc5c369cb18a43a53c624b24bf6188556ca413.jpg,女流-2022.2.11-SIFU
BV1hS4y1C7Cy,2022-02-10,2022-02-10,302:23,https://i0.hdslb.com/bfs/archive/2a44c4eb436ffc817b6e7c4b71b5b4073895f2cb.jpg,女流-2022.2.10-SIFU
BV1JR4y17755,2022-02-10,2022-02-09,333:27,https://i0.hdslb.com/bfs/archive/2a44c4eb436ffc817b6e7c4b71b5b4073895f2cb.jpg,女流-2022.2.9-SIFU
BV1Z5411d7Cv,2022-02-09,2022-02-08,446:05,https://i0.hdslb.com/bfs/archive/93f60e16ee5eb96d1355e3d34bb59e28a7cfafac.jpg,女流-2022.2.8-消逝的光芒2
BV1uS4y1C7fD,2022-02-08,2022-02-07,500:40,https://i0.hdslb.com/bfs/archive/93f60e16ee5eb96d1355e3d34bb59e28a7cfafac.jpg,女流-2022.2.7-消逝的光芒2
BV1y34y1y7za,2022-02-07,2022-02-05,266:25,https://i0.hdslb.com/bfs/archive/93f60e16ee5eb96d1355e3d34bb59e28a7cfafac.jpg,女流-2022.2.5-消逝的光芒2
BV1F5411o7XB,2022-02-07,2022-02-06,533:09,https://i0.hdslb.com/bfs/archive/93f60e16ee5eb96d1355e3d34bb59e28a7cfafac.jpg,女流-2022.2.6-消逝的光芒2
BV1mm4y1o7oW,2022-02-06,2022-02-04,166:19,https://i0.hdslb.com/bfs/archive/93f60e16ee5eb96d1355e3d34bb59e28a7cfafac.jpg,女流-2022.2.4-消逝的光芒2
BV1Gr4y1h7kF,2022-02-04,2022-02-03,193:08,https://i0.hdslb.com/bfs/archive/f35ebdfc8747b4ff1bc048813bcbdb7e05359660.jpg,女流-2022.2.3-客厅户外 新年好
BV1e5411f7gy,2022-02-03,2022-01-30,345:03,https://i0.hdslb.com/bfs/archive/4417de0a5ec3cfb69b5ba02729121b0c28bf2eb5.jpg,女流-2022.1.30-宝可梦阿尔宙斯（下）
BV1Mr4y1h79a,2022-02-03,2022-01-30,40:38,https://i0.hdslb.com/bfs/archive/4417de0a5ec3cfb69b5ba02729121b0c28bf2eb5.jpg,女流-2022.1.30-宝可梦阿尔宙斯（上）
BV1644y1p7K7,2022-02-02,2022-01-29,252:35,https://i0.hdslb.com/bfs/archive/4417de0a5ec3cfb69b5ba02729121b0c28bf2eb5.jpg,女流-2022.1.29-宝可梦阿尔宙斯
BV1nb4y1E7HB,2022-01-29,2022-01-28,286:22,https://i0.hdslb.com/bfs/archive/4417de0a5ec3cfb69b5ba02729121b0c28bf2eb5.jpg,女流-2022.01.28-宝可梦传说阿尔宙斯
BV1pP4y1N74S,2022-01-27,2022-01-26,172:25,https://i0.hdslb.com/bfs/archive/3c2bef68ddb4120b8bc5fb0c384187ca3aad4e90.jpg,女流-2022.01.26-文字游戏
BV1E3411h7TY,2022-01-26,2022-01-25,333:01,https://i0.hdslb.com/bfs/archive/3c2bef68ddb4120b8bc5fb0c384187ca3aad4e90.jpg,女流-2022.01.25-文字游戏
BV1P3411h7d4,2022-01-25,2022-01-24,283:15,https://i0.hdslb.com/bfs/archive/415f1feb05055b3d3884ebaacdc423b904baa1f9.jpg,女流-2022.01.24-暖雪
BV1B34y117Ds,2022-01-24,2022-01-23,269:13,https://i0.hdslb.com/bfs/archive/d047ec9f4632e0315474fb183a6d041770558cde.jpg,女流-2022.1.23-心灵砒霜
BV11r4y1e7Bq,2022-01-23,2022-01-22,272:03,https://i0.hdslb.com/bfs/archive/415f1feb05055b3d3884ebaacdc423b904baa1f9.jpg,女流-2022.01.22-暖雪
BV1Pm4y1S7T5,2022-01-22,2022-01-21,330:57,https://i0.hdslb.com/bfs/archive/415f1feb05055b3d3884ebaacdc423b904baa1f9.jpg,女流-2022.1.21-暖雪
BV1FL411w7Lu,2022-01-22,2022-01-20,225:24,https://i0.hdslb.com/bfs/archive/a98a664ed6a18e9ab65afaebfe6a6e50a9bbad0d.jpg,女流-2022.1.20-战神4（下）
BV1Cq4y1c7B1,2022-01-21,2022-01-20,225:21,https://i0.hdslb.com/bfs/archive/a98a664ed6a18e9ab65afaebfe6a6e50a9bbad0d.jpg,女流-2022.1.20-战神4（上）
BV1qF411p7k3,2022-01-20,2022-01-18,251:47,https://i0.hdslb.com/bfs/archive/e8cb1e7902135f08eb5143c4e799e943b0fe02f4.png,女流-2022.1.18-战神4
BV1DP4y177kk,2022-01-20,2022-01-19,305:32,https://i0.hdslb.com/bfs/archive/a98a664ed6a18e9ab65afaebfe6a6e50a9bbad0d.jpg,女流-2022.1.19-战神4
BV1bP4y177gT,2022-01-18,2022-01-17,440:14,https://i0.hdslb.com/bfs/archive/cae24ecc4917f6ed6d55c5cd69be6027fd425f44.jpg,女流-2022.1.17-战神4
BV1sm4y1U7Gz,2022-01-17,2022-01-16,541:48,https://i0.hdslb.com/bfs/archive/40d469ce0f456a84317fb7dd2c4d095e44bab88e.jpg,女流-2022.1.16-心灵砒霜&弹幕版
BV1kq4y1A7gs,2022-01-16,2022-01-15,371:10,https://i0.hdslb.com/bfs/archive/644357c2ce834cc0b2bb5107955e0904d1f9673c.jpg,女流-2022.1.15-战神4
BV1mZ4y1f7w2,2022-01-15,2022-01-14,296:30,https://i0.hdslb.com/bfs/archive/24ab9b1e6356bb2379e176992590f63b66a4a955.jpg,女流-2022.1.14-战神4
BV1BT4y1172d,2022-01-15,2022-01-13,285:21,https://i0.hdslb.com/bfs/archive/125edf9896a543592d3fe07b05aee1133eaca99b.jpg,女流-2022.1.13-战神4
BV1SS4y1Z7ev,2022-01-12,2022-01-11,256:34,https://i0.hdslb.com/bfs/archive/d1794abf7097770f130a8adf8ad0e6047fdcb354.jpg,女流-2022.1.11-勇网直前
BV1LL4y1b7fC,2022-01-11,2021-01-09,486:36,https://i0.hdslb.com/bfs/archive/0cac0d7e5c0b4ba8341bfafa02f26fddb4ed47e0.jpg,女流-2021.1.9-心灵砒霜&弹幕版
BV1G34y1B76W,2022-01-11,2022-01-08,352:14,https://i0.hdslb.com/bfs/archive/7468f504e72dedce402db2c8248aa8ec7d20cabe.jpg,女流-2022.1.8-血源诅咒
BV18R4y1g7hr,2022-01-11,2022-01-10,247:24,https://i0.hdslb.com/bfs/archive/7468f504e72dedce402db2c8248aa8ec7d20cabe.jpg,女流-2022.1.10-血源诅咒
BV1nS4y1j7X3,2022-01-08,2022-01-06,320:38,https://i0.hdslb.com/bfs/archive/7468f504e72dedce402db2c8248aa8ec7d20cabe.jpg,女流-2022.1.6-血源诅咒
BV1wq4y1y7DT,2022-01-06,2022-01-05,244:40,https://i0.hdslb.com/bfs/archive/7468f504e72dedce402db2c8248aa8ec7d20cabe.jpg,女流-2022.1.5-血源诅咒
BV1dY411a75p,2022-01-06,2022-01-04,264:38,https://i0.hdslb.com/bfs/archive/7468f504e72dedce402db2c8248aa8ec7d20cabe.jpg,女流-2022.1.4-血源诅咒
BV1Db4y1e7io,2022-01-06,2022-01-03,240:26,https://i0.hdslb.com/bfs/archive/ef3bb3daefbc26bae100a1772be37837bb43de7f.jpg,女流-2022.1.3-血源诅咒
BV1iY411a7nE,2022-01-03,2022-01-01,312:36,https://i0.hdslb.com/bfs/archive/a796c2565db9a2824fea186c5a22042e67b1569d.jpg,女流-2022.1.1-血源诅咒
BV1ai4y197Sn,2022-01-03,2022-01-02,502:07,https://i0.hdslb.com/bfs/archive/b82900eae1f8e340eab9d67b2e7a960bcc4840bc.jpg,女流-2022.1.2-心灵砒霜&弹幕版
BV19L411V7aa,2022-01-03,2021-12-31,256:12,https://i0.hdslb.com/bfs/archive/7468f504e72dedce402db2c8248aa8ec7d20cabe.jpg,女流-2021.12.31-血源诅咒
BV1yu411m7XT,2021-12-31,2021-12-30,279:13,https://i0.hdslb.com/bfs/archive/7468f504e72dedce402db2c8248aa8ec7d20cabe.jpg,女流-2021.12.30-血源诅咒
BV1wr4y1m7i7,2021-12-30,2021-12-29,240:07,https://i0.hdslb.com/bfs/archive/a32682c126060ec58670545c2cc947dcdf61a3e7.jpg,女流-2021.12.29-血源诅咒
BV1YD4y1c7sb,2021-12-25,2021-12-24,356:54,https://i0.hdslb.com/bfs/archive/cf65aabf66c02e238e470de70005e5e78fd3ac6f.jpg,女流-2021.12.24-FallGuys&层层恐惧
BV1Zu411U7rS,2021-12-24,2021-12-23,282:15,https://i0.hdslb.com/bfs/archive/09d8fe8c132d2e72ac02e529c40ad4fadb29244e.jpg,女流-2021.12.23-密室逃脱模拟器
BV1xD4y1c7fz,2021-12-23,2021-12-21,298:55,https://i0.hdslb.com/bfs/archive/10e6ad5d4d4a58b30c53312fb327563d329e735f.jpg,女流-2021.12.21-密室逃脱模拟器
BV1Fu411S7Rk,2021-12-23,2021-12-22,276:04,https://i0.hdslb.com/bfs/archive/ae6809ed8407869ed5b402a06c3584d1f39fc76b.jpg,女流-2021.12.22-雀魂麻将
BV1dS4y1Q7Ee,2021-12-20,2021-12-19,340:56,https://i0.hdslb.com/bfs/archive/a314dc620d3e6aea45c4b981a5206b9ae0a8a01a.jpg,女流-2021.12.19-心灵砒霜&弹幕版
BV18Q4y1Y7u5,2021-12-19,2021-12-17,384:48,https://i0.hdslb.com/bfs/archive/58ee8f4cbbcff0fe2e3db358c2013b451dcb53d6.jpg,女流-2021.12.17-精神之桥
BV1sS4y1Q7Nc,2021-12-14,2021-12-13,291:13,https://i0.hdslb.com/bfs/archive/6100f5eb4718d795bb8007c4fe3187bdbe040d0a.jpg,女流-2021.12.13-精神之桥
BV1qi4y1d7WB,2021-12-13,2021-12-12,574:38,https://i0.hdslb.com/bfs/archive/7c4f2e840bbe50be514e1f90354ad80d181a4a25.jpg,女流-2021.12.12-心灵砒霜&弹幕版
BV1WM4y1A7t9,2021-12-10,2021-12-09,245:49,https://i0.hdslb.com/bfs/archive/f9d43f6c5db19272961e47b60d4cf92a6e73cd81.jpg,女流-2021.12.9-雀魂麻将&ICARUS
BV1FY411x7LE,2021-12-09,2021-12-08,289:32,https://i0.hdslb.com/bfs/archive/91fd9093269307185eebb036dd5922ddb0ecc45d.jpg,女流-2021.12.8-ICARUS
BV15Q4y1e7wM,2021-12-08,2021-12-07,250:15,https://i0.hdslb.com/bfs/archive/6a7353ed42bc996c39f24db9f25d3e5d8bafc742.jpg,女流-2021.12.7-Propnight
BV1r341147Ns,2021-12-07,2021-12-06,190:11,https://i0.hdslb.com/bfs/archive/eed87adaa192ddecdcb87e575f994cf58031f7b2.jpg,女流-2021.12.6-灵活脑学院
BV1V44y1a7qa,2021-12-06,2021-12-05,517:22,https://i0.hdslb.com/bfs/archive/12e137c88e1bc573f3d5fd6e96fbbe269aaf8237.jpg,女流-2021.12.5-心灵砒霜&弹幕版
BV1di4y1o76t,2021-12-02,2021-12-01,297:49,https://i0.hdslb.com/bfs/archive/91ff83b11aeace2bd538ead3d2b237321ed8573a.png,女流-2021.12.1-雀魂麻将
BV1CP4y1V7tq,2021-11-30,2021-11-29,245:36,https://i0.hdslb.com/bfs/archive/541fb52fd769136f6307f79d55297e67fb0d9ec7.png,女流-2021.11.29-雀魂
BV1TL4y1W7Dg,2021-11-29,2021-11-28,528:33,https://i0.hdslb.com/bfs/archive/36a5ccfb0b030b252951f0d813576b50333b6e9b.png,女流-2021.11.28-心灵砒霜&雀圣&砒霜弹幕版
BV1K34y1R7K1,2021-11-28,2021-11-27,273:45,https://i0.hdslb.com/bfs/archive/aff702f92e69b0798e4b5fa0263d1398b6d19a5e.png,女流-2021.11.27-雀魂
BV1ar4y1Q79H,2021-11-27,2021-11-26,292:38,https://i0.hdslb.com/bfs/archive/12dec3e1de4ddc61963c4d4530349257f1e3ec4d.png,女流-2021.11.26-METROID DREAD
BV1sM4y1P7Vd,2021-11-26,2021-11-25,252:20,https://i0.hdslb.com/bfs/archive/f77038d456d745596c85bfa1ab5ef12d3607dae8.png,女流-2021.11.25-雀魂
BV1C3411t7F8,2021-11-25,2021-11-24,375:44,https://i0.hdslb.com/bfs/archive/12dec3e1de4ddc61963c4d4530349257f1e3ec4d.png,女流-2021.11.24-雀魂&METROID DREAD
BV1gF411a7u7,2021-11-22,2021-11-21,502:34,https://i0.hdslb.com/bfs/archive/f262bc789d9a4dcdef169056a971fdc05435cfd9.png,女流-2021.11.21-心灵砒霜&弹幕版
BV1XF411h7ff,2021-11-18,2021-11-17,352:24,https://i0.hdslb.com/bfs/archive/c9700ec16833a0ed71defb29323d1b157e5ed1e5.png,女流-2021.11.17-笼中窥梦&ALTF4
BV1QS4y197M6,2021-11-17,2021-11-16,341:42,https://i0.hdslb.com/bfs/archive/a85177f6dc7881d810e710e45e297fa3f688fb9f.png,女流-2021.11.16-佩奇一哈哈
BV1PP4y1L7JU,2021-11-17,2021-11-15,438:30,https://i0.hdslb.com/bfs/archive/9385d1576521432da7461e58fb8aa8f8493fb273.png,女流-2021.11.15-Elden Ring
BV19L411u7bZ,2021-11-15,2021-11-14,653:04,https://i0.hdslb.com/bfs/archive/65aeca38b1dcd38879e1e9ed88edaf9ae4c1b4cd.png,女流-2021.11.14-心灵砒霜&弹幕版&Elden Ring
BV1a341187UD,2021-11-14,2021-11-13,225:22,https://i0.hdslb.com/bfs/archive/ce068e6c40e7587005d2e0ca0aaf79212c6eab36.png,女流-2021.11.13-Elden Ring
BV1SU4y1M7pC,2021-11-13,2021-11-12,418:49,https://i0.hdslb.com/bfs/archive/ce068e6c40e7587005d2e0ca0aaf79212c6eab36.png,女流-2021.11.12-Phasmophobia&黑魂4荒野之息
BV1pq4y1u7QS,2021-11-12,2021-11-11,332:06,https://i0.hdslb.com/bfs/archive/d8d2fa43724278fc408e98ed6e8bf3ccc26c8093.png,女流-2021.11.11-雀士
BV1Fr4y1y7uY,2021-11-11,2021-11-10,440:32,https://i0.hdslb.com/bfs/archive/72680d6b29ca093ee0202095b6176abbdd4d733d.png,女流-2021.11.10-我回来啦
BV1KQ4y1D7ex,2021-11-06,2021-11-05,295:10,https://i0.hdslb.com/bfs/archive/0cab158960d8f23a263c85257b9656a6b2464118.png,女流-2021.11.5-Unpacking
BV1hT4y1d7NS,2021-11-04,2021-11-03,330:31,https://i0.hdslb.com/bfs/archive/7ac83a596017918e85fc94b4adeb65ba9491c277.png,女流-2021.11.3-House Of Ashes
BV1n44y1i7xA,2021-11-03,2021-11-02,410:55,https://i0.hdslb.com/bfs/archive/aa55f87564493e4211c64b38bd8fe8a377d6e089.png,女流-2021.11.2-马里奥派对 超级巨星
BV17q4y1V73d,2021-11-01,2021-10-31,527:50,https://i0.hdslb.com/bfs/archive/27174939728257b01151eb880dd4c8efcc290ca5.png,女流-2021.10.31-心灵砒霜&弹幕版
BV1Eq4y1V7Q2,2021-10-31,2021-10-30,285:25,https://i0.hdslb.com/bfs/archive/bd21aa8b9b76b1f7786d903394fb6a7e93a1ee5e.png,女流-2021.10.30-摄影冒险
BV1Qb4y1b7uK,2021-10-30,2021-10-29,247:19,https://i0.hdslb.com/bfs/archive/244783d72270c7da17d92bacf646db1d2bc6a238.png,女流-2021.10.29-马里奥派对 超级巨星
BV1XQ4y1U7rS,2021-10-28,2021-10-27,377:39,https://i0.hdslb.com/bfs/archive/8a81de952ead52f7a8efc385bb136ee446da1aed.png,女流-2021.10.27-国产独立游戏试玩
BV1wR4y1n7NA,2021-10-27,2021-10-25,368:36,https://i0.hdslb.com/bfs/archive/89d8c074b934d22c6692b6eac4c348663708e7ec.png,女流-2021.10.25-雀魂
BV1JQ4y1q7A9,2021-10-25,2021-10-24,565:10,https://i0.hdslb.com/bfs/archive/a5279575127d0a13a85681a5bdec35b553b90e4c.png,女流-2021.10.24-心灵砒霜&弹幕版
BV14b4y1h73J,2021-10-22,2021-10-21,257:33,https://i0.hdslb.com/bfs/archive/2894cde13aafba39713eba041fc955ca696ad3d6.png,女流-2021.10.21-影子工场
BV1ER4y1J7tL,2021-10-21,2021-10-20,437:37,https://i0.hdslb.com/bfs/archive/78e2786d446069c4d5f147cdae489207c96c77f8.png,女流-2021.10.20-仙剑奇侠传七
BV1e34y1m7EP,2021-10-19,2021-10-18,250:59,https://i0.hdslb.com/bfs/archive/78e2786d446069c4d5f147cdae489207c96c77f8.png,女流-2021.10.18-仙剑奇侠传七
BV1XR4y1J7TZ,2021-10-18,2021-10-17,190:45,https://i0.hdslb.com/bfs/archive/78e2786d446069c4d5f147cdae489207c96c77f8.png,女流-2021.10.17-仙剑奇侠传七
BV1Sh411b7ox,2021-10-18,2021-10-17,382:16,https://i0.hdslb.com/bfs/archive/cba3be7231a78cea88d9b9524fed74ffa977c247.png,女流-2021.10.17-心灵砒霜&弹幕版
BV1zL411G7VP,2021-10-17,2021-10-16,283:08,https://i0.hdslb.com/bfs/archive/78e2786d446069c4d5f147cdae489207c96c77f8.png,女流-2021.10.16-仙剑奇侠传七
BV1qF411Y7HK,2021-10-17,2021-10-15,204:04,https://i0.hdslb.com/bfs/archive/78e2786d446069c4d5f147cdae489207c96c77f8.png,女流-2021.10.15-仙剑奇侠传七
BV1wL411G7yi,2021-10-15,2021-10-13,208:39,https://i0.hdslb.com/bfs/archive/0605027ca6f01c2f7ed53fb735670ac277d3660a.png,女流-2021.10.13-Back 4 Blood
BV1Y3411C7Sh,2021-10-15,2021-10-14,246:50,https://i0.hdslb.com/bfs/archive/0605027ca6f01c2f7ed53fb735670ac277d3660a.png,女流-2021.10.14-Back 4 Blood
BV1Q44y1x7ih,2021-10-15,2021-10-12,170:04,https://i0.hdslb.com/bfs/archive/61c554152ea5c91c09800657dc290c78cc65d7d0.png,女流-2021.10.12-审判之逝：湮灭的记忆
BV17T4y1o781,2021-10-11,2021-10-09,305:47,https://i0.hdslb.com/bfs/archive/61c554152ea5c91c09800657dc290c78cc65d7d0.png,女流-2021.10.9-审判之逝：湮灭的记忆
BV1SR4y1n76W,2021-10-08,2021-10-05,428:37,https://i0.hdslb.com/bfs/archive/61c554152ea5c91c09800657dc290c78cc65d7d0.png,女流-2021.10.5-审判之逝：湮灭的记忆
BV1Bq4y1V7yK,2021-10-08,2021-10-07,250:01,https://i0.hdslb.com/bfs/archive/61c554152ea5c91c09800657dc290c78cc65d7d0.png,女流-2021.10.7-审判之逝：湮灭的记忆
BV16q4y1V7E2,2021-10-07,2021-10-04,341:47,https://i0.hdslb.com/bfs/archive/61c554152ea5c91c09800657dc290c78cc65d7d0.png,女流-2021.10.4-审判之逝：湮灭的记忆
BV16P4y187Sr,2021-10-07,2021-10-03,495:10,https://i0.hdslb.com/bfs/archive/90cf340618732bb69a1871490f43c4417a430747.png,女流-2021.10.3-心灵砒霜&弹幕版
BV1ff4y1j7Du,2021-10-06,2021-10-02,517:59,https://i0.hdslb.com/bfs/archive/60d99adc287e4ea28ca3dd95ad3127901f649941.png,女流-2021.10.2-审判之逝：湮灭的记忆
BV1jf4y1J75i,2021-10-02,2021-09-30,260:19,https://i0.hdslb.com/bfs/archive/2a05857801290116580f6d646e3651538ffe1a0e.png,女流-2021.9.30-审判之逝：湮灭的记忆
BV1R64y187i2,2021-10-02,2021-10-01,488:44,https://i0.hdslb.com/bfs/archive/60d99adc287e4ea28ca3dd95ad3127901f649941.png,女流-2021.10.1-审判之逝：湮灭的记忆
BV1oq4y1P7Ub,2021-09-30,2021-09-29,267:22,https://i0.hdslb.com/bfs/archive/9a3ddab13526b470785827656c6dafe62e959a14.png,女流-2021.9.29-审判之逝：湮灭的记忆
BV1n64y187gq,2021-09-24,2021-09-23,314:13,https://i0.hdslb.com/bfs/archive/65222768944f97efa4696278cd66c479ec9c1722.png,女流-2021.9.23-风来之国
BV1YQ4y1z7Kc,2021-09-23,2021-09-22,295:05,https://i0.hdslb.com/bfs/archive/65222768944f97efa4696278cd66c479ec9c1722.png,女流-2021.9.22-风来之国
BV1bM4y1376s,2021-09-21,2021-09-20,244:14,https://i0.hdslb.com/bfs/archive/65222768944f97efa4696278cd66c479ec9c1722.png,女流-2021.9.20-风来之国
BV1M64y1a7GX,2021-09-19,2021-09-18,70:43,https://i0.hdslb.com/bfs/archive/65222768944f97efa4696278cd66c479ec9c1722.png,女流-2021.9.18-风来之国
BV1Bb4y127kB,2021-09-18,2021-09-17,275:36,https://i0.hdslb.com/bfs/archive/65222768944f97efa4696278cd66c479ec9c1722.png,女流-2021.9.17-风来之国
BV1W44y1b7r2,2021-09-17,2021-09-16,205:33,https://i0.hdslb.com/bfs/archive/26a2e0d4e6c9824ec6392a296a7e4c54d97cc09a.png,女流-2021.9.16-风来之国
BV1FU4y1A7WP,2021-09-16,2021-09-14,255:42,https://i0.hdslb.com/bfs/archive/30be676b4c906cb5dbd4f2573f051164a8f4e956.png,女流-2021.9.14-山海旅人
BV1uU4y1N72x,2021-09-13,2021-09-12,509:57,https://i0.hdslb.com/bfs/archive/ad4bb4eec54309541cda8c8bb21ebbc7fa73f22a.png,女流-2021.9.12-心灵砒霜&弹幕版
BV1b3411q7Yu,2021-09-12,2021-09-11,379:26,https://i0.hdslb.com/bfs/archive/297c604f7f251afacafce9662571b26a9d8e9d8e.png,女流-2021.9.11-暗影火炬城
BV15P4y1Y7kN,2021-09-11,2021-09-10,240:02,https://i0.hdslb.com/bfs/archive/9d4c7d972f3197a4c681627acac0f611eef11386.png,女流-2021.9.10-暗影火炬城
BV1Af4y1P7j5,2021-09-10,2021-09-09,386:07,https://i0.hdslb.com/bfs/archive/9d4c7d972f3197a4c681627acac0f611eef11386.png,女流-2021.9.9-暗影火炬城
BV1y64y1Y7S4,2021-09-05,2021-09-04,505:46,https://i0.hdslb.com/bfs/archive/ac868048ee711f5332efe5db723eba69f187690c.png,女流-2021.9.4-心灵砒霜&弹幕版
BV1HU4y1P7db,2021-09-04,2021-09-03,332:24,https://i0.hdslb.com/bfs/archive/599a3959ffd87c5431fc7b20b7e85c2fba647ff1.png,女流-2021.9.3-符文工厂5
BV1db4y117as,2021-09-03,2021-09-02,347:58,https://i0.hdslb.com/bfs/archive/599a3959ffd87c5431fc7b20b7e85c2fba647ff1.png,女流-2021.9.2-符文工厂5
BV1iQ4y1h7Wo,2021-08-30,2021-08-29,520:32,https://i0.hdslb.com/bfs/archive/de6b80c9f2b9ec129d9546518c5b61d52b049a4e.jpg,女流-2021.8.29-心灵砒霜&弹幕版
BV1TA411w7GF,2021-08-29,2021-08-28,130:56,https://i0.hdslb.com/bfs/archive/0680b964f869972e75e366ffc6dfa951d87bb4de.png,女流-2021.8.28-Fling to the Finish
BV1Qf4y1N7Km,2021-08-28,2021-08-27,426:28,https://i0.hdslb.com/bfs/archive/7a8ccac22e5959a4b045b6feaad7e18750ce16a3.jpg,女流-2021.8.27-对马岛之魂
BV1eq4y1U76x,2021-08-27,2021-08-26,287:02,https://i0.hdslb.com/bfs/archive/539976822251a206aeccb3e3dc02de65363e8ce6.png,女流-2021.8.26-对马岛之魂
BV1LQ4y117Wq,2021-08-26,2021-08-25,146:39,https://i0.hdslb.com/bfs/archive/1736ab05bd7f102c64a0f4a008336e52e6c439d6.png,女流-2021.8.25-花之灵（Hoa）
BV1Kh411q7SU,2021-08-25,2021-08-23,381:08,https://i0.hdslb.com/bfs/archive/c3ec712abc44138d777c8c3be929aa8339733921.png,女流-2021.8.23-桌游模拟《截码战》
BV1SL4y1a7w9,2021-08-24,2021-08-22,217:53,https://i0.hdslb.com/bfs/archive/502eb4c661bd3700091113f07f0f6c371598db65.png,女流-2021.8.22-桌游模拟《截码战》
BV1g3411B7C7,2021-08-21,2021-08-20,268:26,https://i0.hdslb.com/bfs/archive/6e86a3a23f7da2dc4f88c8055384b275e7843268.png,女流-2021.8.20-GRIME
BV1mq4y1S7gX,2021-08-20,2021-08-18,455:24,https://i0.hdslb.com/bfs/archive/6e86a3a23f7da2dc4f88c8055384b275e7843268.png,女流-2021.8.18-九十六号公路&GRIME
BV1DL411t7qL,2021-08-20,2021-08-19,227:44,https://i0.hdslb.com/bfs/archive/6e86a3a23f7da2dc4f88c8055384b275e7843268.png,女流-2021.8.19-GRIME
BV1bq4y1M77U,2021-08-18,2021-08-17,298:28,https://i0.hdslb.com/bfs/archive/560f98caa41905c24dfef878c0ea087b8f6a3da4.png,女流-2021.8.17-九十六号公路
BV15Q4y1m7zR,2021-08-16,2021-08-16,368:18,https://i0.hdslb.com/bfs/archive/c6037cbf894fc13f02b490b5de69057d95c5602e.png,女流-2021.8.16-心灵砒霜
BV1Rb4y1U7GK,2021-08-12,2021-08-09,515:13,https://i0.hdslb.com/bfs/archive/21d36dad53278ba7e78eb40d75b7549c075af617.png,女流-2021.8.9-Toodee and Topdee
BV1vy4y1L754,2021-08-10,2021-08-10,235:48,https://i0.hdslb.com/bfs/archive/c9a9cca8c4b7e044f7a5743980ed995191244297.png,女流-2021.8.10-黑暗侦探
BV1s3411z7cz,2021-08-08,2021-08-08,538:00,https://i0.hdslb.com/bfs/archive/45c8129945982886b50d3789b6d8c4d78c659384.png,女流-2021.8.8-心灵砒霜&永劫无间&心灵砒霜弹幕版
BV1rq4y1n7yn,2021-08-07,2021-08-07,302:09,https://i0.hdslb.com/bfs/archive/4e70fef7c2768b9644b7e3dd6b1aa826a7672464.jpg,女流-2021.8.7-佩奇来啦
BV1Th411B7yT,2021-08-06,2021-08-06,459:59,https://i0.hdslb.com/bfs/archive/2da108cf79c0ab414b7f3576116b4f41d59c19e9.png,女流-2021.8.6-上古之魂&永劫无间
BV1Jy4y1L7qs,2021-08-05,2021-08-05,395:11,https://i0.hdslb.com/bfs/archive/2da108cf79c0ab414b7f3576116b4f41d59c19e9.png,女流-2021.8.5-上古之魂
BV13v411J7Ef,2021-08-04,2021-08-04,422:32,https://i0.hdslb.com/bfs/archive/2da108cf79c0ab414b7f3576116b4f41d59c19e9.png,女流-2021.8.4-永劫无间&数独&节奏医生&上古之魂
BV1v64y1B7ac,2021-08-03,2021-08-03,248:14,https://i0.hdslb.com/bfs/archive/d36f1fb7bc17c44fdd0bf5d3ad583a2323e9b66e.png,女流-2021.8.3-永劫无间
BV1Y64y1B7HB,2021-08-02,2021-08-02,288:13,https://i0.hdslb.com/bfs/archive/4497d2655914d79c40e022f698007fb74c344981.png,女流-2021.8.2-永劫无间
BV1b64y1B7B9,2021-08-01,2021-08-01,495:53,https://i0.hdslb.com/bfs/archive/1d1519bab8187f1c185a8b14251adf15f39da0b7.png,女流-2021.8.1-心灵砒霜&弹幕版
BV1to4y1S7Sq,2021-07-31,2021-07-31,313:41,https://i0.hdslb.com/bfs/archive/a1eedc82ecb5ab2a5ed3cfe0f28aed93e6943193.png,女流-2021.7.31-OneWay
BV1kA411A7KC,2021-07-31,2021-07-30,477:56,https://i0.hdslb.com/bfs/archive/d9a024f1b9dd88584f6e3e97df64a809f4396bdb.png,女流-2021.7.30-永劫无间&光遇
BV1Ph411675u,2021-07-30,2021-07-29,464:47,https://i0.hdslb.com/bfs/archive/89927d54f1dcc955f400498df778b87abc423470.png,女流-2021.7.29-永劫无间
BV1aq4y1X76K,2021-07-28,2021-07-28,399:48,https://i0.hdslb.com/bfs/archive/1bf2fbc45cf822ba1eca9f2bb887e1e89f716168.png,女流-2021.7.28-永劫无间
BV1u64y1x7Y5,2021-07-26,2021-07-25,488:25,https://i0.hdslb.com/bfs/archive/478f2d432986d5cd557b8719c1f6154848645574.png,女流-2021.7.25-心灵砒霜&弹幕版
BV1n54y1J7Mf,2021-07-26,2021-07-26,285:37,https://i0.hdslb.com/bfs/archive/87c863210e941d21fc692ce813798c008f2a3cdb.png,女流-2021.7.26-永劫无间
BV1bU4y1H7E4,2021-07-25,2021-07-24,298:02,https://i0.hdslb.com/bfs/archive/61f5e65f729ff4d14175ef82c516c72f1e8ad7e7.png,女流-2021.7.24-永劫无间全明星
BV1W54y1E7jJ,2021-07-23,2021-07-22,530:16,https://i0.hdslb.com/bfs/archive/6cf927059f9871ec04e9ba21068bf26315c2998f.png,女流-2021.7.22-蛊婆
BV1TB4y1K7Ed,2021-07-23,2021-07-23,188:39,https://i0.hdslb.com/bfs/archive/f0b0361eb0bfb22d1b6df334e616fe164722350f.png,女流-2021.7.23-全明星娱乐赛
BV1Bw41197E4,2021-07-21,2021-07-21,286:53,https://i0.hdslb.com/bfs/archive/286295d2c7d475dd904bf6104390850936f69abf.png,女流-2021.7.21-怪物猎人物语2破灭之翼
BV1dq4y1W7Ee,2021-07-20,2021-07-20,318:04,https://i0.hdslb.com/bfs/archive/b10e53f1ca10b91e5dfd7f43dc8bc1cf6d08dd32.png,女流-2021.7.20-怪物猎人物语2破灭之翼
BV1Gy4y1j7mn,2021-07-19,2021-07-18,273:47,https://i0.hdslb.com/bfs/archive/abe24e553fce4f168f5415c8ce03d6d7fc569b52.png,女流-2021.7.18-TapTap 游戏发布会
BV1ao4y1D7HR,2021-07-18,2021-07-18,89:02,https://i0.hdslb.com/bfs/archive/13fc822d7b93b5fbcc167c929cf87a40246dcb72.png,女流-2021.7.18-周末的上海
BV1Pf4y1j7QM,2021-07-16,2021-07-16,292:54,https://i0.hdslb.com/bfs/archive/9a73179101b8410ce45678e950205a73e9b7d1d8.png,女流-2021.7.16-怪物猎人物语2破灭之翼
BV1eM4y1K7Ni,2021-07-15,2021-07-14,323:42,https://i0.hdslb.com/bfs/archive/c6d82e0f5ce14b1aa192f6c3320c48c18aa99d61.png,女流-2021.7.14-怪物猎人物语2破灭之翼
BV1dU4y137N6,2021-07-15,2021-07-13,170:47,https://i0.hdslb.com/bfs/archive/4423b8c933d6684032f19350efd046b2c5f81193.png,女流-2021.7.13-美好的下午时光
BV1Kf4y1j7GD,2021-07-14,2021-07-14,239:46,https://i0.hdslb.com/bfs/archive/c6d82e0f5ce14b1aa192f6c3320c48c18aa99d61.png,女流-2021.7.14-怪物猎人物语2破灭之翼
BV1qh411672Z,2021-07-12,2021-07-12,321:46,https://i0.hdslb.com/bfs/archive/3814182483b7ad28fde388ef7f5226dd97cafe99.png,女流-2021.7.12-Pico Park
BV1fv411J7CE,2021-07-12,2021-07-11,481:18,https://i0.hdslb.com/bfs/archive/23de9134e86a46370d6f82faaf1e7c4ec95793f4.png,女流-2021.7.11-心灵砒霜
BV1d54y1J7yT,2021-07-10,2021-07-10,295:26,https://i0.hdslb.com/bfs/archive/2190878f049c48dcd50594675d887ab0eab5d07b.png,女流-2021.7.10-Operation Tango
BV1F64y1X7SF,2021-07-09,2021-07-09,231:10,https://i0.hdslb.com/bfs/archive/4c2cd848dfeb750dc790ca7fe04d535779ae2f4d.png,女流-2021.7.9-斩妖行
BV18y4y1K7az,2021-07-08,2021-07-08,442:44,https://i0.hdslb.com/bfs/archive/a4193d0a8b080ce15149552ece87e8bc02f56bac.png,女流-2021.7.8-永劫无间
BV1qy4y1K7vr,2021-07-07,2021-07-07,415:55,https://i0.hdslb.com/bfs/archive/38b61cdbaa278286accd29c55c0ed64ca0e7bf43.png,女流-2021.7.7-空洞骑士
BV1zB4y1T7qR,2021-07-06,2021-07-06,358:21,https://i0.hdslb.com/bfs/archive/a710e83d30a5bda8542651a39ee6ffce58db217e.png,女流-2021.7.6-Creaks
BV1wg411g7Ew,2021-07-05,2021-07-05,554:27,https://i0.hdslb.com/bfs/archive/460f9be3b4f9877a454b5f85d330740b49462ddf.png,女流-2021.7.5-出门走走逛逛
BV11y4y1M7Pn,2021-07-04,2021-07-04,483:57,https://i0.hdslb.com/bfs/archive/1d400ff9b57f976bf99860aea30aab453ec43d31.png,女流-2021.7.4-心灵砒霜&弹幕版
BV1tg411u74i,2021-07-03,2021-07-03,240:15,https://i0.hdslb.com/bfs/archive/3bb31adf953af9c34dcd8da1470f1240165e047b.png,女流-2021.7.3-周六来个下午茶吧
BV14V411x7c3,2021-07-02,2021-07-02,394:59,https://i0.hdslb.com/bfs/archive/14435c0e5addfcc338500e3346fa0322bb9cde31.png,女流-2021.7.2-霓虹深渊
BV1FU4y137B7,2021-06-30,2021-06-30,178:13,https://i0.hdslb.com/bfs/archive/14435c0e5addfcc338500e3346fa0322bb9cde31.png,女流-2021.6.30-霓虹深渊
BV1bK4y1g76E,2021-06-29,2021-06-29,351:26,https://i0.hdslb.com/bfs/archive/14435c0e5addfcc338500e3346fa0322bb9cde31.png,女流-2021.6.29-霓虹深渊
BV1oX4y1A7hb,2021-06-28,2021-06-28,279:28,https://i0.hdslb.com/bfs/archive/aad14019896e6230871d39849e37ed22c9e5764f.png,女流-2021.6.28-迷宫大侦探
BV1oM4y1u7Kc,2021-06-27,2021-06-27,434:58,https://i0.hdslb.com/bfs/archive/8f87786948c526205f4113cb4935f98ea721c546.png,女流-2021.6.27-心灵砒霜&弹幕版
BV15y4y1M7tt,2021-06-23,2021-06-22,613:02,https://i0.hdslb.com/bfs/archive/4dd330eaaaedda658837e331f22239d6346010dd.png,女流-2021.6.22-永劫无间
BV1KV411x7bc,2021-06-21,2021-06-21,284:14,https://i0.hdslb.com/bfs/archive/560e4778a085fc69987d09b72855fe3746fd88ee.png,女流-2021.6.21-永劫无间
BV1Yo4y1k7Gu,2021-06-20,2021-06-20,385:18,https://i0.hdslb.com/bfs/archive/0a381a9cb6508575456ba60cb0cb02b676f2047c.png,女流-2021.6.20-永劫无间
BV1r5411K7iP,2021-06-19,2021-06-19,400:02,https://i0.hdslb.com/bfs/archive/02fc1ea77c788742a8400de2704a619b89b1b6ba.png,女流-2021.6.19-永劫无间
BV1f5411K77h,2021-06-19,2021-06-18,377:30,https://i0.hdslb.com/bfs/archive/0a381a9cb6508575456ba60cb0cb02b676f2047c.png,女流-2021.6.18-永劫无间
BV1Yf4y1879K,2021-06-17,2021-06-16,339:40,https://i0.hdslb.com/bfs/archive/7855a2a77d86822003e59a7ef052fd443d9a62cf.png,女流-2021.6.16-周三晚上66
BV1T54y1H7Gu,2021-06-17,2021-06-17,337:04,https://i0.hdslb.com/bfs/archive/0a381a9cb6508575456ba60cb0cb02b676f2047c.png,女流-2021.6.17-永劫无间
BV15v411W7Pw,2021-06-16,2021-06-15,560:35,https://i0.hdslb.com/bfs/archive/8cf6d4139290374160953d594d994215fe788c27.png,女流-2021.6.15-空洞骑士
BV1Gg411g7Jv,2021-06-13,2021-06-13,453:28,https://i0.hdslb.com/bfs/archive/03755e79a3a23f5de73092093ab2857d5788eda7.png,女流-2021.6.13-心灵砒霜&弹幕版
BV1KU4y157od,2021-06-12,2021-06-12,293:35,https://i0.hdslb.com/bfs/archive/4efc4ee59b0ddd053f28edb99b1e6f274ed7a291.png,女流-2021.6.12-PowerWash Simulator
BV1B5411K7zK,2021-06-11,2021-06-11,235:40,https://i0.hdslb.com/bfs/archive/2931e75f5ae5cd7a84538dcbfa45fb55b9b2ab41.png,女流-2021.6.11-你画我猜
BV1ig411G7ii,2021-06-10,2021-06-10,487:57,https://i0.hdslb.com/bfs/archive/be8d48380a2576bb6b5e631d4ee6f24172be9ce9.png,女流-2021.6.10-空洞骑士
BV1dQ4y197t1,2021-06-09,2021-06-09,331:24,https://i0.hdslb.com/bfs/archive/da70b3510763ec31059b93de91deafbf906d926c.png,女流-2021.6.9-空洞骑士
BV1j64y1d7Mv,2021-06-08,2021-06-08,272:03,https://i0.hdslb.com/bfs/archive/603f2271f582a8c89569b18d8a8c76606d722c84.png,女流--2021.6.8-空洞骑士
BV1B64y1R7Q1,2021-06-06,2021-06-06,503:26,https://i0.hdslb.com/bfs/archive/871da4b58b5076dff6e0bb46a3b5bb162d5e0087.png,女流-2021.6.6-心灵砒霜&弹幕版
BV1EK4y1V73z,2021-06-05,2021-06-05,402:10,https://i0.hdslb.com/bfs/archive/603f2271f582a8c89569b18d8a8c76606d722c84.png,女流-2021.6.5-空洞骑士
BV1GU4y1j7JW,2021-06-04,2021-06-04,254:37,https://i0.hdslb.com/bfs/archive/603f2271f582a8c89569b18d8a8c76606d722c84.png,女流-2021.6.4-空洞骑士
BV19o4y1C7jz,2021-06-03,2021-06-03,239:58,https://i0.hdslb.com/bfs/archive/f5da3eaf6cb01551b212776b47d64e75f734a968.png,女流-2021.6.3-魔兽怀旧服
BV1ew411Z7Fa,2021-06-02,2021-06-02,248:11,https://i0.hdslb.com/bfs/archive/0c76444d59f141122f154ec4274cb7911ceae37e.png,女流-2021.6.2-魔兽怀旧服
BV1944y1z7nx,2021-06-01,2021-06-01,284:44,https://i0.hdslb.com/bfs/archive/eb53a10484fb0bb8a1d98fd7c1881881e8d00ca6.png,女流-2021.6.1-下午茶时间
BV1TQ4y1d7JG,2021-05-29,2021-05-29,493:01,https://i0.hdslb.com/bfs/archive/e1315d497aad6668fb9787288f31e6035d8633be.png,女流-2021.5.29-科学家面对面
BV1pK4y1V7vM,2021-05-28,2021-05-28,325:16,https://i0.hdslb.com/bfs/archive/fba9bb0dd2ab5b7e8f16ce58b0f69d33ec5de61f.png,女流-2021.5.28-幸运房东
BV15q4y1j7qB,2021-05-26,2021-05-26,233:02,https://i0.hdslb.com/bfs/archive/3f72dd16373ffd04e087828f2e82d090d53abf30.png,女流-2021.5.26-雀魂
BV1uK4y1R7zL,2021-05-25,2021-05-25,204:40,https://i0.hdslb.com/bfs/archive/ed2d40add217192ccc74b210bea5fa1c1c517f1f.png,女流-2021.5.25-Turnip Boy
BV1pf4y1h73f,2021-05-24,2021-05-22,271:15,https://i0.hdslb.com/bfs/archive/d5f8f5aa643318992262f70d767e3c2a0da916ac.png,女流-2021.5.22-深海迷航
BV1gU4y1L7o3,2021-05-22,2021-05-22,251:48,https://i0.hdslb.com/bfs/archive/d5f8f5aa643318992262f70d767e3c2a0da916ac.png,女流-2021.5.22-深海迷航
BV1vf4y1Y7bR,2021-05-21,2021-05-21,263:59,https://i0.hdslb.com/bfs/archive/d5f8f5aa643318992262f70d767e3c2a0da916ac.png,女流-2021.5.21-深海迷航
BV1i44y1r7xf,2021-05-20,2021-05-20,343:06,https://i0.hdslb.com/bfs/archive/d5f8f5aa643318992262f70d767e3c2a0da916ac.png,女流-2021.5.20-深海迷航
BV1h54y1L7dB,2021-05-19,2021-05-19,262:17,https://i0.hdslb.com/bfs/archive/d5f8f5aa643318992262f70d767e3c2a0da916ac.png,女流-2021.5.19-深海迷航
BV1r64y1d7ME,2021-05-18,2021-05-18,345:09,https://i0.hdslb.com/bfs/archive/6b39e4367a2a12cb54580fe3b46b3db37bf0ad11.png,女流-2021.5.18-无尽旅途
BV1aV411j7oj,2021-05-18,2021-05-18,323:52,https://i0.hdslb.com/bfs/archive/d5f8f5aa643318992262f70d767e3c2a0da916ac.png,女流-2021.5.18-深海迷航
BV1rA411G7S6,2021-05-16,2021-05-16,499:49,https://i0.hdslb.com/bfs/archive/c55ad2dcc23d2fbeb7642f8b44c0e5a62bd6b2dc.png,女流-2021.5.16-心灵砒霜&弹幕版
BV1v5411376Y,2021-05-13,2021-05-13,289:39,https://i0.hdslb.com/bfs/archive/557af8d511eb13b77f19cac698ecd50e0ade4ddf.png,女流-2021.5.13-怪物男孩
BV1Q54y157zp,2021-05-12,2021-05-12,326:58,https://i0.hdslb.com/bfs/archive/34461abc8a19780c858a22f2664ca0fcbc6c43ed.png,女流-2021.5.12-绿林侠盗
BV1D44y167Ye,2021-05-10,2021-05-10,198:25,https://i0.hdslb.com/bfs/archive/1e2bb741400ea7eb36db010d9cd9256acc94726a.png,女流-2021.5.10-出门前佩奇会儿
BV1uv41157wi,2021-05-09,2021-05-09,342:25,https://i0.hdslb.com/bfs/archive/ac71d83b647783bd002c455aa599d5ff37830b42.png,女流-2021.5.9-生化危机8：村庄
BV1X64y117Dm,2021-05-08,2021-05-08,328:35,https://i0.hdslb.com/bfs/archive/e09858e7651b92edc596619542ec31274ad2d587.png,女流-2021.5.8-生化危机8：村庄
BV13U4y1t7dL,2021-05-07,2021-05-07,297:37,https://i0.hdslb.com/bfs/archive/ac71d83b647783bd002c455aa599d5ff37830b42.png,女流-2021.5.7-生化危机8：村庄
BV1KK4y1d7Dz,2021-05-06,2021-05-06,272:07,https://i0.hdslb.com/bfs/archive/53d356dcb58a678f3c81756b591c451e050758b4.png,女流-2021.5.6-神奇男孩 爱莎在怪物世界
BV1yV41177ye,2021-05-04,2021-05-04,277:45,https://i0.hdslb.com/bfs/archive/65cda0d537de4558af9d5a7cd98052901782025b.png,女流-2021.5.4-世界游戏大全51&超级马里欧派对
BV1ao4y127XA,2021-05-04,2021-05-03,263:11,https://i0.hdslb.com/bfs/archive/f0a042e608c59246fb1484967d4bc8025a74ff17.png,女流-2021.5.3-世界游戏大全51
BV1i54y157hs,2021-05-02,2021-05-01,300:34,https://i0.hdslb.com/bfs/archive/62932cfbf4a804b71daa00d441ae7ae586a84b62.png,女流-2021.5.1-超级马里欧派对&世界游戏大全51
BV1C54y1j7Gd,2021-05-02,2021-05-02,582:08,https://i0.hdslb.com/bfs/archive/21e7f5c239721af629d80a79db5c9ea9e9d32cc7.png,女流-2021.5.2-心灵砒霜&弹幕版
BV1cV411n7gc,2021-04-30,2021-04-30,38:46,https://i0.hdslb.com/bfs/archive/e9282f3d7dff02af7bf3456ab2c4dab6ba0c6868.png,女流-2021.4.30-PS发布会
BV1ey4y1s75L,2021-04-27,2021-04-27,318:12,https://i0.hdslb.com/bfs/archive/3e6d4ea25f902e395afb86ecc08f89ec51657131.png,女流-2021.4.27-世界游戏大全51&坎公骑冠剑
BV1dh41127zZ,2021-04-26,2021-04-19,241:59,https://i0.hdslb.com/bfs/archive/eca05c96ae97981c7440db0b9c7bf7ae55763a12.png,女流-2021.4.19-佩奇的快乐你想象不到
BV1Uq4y1E7FB,2021-04-26,2021-04-26,232:29,https://i0.hdslb.com/bfs/archive/151f08b2a5c21e1d8c4959a5320815929265902f.png,女流-2021.4.26 天神镇物语试玩
BV1Q84y1F7dc,2021-04-25,2021-04-25,524:40,https://i0.hdslb.com/bfs/archive/abcb4eea27073f05d75d3cb87b99a0ac835347fa.png,女流-2021.4.25-心灵砒霜&弹幕版
BV1KV411J7QP,2021-04-24,2021-04-24,263:40,https://i0.hdslb.com/bfs/archive/d0b372953996b8113e6f41c712b75bbead3dd7f9.png,女流-2021.4.24-怪物男孩&永劫无念
BV1Ef4y1p7pK,2021-04-23,2021-04-23,385:00,https://i0.hdslb.com/bfs/archive/0e0fe68098149164eeb5ef3213e7f9b02fd99de1.png,女流-2021.4.23-怪物男孩
BV16o4y1f7zj,2021-04-23,2021-04-22,143:24,https://i0.hdslb.com/bfs/archive/b5ea2d59cfb06a3751edbbb00905cc701c4d1b0b.png,女流-2021.4.22-怪物男孩 夜间场
BV1wp4y1b7Pb,2021-04-22,2021-04-21,243:24,https://i0.hdslb.com/bfs/archive/b5ea2d59cfb06a3751edbbb00905cc701c4d1b0b.png,女流-2021.4.21-怪物男孩
BV1bK4y1P74L,2021-04-22,2021-04-22,240:10,https://i0.hdslb.com/bfs/archive/b5ea2d59cfb06a3751edbbb00905cc701c4d1b0b.png,女流-2021.4.22-怪物男孩
BV1vi4y1A74L,2021-04-20,2021-04-20,256:02,https://i0.hdslb.com/bfs/archive/515ddbee0993958cdb81ed71a7572dc9ec270640.png,女流-2021.4.20-Hidden Through Time
BV1y54y1L7rk,2021-04-18,2021-04-18,554:33,https://i0.hdslb.com/bfs/archive/054101f3ac6c1440943d56ff0dcde90e7f7c200a.png,女流-2021.4.18-心灵砒霜&弹幕版
BV1qU4y1b7ru,2021-04-17,2021-04-17,299:39,https://i0.hdslb.com/bfs/archive/beebf562881bd0ee863bbe6a81d325a5d583ee73.png,女流-2021.4.17-鬼谷八荒&Hidden Through Time
BV1q54y1b7Ph,2021-04-16,2021-04-16,241:33,https://i0.hdslb.com/bfs/archive/60aeee9a9603a34e0061761f18879c855c3f1185.png,女流-2021.4.16-鬼谷八荒
BV1mK4y1m7T3,2021-04-16,2021-04-15,322:34,https://i0.hdslb.com/bfs/archive/beebf562881bd0ee863bbe6a81d325a5d583ee73.png,女流-2021.4.15-鬼谷八荒
BV17A411L7tN,2021-04-14,2021-04-14,278:22,https://i0.hdslb.com/bfs/archive/beebf562881bd0ee863bbe6a81d325a5d583ee73.png,女流-2021.4.14-鬼谷八荒
BV1xU4y1h7Ed,2021-04-13,2021-04-13,297:48,https://i0.hdslb.com/bfs/archive/4b15329881af3a9d026a10783f04602e61ded021.png,女流-2021.4.13-Genesis Noir
BV1dK4y1m7bD,2021-04-11,2021-04-11,514:50,https://i0.hdslb.com/bfs/archive/a449d26e23fbdafecb464141c35198f65c895597.png,女流-2021.4.11-心灵砒霜&弹幕版
BV1sA411L7YH,2021-04-10,2021-04-10,236:16,https://i0.hdslb.com/bfs/archive/4a585413df2029e58477ddf0f7941469ad229963.png,女流-2021.4.10-怪物猎人：崛起
BV1pA411L7Cm,2021-04-09,2021-04-09,265:06,https://i0.hdslb.com/bfs/archive/d33a78f5305614cf7fe42ec79f22e329c6ab4618.png,女流-2021.4.9-怪物猎人：崛起
BV1Ff4y1s7Ep,2021-04-08,2021-04-08,275:25,https://i0.hdslb.com/bfs/archive/0f7c0e77de0e2a33e96359964c1b811916ee2365.png,女流-2021.4.8-怪物猎人：崛起
BV12y4y1b7Nv,2021-04-07,2021-04-07,337:39,https://i0.hdslb.com/bfs/archive/6f9dc6206aff017eba85100abafd2b9f99dd06b6.png,女流-2021.4.7-怪物猎人：崛起
BV1sf4y1W78w,2021-04-06,2021-04-06,218:20,https://i0.hdslb.com/bfs/archive/47338dde47a611b3ff20e9f661c33d37f66113d4.png,女流-2021.4.6-打猎的日子不刮痧
BV13K4y1S74t,2021-03-30,2021-03-30,381:43,https://i0.hdslb.com/bfs/archive/acc07aa1cefbf2789caf5878171fe47421dd9e7b.png,女流-2021.3.30-It Takes Two
BV1Qh411S7uV,2021-03-29,2021-03-29,344:21,https://i0.hdslb.com/bfs/archive/acc07aa1cefbf2789caf5878171fe47421dd9e7b.png,女流-2021.3.29-It Takes Two
BV1sX4y1G7V3,2021-03-28,2021-03-28,520:24,https://i0.hdslb.com/bfs/archive/0682f1bf2d7fc0b5d6f8cc1e7a4db8689cfad031.png,女流-2021.3.28-心灵砒霜&弹幕版
BV1Gh411D7HN,2021-03-27,2021-03-27,293:41,https://i0.hdslb.com/bfs/archive/7d260135e449145c5d3ba022f072050802306bfe.png,女流-2021.3.27-怪物猎人 弓箭手的修行
BV1Ty4y1b7TL,2021-03-26,2021-03-26,383:19,https://i0.hdslb.com/bfs/archive/4137138ecde2e53606c95dfcce3c271194e35e1d.png,女流-2021.3.26-怪物猎人 崛起&坎公骑冠剑
BV1fK4y127wn,2021-03-25,2021-03-25,224:46,https://i0.hdslb.com/bfs/archive/1071438bf37709c9806d50bc92fe0082c79c0011.png,女流-2021.3.25-察言观色3部曲&Puyo Puyo Tetris 2
BV18i4y1P7z7,2021-03-24,2021-03-24,174:12,https://i0.hdslb.com/bfs/archive/b32a6d6685410f4738df1fae8db0936f174ee7a0.png,女流-2021.3.24-Puyo Puyo Tetris 2
BV1nZ4y1w7BA,2021-03-22,2021-03-22,278:48,https://i0.hdslb.com/bfs/archive/9536dac81d2279ab12260fee85d3d847d2d347ee.png,女流-2021.3.22-末日准备狂
BV1Li4y1P7SR,2021-03-21,2021-03-21,551:41,https://i0.hdslb.com/bfs/archive/48d8bea4b617567a4cd74f87de52796c37ac234e.png,女流-2021.3.21-心灵砒霜&极限竞速地平线4
BV1av411a7Tf,2021-03-20,2021-03-20,296:33,https://i0.hdslb.com/bfs/archive/07fcafa011cc44a63cebb2a37e1968010d5e35cd.png,女流-2021.3.20-绝地求生&战意
BV1ii4y1K74w,2021-03-19,2021-03-19,234:59,https://i0.hdslb.com/bfs/archive/b06927e5247606036f689cbc62bea305253e1141.png,女流-2021.3.19-The Room4
BV13N411X7YQ,2021-03-18,2021-03-18,285:21,https://i0.hdslb.com/bfs/archive/c7f24a8647fb3e46e3b243d8486e2a5c93f197c4.png,女流-2021.3.18-Hades
BV1ip4y1h74k,2021-03-17,2021-03-17,269:10,https://i0.hdslb.com/bfs/archive/c7f24a8647fb3e46e3b243d8486e2a5c93f197c4.png,女流-2021.3.17-Hades
BV1op4y1h7GK,2021-03-16,2021-03-16,297:07,https://i0.hdslb.com/bfs/archive/b41ab5f3096131454a3cd2a425cea6ab935de1b9.png,女流-2021.3.16-Hades
BV1uf4y1x71a,2021-03-15,2021-03-15,262:44,https://i0.hdslb.com/bfs/archive/c7f24a8647fb3e46e3b243d8486e2a5c93f197c4.png,女流-2021.3.15-Hades
BV11i4y1K7Lt,2021-03-14,2021-03-14,514:51,https://i0.hdslb.com/bfs/archive/3b50ab1db7e8203bfe952ef094e10119e667560a.png,女流-2021.3.14-心灵砒霜&弹幕版
BV1c64y1D7As,2021-03-13,2021-03-13,225:06,https://i0.hdslb.com/bfs/archive/37adc8df098c0c92e26975d683c838a2f962655c.png,女流-2021.3.13-雀魂
BV1Ep4y1h7u8,2021-03-12,2021-03-12,255:37,https://i0.hdslb.com/bfs/archive/e22421d63dcdf50b53d6f0477c9d16bef69dc013.png,女流-2021.3.12-CSGO&魔兽争霸rpg
BV1Zv411h7Am,2021-03-11,2021-03-11,270:55,https://i0.hdslb.com/bfs/archive/89dd972bf35f24e14ced3b360caf8ec0981c636a.png,女流-2021.3.11-阿尔芭与野生动物的故事
BV1uh411Q7gV,2021-03-09,2021-03-09,240:22,https://i0.hdslb.com/bfs/archive/6106707655d366e30239f55929d300bb026f229a.png,女流-2021.3.9-Tiny Lands&节奏医生
BV14y4y187SX,2021-03-08,2021-03-08,334:13,https://i0.hdslb.com/bfs/archive/366805e1334135ad637227d952f4acb3cb662d85.png,女流-2021.3.8-大富翁10
BV1jy4y1E7wz,2021-03-07,2021-03-07,546:58,https://i0.hdslb.com/bfs/archive/34c4d1b73598a60a5d9400136f0661b9c1e9c64e.png,女流-2021.3.7-心灵砒霜
BV1sz4y117Bb,2021-03-06,2021-03-06,244:49,https://i0.hdslb.com/bfs/archive/fd86242651798ed76f746dd16377be0353bd4cdc.png,女流-2021.3.6-ALTF4&节奏医生
BV1T5411K7Ak,2021-03-05,2021-03-05,255:29,https://i0.hdslb.com/bfs/archive/fd86242651798ed76f746dd16377be0353bd4cdc.png,女流-2021.3.5-节奏医生
BV1Br4y1A7TS,2021-03-04,2021-03-04,275:57,https://i0.hdslb.com/bfs/archive/0e84519383caa98ce18d9affa2d486252cd72603.png,女流-2021.3.4-ALTF4
BV1w5411K7Dd,2021-03-03,2021-03-03,240:19,https://i0.hdslb.com/bfs/archive/9103a8a6d9f6d1a23288d4f21f859ee3dafa464b.png,女流-2021.3.3-ALTF4
BV1NK4y1D7hG,2021-03-02,2021-03-02,307:54,https://i0.hdslb.com/bfs/archive/f8f5f21da967d37b5d3f9248a08050256e2522b4.png,女流-2021.3.2-鬼谷八荒
BV1Ky4y1a7Nb,2021-03-01,2021-03-01,137:35,https://i0.hdslb.com/bfs/archive/7ba1fde52c110fb40d44044537ecc0a6f6984d67.jpg,女流-2021.3.1-节奏医生
BV1FK4y1D7tP,2021-02-28,2021-02-28,486:58,https://i0.hdslb.com/bfs/archive/c38b205b3070b1e7c1049b1509e1029112e78d38.png,女流-2021.2.28-心灵砒霜&弹幕版
BV1ey4y177Pi,2021-02-27,2021-02-27,240:09,https://i0.hdslb.com/bfs/archive/930d9a605bebe4cfd912963c4778d12dca58ae62.png,女流-2021.2.27-节奏医生
BV1jh411k7ke,2021-02-25,2021-02-25,200:17,https://i0.hdslb.com/bfs/archive/a3337d100f3cdb42b3c9dc7f0296cc54e78159fe.png,女流-2021.2.25-牧场物语之橄榄镇与希望的大地
BV1oN411X7HK,2021-02-24,2021-02-24,219:01,https://i0.hdslb.com/bfs/archive/1948eecc7e18c84a9f2dc11f4445014952423060.png,女流-2021.2.24-痞子英雄
BV1Ah411k7tA,2021-02-23,2021-02-23,247:32,https://i0.hdslb.com/bfs/archive/5880bbfb46fb8142915d31cee96b6ac2f811a2f0.png,女流-2021.2.23-鬼谷八荒
BV1AX4y1L7na,2021-02-22,2021-02-22,274:16,https://i0.hdslb.com/bfs/archive/5880bbfb46fb8142915d31cee96b6ac2f811a2f0.png,女流-2021.2.22-鬼谷八荒
BV1CV411e7GJ,2021-02-21,2021-02-21,475:56,https://i0.hdslb.com/bfs/archive/a59aa86a1bf10793d96d9c09e2862fbcdbbfe6a2.png,女流-2021.2.21-心灵砒霜&弹幕版
BV1dK4y1Q7T9,2021-02-20,2021-02-19,241:26,https://i0.hdslb.com/bfs/archive/7d095ec35644a82fb55dad128c6f81d03c85388a.png,女流-2021.2.19-鬼谷八荒
BV1eK4y1S7m6,2021-02-19,2021-02-19,254:34,https://i0.hdslb.com/bfs/archive/ec7b493c88846e5b0ce53eaf1728198e6792a2de.png,女流-2021.2.19-鬼谷八荒
BV1yf4y1r7ag,2021-02-17,2021-02-16,125:08,https://i0.hdslb.com/bfs/archive/fbee46f44414041c7b54cc1b267e51bbf167a5ab.png,女流-2021.2.16-大吉大利 今晚吃鸡
BV1fK4y1n7AW,2021-02-17,2021-02-17,231:07,https://i0.hdslb.com/bfs/archive/06732e5f9cd81f9ad2aa25cd94c320d4c547affe.png,女流-2021.2.17-马里奥3d世界+狂怒世界
BV1vy4y1E73y,2021-02-16,2021-02-16,235:27,https://i0.hdslb.com/bfs/archive/0cd8c66badef8c2b195fed0a850e8cd6c3660eb8.png,女流-2021.2.16-马里奥3d世界新DLC
BV1tz4y127N6,2021-02-15,2021-02-14,97:22,https://i0.hdslb.com/bfs/archive/2bbcbcef46dc981142659bf2e6e697e3edd0f2c9.png,女流-2021.2.14-雀魂麻將
BV1Cy4y1Y78b,2021-02-14,2021-02-14,468:00,https://i0.hdslb.com/bfs/archive/46d7c53181d182c21f3940d56e2144c322f06cd1.png,女流-2021.2.14-心灵砒霜&弹幕版
BV1Gr4y1N7Ed,2021-02-13,2021-02-13,226:32,https://i0.hdslb.com/bfs/archive/08ad505861ca932753e971aafc6e3fd8324f4925.png,女流-2021.2.13-马里奥3D世界NS版来啦
BV1Dp4y1p7wf,2021-02-12,2021-02-12,231:36,https://i0.hdslb.com/bfs/archive/3ec7e3a8aeec6cf8f0ca252f511827a88ba481af.png,女流-2021.2.12-小小梦魇2
BV1Ez4y127cw,2021-02-11,2021-02-11,190:27,https://i0.hdslb.com/bfs/archive/3ec7e3a8aeec6cf8f0ca252f511827a88ba481af.png,女流-2021.2.11-小小梦魇2
BV1KX4y157mk,2021-02-09,2021-02-09,192:48,https://i0.hdslb.com/bfs/archive/a00e4d2dbe688912b62d6618862189228e891970.png,女流-2021.2.9-出门买个糖葫芦
BV1cf4y1r7Xb,2021-02-08,2021-02-08,324:44,https://i0.hdslb.com/bfs/archive/8903c696c2943efe2563dc337ed38f4ace4e9f24.png,女流-2021.2.8-烟火&一梦江湖
BV1gK4y1Q7Dh,2021-02-07,2021-02-07,504:29,https://i0.hdslb.com/bfs/archive/429161102e6b59ff23ab71eaa292c0f106408c9b.png,女流-2021.2.7-心灵砒霜&弹幕版
BV1v54y1W7wQ,2021-02-05,2021-02-05,306:14,https://i0.hdslb.com/bfs/archive/d576569d63b631c3a00dd79c8e34f85a9966eb67.png,女流-2021.2.5-戴森球计划&明日之后
BV1T54y1W71v,2021-02-04,2021-02-04,235:37,https://i0.hdslb.com/bfs/archive/2f4019b2fbca90cf444d22c2f888ff6706d44cca.png,女流-2021.2.4-戴森球计划
BV1EA411g7aD,2021-02-04,2021-02-03,274:13,https://i0.hdslb.com/bfs/archive/7a64ecb4a4bb1e133665dc8f5f43dae1c4b698f8.png,女流-2021.2.3-女巫来了&绝地求生&谁是内鬼
BV1Af4y1C784,2021-02-02,2021-02-02,259:54,https://i0.hdslb.com/bfs/archive/d576569d63b631c3a00dd79c8e34f85a9966eb67.png,女流-2021.2.2-戴森球计划
BV1No4y1d74S,2021-02-01,2021-02-01,278:51,https://i0.hdslb.com/bfs/archive/2f4019b2fbca90cf444d22c2f888ff6706d44cca.png,女流-2021.2.1-戴森球计划
BV1Ap4y1s7nJ,2021-02-01,2021-01-31,164:34,https://i0.hdslb.com/bfs/archive/d576569d63b631c3a00dd79c8e34f85a9966eb67.png,女流-2021.1.31-戴森球计划
BV1GN411o7eF,2021-01-31,2021-01-31,494:44,https://i0.hdslb.com/bfs/archive/dee7a4af13d14171d4fa588efde760da7dc4310c.png,女流-2021.1.31-心灵砒霜&弹幕版
BV1ZT4y1P7i9,2021-01-30,2021-01-30,301:44,https://i0.hdslb.com/bfs/archive/d576569d63b631c3a00dd79c8e34f85a9966eb67.png,女流-2021.1.30-戴森球计划
BV1xh41117Qa,2021-01-29,2021-01-29,258:37,https://i0.hdslb.com/bfs/archive/406c50f5148782db2fed3b6e55e4d21b7cf9f2da.png,女流-2021.1.29-高殿战记&橙光 传闻中的女帝后宫
BV12v411s7DZ,2021-01-28,2021-01-28,254:37,https://i0.hdslb.com/bfs/archive/1bf0697ee3289cb15fd1324b789c575f54d77ae0.png,女流-2021.1.28-橙光 传闻中的女帝后宫
BV1Yf4y1k7Ka,2021-01-27,2021-01-27,240:05,https://i0.hdslb.com/bfs/archive/e78fe4464301bf3d4d9210bd2f4914ebd696e299.png,女流-2021.1.27-文明6
BV1fo4y1o7Y3,2021-01-26,2021-01-26,320:32,https://i0.hdslb.com/bfs/archive/e78fe4464301bf3d4d9210bd2f4914ebd696e299.png,女流-2021.1.26-文明6
BV1Ky4y1p7Yr,2021-01-25,2021-01-25,347:53,https://i0.hdslb.com/bfs/archive/e78fe4464301bf3d4d9210bd2f4914ebd696e299.png,女流-2021.1.25-Shady Part of Me&糖豆人&文明6
BV1Yf4y1k7uK,2021-01-24,2021-01-24,491:36,https://i0.hdslb.com/bfs/archive/0884b012f79e8ad21f704f313ca01d0d3c91dfd5.png,女流-2021.1.24-心灵砒霜&弹幕版
BV1zU4y147D9,2021-01-22,2021-01-22,307:58,https://i0.hdslb.com/bfs/archive/0434b5a0143ecbf3a70420947b540b3b94a1995c.png,女流-2021.1.22-Shady Part of Me&归家异途2
BV1EV411q7La,2021-01-22,2021-01-21,234:16,https://i0.hdslb.com/bfs/archive/37cefb38615a2ccf37cde7b8bb47e8fd845283a0.png,女流-2021.1.21-转眼已6年
BV1Gt4y167M9,2021-01-20,2021-01-20,176:37,https://i0.hdslb.com/bfs/archive/81a128f19d579552af3f03d241016b30dce92890.png,女流-2021.1.20-星露谷物语全收集之路
BV1Dp4y1x7wE,2021-01-19,2021-01-19,304:43,https://i0.hdslb.com/bfs/archive/81a128f19d579552af3f03d241016b30dce92890.png,女流-2021.1.19-星露谷物语
BV1hX4y1K7Sd,2021-01-18,2021-01-18,334:05,https://i0.hdslb.com/bfs/archive/81a128f19d579552af3f03d241016b30dce92890.png,女流-2021.1.18-星露谷物语
BV1dA411H7cZ,2021-01-17,2021-01-17,479:30,https://i0.hdslb.com/bfs/archive/1c79ceb79766fd7021e1fc950d468cd60ab00624.png,女流-2021.1.17-心灵砒霜&弹幕版
BV1LU4y147n6,2021-01-16,2021-01-16,263:18,https://i0.hdslb.com/bfs/archive/81a128f19d579552af3f03d241016b30dce92890.png,女流-2021.1.16-星露谷物语
BV1xo4y1o7Ly,2021-01-15,2021-01-15,307:32,https://i0.hdslb.com/bfs/archive/f937f02ef272b981be5232dd54f605ef974e226f.png,女流-2021.1.15-仙剑奇侠传7试玩&星露谷物语&游戏王：决斗链接
BV1ff4y1r76x,2021-01-14,2021-01-14,273:24,https://i0.hdslb.com/bfs/archive/81a128f19d579552af3f03d241016b30dce92890.png,女流-2021.1.14-星露谷物语继续耕耘
BV1aK411u7NT,2021-01-14,2021-01-13,266:55,https://i0.hdslb.com/bfs/archive/32c346e961cc4bd38c5b8e3b51f99ea75daad339.png,女流-2021.1.13-星露谷物语继续耕耘
BV1wf4y1k7QA,2021-01-12,2021-01-12,268:07,https://i0.hdslb.com/bfs/archive/81a128f19d579552af3f03d241016b30dce92890.png,女流-2021.1.12-星露谷物语继续耕耘
BV1zt4y1r7Pe,2021-01-11,2021-01-11,280:32,https://i0.hdslb.com/bfs/archive/81a128f19d579552af3f03d241016b30dce92890.png,女流-2021.1.11-星露谷物语继续耕耘
BV1ci4y1c7oo,2021-01-10,2021-01-10,512:32,https://i0.hdslb.com/bfs/archive/5f862b66a51b026b5f257d77a11bd6f412187b5e.png,女流-2021.1.10-心灵砒霜&弹幕版
BV1N5411n78z,2021-01-09,2021-01-08,303:23,https://i0.hdslb.com/bfs/archive/81a128f19d579552af3f03d241016b30dce92890.png,女流-2021.1.8-星露谷物语联机版&使命战场
BV1ST4y1N7J2,2021-01-06,2021-01-06,286:12,https://i0.hdslb.com/bfs/archive/81a128f19d579552af3f03d241016b30dce92890.png,女流-2021.1.6-星露谷物语联机版
BV1fX4y1N7oJ,2021-01-05,2021-01-05,329:20,https://i0.hdslb.com/bfs/archive/81a128f19d579552af3f03d241016b30dce92890.png,女流-2021.1.5-星露谷物语联机版
BV1aT4y1N79t,2021-01-04,2021-01-04,342:09,https://i0.hdslb.com/bfs/archive/81a128f19d579552af3f03d241016b30dce92890.png,女流-2021.1.4-星露谷物语联机版
BV1Ci4y1F7KJ,2021-01-03,2021-01-03,529:00,https://i0.hdslb.com/bfs/archive/0dfa307b1c18c8f2518b4ce4dd3ecd4a7bb9de77.png,女流-2021.1.3-心灵砒霜&弹幕版
BV1Hi4y1F7VG,2021-01-02,2021-01-02,295:58,https://i0.hdslb.com/bfs/archive/81a128f19d579552af3f03d241016b30dce92890.png,女流-2021.1.2-星露谷物语联机版
BV1ty4y127jD,2021-01-01,2020-12-31,250:33,https://i0.hdslb.com/bfs/archive/ecbb9b01a4714d6db133fc66b0a0033b57ee5441.png,女流-2020.12.31-跨年歌会一起跨年
BV1Cp4y1s7DG,2021-01-01,2021-01-01,315:53,https://i0.hdslb.com/bfs/archive/81a128f19d579552af3f03d241016b30dce92890.png,女流-2021.1.1-星露谷物语联机版
BV15K411g7dS,2020-12-30,2020-12-30,278:36,https://i0.hdslb.com/bfs/archive/81a128f19d579552af3f03d241016b30dce92890.png,女流-2020.12.30-星露谷物语联机版
BV1Bz4y1r7en,2020-12-29,2020-12-29,329:34,https://i0.hdslb.com/bfs/archive/81a128f19d579552af3f03d241016b30dce92890.png,女流-2020.12.29-星露谷物语联机版
BV1CX4y1T738,2020-12-28,2020-12-28,258:18,https://i0.hdslb.com/bfs/archive/81a128f19d579552af3f03d241016b30dce92890.png,女流-2020.12.28-星露谷物语联机版
BV1Xa4y1J7Uz,2020-12-27,2020-12-27,496:32,https://i0.hdslb.com/bfs/archive/f34b6e689fcf7648394398ff970c03cd6232d56b.png,女流-2020.12.27-心灵砒霜&弹幕版
BV1eA411p7sf,2020-12-26,2020-12-26,262:40,https://i0.hdslb.com/bfs/archive/6bad0ed29152692b3af4f32aaf4b7dcc5b7ca937.png,女流-2020.12.26-经典就是经典呐
BV1Zt4y1k7Cq,2020-12-25,2020-12-25,281:31,https://i0.hdslb.com/bfs/archive/a66805a78ff25570a85c473c7b4a09ade1733a04.png,女流-2020.12.25-亚索我还是不玩了吧
BV1Vy4y1U7My,2020-12-23,2020-12-23,240:02,https://i0.hdslb.com/bfs/archive/4cb7ad25f8bf29bd5a3d41112947230a348ee975.png,女流-2020.12.23-佩奇来了，你呢
BV1hA411s7xK,2020-12-22,2020-12-22,262:26,https://i0.hdslb.com/bfs/archive/2a1c1f929496b68d995412af53edbdc55c4a0af8.png,女流-2020.12.22-chi66女队再战糖豆人
BV1N5411V7eR,2020-12-21,2020-12-21,245:45,https://i0.hdslb.com/bfs/archive/ca156b66488d0f7bbbf0b25f0083bd2c5bf02d8a.png,女流-2020.12.21-赛博朋克2077
BV18t4y1k7zj,2020-12-20,2020-12-20,551:50,https://i0.hdslb.com/bfs/archive/f60c1511299fe8757e681ddfdaa3a5f9185d7fd3.png,女流-2020.12.20-心灵砒霜&弹幕版
BV1zi4y157C2,2020-12-19,2020-12-19,290:30,https://i0.hdslb.com/bfs/archive/ca156b66488d0f7bbbf0b25f0083bd2c5bf02d8a.png,女流-2020.12.19-赛博朋克2077
BV1N5411V7XH,2020-12-18,2020-12-17,243:54,https://i0.hdslb.com/bfs/archive/ca156b66488d0f7bbbf0b25f0083bd2c5bf02d8a.png,女流-2020.12.17-赛博朋克2077
BV15A411s7VD,2020-12-18,2020-12-18,293:13,https://i0.hdslb.com/bfs/archive/ca156b66488d0f7bbbf0b25f0083bd2c5bf02d8a.png,女流-2020.12.18-赛博朋克2077&自由篮球
BV1F5411V7iU,2020-12-16,2020-12-16,296:15,https://i0.hdslb.com/bfs/archive/ca156b66488d0f7bbbf0b25f0083bd2c5bf02d8a.png,女流-2020.12.16-赛博朋克2077
BV1xK4y1L7md,2020-12-15,2020-12-15,266:44,https://i0.hdslb.com/bfs/archive/ca156b66488d0f7bbbf0b25f0083bd2c5bf02d8a.png,女流-2020.12.15-赛博朋克2077
BV1qi4y1576A,2020-12-14,2020-12-12,295:22,https://i0.hdslb.com/bfs/archive/ca156b66488d0f7bbbf0b25f0083bd2c5bf02d8a.png,女流-2020.12.12-赛博朋克2077
BV1rK4y1L7z7,2020-12-13,2020-12-13,508:08,https://i0.hdslb.com/bfs/archive/d307712a03a2e92cca1e34934caf74e43ec56456.png,女流-2020.12.13-心灵砒霜&弹幕版
BV1N5411G7kh,2020-12-11,2020-12-10,300:13,https://i0.hdslb.com/bfs/archive/ca156b66488d0f7bbbf0b25f0083bd2c5bf02d8a.png,女流-2020.12.10-赛博朋克2077
BV1YZ4y1g7A5,2020-12-10,2020-12-09,383:32,https://i0.hdslb.com/bfs/archive/ca156b66488d0f7bbbf0b25f0083bd2c5bf02d8a.png,女流-2020.12.9-赛博朋克2077
BV1jK4y1L7as,2020-12-08,2020-12-08,286:03,https://i0.hdslb.com/bfs/archive/b7833fad44c127572664699b5658ab4dee4e09bd.png,女流-2020.12.8-谁是内鬼
BV1nv411b78T,2020-12-06,2020-12-06,528:42,https://i0.hdslb.com/bfs/archive/d480f95479593445c9548f0a0e3e3d9557a07792.png,女流-2020.12.6-心灵砒霜&弹幕版
BV1pD4y1X7nK,2020-12-03,2020-12-03,246:45,https://i0.hdslb.com/bfs/archive/516b5c813b537c3619bdee21b9c56e4da5c8f7c4.png,女流-2020.12.3-恶魔之魂三周目搞搞
BV1XK4y1j7jg,2020-12-02,2020-12-02,398:35,https://i0.hdslb.com/bfs/archive/516b5c813b537c3619bdee21b9c56e4da5c8f7c4.png,女流-2020.12.2-恶魔之魂二周目
BV1qy4y167rB,2020-12-01,2020-12-01,396:45,https://i0.hdslb.com/bfs/archive/516b5c813b537c3619bdee21b9c56e4da5c8f7c4.png,女流-2020.12.1-恶魔之魂二周目
BV1hp4y1r7RQ,2020-12-01,2020-11-30,109:31,https://i0.hdslb.com/bfs/archive/4cb7ad25f8bf29bd5a3d41112947230a348ee975.png,女流-2020.11.30-大周午夜音乐台
BV1u54y167mA,2020-11-29,2020-11-29,469:04,https://i0.hdslb.com/bfs/archive/ce54fe02ee080151f993995cf70ca27f321346f0.png,女流-2020.11.29-心灵砒霜&弹幕版
BV1Xt4y1a7rr,2020-11-28,2020-11-28,272:09,https://i0.hdslb.com/bfs/archive/a8b09196a4169e73ff7b68cef3d55aff3d06ac12.png,女流-2020.11.28-恶魔之魂
BV1fA411x7jx,2020-11-27,2020-11-27,401:57,https://i0.hdslb.com/bfs/archive/cb6bb7d426a067aa74a0c11062817200b5e48629.png,女流-2020.11.27-恶魔之魂&暗影国度-助唱艾泽拉斯
BV1Mv411b76N,2020-11-25,2020-11-24,234:57,https://i0.hdslb.com/bfs/archive/cb6bb7d426a067aa74a0c11062817200b5e48629.png,女流-2020.11.24-恶魔之魂
BV18y4y167Na,2020-11-24,2020-11-24,270:12,https://i0.hdslb.com/bfs/archive/cb6bb7d426a067aa74a0c11062817200b5e48629.png,女流-2020.11.24-恶魔之魂
BV16i4y1V7eR,2020-11-23,2020-11-23,262:28,https://i0.hdslb.com/bfs/archive/cb6bb7d426a067aa74a0c11062817200b5e48629.png,女流-2020.11.23-恶魔之魂
BV1qa4y1p7hb,2020-11-22,2020-11-22,574:50,https://i0.hdslb.com/bfs/archive/94beada65fc8af445bfc7b431a2ee9f666806709.png,女流-2020.11.22-心灵砒霜
BV1Np4y1r7n1,2020-11-21,2020-11-21,251:29,https://i0.hdslb.com/bfs/archive/cb6bb7d426a067aa74a0c11062817200b5e48629.png,女流-2020.11.21-恶魔之魂
BV1Yy4y167QE,2020-11-20,2020-11-19,345:22,https://i0.hdslb.com/bfs/archive/d43927e0b3e08b1010836e81d5c5900775aba6ea.png,女流-2020.11.19-天穗之咲稻姬
BV1Bz4y1y7XJ,2020-11-20,2020-11-20,262:16,https://i0.hdslb.com/bfs/archive/5a39cc016da770dcfbc7380d612f8c2222c5e16d.png,女流-2020.11.20-恶魔之魂
BV1r5411V75Q,2020-11-18,2020-11-18,255:57,https://i0.hdslb.com/bfs/archive/d43927e0b3e08b1010836e81d5c5900775aba6ea.png,女流-2020.11.18-天穗之咲稻姬
BV1My4y167Rv,2020-11-17,2020-11-17,284:42,https://i0.hdslb.com/bfs/archive/d43927e0b3e08b1010836e81d5c5900775aba6ea.png,女流-2020.11.17-天穗之咲稻姬
BV1xy4y167GB,2020-11-16,2020-11-16,258:55,https://i0.hdslb.com/bfs/archive/d43927e0b3e08b1010836e81d5c5900775aba6ea.png,女流-2020.11.16-天穗之咲稻姬
BV1ip4y167tP,2020-11-15,2020-11-15,479:47,https://i0.hdslb.com/bfs/archive/3766bfa32a9090e9334f7f1d568f41cfaeabdbfa.png,女流-2020.11.15-心灵砒霜&弹幕版
BV13V411a78z,2020-11-14,2020-11-14,310:48,https://i0.hdslb.com/bfs/archive/d43927e0b3e08b1010836e81d5c5900775aba6ea.png,女流-2020.11.14-天穗之咲稻姬
BV1hZ4y137DC,2020-11-13,2020-11-13,319:56,https://i0.hdslb.com/bfs/archive/d43927e0b3e08b1010836e81d5c5900775aba6ea.png,女流-2020.11.13-宇宙机器人&麻布仔大冒险&天穗之咲稻姬
BV1ua4y1x7T5,2020-11-12,2020-11-12,240:06,https://i0.hdslb.com/bfs/archive/d43927e0b3e08b1010836e81d5c5900775aba6ea.png,女流-2020.11.12-天穗之咲稻姬
BV1AK4y1E7Nr,2020-11-11,2020-11-11,294:20,https://i0.hdslb.com/bfs/archive/d43927e0b3e08b1010836e81d5c5900775aba6ea.png,女流-2020.11.11-天穗之咲稻姬
BV1op4y1k7rN,2020-11-10,2020-11-10,269:58,https://i0.hdslb.com/bfs/archive/2c721eac3ce6af779b66540a57e4b39e564cbb62.png,女流-2020.11.10-Teardown
BV12p4y1k7rm,2020-11-09,2020-11-09,150:22,https://i0.hdslb.com/bfs/archive/2c721eac3ce6af779b66540a57e4b39e564cbb62.png,女流-2020.11.9-Teardown
BV1wT4y1c7AV,2020-11-08,2020-11-08,490:44,https://i0.hdslb.com/bfs/archive/1d9395c3a39bfaa6436e8b0804c34b0d6de58c88.png,女流-2020.11.08-心灵砒霜
BV1Lf4y1q7NY,2020-11-07,2020-11-07,335:59,https://i0.hdslb.com/bfs/archive/3974038c6419b603e054a9d16818fecddeba85ce.png,女流-2020.11.7-腾讯科学WE大会
BV1Sy4y1B77H,2020-11-06,2020-11-06,296:32,https://i0.hdslb.com/bfs/archive/b4c7d801b09b3e67fed662f5a11df3508fe4254b.png,女流-2020.11.6-只狼
BV16r4y1w7Yu,2020-11-04,2020-11-04,233:58,https://i0.hdslb.com/bfs/archive/de5b1c9bea3cb4a502fbda8962f8fb5c364ff583.png,女流-2020.11.4-皮克敏3
BV1tr4y1F75w,2020-11-03,2020-11-03,277:38,https://i0.hdslb.com/bfs/archive/de5b1c9bea3cb4a502fbda8962f8fb5c364ff583.png,女流-2020.11.3-皮克敏3
BV19a411A7oB,2020-11-02,2020-11-02,291:14,https://i0.hdslb.com/bfs/archive/de5b1c9bea3cb4a502fbda8962f8fb5c364ff583.png,女流-2020.11.2-皮克敏3
BV1ma411c7oL,2020-11-01,2020-10-31,531:54,https://i0.hdslb.com/bfs/archive/5d343409253e61a28279b69ca71f63a8d90a35cd.png,女流-2020.10.31-轩辕剑7
BV1Dy4y1r7Zj,2020-11-01,2020-11-01,511:34,https://i0.hdslb.com/bfs/archive/cee069a264dc07045953ae7a69dcb6ae59947667.png,女流-2020.11.1-心灵砒霜&弹幕版
BV1Vp4y1k7XK,2020-10-30,2020-10-30,288:37,https://i0.hdslb.com/bfs/archive/5d343409253e61a28279b69ca71f63a8d90a35cd.png,女流-2020.10.30-轩辕剑7
BV1J54y1r7fs,2020-10-29,2020-10-29,290:56,https://i0.hdslb.com/bfs/archive/0e9f8c8a0483b79fead90a3b89485a08c67911bf.png,女流-2020.10.29-轩辕剑7
BV18y4y1B7iu,2020-10-28,2020-10-28,257:22,https://i0.hdslb.com/bfs/archive/4cb7ad25f8bf29bd5a3d41112947230a348ee975.png,女流-2020.10.28-佩奇补场你补票
BV1iz4y1o76q,2020-10-26,2020-10-26,168:31,https://i0.hdslb.com/bfs/archive/2635c1cafa7180b2a4355250ef7cbc6aedec0b5d.png,女流-2020.10.26-Manifold Garden
BV1Lp4y1k7R3,2020-10-25,2020-10-25,474:20,https://i0.hdslb.com/bfs/archive/8936046d1978d1c673d783e5041eb2ff37cee27b.png,女流-2020.10.25-心灵砒霜
BV1Hy4y1B7MJ,2020-10-24,2020-10-24,279:13,https://i0.hdslb.com/bfs/archive/5d51a5f351559a6dcd352abf4d0a566a14856b15.png,女流-2020.10.24-Manifold Garden
BV1VZ4y1V7xZ,2020-10-23,2020-10-23,230:55,https://i0.hdslb.com/bfs/archive/acea2612544eca0b641bf2a958ac588717baaaf6.png,女流-2020.10.23-儿时的游戏
BV1f54y167uY,2020-10-20,2020-10-20,252:45,https://i0.hdslb.com/bfs/archive/3c122768431876cf43fba8563ba889380929e87a.png,女流-2020.10.20-儿时的游戏
BV175411L7ML,2020-10-19,2020-10-19,235:30,https://i0.hdslb.com/bfs/archive/c495da86f9573789a722f4bda71bd17657bacc27.png,女流-2020.10.19-儿时的游戏
BV1B54y1R7yr,2020-10-18,2020-10-18,483:16,https://i0.hdslb.com/bfs/archive/a950d4b38fd9cb27736acecc09e956273c5d619b.png,女流-2020.10.18-心灵砒霜&弹幕版
BV1Qa411w7xL,2020-10-17,2020-10-17,261:35,https://i0.hdslb.com/bfs/archive/3edb572f4f776be2bb03f245ab78abf9701de8c1.png,女流-2020.10.17-不思议的皇冠
BV1PK411A7Bw,2020-10-16,2020-10-16,249:03,https://i0.hdslb.com/bfs/archive/3edb572f4f776be2bb03f245ab78abf9701de8c1.png,女流-2020.10.16-不思议的皇冠
BV1Ci4y1j7e1,2020-10-15,2020-10-15,249:18,https://i0.hdslb.com/bfs/archive/78c9cc4164cf4087e6c6f624f6a085a3c9e23d55.png,女流-2020.10.15-舞蹈迷藏&Fall Guys
BV1Ha4y1L7w4,2020-10-14,2020-10-14,240:10,https://i0.hdslb.com/bfs/archive/7390c40f3c562af7818c64e54a587d8482cbf279.png,女流-2020.10.14-中世纪王朝
BV1fp4y1r7Pn,2020-10-13,2020-10-13,240:08,https://i0.hdslb.com/bfs/archive/7390c40f3c562af7818c64e54a587d8482cbf279.png,女流-2020.10.13-中世纪王朝&Party Animals
BV1wz4y1o7DU,2020-10-12,2020-10-12,248:36,https://i0.hdslb.com/bfs/archive/7390c40f3c562af7818c64e54a587d8482cbf279.png,女流-2020.10.12-中世纪王朝
BV1fy4y1k74X,2020-10-06,2020-10-06,248:36,https://i0.hdslb.com/bfs/archive/e4bd1823cdeb6108060c32194ffe8f4193981234.png,女流-2020.10.6-art of rally&Fall Guys&F1 2020
BV1yD4y1R7AT,2020-10-05,2020-10-05,259:21,https://i0.hdslb.com/bfs/archive/2f5c83564e7786586d7691e5cfaa63c96e3aeb4e.png,女流-2020.10.5-Party Animals
BV15k4y1C7bw,2020-10-05,2020-10-04,446:07,https://i0.hdslb.com/bfs/archive/8fbec6f92e85c206898f34ba253d3be323234697.png,女流-2020.10.4-心灵砒霜&心灵砒霜弹幕版
BV1kp4y1a7Ar,2020-10-03,2020-09-30,106:37,https://i0.hdslb.com/bfs/archive/95b0e9aff5fb81253e8bcc84cd87915c26340a66.png,女流-2020.9.30-Phasmophobia
BV1fk4y1k7uN,2020-10-03,2020-10-03,248:25,https://i0.hdslb.com/bfs/archive/f90b35206716c2eeb10b9b4ac99a5fc89f5aa700.png,女流-2020.10.3-十月对我好一点
BV1Xp4y1a7Ni,2020-10-03,2020-10-02,225:22,https://i0.hdslb.com/bfs/archive/52192c03fc46f4ee414659a3260dff856fcbce58.png,女流-2020.10.2-Phasmophobia
BV1vK411P7mf,2020-09-28,2020-09-28,269:50,https://i0.hdslb.com/bfs/archive/296f63f32e62be59147ccd24f67ec5a4266e993b.png,女流-2020.9.28-When the Past was Around
BV1sA411J7J4,2020-09-28,2020-09-27,474:30,https://i0.hdslb.com/bfs/archive/cf8861cdbbd41a44be4ab851fb584b11ea32b4d5.png,女流-2020.9.27-心灵砒霜&弹幕版
BV1s54y1m7EZ,2020-09-28,2020-09-26,309:09,https://i0.hdslb.com/bfs/archive/82277ab54850c4ddd0195c8a8f8c6a48a3467d89.png,女流-2020.9.26-UnderMine&万国觉醒
BV1jh411X7ao,2020-09-25,2020-09-25,246:05,https://i0.hdslb.com/bfs/archive/82277ab54850c4ddd0195c8a8f8c6a48a3467d89.png,女流-2020.9.25-UnderMine
BV1sp4y1a726,2020-09-24,2020-09-24,233:21,https://i0.hdslb.com/bfs/archive/02488f55e9560be32771b46ff73670d9be6a4d8f.png,女流-2020.9.24-UnderMine
BV1Lt4y1q71d,2020-09-23,2020-09-23,285:04,https://i0.hdslb.com/bfs/archive/82277ab54850c4ddd0195c8a8f8c6a48a3467d89.png,女流-2020.9.23-UnderMine
BV18y4y1k7pj,2020-09-22,2020-09-22,232:06,https://i0.hdslb.com/bfs/archive/82277ab54850c4ddd0195c8a8f8c6a48a3467d89.png,女流-2020.9.22-UnderMine
BV1z54y1y7S1,2020-09-20,2020-09-20,225:48,https://i0.hdslb.com/bfs/archive/532f8a71d3d22ead8ff831a5d1fdf330eca24195.png,女流-2020.9.20-新发型 美美哒
BV1hT4y1A73E,2020-09-19,2020-09-19,245:22,https://i0.hdslb.com/bfs/archive/8365f1d8dd782cf9206c06cb865fb3ee64546d08.png,女流-2020.9.19-Fall Guys
BV1CK411P725,2020-09-18,2020-09-18,239:46,https://i0.hdslb.com/bfs/archive/a37dca8c4c3eeb664d7752051271c71643484de4.png,女流-2020.9.18-Pro Gymnast&Fall Guys
BV1RD4y1d79Z,2020-09-15,2020-09-15,252:25,https://i0.hdslb.com/bfs/archive/fb0686fb27f3a66e3d8033d5b005cd1170d53f5c.png,女流-2020.9.15-Pro Gymnast
BV15K4y1a7dN,2020-09-14,2020-09-14,266:51,https://i0.hdslb.com/bfs/archive/a37dca8c4c3eeb664d7752051271c71643484de4.png,女流-2020.9.14-Pro Gymnast
BV1ap4y1e7ao,2020-09-13,2020-09-13,481:46,https://i0.hdslb.com/bfs/archive/6eabc0179a7eda314eb6766cee2d07077fe02c41.png,女流-2020.9.13-心灵砒霜&弹幕版
BV1Xv41117Cz,2020-09-12,2020-09-12,274:54,https://i0.hdslb.com/bfs/archive/f6da0554c69805bb65cccb84bef950f5a218216f.png,女流-2020.9.12-Kill It With Fire
BV1ua4y1j7bq,2020-09-09,2020-09-09,263:12,https://i0.hdslb.com/bfs/archive/f242db980cefe2d5388a358a018404be13fe978f.png,女流-2020.9.9-创世理想乡&魂斗罗
BV1MZ4y1N7eK,2020-09-08,2020-09-08,284:38,https://i0.hdslb.com/bfs/archive/a959007a75e85f63755be10a4bfd6d5494938724.png,女流-2020.9.8-创世理想乡
BV1th411R7og,2020-09-07,2020-09-07,216:46,https://i0.hdslb.com/bfs/archive/a776a988ec59b6875de24da8c73fb18f1cb9d1e3.png,女流-2020.9.7-创世理想乡
BV1dD4y1d78E,2020-09-06,2020-09-06,474:34,https://i0.hdslb.com/bfs/archive/082aeb2fdc1cbeb73147dc082623c0f625de138a.png,女流-2020.9.6-人类一败涂地 &心灵砒霜
BV1bz4y1f7pn,2020-09-05,2020-09-05,235:23,https://i0.hdslb.com/bfs/archive/da27883e4adca7dcc7e466dd3cce44824f023ab6.png,女流-2020.9.5-Fall Guys
BV1kp4y1Y7ye,2020-09-02,2020-09-02,234:31,https://i0.hdslb.com/bfs/archive/c0887185b78d039dd5e1c2f32b7acea853d2ed04.png,女流-2020.9.2-火柴人亨利合集&魂斗罗
BV1Dp4y1Y7Yx,2020-09-02,2020-08-31,71:23,https://i0.hdslb.com/bfs/archive/3de8ee3eb482d31834bde7f73c705aaca580fdc2.png,女流-2020.8.31-Fall Guys
BV1AZ4y1T7hs,2020-08-31,2020-08-31,235:13,https://i0.hdslb.com/bfs/archive/4f1881925b05583afa48311cca6009fd087e62cd.png,女流-2020.8.31-高殿战记
BV1Af4y1X7Jh,2020-08-30,2020-08-30,515:34,https://i0.hdslb.com/bfs/archive/3cfe485042e03bfd8f496efab2dfb526ff8845bd.png,女流-2020.8.30-心灵砒霜
BV1MK4y1e7Hs,2020-08-29,2020-08-29,244:35,https://i0.hdslb.com/bfs/archive/db31bb87d9dbac86b65dd3ba2cac3839466731d4.png,女流-2020.8.29-Inmost
BV1Di4y1M74V,2020-08-27,2020-08-27,176:56,https://i0.hdslb.com/bfs/archive/4cb7ad25f8bf29bd5a3d41112947230a348ee975.png,女流-2020.8.27-周四没66，有佩奇
BV1VZ4y1T7YZ,2020-08-26,2020-08-26,348:24,https://i0.hdslb.com/bfs/archive/8988e2a9b6f824dbf093c34c7208a9bbe76730ce.png,女流-2020.8.26-Spiritfarer
BV1KA411H7LM,2020-08-25,2020-08-25,289:12,https://i0.hdslb.com/bfs/archive/87a0cab4723d2a78b4091b4c07988e8a469b2a5f.png,女流-2020.8.25-Spiritfarer
BV1g5411h7in,2020-08-24,2020-08-24,263:10,https://i0.hdslb.com/bfs/archive/8988e2a9b6f824dbf093c34c7208a9bbe76730ce.png,女流-2020.8.24-Spiritfarer
BV1y54y1e7Pm,2020-08-23,2020-08-23,462:13,https://i0.hdslb.com/bfs/archive/ee51717409fdc0ccea14e473aacf54373aedb740.png,女流-2020.8.23-心灵砒霜&弹幕版
BV1DD4y127Vb,2020-08-22,2020-08-22,246:45,https://i0.hdslb.com/bfs/archive/8988e2a9b6f824dbf093c34c7208a9bbe76730ce.png,女流-2020.8.22-Spiritfarer
BV1dC4y1t7BS,2020-08-21,2020-08-21,257:10,https://i0.hdslb.com/bfs/archive/451933c7b503d3ea2ebf1fd3fabd4bceb970de56.png,女流-2020.8.21-Spiritfarer&帕斯卡契约
BV1Jz4y1f7dK,2020-08-21,2020-08-20,259:20,https://i0.hdslb.com/bfs/archive/8988e2a9b6f824dbf093c34c7208a9bbe76730ce.png,女流-2020.8.20-Spiritfarer
BV1La4y177ak,2020-08-19,2020-08-11,287:07,https://i0.hdslb.com/bfs/archive/573b5b2cd9212c2c33cda2f7df63167aafbfcf0e.png,女流-2020.8.11-Thereis no game
BV1Xf4y197Hr,2020-08-16,2020-08-16,478:16,https://i0.hdslb.com/bfs/archive/3e78f366f1ba00f16a9d184a62d3ddc45e5ae6e2.png,女流-2020.8.16-心灵砒霜&弹幕版
BV1Rh411d7bk,2020-08-16,2020-08-15,224:25,https://i0.hdslb.com/bfs/archive/9b942a8321e14ca927ef83e47df7db70c68bc2a8.png,女流-2020.8.15- Avengers
BV1J64y1c7JZ,2020-08-12,2020-08-12,276:43,https://i0.hdslb.com/bfs/archive/2e4815a58ba194ba38a33d19a5b4a2df711b49b8.png,女流-2020.8.12-Fall Guys
BV1qt4y1D7YP,2020-08-11,2020-08-11,225:57,https://i0.hdslb.com/bfs/archive/00bcfe1a72fe63db9579a5cb30affc4881a23575.png,女流-2020.8.11-Fall Guys&Grounded
BV1iK4y1v7AT,2020-08-10,2020-08-10,259:14,https://i0.hdslb.com/bfs/archive/0100cf5916d3ef32bf9783fc178c3f047875cbb3.png,女流-2020.8.10-纸片马里奥&Fall Guys
BV1Hp4y1v7UC,2020-08-09,2020-08-09,489:52,https://i0.hdslb.com/bfs/archive/b47c6f8b8ff46a836e65afedd9d10f43df3fa0e1.png,女流-2020.08.9-心灵砒霜&弹幕版
BV1ft4y1D75B,2020-08-08,2020-08-08,268:24,https://i0.hdslb.com/bfs/archive/0100cf5916d3ef32bf9783fc178c3f047875cbb3.png,女流-2020.8.8-纸片马里奥全收集
BV1f54y1m7Zq,2020-08-08,2020-08-07,273:33,https://i0.hdslb.com/bfs/archive/0100cf5916d3ef32bf9783fc178c3f047875cbb3.png,女流-2020.8.7-纸片马里奥
BV1Ck4y117oM,2020-08-08,2020-08-02,193:15,https://i0.hdslb.com/bfs/archive/a092cf562d2d4699e2833c5c7999aeb141052890.png,女流-2020.8.2-逛吃逛吃
BV1Pv411i7JV,2020-08-06,2020-08-06,238:02,https://i0.hdslb.com/bfs/archive/2107687b6cd772ac12497049acd3de70673c9740.png,女流-2020.8.6-66来聊聊
BV1Mf4y1d7dh,2020-08-05,2020-08-05,240:45,https://i0.hdslb.com/bfs/archive/0100cf5916d3ef32bf9783fc178c3f047875cbb3.png,女流-2020.8.5-纸片马里奥
BV1LD4y1U7hz,2020-08-04,2020-08-03,262:59,https://i0.hdslb.com/bfs/archive/0100cf5916d3ef32bf9783fc178c3f047875cbb3.png,女流-2020.8.3--纸片马里奥
BV17t4y1D7cW,2020-08-04,2020-08-04,262:10,https://i0.hdslb.com/bfs/archive/0100cf5916d3ef32bf9783fc178c3f047875cbb3.png,女流-2020.8.4--纸片马里奥
BV1uh411Z7Sw,2020-08-01,2020-08-01,366:38,https://i0.hdslb.com/bfs/archive/0100cf5916d3ef32bf9783fc178c3f047875cbb3.png,女流-2020.8.1-纸片马里奥
BV1q64y1F7QX,2020-07-28,2020-07-27,260:52,https://i0.hdslb.com/bfs/archive/0100cf5916d3ef32bf9783fc178c3f047875cbb3.png,女流-2020.7.27-纸片马里奥
BV1X64y1F7ch,2020-07-28,2020-07-28,195:32,https://i0.hdslb.com/bfs/archive/7686252e7ed1ca9a71f34b015b7c0b717a840890.png,女流-2020.7.28-纸片马里奥&龙之谷
BV1mT4y1j751,2020-07-27,2020-07-26,225:27,https://i0.hdslb.com/bfs/archive/32443e67d78f200e04a7580236cb375a7a3877f2.png,女流-2020.7.26-怒海余生
BV1ep4y1i7xx,2020-07-25,2020-07-25,282:22,https://i0.hdslb.com/bfs/archive/058530b8b975bac9bda4fae96b05841a779b6b6b.png,女流-2020.7.25-Superliminal&梦幻西游
BV1tZ4y1T79C,2020-07-24,2020-07-24,244:08,https://i0.hdslb.com/bfs/archive/69e971e22eca037ed1a466dcb5b5cc93f19d3ea7.png,女流-2020.7.24-对马岛之鬼
BV1hK411J7fr,2020-07-22,2020-07-22,264:32,https://i0.hdslb.com/bfs/archive/69e971e22eca037ed1a466dcb5b5cc93f19d3ea7.png,女流-2020.7.22-对马岛之鬼
BV1hK411J7AK,2020-07-21,2020-07-21,396:20,https://i0.hdslb.com/bfs/archive/69e971e22eca037ed1a466dcb5b5cc93f19d3ea7.png,女流-2020.7.21-对马岛之鬼
BV13f4y1d7n5,2020-07-20,2020-07-20,447:15,https://i0.hdslb.com/bfs/archive/69e971e22eca037ed1a466dcb5b5cc93f19d3ea7.png,女流-2020.7.20-对马岛之鬼
BV1WT4y1j7HL,2020-07-19,2020-07-19,491:05,https://i0.hdslb.com/bfs/archive/69e971e22eca037ed1a466dcb5b5cc93f19d3ea7.png,女流-2020.7.19-对马岛之鬼
BV1tt4y1X7bH,2020-07-18,2020-07-18,437:34,https://i0.hdslb.com/bfs/archive/69e971e22eca037ed1a466dcb5b5cc93f19d3ea7.png,女流-2020.7.18-对马岛之鬼
BV1bf4y1R79u,2020-07-17,2020-07-17,410:08,https://i0.hdslb.com/bfs/archive/69e971e22eca037ed1a466dcb5b5cc93f19d3ea7.png,女流-2020.7.17-对马岛之鬼
BV1MD4y1D7F6,2020-07-17,2020-07-16,288:17,https://i0.hdslb.com/bfs/archive/4cb7ad25f8bf29bd5a3d41112947230a348ee975.png,女流-2020.7.16-失败的佩奇，悲伤的唱
BV1ok4y1q7fU,2020-07-15,2020-07-15,295:36,https://i0.hdslb.com/bfs/archive/93a3e693d584b755613d183c6852fccd80780087.png,女流-2020.7.15-世界游戏大全51
BV1La4y1a7TA,2020-07-14,2020-07-14,258:20,https://i0.hdslb.com/bfs/archive/488373e50e18b4a6e07e2057e8ae5462f9f10b3c.png,女流-2020.7.14-世界游戏大全51
BV1iz411v7hw,2020-07-10,2020-07-10,231:14,https://i0.hdslb.com/bfs/archive/817e61ed3e17e0020184e999350b5f3871416d57.png,女流-2020.7.10-世界游戏大全51
BV1fT4y177PM,2020-07-10,2020-07-09,245:06,https://i0.hdslb.com/bfs/archive/af48fbbfbb18bb283e6d0ca5dc954256f3ff26df.png,女流-2020.7.9-世界游戏大全51
BV1Hk4y1B7qg,2020-07-08,2020-07-08,248:02,https://i0.hdslb.com/bfs/archive/e33c7d13e243ad93b4a4c8fcd711bc7014007069.png,女流-2020.7.8-世界游戏大全51
BV1Gi4y137WJ,2020-07-07,2020-07-07,271:04,https://i0.hdslb.com/bfs/archive/858cb2dd5f03b6b562abeb325f9a836ed9a41059.png,女流-2020.7.7-世界游戏大全51
BV14T4y177qe,2020-07-04,2020-07-04,260:38,https://i0.hdslb.com/bfs/archive/9d173bac86513dea739217ac20cfd32c53754ab0.png,女流-2020.7.4-世界游戏大全51&江南百景图
BV1vt4y197DH,2020-07-03,2020-07-03,236:05,https://i0.hdslb.com/bfs/archive/791735b437c37edc1a163b5e82b1abe2b5cde53b.png,女流-2020.7.3-螺旋风暴
BV1dK411n73X,2020-07-02,2020-07-02,247:36,https://i0.hdslb.com/bfs/archive/52194e1fa62637ec2d88d0c826849d446e22391d.png,女流-2020.07.02-盗贼之海
BV1Qg4y1v7h2,2020-07-02,2020-07-01,287:38,https://i0.hdslb.com/bfs/archive/7630b46f399dd461f8b421acd4fd530c1d1205e7.png,女流-2020.07.01-盗贼之海
BV1ik4y1q7jL,2020-06-29,2020-06-28,482:52,https://i0.hdslb.com/bfs/archive/52bd5510bc979e25ccc0d27b480c6a434d613da2.png,女流-2020.6.28-心灵砒霜
BV18D4y1Q7tK,2020-06-28,2020-06-27,252:11,https://i0.hdslb.com/bfs/archive/7630b46f399dd461f8b421acd4fd530c1d1205e7.png,女流-2020.06.27-盗贼之海
BV1Ui4y1G7K4,2020-06-27,2020-06-26,259:30,https://i0.hdslb.com/bfs/archive/eab0bd4fef28e31ec1967f5c242e209ebb2d77d1.png,女流-2020.06.26-盗贼之海
BV1Qg4y1v7x3,2020-06-24,2020-06-24,240:08,https://i0.hdslb.com/bfs/archive/4fa0029d61e40067db4951ccd01fd7e92feaefb6.png,女流-2020.06.24-Among Trees
BV1pZ4y1H7gt,2020-06-23,2020-06-23,240:38,https://i0.hdslb.com/bfs/archive/6d2aa288213e774dd7bbe6ba8ae915de335b9d15.png,女流-2020.06.23-Timelie&最强蜗牛
BV1fC4y1a79T,2020-06-21,2020-06-21,390:47,https://i0.hdslb.com/bfs/archive/4544c00bd0736502196baf14c445016821e44c5c.png,女流-2020.06.21-最后生还者2
BV1ef4y1y7P1,2020-06-20,2020-06-20,417:59,https://i0.hdslb.com/bfs/archive/4544c00bd0736502196baf14c445016821e44c5c.png,女流-2020.06.20-最后生还者2
BV1i54y1B7K2,2020-06-16,2020-06-16,240:38,https://i0.hdslb.com/bfs/archive/4cb7ad25f8bf29bd5a3d41112947230a348ee975.png,女流-2020.06.16-佩奇不来66来
BV1yf4y1y7Lu,2020-06-14,2020-06-14,507:40,https://i0.hdslb.com/bfs/archive/2dc5453837433883d64953272c69daaaf521ee8f.png,女流-2020.6.14-心灵砒霜&弹幕版
BV18Z4y1H7AG,2020-06-13,2020-06-13,240:29,https://i0.hdslb.com/bfs/archive/e027a839a373c057c05ff2996f5cac63e76a2c1e.png,女流-2020.06.13-世界游戏大全51&梦幻西游三维版 家园
BV1kt4y1X7wQ,2020-06-12,2020-06-12,248:46,https://i0.hdslb.com/bfs/archive/868706672af0895a134cd130a5d533cc3c93084c.png,女流-2020.06.12-世界游戏大全51&荒野乱斗
BV1QA411q7qv,2020-06-08,2020-06-08,251:17,https://i0.hdslb.com/bfs/archive/df57de3b2a6cf4cb351e70368d52e2cfbe23f76a.png,女流-2020.06.08-怒之铁拳
BV1ZK4y1x7JF,2020-06-07,2020-06-07,445:56,https://i0.hdslb.com/bfs/archive/0445dec0f953407337c6e9bc497d37638161a240.png,女流-2020.6.7-心灵砒霜&弹幕版
BV1bD4y1D7FP,2020-06-06,2020-06-06,243:48,https://i0.hdslb.com/bfs/archive/3b21ebf4f40925d9e199d8945ee1d7888f98e472.png,女流-2020.6.6--六月六呀么六月六
BV1az4y197rv,2020-06-05,2020-06-05,202:14,https://i0.hdslb.com/bfs/archive/b0be99a08f1618aa40340daa96d292f24ac43841.png,女流-2020.6.5-Poly Bridge 2&怒之铁拳
BV19K4y1t7br,2020-06-03,2020-06-03,129:13,https://i0.hdslb.com/bfs/archive/b0be99a08f1618aa40340daa96d292f24ac43841.png,女流-2020.6.3-Poly Bridge 2
BV1QV411C72G,2020-06-02,2020-06-01,287:13,https://i0.hdslb.com/bfs/archive/b0be99a08f1618aa40340daa96d292f24ac43841.png,女流-2020.6.1-Poly Bridge 2
BV1CT4y1E7Ls,2020-06-01,2020-05-31,532:44,https://i0.hdslb.com/bfs/archive/ae41c421c8603519a2b447d0e30f1d0a794f3305.png,女流-2020.5.31-心灵砒霜
BV1X54y1D7NF,2020-05-31,2020-05-30,250:44,https://i0.hdslb.com/bfs/archive/977d3fcc56548d91be1a0e7b68e2daef15e09eab.png,女流-2020.5.30-Poly Bridge
BV1xC4y1p72h,2020-05-28,2020-05-28,218:49,https://i0.hdslb.com/bfs/archive/24a50e15bd70f6acbb40c108906ef8ca962327c9.png,女流-2020.5.28-节奏快打
BV1gz4y197tK,2020-05-25,2020-05-24,492:17,https://i0.hdslb.com/bfs/archive/0e7eb1da4e8871144917ef2763a9e443588d0f3b.png,女流-2020.5.24-心灵砒霜
BV1Az4y197s8,2020-05-24,2020-05-23,322:50,https://i0.hdslb.com/bfs/archive/0e69ec3a86514b7aef4afbebbb210f072f036b09.png,女流-2020.5.23-The Pedestrian
BV1XQ4y1A7cf,2020-05-22,2020-05-22,226:15,https://i0.hdslb.com/bfs/archive/3cc4dfc39bf23f955593cce0a29a56a82b910594.png,女流-2020.5.22-Tsioque
BV1mz411v7Mj,2020-05-21,2020-05-21,193:38,https://i0.hdslb.com/bfs/archive/8a8d0de9350faca5277c2af370e5339b05d52b3e.png,女流-2020.5.21-女流网课时间，敲黑板，认真听
BV1Vk4y1r7MR,2020-05-21,2020-05-20,328:28,https://i0.hdslb.com/bfs/archive/a800c98c4f2991ac759575c1dd96489498cb9d9b.png,女流-2020.5.20-云端朋克
BV19a4y1i7Tm,2020-05-20,2020-05-19,287:15,https://i0.hdslb.com/bfs/archive/a800c98c4f2991ac759575c1dd96489498cb9d9b.png,女流-2020.5.19-云城朋克
BV1RV411k7ro,2020-05-17,2020-05-17,547:56,https://i0.hdslb.com/bfs/archive/9130395c5a2c117bc7926c315c225874fddcc20c.png,女流-2020.5.17-久违的心灵砒霜
BV1ZA411i7ZL,2020-05-16,2020-05-16,133:04,https://i0.hdslb.com/bfs/archive/cd414f0dd17ee6092477025594563c1f5baa7682.png,女流-2020.5.16-Hydroneer
BV1jZ4y1p77Z,2020-05-15,2020-05-15,239:24,https://i0.hdslb.com/bfs/archive/cd414f0dd17ee6092477025594563c1f5baa7682.png,女流-2020.5.15-Hydroneer
BV1TK4y1t7qx,2020-05-12,2020-05-11,263:59,https://i0.hdslb.com/bfs/archive/8d73221fea8a4b046433d1c3f5ebadb538eb7d0c.png,女流-2020.5.11-冰与火之舞
BV19K4y147LN,2020-05-12,2020-05-12,258:29,https://i0.hdslb.com/bfs/archive/7cff63a1bc9bf98d4ab711ad65944a673133b816.png,女流-2020.5.12-活着真好，美梦成真
BV1mz4y1R7pL,2020-05-11,2020-05-10,293:14,https://i0.hdslb.com/bfs/archive/8d73221fea8a4b046433d1c3f5ebadb538eb7d0c.png,女流-2020.5.10-冰与火之舞
BV15t4y117EG,2020-05-10,2020-05-09,367:21,https://i0.hdslb.com/bfs/archive/dbb76f4dc6dd0c9b2b7ed7e9fd5d86d61e7afc17.png,女流-2020.5.9-冒险公社&冬日计划
BV17z411q7w8,2020-05-09,2020-05-08,268:47,https://i0.hdslb.com/bfs/archive/0b0004cdfa4ef50caee322adab99d42854220df1.png,女流-2020.5.8-十年
BV16t4y1y7He,2020-05-08,2020-05-07,206:18,https://i0.hdslb.com/bfs/archive/03ef22a6ac499d058adc0bfe29561fb7d4281f7a.png,女流-2020.5.7-周四休息，佩奇上
BV1Nt4y117iY,2020-05-07,2020-05-06,333:31,https://i0.hdslb.com/bfs/archive/6be6f15347a424f665b4495c9aac21c44d9f1259.png,女流--2020.5.6-冰与火之舞
BV1oQ4y1N7fJ,2020-05-06,2020-05-05,412:24,https://i0.hdslb.com/bfs/archive/c742b1d828a903bc1b9abc5a43725a445cc070ad.png,女流-2020.5.5- 改变:无家可归生存体验
BV1ZC4y1W7h6,2020-05-05,2020-05-04,340:53,https://i0.hdslb.com/bfs/archive/c09c0227acc4e527c7921ec18a3cc9dfe67716fc.png,女流-2020.5.4-恶果之地
BV1SQ4y1N7u8,2020-05-01,2020-05-01,199:42,https://i0.hdslb.com/bfs/archive/fb604aa6f9079343f48c97bed14c97529e760231.png,女流-2020.5.1-捣蛋大作战
BV1fQ4y1P7UN,2020-04-30,2020-04-30,174:39,https://i0.hdslb.com/bfs/archive/b87a589e7e7443086d4820786df44773e90a31c8.png,女流-2020.4.30-Samsara Room
BV1dp4y1X73z,2020-04-29,2020-04-29,209:48,https://i0.hdslb.com/bfs/archive/e8c41ec930bbc74bf4d7934bc7f84a3150be080b.png,女流-2020.4.29-胡闹搬家
BV1KV411d7NS,2020-04-27,2020-04-27,262:21,https://i0.hdslb.com/bfs/archive/02f549d6fa583e2b5fa6ef96e3fa472cb69e39d6.png,女流-2020.4.27-宝石商人桌游局
BV1LQ4y1T7Qv,2020-04-19,2020-04-19,292:51,https://i0.hdslb.com/bfs/archive/4108bd30721e5e6c4a9dc7719a35d73789fb6d17.png,女流-2020.04.19-逆转裁判3，异议！
BV1q54y197wv,2020-04-18,2020-04-18,259:58,https://i0.hdslb.com/bfs/archive/4108bd30721e5e6c4a9dc7719a35d73789fb6d17.png,女流-2020.04.18-逆转裁判3，异议！
BV1Vg4y1z7kj,2020-04-15,2020-04-15,283:04,https://i0.hdslb.com/bfs/archive/a6e2dec7cbd2951d6aed046758bdb6debc23e95b.png,女流-2020.04.15-佩奇又来了！！！
BV1Kp4y1y7ma,2020-04-14,2020-04-14,252:16,https://i0.hdslb.com/bfs/archive/4108bd30721e5e6c4a9dc7719a35d73789fb6d17.png,女流-2020.04.14-逆转裁判3，异议！
BV1Re411x76T,2020-04-10,2020-04-10,260:11,https://i0.hdslb.com/bfs/archive/4108bd30721e5e6c4a9dc7719a35d73789fb6d17.png,女流-2020.04.10-逆转裁判2 异议
BV135411t7Ae,2020-04-08,2020-04-08,267:13,https://i0.hdslb.com/bfs/archive/4108bd30721e5e6c4a9dc7719a35d73789fb6d17.png,女流-2020.4.8-逆转裁判
BV1Pi4y187Br,2020-04-07,2020-04-07,230:48,https://i0.hdslb.com/bfs/archive/763fb391d7722070f7c3ad291abf7e35b667edf3.png,女流-2020.04.07-半衰期 Alyx
BV1Jg4y1a7iY,2020-04-03,2020-04-03,250:03,https://i0.hdslb.com/bfs/archive/b6b0eab1a858145006ad2bda60e546a3115af9ff.png,女流-2020.4.3-用心组装&巨著
BV17K411L716,2020-04-01,2020-04-01,336:18,https://i0.hdslb.com/bfs/archive/acaf4beb9f8afc4c7f63b0aa6eb1208719d800bf.png,女流--2020.4.1-踩高跷stilt fella
BV13z411b7gz,2020-03-31,2020-03-31,295:58,https://i0.hdslb.com/bfs/archive/a155f975a345aa2768762926183ff7fc928f5f40.png,女流-2020.3.31-踩高跷stilt fella
BV1vK41177Fa,2020-03-30,2020-03-29,291:02,https://i0.hdslb.com/bfs/archive/a155f975a345aa2768762926183ff7fc928f5f40.png,女流-2020.3.29-踩高跷stilt fella
BV1Ep4y117Lo,2020-03-28,2020-03-26,260:23,https://i0.hdslb.com/bfs/archive/9855e543a4b83dc599ea2b26fba2daeea8ee9152.png,女流-2020.03.26-集合啦！动物森友会
BV1Az411b7da,2020-03-28,2020-03-27,237:07,https://i0.hdslb.com/bfs/archive/741f7b58e030bdf5658b2b65b88da7c62d169f38.png,女流-2020.03.27-只只大冒险
BV1u7411C7gy,2020-03-26,2020-03-24,276:57,https://i0.hdslb.com/bfs/archive/9855e543a4b83dc599ea2b26fba2daeea8ee9152.png,女流-2020.03.24-集合啦！动物森友会
BV1bz411h795,2020-03-26,2020-03-25,268:33,https://i0.hdslb.com/bfs/archive/9855e543a4b83dc599ea2b26fba2daeea8ee9152.png,女流-2020.03.25-集合啦！动物森友会
BV1Y7411y7yJ,2020-03-25,2020-03-23,270:32,https://i0.hdslb.com/bfs/archive/9855e543a4b83dc599ea2b26fba2daeea8ee9152.png,女流-2020.03.23-集合啦！动物森友会
BV1n7411U7YX,2020-03-24,2020-03-22,247:39,https://i0.hdslb.com/bfs/archive/9855e543a4b83dc599ea2b26fba2daeea8ee9152.png,女流-2020.3.22-集合啦！动物森友会
BV14E411c78T,2020-03-23,2020-03-21,323:56,https://i0.hdslb.com/bfs/archive/2c33bb55c63eee3445ca17863ef9eb8bbe6a9480.png,女流-2020.3.21-仁王2
BV1JE411N7Pf,2020-03-19,2020-03-18,386:41,https://i0.hdslb.com/bfs/archive/2c33bb55c63eee3445ca17863ef9eb8bbe6a9480.png,女流-2020.3.18-仁王2
BV1F7411d7Ed,2020-03-19,2020-03-17,351:07,https://i0.hdslb.com/bfs/archive/d8e9867c5b051918564612a86fd7e247fe9abdd2.png,女流-2020.3.17-仁王2
BV1rE41137T9,2020-03-15,2020-03-13,373:49,https://i0.hdslb.com/bfs/archive/0395df3b230fe3f4df568ce860be4890b07d2677.png,女流-2020.3.13-奥日2&仁王2
BV1S7411f7z4,2020-03-15,2020-03-14,370:17,https://i0.hdslb.com/bfs/archive/d8e9867c5b051918564612a86fd7e247fe9abdd2.png,女流-2020.3.14-仁王2
BV1JE411V7UE,2020-03-14,2020-03-12,448:51,https://i0.hdslb.com/bfs/archive/0395df3b230fe3f4df568ce860be4890b07d2677.png,女流-2020.3.12-奥日2
BV1JE411K7ZD,2020-03-11,2020-03-10,272:58,https://i0.hdslb.com/bfs/archive/f51542bda202622fe22d60f965e6af7245b9d417.png,女流-2020.3.10-吟诵者
BV1KE411u7Tz,2020-03-08,2020-03-07,349:41,https://i0.hdslb.com/bfs/archive/f51542bda202622fe22d60f965e6af7245b9d417.png,女流-2020.03.7-吟诵者
BV1kE411p7yM,2020-03-07,2020-03-06,314:58,https://i0.hdslb.com/bfs/archive/f51542bda202622fe22d60f965e6af7245b9d417.png,女流-2020.03.6-吟诵者
BV1NE411s7BL,2020-03-06,2020-03-04,436:41,https://i0.hdslb.com/bfs/archive/c12ad09043922d051bfd870f1c2bd6a1bef392b6.png,女流-2020.3.4-月影之塔
BV1xE41177w5,2020-03-03,2020-03-02,337:41,https://i0.hdslb.com/bfs/archive/15c25860b60b4b42ae699cfd5029f44715bcfe79.png,女流-2020.3.2-陶艺大师
BV1JE411n7Lj,2020-03-01,2020-02-29,287:23,https://i0.hdslb.com/bfs/archive/503cf88612a0145893c8f69c519b615010c3fb0a.png,女流-2020.2.29-雀魂
BV16E411H7UR,2020-02-28,2020-02-28,352:26,https://i0.hdslb.com/bfs/archive/d073ca8f0236ea9bae9ebf666e270cedaeb947be.png,女流-2020.2.28-雀魂
BV187411M7dg,2020-02-25,2020-02-25,209:53,https://i0.hdslb.com/bfs/archive/c91bb38cdad912626a88f5c6c82fb3137852fb39.png,女流-2020.2.25-聊一百块钱的
BV1m7411u7rz,2020-02-24,2020-02-24,104:16,https://i0.hdslb.com/bfs/archive/74ba6da4169be3517742d771843975ec9a1a9b23.png,女流-2020.2.24-疫情防控知识问答
BV1i7411M7ZD,2020-02-23,2020-02-23,337:23,https://i0.hdslb.com/bfs/archive/aed5e8f1d539d42cca7db0fcfba84d06d43d1322.png,女流-2020.2.23-符文工坊4模拟经营
BV1Tj411f7qu,2020-02-22,2020-02-21,365:08,https://i0.hdslb.com/bfs/archive/aed5e8f1d539d42cca7db0fcfba84d06d43d1322.png,女流-2020.2.21-符文工坊4模拟经营
BV1K7411w7RL,2020-02-20,2020-02-20,346:40,https://i0.hdslb.com/bfs/archive/aed5e8f1d539d42cca7db0fcfba84d06d43d1322.png,女流-2020.2.20-符文工坊4模拟经营
BV197411c7Hf,2020-02-20,2020-02-19,370:19,https://i0.hdslb.com/bfs/archive/aed5e8f1d539d42cca7db0fcfba84d06d43d1322.png,女流-2020.2.19-符文工坊4模拟经营
BV1K741177ik,2020-02-17,2020-02-16,392:05,https://i0.hdslb.com/bfs/archive/aed5e8f1d539d42cca7db0fcfba84d06d43d1322.png,女流-2020.2.16-符文工坊4模拟经营
BV1F7411n7pp,2020-02-15,2020-02-15,200:08,https://i0.hdslb.com/bfs/archive/aed5e8f1d539d42cca7db0fcfba84d06d43d1322.png,女流-2020.2.15-符文工坊4模拟经营
BV117411g7hw,2020-02-14,2020-02-13,386:33,https://i0.hdslb.com/bfs/archive/5dc9e889b2e2fb6dce837f844064f47bd623c065.png,女流-2020.2.13-符文工坊4模拟经营
BV1A741157Es,2020-02-10,2020-02-10,359:54,https://i0.hdslb.com/bfs/archive/5dc9e889b2e2fb6dce837f844064f47bd623c065.png,女流-2020.2.10-符文工坊4模拟经营
BV1S7411t7Qc,2020-02-08,2020-02-08,199:49,https://i0.hdslb.com/bfs/archive/5dc9e889b2e2fb6dce837f844064f47bd623c065.png,女流-2020.2.8-符文工坊4模拟经营
BV15741187RL,2020-02-07,2020-02-07,330:00,https://i0.hdslb.com/bfs/archive/5dc9e889b2e2fb6dce837f844064f47bd623c065.png,女流-2020.2.7-符文工坊4模拟经营
BV197411h7TE,2020-02-06,2020-02-05,381:42,https://i0.hdslb.com/bfs/archive/5dc9e889b2e2fb6dce837f844064f47bd623c065.png,女流-2020.2.5-符文工坊4模拟经营
BV1o7411H7Fy,2020-02-05,2020-02-04,383:15,https://i0.hdslb.com/bfs/archive/5dc9e889b2e2fb6dce837f844064f47bd623c065.png,女流-2020.2.4-符文工坊4模拟经营
BV1J7411p7gQ,2020-02-03,2020-02-03,226:54,https://i0.hdslb.com/bfs/archive/92a9c97e130fbfbf7e8ddd03ced96bfea777cf41.png,女流-2020.2.3-宅就是一种能力
BV1n7411v7rm,2020-01-19,2020-01-19,511:15,https://i0.hdslb.com/bfs/archive/31c105c37f96f75f0b8fe4b5092f33ba20372ec2.png,女流-2020.1.19-心灵砒霜
BV1CJ411E7Nz,2020-01-17,2020-01-16,281:28,https://i0.hdslb.com/bfs/archive/d184213fbce32a080af3a1e1d62b1ca1fe4c5d66.png,女流-2020.1.16-时光之帽
BV1gJ411J7h3,2020-01-14,2020-01-13,258:45,https://i0.hdslb.com/bfs/archive/bdf519ee9e22a2546947cb749dba59a420f57e22.png,女流-2020.1.13-K起来
BV1hJ411n7Ti,2020-01-12,2020-01-12,532:28,https://i0.hdslb.com/bfs/archive/20bd7a272c46c73cf3a4e37a72725e6c6a3decef.png,女流-2020.1.12-心灵砒霜
BV1oJ411L7VX,2020-01-05,2020-01-05,515:23,https://i0.hdslb.com/bfs/archive/44f64c30398ff01b72102c058ef71d6329070d59.png,女流-2020.1.5-心灵砒霜
BV1XJ411j7Vn,2020-01-03,2020-01-03,292:42,https://i0.hdslb.com/bfs/archive/598d21526fdcf14ee12eb8f19ae3b737d91af63f.png,女流-2020.1.3-莎木3
BV1uJ411j726,2020-01-02,2020-01-02,240:10,https://i0.hdslb.com/bfs/archive/bf542055efe207a1dca8ffc1c3cc0951a5eaecbd.png,女流-2020.1.2-莎木3
BV1GJ411j7b7,2020-01-02,2020-01-02,247:15,https://i0.hdslb.com/bfs/archive/bf542055efe207a1dca8ffc1c3cc0951a5eaecbd.png,女流-2020.1.2-莎木3
BV18J411b7op,2020-01-01,2020-01-01,65:29,https://i0.hdslb.com/bfs/archive/0175ba0fa5e3cb23584d504b244c5ad3be2575bb.png,女流-2020.1.1-新年快乐
BV1QJ411871c,2019-12-30,2019-12-29,504:53,https://i0.hdslb.com/bfs/archive/280eb0f7cce237209cf23d56e17f4d9b98498628.png,女流-2019.12.29-心灵砒霜&弹幕版
BV15J411e7FA,2019-12-27,2019-12-27,195:51,https://i0.hdslb.com/bfs/archive/0181bf815057d2c481518ef751235a3284f6dc68.png,女流-2019.12.27-你的脑年龄是几岁
BV16J411s7qn,2019-12-22,2019-12-22,443:24,https://i0.hdslb.com/bfs/archive/66c987ec5c84843c540e4108e3c793fa35966e03.png,女流-2019.12.22-心灵砒霜
BV1WJ41147ne,2019-12-21,2019-12-20,237:04,https://i0.hdslb.com/bfs/archive/de1e8ff9e6686f00eec1613095325ffe23ebbe71.png,女流-2019.12.20-Feel The Snow&Ashen
BV14J41147wq,2019-12-21,2019-12-21,229:38,https://i0.hdslb.com/bfs/archive/de1e8ff9e6686f00eec1613095325ffe23ebbe71.png,女流-2019.12.21- Ashen
BV17J411t7C2,2019-12-18,2019-12-18,284:30,https://i0.hdslb.com/bfs/archive/dbf1f04306edd57ae92ca29ea11c1f214325989e.png,女流-2019.12.18-Raft
BV1dJ411y7DA,2019-12-16,2019-12-10,354:00,https://i0.hdslb.com/bfs/archive/9ec82cafab660413caf603ec941c547ade833fd0.png,女流-2019.12.10-Deliver Us The Moon
BV1TJ41167Ev,2019-12-15,2019-12-15,509:33,https://i0.hdslb.com/bfs/archive/03dd8e586615a4ae6a06f932721ef4dbb4744fcb.png,女流-2019.12.15-心灵砒霜
BV1CJ411C74Z,2019-12-13,2019-12-13,229:53,https://i0.hdslb.com/bfs/archive/ef120bd77edb51212ec3c0e1ebf0abf34d30d31f.png,女流-2019.12.13-Raft姐弟大海漂流记
BV1rJ411y7ts,2019-12-10,2019-12-09,224:41,https://i0.hdslb.com/bfs/archive/5cdfdc340fcec8ed37596a457cc6c07536fd5356.png,女流-2019.12.9-佩奇的唱歌歌友会
BV1yJ411v7zb,2019-12-08,2019-12-08,518:55,https://i0.hdslb.com/bfs/archive/dc74e64e18ee4698528195ada6b21fe8d349b8f4.png,女流-2019.12.8-心灵砒霜
BV16J411q7GJ,2019-12-03,2019-12-03,110:02,https://i0.hdslb.com/bfs/archive/98f5bd1c4320d9874889ded5236cb8ee9e167344.png,女流-2019.12.3-系统认证的好听
BV1QJ411z7qP,2019-12-02,2019-12-02,222:58,https://i0.hdslb.com/bfs/archive/9d209450130922691dcf41cc86857fa40649cb21.png,女流-2019.12.2-担架拍档
BV1JJ411z7HY,2019-12-01,2019-12-01,484:40,https://i0.hdslb.com/bfs/archive/8a92cb3c4676748518098e826c54d1dc96ed4d18.png,女流-2019.12.1-心灵砒霜
BV1nJ411Q77f,2019-11-29,2019-11-26,275:18,https://i0.hdslb.com/bfs/archive/32d0a5770871c097745ab26284b453701211cf58.png,女流-2019.11.26-Tangle Tower
BV1YJ411Q7ZQ,2019-11-29,2019-11-29,186:00,https://i0.hdslb.com/bfs/archive/b81f1902842017668073a51a100ac2bdfe9a34be.png,女流-2019.11.29-Farmers Dynasty
BV1AJ411R7fz,2019-11-24,2019-11-24,213:56,https://i0.hdslb.com/bfs/archive/e812fba5893efc91fc00c162cb182313ddb2a600.png,女流-2019.11.24-怪物猎人狩猎季
BV1WJ411d7Gt,2019-11-22,2019-11-22,232:44,https://i0.hdslb.com/bfs/archive/d84377423f84df06dbfe8159ee8e4531323192d3.png,女流-2019.11.22-Tangle Tower
BV1uJ41127q4,2019-11-20,2019-11-20,294:34,https://i0.hdslb.com/bfs/archive/9b966be268c3a30d06feeaf326953d1ae0b19b66.png,女流-2019.11.20-We were here together
BV1RJ41127Hy,2019-11-17,2019-11-17,508:25,https://i0.hdslb.com/bfs/archive/a65f34bbb36381e6a3e0fd6e63ef546b452103af.png,女流-2019.11.17-心灵砒霜
BV11J411S7Yu,2019-11-13,2019-11-13,280:09,https://i0.hdslb.com/bfs/archive/3710e1f1fa807b192b1aaefd3fa403a26ced9d08.png,女流-2019.11.13-死亡搁浅
BV1PE411e7Gv,2019-11-11,2019-11-07,102:02,https://i0.hdslb.com/bfs/archive/6d10d310522afc8925f980cd135a0f0ad1ecb354.png,女流-2019.11.7-没有信号，主要靠听
BV1mE411Y7Rk,2019-11-10,2019-11-10,360:46,https://i0.hdslb.com/bfs/archive/0f83fa588e19dba7dcf63bfaccfcfa71590e4237.png,女流-2019.11.10-心灵砒霜
BV1kE411v7Uc,2019-11-10,2019-11-09,256:03,https://i0.hdslb.com/bfs/archive/711747ffd3d4337cb88af880825828f21fe345a0.png,女流-2019.11.9-死亡搁浅
BV1hE411i7FV,2019-11-06,2019-11-05,227:31,https://i0.hdslb.com/bfs/archive/edb1a5cbf1927f17fde3ee1b21d2463069f01e79.png,女流-2019.11.5-路易吉鬼屋3
BV1qE411q7fU,2019-11-03,2019-11-03,536:47,https://i0.hdslb.com/bfs/archive/ae204dc0112902b2fcb35df88bc9d8a61676797f.png,女流-2019.11.3-心灵砒霜
BV12E411t7Xd,2019-11-02,2019-11-01,403:09,https://i0.hdslb.com/bfs/archive/811ef07d8462cf5b57f9e4cfc82631e98e426036.png,女流-2019.11.1-马力欧与索尼克 AT 2020东京奥运
BV1GE41187Lu,2019-10-31,2019-10-31,262:28,https://i0.hdslb.com/bfs/archive/edb1a5cbf1927f17fde3ee1b21d2463069f01e79.png,女流-2019.10.31-路易吉鬼屋3
BV1nE411Y7os,2019-10-27,2019-10-27,509:29,https://i0.hdslb.com/bfs/archive/8afec8ee3672437b3ffceb964af5fb5806d32142.png,女流-2019.10.27-心灵砒霜
BV1bE411175p,2019-10-25,2019-10-25,250:59,https://i0.hdslb.com/bfs/archive/610a790a940c2bd5729ed1a777cf10d4345dbf9b.png,女流-2019.10.25-牧场物语：重聚矿石镇
BV1aE411y7MH,2019-10-23,2019-10-23,223:39,https://i0.hdslb.com/bfs/archive/3dcae6d0e7cc733e2dd440c949a735f866a9e15f.png,女流-2019.10.23-牧场物语：重聚矿石镇
BV1rE41127q4,2019-10-22,2019-10-21,459:57,https://i0.hdslb.com/bfs/archive/3dcae6d0e7cc733e2dd440c949a735f866a9e15f.png,女流-2019.10.21-牧场物语：重聚矿石镇
BV1NE411r7CE,2019-10-21,2019-10-20,393:26,https://i0.hdslb.com/bfs/archive/3dcae6d0e7cc733e2dd440c949a735f866a9e15f.png,女流-2019.10.20-牧场物语：重聚矿石镇
BV1uE411k7gR,2019-10-18,2019-10-18,218:35,https://i0.hdslb.com/bfs/archive/3dcae6d0e7cc733e2dd440c949a735f866a9e15f.png,女流-2019.10.18-健身环大冒险&牧场物语：重聚矿石镇
BV1XE411r745,2019-10-18,2019-10-17,321:40,https://i0.hdslb.com/bfs/archive/610a790a940c2bd5729ed1a777cf10d4345dbf9b.png,女流-2019.10.17-牧场物语：重聚矿石镇
BV1CE411C7eh,2019-10-16,2019-10-16,120:02,https://i0.hdslb.com/bfs/archive/e9757cfa7511555ab73cdad54b9c0e943953d8e9.png,女流-2019.10.16-《西游记之大圣归来》体验会
BV1vE411d7zd,2019-10-13,2019-10-13,474:19,https://i0.hdslb.com/bfs/archive/40b8eb2ca7b1d0f254d6a33c62b0757e5917c3df.png,女流-2019.10.13-心灵砒霜
BV1xE411o7k2,2019-10-10,2019-10-09,280:28,https://i0.hdslb.com/bfs/archive/4bad91cabdff7deea3f09695de5e49f8ac4d5dab.png,女流-2019.10.9-Trine 4
BV1VJ411c79i,2019-10-07,2019-10-07,240:11,https://i0.hdslb.com/bfs/archive/ff3ea0abc50dddd124a30b566463e64fafffc2fc.png,女流--2019.10.7-过山车之星
BV12J411F7By,2019-10-06,2019-10-06,563:49,https://i0.hdslb.com/bfs/archive/fc53b847ce3f8d6be13d9618b53bddbabf337247.png,女流-2019.10.6-心灵砒霜
BV15E411D7BD,2019-10-04,2019-10-03,266:56,https://i0.hdslb.com/bfs/archive/ff3ea0abc50dddd124a30b566463e64fafffc2fc.png,女流-2019.10.3-过山车之星
BV12E411X7ZL,2019-09-30,2019-09-30,386:54,https://i0.hdslb.com/bfs/archive/d27e5168788b6a63192ce28bebb38f9010328d16.png,女流-2019.09.30-Green Hell
BV1gE411R78H,2019-09-28,2019-09-28,307:35,https://i0.hdslb.com/bfs/archive/6502a6b04b6f830d95ea866ee1edbbcbf5470625.png,女流-2019.09.28-Green Hell
BV1cJ411T7jG,2019-09-25,2019-09-25,240:13,https://i0.hdslb.com/bfs/archive/e1b3259638938b795cd6193a0552a4c5f46b27dd.png,女流-2019.9.25-A Short Hike
BV1oJ411M7bm,2019-09-24,2019-09-23,269:17,https://i0.hdslb.com/bfs/archive/9ba72e2c5d1ddbd6b7255ac22ec21c57760ebaa5.png,女流-2019.09.23-塞尔达传说 织梦岛
BV13J411M7Jh,2019-09-22,2019-09-22,520:10,https://i0.hdslb.com/bfs/archive/6fe1074f22fa065831b692674d96db3d6fe845c4.png,女流-2019.9.22-心灵砒霜
BV1aJ411u7Ty,2019-09-20,2019-09-20,240:09,https://i0.hdslb.com/bfs/archive/9ba72e2c5d1ddbd6b7255ac22ec21c57760ebaa5.png,女流-2019.9.20-塞尔达传说 织梦岛
BV19J411c7Mb,2019-09-16,2019-09-15,469:05,https://i0.hdslb.com/bfs/archive/21c9ca83414362a6f3a40a159835bf3d72de30e6.png,女流-2019.9.15-心灵砒霜
BV1sJ411A7eJ,2019-09-14,2019-09-14,287:28,https://i0.hdslb.com/bfs/archive/3319d13bf5646c07f50d117b951d054f5c6f76da.png,女流-2019.9.14-怪物猎人：世界 冰原
BV1JJ411P7pn,2019-09-11,2019-09-10,255:19,https://i0.hdslb.com/bfs/archive/3319d13bf5646c07f50d117b951d054f5c6f76da.png,女流 -2019.9.10-怪物猎人：世界 冰原
BV12J411N768,2019-09-09,2019-09-09,483:18,https://i0.hdslb.com/bfs/archive/43559d2c45b4ac3d4c61e5af631e2aab8d63cb56.png,女流-2019.9.9-心灵砒霜&弹幕版
BV1r4411y74c,2019-09-05,2019-09-05,235:47,https://i0.hdslb.com/bfs/archive/51e9adc01a75604474f7f22469453d8c2637b6ce.png,女流-2019.9.5-大雄好久不见
BV1T441127f2,2019-09-03,2019-09-03,224:56,https://i0.hdslb.com/bfs/archive/3462b6e62876035171b31e621d38f635b4c1e205.png,女流-2019.9.3-双人配合Heave Ho
BV1i4411274R,2019-08-30,2019-08-30,318:42,https://i0.hdslb.com/bfs/archive/c36ca48e5e5033782d75bb522004528621df8aeb.png,女流-2019.8.30-Heave Ho&死神对决
BV1q4411z7rq,2019-08-28,2019-08-27,303:21,https://i0.hdslb.com/bfs/archive/523cc592b7fc5b39563fd15a3f4215a5729bfa99.png,女流-2019.8.27-Control
BV1M441167b5,2019-08-25,2019-08-25,492:17,https://i0.hdslb.com/bfs/archive/096230aee3cb9d9ef3fe48df8a22f6951553321a.png,女流-2019.8.25-心灵砒霜&弹幕版
BV1T4411k7hq,2019-08-24,2019-08-23,283:21,https://i0.hdslb.com/bfs/archive/3dfc55f29efd93fed25cc090060dff4f45736c46.png,女流-2019.8.23-遗迹灰烬重生
BV1J4411d7L7,2019-08-20,2019-08-20,302:57,https://i0.hdslb.com/bfs/archive/784c951f8b75920689b32b7cfabbd9a1e3901359.png,女流-2019.8.20-牧场物语
BV1W4411o7R3,2019-08-18,2019-08-18,600:27,https://i0.hdslb.com/bfs/archive/73c171f32b6ef94731f8883cb33c3f03d24f13a2.png,女流-2019.8.18-心灵砒霜
BV1K4411S7tp,2019-08-16,2019-08-15,302:18,https://i0.hdslb.com/bfs/archive/7d8d7654656de0cb2f1c33f34dafa2b538b5cdb4.png,女流-2019.8.15-疑案追声中元节特别版&牧场物语
BV1S4411S7Yg,2019-08-13,2019-08-12,88:08,https://i0.hdslb.com/bfs/archive/5a306139f6612dcef06f06c791d6cbac90981720.jpg,女流-2019.8.12-挑战麦迪时刻
BV1gt411N7Rx,2019-08-07,2019-08-07,293:51,https://i0.hdslb.com/bfs/archive/7efcc332d9e41027de5f3cd4aaf5a8167ee168b5.png,女流-2019.8.7-Jump King
BV1ot411K79A,2019-08-06,2019-08-06,305:56,https://i0.hdslb.com/bfs/archive/9f39af0a075471a9efdb72c7cdb214d1a968bff9.png,女流-2019.8.6-牧场物语
BV1st411K7KK,2019-08-05,2019-08-05,341:48,https://i0.hdslb.com/bfs/archive/88044c405da21adb563cc23ad98bb0a35445b718.png,女流-2019.8.5-牧场物语
BV1Tt411M7Mj,2019-08-04,2019-08-04,535:15,https://i0.hdslb.com/bfs/archive/28919f755bfaf00b887f98bc46d1d8f9888a25c1.png,女流-2019.8.4-心灵砒霜
BV1Wt411u7cu,2019-08-02,2019-07-30,332:16,https://i0.hdslb.com/bfs/archive/845c9e36b33a7b52b9452d1d8304ed849cde45ba.png,女流-2019.7.30-牧场物语，不种地是不可能的
BV1i4411f7N2,2019-07-31,2019-07-29,115:38,https://i0.hdslb.com/bfs/archive/4ac858cc690dd4fbd8aa426c6a1533a1df75ec7f.png,女流-2019.7.29-天下第一斗歌大会
BV17t411A7P7,2019-07-29,2019-07-28,501:31,https://i0.hdslb.com/bfs/archive/de0e5fe1089a47bfa0853514ca29b515ccb4a736.png,女流-2019.7.28-心灵砒霜
BV1zt411P7Ak,2019-07-27,2019-07-26,403:58,https://i0.hdslb.com/bfs/archive/45731e8235998be69624ce019a8ffaea7ff26a33.png,女流-2019.7.26-2020东京奥运，66号选手请准备
BV1zt41177Su,2019-07-23,2019-07-22,505:14,https://i0.hdslb.com/bfs/archive/ce706276656d8327abda25d3dee3e3899fa3fc6d.png,女流-2019.7.22-心灵砒霜
BV1pt411J7BS,2019-07-22,2019-07-21,206:25,https://i0.hdslb.com/bfs/archive/0a62a551099c5e1c2a3824e08ebc5ecdef686d6b.png,女流-2019.7.21-天下第一斗歌大会
BV1bt411J7v5,2019-07-22,2019-07-20,245:37,https://i0.hdslb.com/bfs/archive/2555ba361a8f85497e2e379800dd3dec5f00fd3d.png,女流-2019.7.20-天下第一斗歌大会
BV1wt41157kN,2019-07-14,2019-07-14,350:24,https://i0.hdslb.com/bfs/archive/8e07c7b9ceaef055cdc217f4acd5deabd3497390.png,女流-2019.7.14-心灵砒霜
BV1st411L7Me,2019-07-12,2019-07-12,264:40,https://i0.hdslb.com/bfs/archive/468c4a3c0eb9a7041b05838d36974ab7b324e0ad.png,女流-2019.7.12-Northgard
BV1ex411f7Yt,2019-07-10,2019-07-10,208:56,https://i0.hdslb.com/bfs/archive/63d6108c6d75ac77a40b78564d95cb36fa6a24ba.png,女流-2019.7.10-Sky Noon &人类一败涂地
BV1G4411F7g3,2019-07-07,2019-07-07,65:58,https://i0.hdslb.com/bfs/archive/3fdda000b7d012432b91543fda07b60ca68a8b96.png,女流-2019.7.7-戏说封神第二十一期
BV134411F7Sy,2019-07-07,2019-07-07,519:52,https://i0.hdslb.com/bfs/archive/7e4bcac724b8043c3a6a0237d807cf8189265364.png,女流-2019.7.7-心灵砒霜
BV1Kx41197Qe,2019-07-02,2019-07-02,239:53,https://i0.hdslb.com/bfs/archive/8034d70bcbe353233c859a384ad5f785a843f70c.png,女流-2019.7.2-Bossgard
BV16x411R7qk,2019-06-30,2019-06-30,256:28,https://i0.hdslb.com/bfs/archive/c4b6df6fc865dab6f2243176232376d18504094a.png,女流-2019.6.30-心灵砒霜
BV1ox41197iS,2019-06-29,2019-06-29,234:10,https://i0.hdslb.com/bfs/archive/90d1c9305eca4eaa5516593646dec6cdfa1e8ba0.png,女流-2019.6.29-非常英雄
BV1Yx41197E8,2019-06-28,2019-06-28,273:12,https://i0.hdslb.com/bfs/archive/a34f6335c638a531755db402c0f031e1f538c94d.png,女流-2019.6.28--HARDCORE MECHA
BV1wx411d7Ze,2019-06-26,2019-06-26,249:12,https://i0.hdslb.com/bfs/archive/90300e783ad1aadfae0d1bb6366572ceaaf7cd3f.png,女流-2019.6.26-My Friend Pedro
BV1Lx411Z7Ph,2019-06-25,2019-06-25,274:02,https://i0.hdslb.com/bfs/archive/a42ecc58513dd61ea4668129b3edd4e6d16ed823.png,女流-2019.6.25-圣书物语
BV1rx411o76r,2019-06-24,2019-06-24,263:42,https://i0.hdslb.com/bfs/archive/b3ea3622f4bc8a1324ed39b44c34447386983b4c.png,女流-2019.6.24-节奏海拉鲁
BV1bx411o7HP,2019-06-24,2019-06-18,61:27,https://i0.hdslb.com/bfs/archive/3fdda000b7d012432b91543fda07b60ca68a8b96.png,女流-2019.6.18-戏说封神第十九期
BV1Yx411o7FT,2019-06-24,2019-06-23,67:10,https://i0.hdslb.com/bfs/archive/3fdda000b7d012432b91543fda07b60ca68a8b96.png,女流-2019.6.23-戏说封神第二十期
BV1H4411g7zT,2019-06-23,2019-06-23,506:46,https://i0.hdslb.com/bfs/archive/aa9af3b1e2841b7ba2e83becf65f228a4a45f77c.png,女流-2019.6.23-心灵砒霜
BV1y4411u7TP,2019-06-22,2019-06-22,215:53,https://i0.hdslb.com/bfs/archive/b44148742e97227a07e3b76ddbc15bccd1dba3a1.png,女流-2019.6.22-Sky光·遇&节奏海拉鲁
BV1C441137BE,2019-06-21,2019-06-21,222:00,https://i0.hdslb.com/bfs/archive/51de31f28f2aee6dec80e20761285fddfeaaf355.png,女流-2019.6.21-东方驾考模拟器
BV1G44113724,2019-06-20,2019-06-20,300:06,https://i0.hdslb.com/bfs/archive/0f7f577d4379020559dd7d261b189af1ece95759.png,女流-2019.6.20-全面战争模拟器
BV1e4411g7cP,2019-06-19,2019-06-19,218:39,https://i0.hdslb.com/bfs/archive/7672b8e84cade514bea9e437ba84c22a7263ddb6.png,女流-2019.6.19-Pummel Party
BV1W4411G7vi,2019-06-18,2019-06-17,544:46,https://i0.hdslb.com/bfs/archive/e8079c0da5108737423a66a01439aea92f2b00cd.png,女流-2019.6.17-作业疯了
BV124411G7pu,2019-06-18,2019-06-18,266:17,https://i0.hdslb.com/bfs/archive/c5c3c0c708aca3ae79df6b56a350b7069eb4a050.png,女流-2019.6.18-疑案追声
BV1x441157fe,2019-06-16,2019-06-16,517:04,https://i0.hdslb.com/bfs/archive/92921fc4f9f6cf16bd8a2fbbc10db3ec62c02f18.png,女流-2019.6.16-心灵砒霜
BV1Q4411P7M4,2019-06-14,2019-06-13,442:51,https://i0.hdslb.com/bfs/archive/74aa236cab1abf0c65058c45027b8999a6581c04.png,女流-2019.6.13-E3游戏展现场
BV194411N7Lv,2019-06-10,2019-06-10,299:45,https://i0.hdslb.com/bfs/archive/bbd5833edba837a930eb628734fb213dd3640cf0.png,女流-2019.6.10-Cooking Simulator&全面战争模拟器
BV1v4411N7wX,2019-06-09,2019-06-09,418:09,https://i0.hdslb.com/bfs/archive/442a356d253d01697f7058c17447354eb9e500b3.png,女流-2019.6.9-心灵砒霜
BV184411T7ZA,2019-06-08,2019-06-08,265:01,https://i0.hdslb.com/bfs/archive/d22acf08824cd5c5a4fa144e6548c72c96c6c970.png,女流-2019.6.8-Cooking Simulator
BV1Q4411M7uK,2019-06-06,2019-06-06,174:12,https://i0.hdslb.com/bfs/archive/9bf48377f94fd436a6a5b1e53d87be374b1182c4.png,女流-2019.6.6-回家浪里个啷
BV1g4411H7fs,2019-06-03,2019-06-03,212:52,https://i0.hdslb.com/bfs/archive/fdcc4a8b39f01d1022edd09715dc4ed3233d93d7.png,女流-2019.6.3-Sea of Thieves
BV1i4411n7qg,2019-06-02,2019-06-01,73:05,https://i0.hdslb.com/bfs/archive/2945fde8e2cfaec3c8a79f361d06a954a89442f2.png,女流-2019.6.1-猫和老鼠欢乐公测
BV1C4411n7VV,2019-06-02,2019-06-02,210:37,https://i0.hdslb.com/bfs/archive/b59426efd2a525404ead12add9b0aa18619257f1.png,女流-2019.6.2-心灵砒霜
BV1C4411H7vD,2019-05-30,2019-05-30,93:31,https://i0.hdslb.com/bfs/archive/b10246c24ce230c13e1aad3019dc390fc5274f50.png,女流-2019.5.30-全面战争模拟器
BV1S4411W7S8,2019-05-29,2019-05-29,224:35,https://i0.hdslb.com/bfs/archive/0f4a3c2a28f89ec02b00cb29e4cb9cc73aff1b44.png,女流-2019.5.29-Sea of Thieves
BV1n4411W7WB,2019-05-28,2019-05-28,94:13,https://i0.hdslb.com/bfs/archive/3fdda000b7d012432b91543fda07b60ca68a8b96.png,女流-2019.5.28-戏说封神第十八期
BV1H4411W7PL,2019-05-28,2019-05-28,251:05,https://i0.hdslb.com/bfs/archive/8a57331c17d81bff22b4cd72b7ae2e205faad417.png,女流-2019.5.28-Sea of Thieves
BV1K4411W7kj,2019-05-27,2019-05-27,257:21,https://i0.hdslb.com/bfs/archive/d3c43b07028de25312eac896ed8534bed9a13816.png,女流-2019.5.27-Sea of Thieves
BV1w4411x7Bm,2019-05-26,2019-05-26,71:21,https://i0.hdslb.com/bfs/archive/3fdda000b7d012432b91543fda07b60ca68a8b96.png,女流-2019.5.26-戏说封神第十七期
BV1V4411x7x6,2019-05-26,2019-05-26,491:55,https://i0.hdslb.com/bfs/archive/acb0337c58da18dfec700ed058afb54d6aa87172.png,女流-2019.5.26-心灵砒霜
BV1N4411s7XZ,2019-05-24,2019-05-24,212:20,https://i0.hdslb.com/bfs/archive/249c35a3d7a05b4012b58c33b35af9e4a1d86f35.png,女流-2019.5.24-王国之心
BV1w4411L7yq,2019-05-22,2019-05-22,240:15,https://i0.hdslb.com/bfs/archive/a4934b093c855c3a5e3ebcfc388b2b49241d359d.png,女流-2019.5.22-瘟疫传说
BV1F4411L7Uu,2019-05-22,2019-05-22,59:22,https://i0.hdslb.com/bfs/archive/3fdda000b7d012432b91543fda07b60ca68a8b96.png,女流-2019.5.22-戏说封神第十六期
BV1N441177tc,2019-05-21,2019-05-21,229:01,https://i0.hdslb.com/bfs/archive/ce01164e9ba43f4e3e9e703caa6e79dc3776bdf8.png,女流-2019.5.21-瘟疫传说
BV1i4411j71Y,2019-05-20,2019-05-20,235:44,https://i0.hdslb.com/bfs/archive/d0a5dc161f98578dbf5f10ff20a4eac7674b66ff.png,女流-2019.5.20-瘟疫传说
BV1C4411j78u,2019-05-20,2019-05-20,65:17,https://i0.hdslb.com/bfs/archive/3fdda000b7d012432b91543fda07b60ca68a8b96.png,女流-2019.5.20-戏说封神第十五期
BV1K4411j7tn,2019-05-19,2019-05-19,287:00,https://i0.hdslb.com/bfs/archive/46919321742dee4c26da9c2a041029bb47c0c9a6.png,女流-2019.5.19-心灵砒霜
BV1C441177wc,2019-05-17,2019-05-17,87:37,https://i0.hdslb.com/bfs/archive/3fdda000b7d012432b91543fda07b60ca68a8b96.png,女流-2019.5.17-戏说封神第十四期
BV1C4411774y,2019-05-17,2019-05-17,219:32,https://i0.hdslb.com/bfs/archive/f3d7f51c8fcf396e21449dcebc3056fb2fe3ef5c.png,女流-2019.5.17-瘟疫传说
BV1p4411J7Ja,2019-05-15,2019-05-15,42:00,https://i0.hdslb.com/bfs/archive/3fdda000b7d012432b91543fda07b60ca68a8b96.png,女流-2019.5.15-戏说封神第十三期
BV1L4411J7QT,2019-05-15,2019-05-15,224:46,https://i0.hdslb.com/bfs/archive/20efb8677bc79326e192ec14c6e0bcdb7ec676b9.png,女流-2019.5.15-和老七玩玩丫嗦
BV1S4411E7VC,2019-05-14,2019-05-14,281:41,https://i0.hdslb.com/bfs/archive/cc643bac15a0ee2e968c0c418c9458ed3862e56d.png,女流-2019.5.14-Winkeltje&你点我唱
BV1d4411a7Jm,2019-05-13,2019-05-13,237:33,https://i0.hdslb.com/bfs/archive/5f7b9bb5b90007370a0cc18637e8e8e648252fd5.png,女流-2019.5.13-Winkeltje
BV1V4411a7ea,2019-05-12,2019-05-12,10:17,https://i0.hdslb.com/bfs/archive/3fdda000b7d012432b91543fda07b60ca68a8b96.png,女流-2019.5.12-戏说封神番外-土行孙和邓婵玉不得不说的故事
BV1V4411a7FK,2019-05-12,2019-05-12,456:11,https://i0.hdslb.com/bfs/archive/0dc31464ff54010fe7159c53c2c5013c6eb5516c.png,女流-2019.5.12-心灵砒霜
BV154411e7i1,2019-05-11,2019-05-11,210:02,https://i0.hdslb.com/bfs/archive/67b6b00c80e1a21360c5c76c5c729c221882c612.png,女流-2019.5.11-北京核聚变现场
BV1v4411Y7Mt,2019-05-10,2019-05-10,72:48,https://i0.hdslb.com/bfs/archive/3fdda000b7d012432b91543fda07b60ca68a8b96.png,女流-2019.5.10-戏说封神第十二期
BV1U4411Y7LP,2019-05-10,2019-05-10,231:53,https://i0.hdslb.com/bfs/archive/2da647ff54defdadcbe953c8f13e16facd22683a.png,女流-2019.5.10-迷雾侦探&大富翁
BV1s4411v7Jy,2019-05-09,2019-05-08,312:05,https://i0.hdslb.com/bfs/archive/737689712c4bf7608a25fdf71964900648e0a5a1.png,女流-2019.5.8-迷雾侦探&大富翁
BV144411v7fj,2019-05-08,2019-05-08,76:43,https://i0.hdslb.com/bfs/archive/3fdda000b7d012432b91543fda07b60ca68a8b96.png,女流-2019.5.8-戏说封神第十一期
BV1H4411e7G8,2019-05-06,2019-05-06,83:31,https://i0.hdslb.com/bfs/archive/96e0d493d6286b8afb3f838b083ca704df481842.png,女流-2019.5.6-戏说封神第十期
BV1i4411i7aV,2019-05-05,2019-05-05,477:11,https://i0.hdslb.com/bfs/archive/43dd24ddf3d8bc74f071b91b1d33911c3a67fb4e.png,女流-2019.5.5-心灵砒霜
BV1N4411i7so,2019-05-04,2019-05-04,98:22,https://i0.hdslb.com/bfs/archive/3fdda000b7d012432b91543fda07b60ca68a8b96.png,女流-2019.5.4-戏说封神第九期
BV1A4411i7or,2019-05-04,2019-05-04,256:10,https://i0.hdslb.com/bfs/archive/8b546abe2e3529a7b14227d032ae5ba9a3147fa3.png,女流-2019-5.4-迷雾侦探
BV1q441147k2,2019-05-03,2019-05-03,254:00,https://i0.hdslb.com/bfs/archive/f2705c326a0d13c869d6f17fade685a353e75283.png,女流-2019.5.3-迷雾侦探
BV1b441147eg,2019-05-03,2019-05-03,83:09,https://i0.hdslb.com/bfs/archive/3fdda000b7d012432b91543fda07b60ca68a8b96.png,女流-2019.5.3-戏说封神第八期
BV1U4411t7m9,2019-05-01,2019-05-01,261:06,https://i0.hdslb.com/bfs/archive/f1468422b7a9fd5ff96bf0567efe61757a3b7b7e.png,女流-2019.5.1-迷雾侦探
BV1D4411t785,2019-05-01,2019-05-01,76:14,https://i0.hdslb.com/bfs/archive/3fdda000b7d012432b91543fda07b60ca68a8b96.png,女流-2019.5.1-戏说封神第七期
BV1x4411t7jW,2019-04-30,2019-04-30,262:42,https://i0.hdslb.com/bfs/archive/e215b5095acfabce62e15e1b538923967fd5a771.png,女流-2019.4.30-僵尸世界大战
BV134411t71r,2019-04-30,2019-04-30,17:27,https://i0.hdslb.com/bfs/archive/3fdda000b7d012432b91543fda07b60ca68a8b96.png,女流-2019.4.30-戏说封神第六期
BV1k441147xe,2019-04-29,2019-04-29,172:14,https://i0.hdslb.com/bfs/archive/e966833dc365938a77e44c17556f7a538e3a891d.png,女流-2019-4-29-Biped
BV1k441147HA,2019-04-29,2019-04-29,42:21,https://i0.hdslb.com/bfs/archive/3fdda000b7d012432b91543fda07b60ca68a8b96.png,女流-2019.4.29-戏说封神第五期
BV1Q4411b7NF,2019-04-28,2019-04-28,467:02,https://i0.hdslb.com/bfs/archive/04c0c84354e11f8920fca658e0ada3a48e67d623.png,女流-2019.4.28-心灵砒霜&弹幕版
BV1W4411b7FC,2019-04-27,2019-04-27,73:49,https://i0.hdslb.com/bfs/archive/3fdda000b7d012432b91543fda07b60ca68a8b96.png,女流-2019.4.27-戏说封神第四期
BV1H4411b7Va,2019-04-27,2019-04-27,100:03,https://i0.hdslb.com/bfs/archive/9bba4599903fb0f42a30e74358701ef3fa1abb23.png,女流-2019.4.27-聊天封神看电影
BV1z4411h7vN,2019-04-26,2019-04-26,78:10,https://i0.hdslb.com/bfs/archive/3fdda000b7d012432b91543fda07b60ca68a8b96.png,女流-2019.4.26-戏说封神第三期
BV1B4411h77p,2019-04-26,2019-04-26,266:43,https://i0.hdslb.com/bfs/archive/435d3503718a47bf03ec5343c156cbf8b0377f10.png,女流-2019.04.26-Hardware Engineers
BV19441187n4,2019-04-25,2019-04-23,52:35,https://i0.hdslb.com/bfs/archive/3fdda000b7d012432b91543fda07b60ca68a8b96.png,女流-2019.4.23-戏说封神第二期
BV19441187kU,2019-04-25,2019-04-21,30:22,https://i0.hdslb.com/bfs/archive/3fdda000b7d012432b91543fda07b60ca68a8b96.png,女流-2019.4.21-戏说封神第一期
BV1B441187wr,2019-04-24,2019-04-24,215:54,https://i0.hdslb.com/bfs/archive/3108a5486767d784f6146732ee1ef8a87d6e2f16.png,女流-2019.4.24-TrainValley2
BV1tb411G7AG,2019-04-23,2019-04-23,404:06,https://i0.hdslb.com/bfs/archive/b2ff54b36cd227cd5bf7cd14487c3935d0b0be27.png,女流-2019.4.23-武士零
BV1Vb411G7jv,2019-04-23,2019-04-22,332:58,https://i0.hdslb.com/bfs/archive/06418b842a7799794b635baba567cdb570a8c0dd.png,女流-2019.4.22-浮岛物语
BV1xb41137Dz,2019-04-21,2019-04-21,542:39,https://i0.hdslb.com/bfs/archive/9aeb321816cc3a4e2fe3d67782c7ad122b777856.png,女流-2019.4.21-心灵砒霜
BV1Sb411V7Vr,2019-04-21,2019-04-20,445:14,https://i0.hdslb.com/bfs/archive/354d05b28d73a82b0853c8775cf1286896eb8286.png,女流-2019.4.20-人类一败涂地&浮岛物语
BV1wb411V7C5,2019-04-19,2019-04-19,300:27,https://i0.hdslb.com/bfs/archive/770f64019d12f8ae78bf4a738337a6186007f96d.png,女流-2019.4.19-浮岛物语
BV1kb411573D,2019-04-17,2019-04-17,244:43,https://i0.hdslb.com/bfs/archive/38f5e9e3443666cbbdf2d987ced5d4502c4041fc.png,女流-2019.4.17-The Hunter
BV13b411574x,2019-04-16,2019-04-16,311:38,https://i0.hdslb.com/bfs/archive/19cb2beaf02691f5f967eeeab0dd94c5fdfbdc58.png,女流-2019.4.16-Supraland
BV19b411L7RX,2019-04-14,2019-04-14,456:39,https://i0.hdslb.com/bfs/archive/adcbada5998fdda4f0ff63de43e410bb83654ed3.png,女流-2019.4.14-心灵砒霜
BV1Mb411T7kd,2019-04-13,2019-04-13,255:57,https://i0.hdslb.com/bfs/archive/e9dce35984bb7113875a43664aff3275c59eda34.png,女流-2019.4.13-Supraland
BV1Bb411K7Eb,2019-04-12,2019-04-12,280:49,https://i0.hdslb.com/bfs/archive/485c9482ea3be4c908a5f0c843d88fe9bf27aec4.png,女流-2019.4.12-Supraland
BV1Eb411M78s,2019-04-10,2019-04-10,247:41,https://i0.hdslb.com/bfs/archive/04a88752d9ed785517135c440617530381c72ba0.png,女流-2019.4.10-VR游戏来一波
BV1Cb411T7kp,2019-04-09,2019-04-09,254:23,https://i0.hdslb.com/bfs/archive/4a063dc0be5753fe45ae3cb778fa047263929867.png,女流-2019.4.9-I Hate This Game
BV1hb411u7Sp,2019-04-07,2019-04-07,503:04,https://i0.hdslb.com/bfs/archive/04a61fc71da5a5e74f7dec03e8ac725e4bb7b3d6.png,女流-2019.4.7-心灵砒霜
BV1mb411M7pU,2019-04-06,2019-04-06,258:26,https://i0.hdslb.com/bfs/archive/763c2b31733fb1e296b0b805ec9c46c0680ac0d1.png,女流-2019.4.6-疑案追声&雨中暴毙2
BV1wb41137YB,2019-04-05,2019-04-05,261:32,https://i0.hdslb.com/bfs/archive/44e70a1107deb83472620f48fe6396d034061cef.png,女流-2019.4.5-雨中暴毙2
BV1Gb411W7ax,2019-04-03,2019-04-03,104:15,https://i0.hdslb.com/bfs/archive/a771586bc3bdbd3b39e076be019725131268aba9.png,女流-2019.4.3-游请制作人
BV1Rb411p7Gq,2019-04-02,2019-04-02,149:07,https://i0.hdslb.com/bfs/archive/7cff63a1bc9bf98d4ab711ad65944a673133b816.png,女流-2019.04.02-新浪游戏年度盛典
BV1Nb411s7RV,2019-03-30,2019-03-30,347:17,https://i0.hdslb.com/bfs/archive/fa1fd524f92266bd8e17091766eb62b218035c25.png,女流-2019.3.30-猫里奥
BV1Nb41147ZY,2019-03-29,2019-03-29,267:32,https://i0.hdslb.com/bfs/archive/374125e64fbaec31d2403e80263aceea6b295dd5.png,女流-2019.3.29-只狼&疑案追声
BV1vb411x715,2019-03-28,2019-03-28,363:29,https://i0.hdslb.com/bfs/archive/46778304413f5e8b16a8a1b93675164a4ee413bc.png,女流-2019.3.28-只狼
BV15b411x7ci,2019-03-27,2019-03-27,612:52,https://i0.hdslb.com/bfs/archive/94d251f58e01c7f412324032ddb4175b346ee927.png,女流-2019.3.27-只狼
BV18b411t7i5,2019-03-26,2019-03-26,65:43,https://i0.hdslb.com/bfs/archive/49cfbe4c5162e1850edd2256f68bb2d5705d93ef.png,女流-2019.3.26-《只狼》媒体体验会
BV1yb41147E3,2019-03-25,2019-03-24,240:10,https://i0.hdslb.com/bfs/archive/725a19b3d684f30227a5641bdc190831912c2b23.png,女流-2019.3.24-只狼
BV1Mb411t7GE,2019-03-25,2019-03-25,266:48,https://i0.hdslb.com/bfs/archive/a42d236f059f5080e42d761d4a571920c3ecc506.png,女流-2019.3.25-只狼
BV1wb411E79T,2019-03-23,2019-03-23,327:15,https://i0.hdslb.com/bfs/archive/6200a1a5dd6554661ff16ae2592c20c87c77f6d0.png,女流-2019.3.23-只狼
BV1Jb41177rj,2019-03-22,2019-03-22,451:52,https://i0.hdslb.com/bfs/archive/fefd2f46398debb4c8e584b6671bad8e7b5ac382.png,女流-2019.3.22-只狼
BV1yb411E72e,2019-03-19,2019-03-19,208:37,https://i0.hdslb.com/bfs/archive/5b78e7e431a0ebdf2b70318fc818e9a1a4025102.png,女流-2019.3.19-猫里奥
BV1Lb411E7Jb,2019-03-18,2019-03-18,230:04,https://i0.hdslb.com/bfs/archive/86349729484fdce40d3e2d7d8609237ccec349ae.png,女流-2019.3.18-特技摩托：崛起
BV1nb411n7X4,2019-03-17,2019-03-17,494:01,https://i0.hdslb.com/bfs/archive/d0e58b7afccda5b22926ae05f0b8e25270c9400d.png,女流-2019.3.17-心灵砒霜
BV1db411J7pH,2019-03-16,2019-03-16,290:10,https://i0.hdslb.com/bfs/archive/c6ea751315e6f436b346684f1bf8d6cf3c4fa3a4.png,女流-2019.3.16-只狼&特技摩托：崛起
BV1Xb411H7Zy,2019-03-15,2019-03-15,257:04,https://i0.hdslb.com/bfs/archive/9d93f0fa69fca44f4810ecf5d06401d23eb33726.png,女流-2019.3.15-Baba Is You
BV18b411H7g7,2019-03-14,2019-03-14,337:44,https://i0.hdslb.com/bfs/archive/2ac52d537d8ff6fbc9b03980154c65109802bcd9.png,女流-2019.3.14-特技摩托：崛起
BV1Tb411H7pq,2019-03-13,2019-03-13,143:16,https://i0.hdslb.com/bfs/archive/16e50e643a854fa885fbafa793b0018b31caf2f2.png,女流-2019.3.13-Devi May Cry 5 《鬼泣5》
BV1Gb411v7et,2019-03-12,2019-03-12,287:39,https://i0.hdslb.com/bfs/archive/83513349d1566b232fdfdd4fccbfc5392c489a03.png,女流-2019.3.12-Devi May Cry 5 《鬼泣5》
BV1Pb411e71n,2019-03-10,2019-03-10,388:54,https://i0.hdslb.com/bfs/archive/8302735bb16cc26d270de818613e5e6b45e73f97.png,女流-2019.3.10-心灵砒霜
BV1Nb411e7xp,2019-03-10,2019-03-10,51:18,https://i0.hdslb.com/bfs/archive/d9aaccc9f5c6592a7ac1de0dd8a9b313e7619444.png,女流-2019.3.10-Devi May Cry 5 《鬼泣5》
BV17b411i7hz,2019-03-09,2019-03-09,263:26,https://i0.hdslb.com/bfs/archive/1025eb26d43b4ac68667e8e67e33603a481feba3.png,女流-2019.3.9-Devi May Cry 5 《鬼泣5》
BV1Hb411v7TV,2019-03-07,2019-03-07,32:53,https://i0.hdslb.com/bfs/archive/c055859cee3fd4679e779d4a9dc8ec91702637f5.png,女流-2019.3.7-鬼泣5发布会后台（画质感人敬请谅解）
BV1ab411q7QF,2019-03-06,2019-03-06,114:55,https://i0.hdslb.com/bfs/archive/da5a0a6f3756931515dab4910070e26be9bae919.png,女流-2019.3.6-探班 From Software 隻狼
BV1yb411i7Z3,2019-03-04,2019-03-04,262:06,https://i0.hdslb.com/bfs/archive/7a9eb0855faabc0baae5153dd596e963592c3add.png,女流-2019.3.4-嗜血印&特技摩托：崛起
BV1mb411B7qY,2019-03-03,2019-03-03,450:09,https://i0.hdslb.com/bfs/archive/4b6734e85d729a6749bbd1f23e5200d5293f4a95.png,女流-2019.3.3-心灵砒霜&特技摩托：崛起
BV1jb411B7xA,2019-03-02,2019-03-02,371:55,https://i0.hdslb.com/bfs/archive/44d1791e3be8348b3d1b977bab1ff54ea2929b46.png,女流-2019.3.2-Mages of Mystralia （秘奥法师）&特技摩托：崛起
BV1Ub411b7op,2019-03-01,2019-03-01,258:16,https://i0.hdslb.com/bfs/archive/41efa18fc66516b73fcf73af0574452a2efce57a.png,女流-2019.3.1-特技摩托：崛起&秘奥法师
BV1nb411b7kU,2019-02-28,2019-02-28,403:02,https://i0.hdslb.com/bfs/archive/a2ec61cb6a1254050f89c2d5470ede544c607da9.png,女流-2019.2.28-特技摩托:崛起(Trials Rising)
BV1Db411t7TQ,2019-02-27,2019-02-27,259:58,https://i0.hdslb.com/bfs/archive/c306bbc353cbb493d418113d001fc409e677ca3f.png,女流-2019.2.27- Mages of Mystralia （秘奥法师）
BV1Bb41187xN,2019-02-25,2019-02-25,233:12,https://i0.hdslb.com/bfs/archive/f31d7674449926cdd2d4aaea8083ff963fbda49c.png,女流-2019.2.25-6酱又来唱歌啦
BV1Mb41187mU,2019-02-24,2019-02-24,484:07,https://i0.hdslb.com/bfs/archive/7f4d7f1c5f79789416f053cbdc6394ee8992d023.png,女流-2019.2.24-心灵砒霜
BV1Jb411a71i,2019-02-23,2019-02-23,272:59,https://i0.hdslb.com/bfs/archive/95382591ba70d37cd2d9205adcebfbc628d018fd.png,女流-2019.2.23-勇者斗恶龙创世小玩家2
BV1Jb411h7A6,2019-02-21,2019-02-21,347:05,https://i0.hdslb.com/bfs/archive/95382591ba70d37cd2d9205adcebfbc628d018fd.png,女流-2019.2.21-勇者斗恶龙创世小玩家2
BV1Ub41117Eo,2019-02-18,2019-02-18,241:47,https://i0.hdslb.com/bfs/archive/208e35381c3da6c01c075a84f8fd5a64f9b42830.png,女流-2019.2.18-勇者斗恶龙创世小玩家2
BV17b41117tt,2019-02-17,2019-02-17,477:59,https://i0.hdslb.com/bfs/archive/86e6f258a989c74c333c30acf98fa57af375844b.png,女流-2019.2.17-心灵砒霜
BV1mb411y7r2,2019-02-16,2019-02-16,252:20,https://i0.hdslb.com/bfs/archive/cbb536d4d22575ff8e08fe74db8eba4735270fb4.png,女流-2019.2.16-勇者斗恶龙创世小玩家2
BV1kb41127ve,2019-02-15,2019-02-15,265:19,https://i0.hdslb.com/bfs/archive/cbb536d4d22575ff8e08fe74db8eba4735270fb4.png,女流-2019.2.15-勇者斗恶龙创世小玩家2
BV1ub41127DP,2019-02-14,2019-02-14,248:22,https://i0.hdslb.com/bfs/archive/ac0b396a60a299d0c38b65069c40d7e5b4505db5.png,女流-2019.2.14-勇者斗恶龙创世小玩家2
BV1Hb411U7QN,2019-02-13,2019-02-13,373:31,https://i0.hdslb.com/bfs/archive/4900e8f2df975bd628a664b3e2ae66606bc55800.png,女流-2019.2.13-勇者斗恶龙创世小玩家2
BV1Fb411U7we,2019-02-12,2019-02-12,326:36,https://i0.hdslb.com/bfs/archive/700c1431d98a9f4a4b5d99f38de95404f9a98579.png,女流-2019.2.12-勇者斗恶龙创世小玩家2
BV1Cb411r7Bi,2019-02-04,2019-02-04,108:49,https://i0.hdslb.com/bfs/archive/6aeb4d7f594f3d8dce90daad01c4d7df4cef6e24.png,女流-2019.2.4-回内蒙过年啦，大家新年快乐
BV1Lb411r7UL,2019-02-03,2019-02-03,263:33,https://i0.hdslb.com/bfs/archive/700c1431d98a9f4a4b5d99f38de95404f9a98579.png,女流-2019.2.3-勇者斗恶龙创世小玩家2
BV1Vb411C7c5,2019-02-02,2019-02-02,205:03,https://i0.hdslb.com/bfs/archive/ffe84e44b65b5f673822ed642b70d4a13a8e0107.png,女流-2019.2.2-勇者斗恶龙创世小玩家2
BV1kb411k7ca,2019-02-01,2019-02-01,201:49,https://i0.hdslb.com/bfs/archive/700c1431d98a9f4a4b5d99f38de95404f9a98579.png,女流-2019.2.1-勇者斗恶龙创世小玩家2
BV1gb411k7Bb,2019-01-31,2019-01-31,147:07,https://i0.hdslb.com/bfs/archive/6fe5fd9510fe58cac840dc927cf3272843927ef3.png,女流-2019.1.31-勇者斗恶龙创世小玩家2
BV1eb411y7b9,2019-01-30,2018-01-30,225:30,https://i0.hdslb.com/bfs/archive/700c1431d98a9f4a4b5d99f38de95404f9a98579.png,女流-2018.1.30-勇者斗恶龙创世小玩家2
BV1ht411t7Jp,2019-01-27,2019-01-27,398:00,https://i0.hdslb.com/bfs/archive/032e439e61b3c1d0e42d947213234abdc27d9b93.png,女流-2019.1.27-心灵砒霜
BV1St41147LW,2019-01-26,2019-01-26,236:21,https://i0.hdslb.com/bfs/archive/482cf5e195c618768b845e1b98473d9687d08f4a.png,女流-2019.1.26-勇者斗恶龙创世小玩家2
BV1st41147RE,2019-01-25,2019-01-25,256:49,https://i0.hdslb.com/bfs/archive/7084a905f3880885b9462265a99151356a40603d.png,女流-2019.1.25-勇者斗恶龙创世小玩家2
BV1qt411b7Rc,2019-01-24,2019-01-24,261:58,https://i0.hdslb.com/bfs/archive/7670716946251027efd67f2cc22b3d34f5e6e38a.png,女流-2019.1.24-勇者斗恶龙创世小玩家2
BV1nt411b7zh,2019-01-23,2019-01-23,174:23,https://i0.hdslb.com/bfs/archive/a2f0d41b5ecc22b4b8f9ed2f2f90ab4db60ba793.png,女流-2019.1.23-Dig or Die
BV1Ft411h78L,2019-01-22,2019-01-21,48:24,https://i0.hdslb.com/bfs/archive/89b20810aceea05be4edcee7af50e5d46ab30c79.png,女流-2019.1.21-四周年各部视频合集
BV1Pt411h7do,2019-01-21,2019-01-21,284:14,https://i0.hdslb.com/bfs/archive/28370e53b7c426a24d235041c810d6d746e6d3c4.png,女流-2019.1.21-四年了，感谢有你
BV1ht41187cf,2019-01-20,2019-01-20,265:13,https://i0.hdslb.com/bfs/archive/394c4bf8568419a79285ce8b8930d97b5f8a9746.png,女流-2019.1.20-心灵砒霜
BV1bt41187LU,2019-01-20,2019-01-20,60:39,https://i0.hdslb.com/bfs/archive/4a395f4077a16ca26aaa7199e388256e39e585fe.png,女流-2019.1.20-Rakuen(乐园)
BV1Vt41187vx,2019-01-19,2019-01-19,229:59,https://i0.hdslb.com/bfs/archive/07c28c5847eb5725ac0ee4fa0c83b6babcfe3a61.png,女流-2019.1.19-Rakuen(乐园)
BV1xt411a7Td,2019-01-18,2019-01-18,253:52,https://i0.hdslb.com/bfs/archive/3a058cc374e477b7a2d9694cf1f9c910b6e5aade.png,女流-2019.1.18-Rakuen(乐园)
BV1Yt411h795,2019-01-16,2019-01-16,243:35,https://i0.hdslb.com/bfs/archive/e1ac505b89022eb34c19c20e56efe7f50e873c6a.png,女流-2019.1.16-波西亚时光
BV1ut411p7wJ,2019-01-15,2019-01-15,314:57,https://i0.hdslb.com/bfs/archive/ac2e47c7a80709f6675ee06d22d593b88d0fa238.png,女流-2019.1.15-Yoku's Island Express（尤库的小岛速递）
BV1Yt411H7DT,2019-01-14,2019-01-14,295:22,https://i0.hdslb.com/bfs/archive/7fab251e9f01512db37caaa57fd23983b0bb4f6f.png,女流-2019.1.14-了不起的修仙模拟器
BV1nt411H7WW,2019-01-13,2019-01-13,428:21,https://i0.hdslb.com/bfs/archive/a2bc1fe06f47fd956d84734cad0b1eedfb850085.png,女流-2019.1.13-心灵砒霜
BV1st411W77a,2019-01-12,2019-01-12,460:55,https://i0.hdslb.com/bfs/archive/2d96cf735a92c657f1dd22c03279d63c1a906edb.png,女流-2019.1.12-了不起的修仙模拟器
BV1wt411W7n9,2019-01-11,2019-01-11,215:21,https://i0.hdslb.com/bfs/archive/a9aad689e0ea754ca03f034c6f65fddfd93cc942.png,女流-2019.1.11-了不起的修仙模拟器
BV12t411s7aV,2019-01-09,2019-01-09,281:01,https://i0.hdslb.com/bfs/archive/b19efebecb0c11120617bb9be09c8e78499c33cc.png,女流-2019.1.9-奇妙探险队
BV1Yt411s7hr,2019-01-08,2019-01-08,235:24,https://i0.hdslb.com/bfs/archive/760c12ba9608fc5e7247f47b637771e730ea5320.png,女流-2019.1.8-奇妙探险队
BV13t411s7yz,2019-01-07,2019-01-07,274:55,https://i0.hdslb.com/bfs/archive/027528a474bbdef85273f04cdf9188b2eb7caf9a.png,女流-2019.1.7-Human Fall Falt & Equilinox
BV15t41147fu,2019-01-06,2019-01-06,360:10,https://i0.hdslb.com/bfs/archive/f5bfba0855566ba826fdf1e6105d2c9942187517.png,女流-2019.1.6-心灵砒霜
BV1Et411x7Dc,2019-01-04,2019-01-04,169:30,https://i0.hdslb.com/bfs/archive/a30200b544bd62bbbde88b224294af670656a03c.png,女流-2019.1.4-Equilinox（自然生态）
BV1nt411z7GB,2019-01-03,2019-01-03,251:41,https://i0.hdslb.com/bfs/archive/31afd0a5b444c33a3525673f2c720f04715d7657.png,女流-2019.1.3-The Room Three (未上锁的房间3)
BV1ut411z7YU,2019-01-02,2019-01-02,223:00,https://i0.hdslb.com/bfs/archive/670d9a076c1bb63f8517a3330fcdba1ee4c23114.png,女流-2019.1.2-The Room Three (未上锁的房间3)
BV1xt411B7Zt,2019-01-01,2018-12-31,75:49,https://i0.hdslb.com/bfs/archive/73d41d8ea9166df182842eedb34d1b4c94999214.png,女流-2018.12.31-156277明天会更好
BV1Yt411B7Yu,2019-01-01,2019-01-01,210:18,https://i0.hdslb.com/bfs/archive/d277cdb8b66a946ecdc797d91f00f37a023edefe.png,女流-2019.1.1-Life Goes On（生生不息）
BV1Dt411r76b,2018-12-28,2018-12-28,220:32,https://i0.hdslb.com/bfs/archive/572ff8f05a8470bb2b2de025fe17dd04304fca93.png,女流-2018.12.28-Parkitect(游乐园建造师)
BV1Rt41167G2,2018-12-26,2018-12-26,279:23,https://i0.hdslb.com/bfs/archive/f0732875e9e624ae91f8251a57ea45243ccd0fa9.png,女流-2018.12.26-Pummel Party（揍击派对）
BV1Gt411C7fr,2018-12-25,2018-12-25,219:40,https://i0.hdslb.com/bfs/archive/33877ad55ea67fbf7f3b144662f701785d347c11.png,女流-2018.12.25-Kingdom Rush Origins（王国保卫战起源）
BV1ct411C7bk,2018-12-24,2018-12-24,331:47,https://i0.hdslb.com/bfs/archive/0cd91e97d0b9d4203946ca7cbe55645665f48d4b.png,女流-2018.12.24-Return of the Obra Dinn(奥布拉丁恩的回归)
BV1pt411k7ij,2018-12-23,2018-12-23,430:56,https://i0.hdslb.com/bfs/archive/bf15aa7874e370e0abd97f0a6ccae8fe9402964e.png,女流-2018.12.23-心灵砒霜
BV1Nt411e7An,2018-12-22,2018-12-22,249:02,https://i0.hdslb.com/bfs/archive/7cf5324cc3910d5fbff21739d691077c23289fe8.png,女流-2018.12.22-Return of the Obra Dinn(奥布拉丁恩的回归)
BV18t411Y7Ag,2018-12-21,2018-12-21,234:15,https://i0.hdslb.com/bfs/archive/4cdd723d855914d5203a7ec3dc5ce6a457b11e27.png,女流-2018.12.21-Treasure Hunter Simulator（宝藏猎人模拟器）
BV1Xt411a7Mf,2018-12-19,2018-12-19,217:20,https://i0.hdslb.com/bfs/archive/ada6b204931b41a6aa14d99baf3cd53ec3306b9a.png,女流-2018.12.19-GRIS
BV1jt411v7au,2018-12-18,2018-12-18,333:01,https://i0.hdslb.com/bfs/archive/777c7c429fffd14a2f599a21f9cc3db92eeadab9.png,女流-2018.12.18-幽林怪谈
BV16t411e7tq,2018-12-17,2018-12-17,237:44,https://i0.hdslb.com/bfs/archive/ee4b4dc87a0041707622ef4c3ddf89361e6aac32.png,女流-2018.12.17-模拟农场19
BV1tt411e7ct,2018-12-16,2018-12-16,492:29,https://i0.hdslb.com/bfs/archive/1b7c208a028fc57a6f66315b3abbf2458a357ce4.png,女流-2018.12.16-心灵砒霜
BV1at411i7ch,2018-12-15,2018-12-15,257:08,https://i0.hdslb.com/bfs/archive/2eff56e0a0ef361a40b575bdb920200f848e9798.png,女流-2018.12.15-Farm Simulator 19
BV1Gt411i7p5,2018-12-14,2018-12-14,250:24,https://i0.hdslb.com/bfs/archive/57d3b1ac0794def6e684a22e893db8fbbb33a80f.png,女流-2018.12.14-Farm Simulator 19
BV17t411i72p,2018-12-14,2018-12-14,63:11,https://i0.hdslb.com/bfs/archive/d659f6cc75760ac831829d84b713ef84baa7dc91.png,女流-2018.12.14-斗地主之神表演赛
BV1dt411q7Mg,2018-12-11,2018-12-11,224:49,https://i0.hdslb.com/bfs/archive/eccba6d322af25e4a9f512a4c151518ccbb9b499.png,女流-2018.12.11-任天堂明星大乱斗特别版
BV1it411q7Se,2018-12-10,2018-12-10,179:50,https://i0.hdslb.com/bfs/archive/12edfc82d66912b969aa764417d01828c7d264d0.png,女流-2018.12.10-彩虹坠入(Iris.Fall)
BV15t411q7yp,2018-12-09,2018-12-09,481:41,https://i0.hdslb.com/bfs/archive/ae570f465f74eb17c1520e89bfa4b39f840ae3c6.png,女流-2018.12.9-心灵砒霜
BV1Mt411D7rh,2018-12-08,2018-12-08,180:46,https://i0.hdslb.com/bfs/archive/d452f2d2b7d94e832e677a19101c4927c5d724f0.png,女流-2018.12.8-任天堂明星大乱斗特别版
BV1Kt411D7oh,2018-12-08,2018-12-08,283:12,https://i0.hdslb.com/bfs/archive/32bac097ce0faf29e9099c11f61ce707b29db01e.png,女流-2018.12.8-古剑奇谭
BV1qt411S726,2018-12-07,2018-12-07,293:49,https://i0.hdslb.com/bfs/archive/d2b9ccc824e4403b33dc73893c778270e1d16501.png,女流-2018.12.7-古剑奇谭
BV1Wt411S7kS,2018-12-06,2018-12-06,288:38,https://i0.hdslb.com/bfs/archive/e841467363ec60fea4eeac2f8fd4dc1e2219b3b1.png,女流-2018.12.6-古剑奇谭
BV1Wt411Q7Fw,2018-12-04,2018-12-04,250:18,https://i0.hdslb.com/bfs/archive/9a0a4fa8f0250fd1f8ca6436cfd05773f36199dd.png,女流-2018.12.4-古剑奇谭
BV1Yt411D7KR,2018-12-03,2018-12-02,91:13,https://i0.hdslb.com/bfs/archive/9f2cc962d34f81340b3663b1b96f58c85c825743.png,女流-2018.12.2-请叫我女流55
BV1St411D7hz,2018-12-03,2018-12-03,252:46,https://i0.hdslb.com/bfs/archive/a1202ab5f6b4e664889354ac98051c88e565bb5f.png,女流-2018.12.3-古剑奇谭
BV1xt411D7wi,2018-12-02,2018-12-02,391:07,https://i0.hdslb.com/bfs/archive/fb91d1e20e1476d9f34e2f537182a1e776087535.png,女流-2018.12.2-心灵砒霜
BV19t411X748,2018-12-01,2018-12-01,269:04,https://i0.hdslb.com/bfs/archive/e11c49892949753edd362884ff4024a47f13bd3d.png,女流-2018.12.1-古剑奇谭
BV15t411X7UJ,2018-11-30,2018-11-29,553:47,https://i0.hdslb.com/bfs/archive/c27173150bc6f90de6968efa40c3c6a70481512c.png,女流-2018.11.29-古剑奇谭
BV1wt411X7bV,2018-11-29,2018-11-29,100:43,https://i0.hdslb.com/bfs/archive/e04bab98c0588ce174d3e5c3e6fe7cea8146b095.png,女流-2018.11.29-不可思议之梦蝶
BV1St411Q7ji,2018-11-29,2018-11-28,441:52,https://i0.hdslb.com/bfs/archive/3d789ce875d40dec76d81add68f855bbadb72420.png,女流-2018.11.28-古剑奇谭
BV1wt411R7z6,2018-11-27,2018-11-27,18:45,https://i0.hdslb.com/bfs/archive/bd32e3cf55910fd0adae5637200041756481010f.png,女流-2018.11.27-户外聊一小会儿
BV1kt41197tf,2018-11-26,2018-11-26,272:51,https://i0.hdslb.com/bfs/archive/089bb20e1f05e5bd8b1049afa39c84603dce83c2.png,女流-2018.11.26-古剑奇谭
BV1pt41197GW,2018-11-25,2018-11-25,470:37,https://i0.hdslb.com/bfs/archive/fd6583a242497670a03fbce9501a033bc1afd891.png,女流-2018.11.25-心灵砒霜
BV17t411y7Na,2018-11-23,2018-11-23,132:10,https://i0.hdslb.com/bfs/archive/65a56b31679529c59746c7d4769295cc9a2f9d6a.png,女流-2018.11.23-中国青年好网民（P3有66呦）
BV1Yt411C7Nq,2018-11-22,2018-11-21,209:00,https://i0.hdslb.com/bfs/archive/f40d5118371c634f91f27d14e0406b339863e13b.png,女流-2018.11.21-Do Not Feed the Monkeys
BV1ot41117j9,2018-11-20,2018-11-20,273:55,https://i0.hdslb.com/bfs/archive/cf00eac7af36561d75b013dd20b4889e8f330335.png,女流-2018.11.20-Do Not Feed the Monkeys
BV1Vt41117ib,2018-11-18,2018-11-18,387:42,https://i0.hdslb.com/bfs/archive/1f7558a839aec87453b5e67d3f9845f648423f7c.png,女流-2018.11.18-心灵砒霜
BV1ft411y7ta,2018-11-17,2018-11-17,297:05,https://i0.hdslb.com/bfs/archive/3711faae9675b8d3bebc7ff1954029f53a380dd7.png,女流-2018.11.17-Earthworms（蚯蚓）
BV1Tt411m7Nw,2018-11-16,2018-11-16,290:14,https://i0.hdslb.com/bfs/archive/6782586e5536028223cb4c05e1645484ce2ae6f6.png,女流-2018.11.16-超级马里奥派对&荒野大镖客：救赎2
BV1Wt41127WC,2018-11-14,2018-11-14,169:33,https://i0.hdslb.com/bfs/archive/fbad22721759cc07f617a7063d4e85e1bfbb062c.png,女流-2018.11.14-荒野大镖客：救赎2
BV15t41127eU,2018-11-14,2018-11-14,169:06,https://i0.hdslb.com/bfs/archive/07dec67ac1fefc0230fe5d6d56399007e549899f.png,女流-2018.11.14-欢迎BBC来到女流直播间
BV1Ut411U7io,2018-11-13,2018-11-13,228:19,https://i0.hdslb.com/bfs/archive/4e9b43d98397ffb6e62cf4a587c6f59f807a06f5.png,女流-2018.11.13-荒野大镖客：救赎2
BV1rt411U7aX,2018-11-12,2018-11-12,229:55,https://i0.hdslb.com/bfs/archive/7a327c513e600a16cb9c8c52c50a3ee0e583e3e6.png,女流-2018.11.12-荒野大镖客：救赎2
BV19t411m7vw,2018-11-10,2018-11-10,224:16,https://i0.hdslb.com/bfs/archive/13ebe50405c69a5d553ea6889c7564eb6810162c.png,女流-2018.11.10-荒野大镖客：救赎2
BV1db411c7mw,2018-11-09,2018-11-09,262:15,https://i0.hdslb.com/bfs/archive/96c95a9c8ae25ea70af8d13161e1482788b6411b.png,女流-2018.11.9-荒野大镖客：救赎2
BV1Bb411c7SA,2018-11-08,2018-11-08,302:36,https://i0.hdslb.com/bfs/archive/3e8ab0521bfd8d0301934246f697fc0a72dca430.png,女流-2018.11.8-荒野大镖客：救赎2
BV1fb411F7Kq,2018-11-06,2018-11-06,122:07,https://i0.hdslb.com/bfs/archive/a301918db6a1bb003257eaac4821d992ba92ae43.png,女流-2018.11.6-荒野大镖客：救赎2
BV15b411A7w9,2018-11-05,2018-11-05,295:59,https://i0.hdslb.com/bfs/archive/839badba1fb35c7b62eecdb8f4ae6424532a9fc8.png,女流-2018.11.5-荒野大镖客：救赎2
BV1Xb411w7Sz,2018-11-04,2018-11-04,491:35,https://i0.hdslb.com/bfs/archive/b9d57cc2dbfdcef08a61c386708efe8f9197079f.png,女流-2018.11.4-心灵砒霜
BV1ub411w7tQ,2018-11-02,2018-11-02,242:40,https://i0.hdslb.com/bfs/archive/017a194cd60502e4b25e5f8eb658f19862aa2f33.png,女流-2018.11.2-明日之后+荒野大镖客：救赎2
BV1cb411P7oK,2018-10-31,2018-10-31,230:58,https://i0.hdslb.com/bfs/archive/7abdb1c7c7d112f43888dd26635ef1edc382ca90.png,女流-2018.10.31-荒野大镖客：救赎2
BV1yb411A7XB,2018-10-30,2018-10-30,295:50,https://i0.hdslb.com/bfs/archive/a9fd158e4241758adc8a762131ecb3b8db6150db.png,女流-2018.10.30-荒野大镖客：救赎2
BV1Hb411A7yZ,2018-10-29,2018-10-29,303:21,https://i0.hdslb.com/bfs/archive/e41c214b4634869793827beb802dd200f0a94b93.png,女流-2018.10.29-荒野大镖客：救赎2
BV1yb411N7Ek,2018-10-28,2018-10-28,316:52,https://i0.hdslb.com/bfs/archive/bcea280c841da6ae167ed1a3c7056c68ce4964f0.png,女流-2018.10.28-荒野大镖客：救赎2
BV1bb411N7ZX,2018-10-27,2018-10-27,386:30,https://i0.hdslb.com/bfs/archive/b216a93da333e21cefc4fdcc3e2bf593abed7618.png,女流-2018.10.27-荒野大镖客：救赎2
BV1Xb411P7bC,2018-10-26,2018-10-26,350:56,https://i0.hdslb.com/bfs/archive/4ca3548bb142f620bd88dde9444e3d5421d5d053.png,女流-2018.10.26-荒野大镖客：救赎2
BV1Mt411d7W6,2018-10-24,2018-10-24,232:55,https://i0.hdslb.com/bfs/archive/975b886e89d7ef33a0e8f300c3bd22c0b8a3574d.png,女流-2018.10.24-冰火王权Regins
BV1St411R71s,2018-10-23,2018-10-23,313:17,https://i0.hdslb.com/bfs/archive/97392271e21353e2943ed0efa7b1a2250f7e5aec.png,女流-2018.10.23-Breathedge（呼吸边缘）
BV1St411o7Pm,2018-10-21,2018-10-21,350:55,https://i0.hdslb.com/bfs/archive/76867db0b5d4a8f00342ea1d1ac50d38d40d2778.png,女流-2018.10.21-心灵砒霜
BV1ht411o7F9,2018-10-20,2018-10-20,342:20,https://i0.hdslb.com/bfs/archive/02eb3bc93c3b39cbbff41918fb62b5565adb71a0.png,女流-2018.10.20-Sheltered（庇护所）
BV1wt411o7Lr,2018-10-19,2018-10-19,295:07,https://i0.hdslb.com/bfs/archive/cee1946ada945e05545899ef26df3c8734ef1c7a.png,女流-2018.10.19-Sheltered（庇护所）
BV1dt411Z75Z,2018-10-16,2018-10-16,193:59,https://i0.hdslb.com/bfs/archive/2b94fe5a2f29f40ed56adbd64417dee0ed2e711e.png,女流-2018.10.16-超级马里奥派对
BV1Lt411Z7yM,2018-10-14,2018-10-14,448:39,https://i0.hdslb.com/bfs/archive/ab878ba10e59cf49e690a5edabedcd2744152826.png,女流-2018.10.14-心灵砒霜
BV1Kb411F7Ci,2018-10-12,2018-10-12,178:23,https://i0.hdslb.com/bfs/archive/9a32431768befe9b9ea016bded403363603a9e08.png,女流-2018.10.12-超级马里奥派对
BV1xt411f7mp,2018-10-10,2018-10-10,222:30,https://i0.hdslb.com/bfs/archive/9f3ae5dbbf606376ef80aa2c6700cc48b69e6db8.png,女流-2018.10.10-超级马里奥派对
BV1VW41117ds,2018-10-08,2018-10-08,227:02,https://i0.hdslb.com/bfs/archive/e5a1ce164a1aed74bd8abb6785bb947e01fe6d52.png,女流-2018.10.8-拣爱&Old School Musical
BV1mW411y7jU,2018-10-07,2018-10-07,03:05,https://i0.hdslb.com/bfs/archive/171bb6fa11f94d30aa78524e4c5d00ce342cbc2e.png,女流-2018.10.7-大周补课之土味情话
BV19W411y749,2018-10-07,2018-10-07,488:54,https://i0.hdslb.com/bfs/archive/3a6a11f96348c81df578d34a84a2d2f9009458e3.png,女流-2018.10.7-心灵砒霜&弹幕版
BV1YW411y718,2018-10-06,2018-10-06,320:51,https://i0.hdslb.com/bfs/archive/43defe486c98de3bda9acba62b4cc8541ee7f114.png,女流-2018.10.6-Hue
BV1CW41127ar,2018-10-05,2018-10-05,271:17,https://i0.hdslb.com/bfs/archive/ec31740749bb9c1acccee4a509078e0a042a490d.png,女流-2018.10.5-Jalopy（老爷车）
BV1NW41127Mb,2018-10-04,2018-10-03,02:42,https://i0.hdslb.com/bfs/archive/be0db195ffcfbbe2c872a9c61ca4e662decef3ea.png,女流-2018.10.3-两年之前，你如是说（来自Plrain）
BV1nW411U7RS,2018-10-03,2018-10-03,01:42,https://i0.hdslb.com/bfs/archive/3d20504dc83adcf25e3cff8a3e23709dc8d7823f.png,女流-2018.10.3-开场之我怎么这么好看（麦片熊制作）
BV1HW411U7w4,2018-10-03,2018-10-03,02:44,https://i0.hdslb.com/bfs/archive/479e5ba4f4ecd7e5e2acf92ac6f330b0ac534a2c.png,女流-2018.10.3-燃烧我的卡路里（月野兔Usagi）
BV1HW411U7bU,2018-10-03,2018-10-03,447:48,https://i0.hdslb.com/bfs/archive/2ba5ca7a449edf559ae2f0817f8e589ed0576701.png,女流-2018.10.3-女流66生日快乐
BV1HW411U7FK,2018-10-03,2018-10-03,05:01,https://i0.hdslb.com/bfs/archive/74b809361d03c5ccd81e9b6895d284fcff088cf2.png,女流-2018.10.3-游戏人生（来自010）
BV1KW411U797,2018-10-02,2018-10-02,220:53,https://i0.hdslb.com/bfs/archive/2174d974b3290a185c67f21d3118e390c8a14221.png,女流-2018.10.2-Jalopy（老爷车）
BV1LW411m7Nm,2018-09-30,2018-09-30,105:29,https://i0.hdslb.com/bfs/archive/df8d3ba65fbf666a9d7f54b98789d8b4cd4b769c.png,女流-2018.9.30-戏说聊斋第十九期
BV1GW411m7oz,2018-09-30,2018-09-30,404:49,https://i0.hdslb.com/bfs/archive/45d5618ad2e7c143630ef0956b72a5bc96fd761d.png,女流-2018.9.30-心灵砒霜&戏说聊斋第十九期
BV1sW411S7VZ,2018-09-29,2018-09-18,14:54,https://i0.hdslb.com/bfs/archive/b3bdf0dfba44b7f541dd2073e0891e30f48ff65b.png,女流-2018.9.18-武汉校招宣讲会之学霸驾到
BV1BW411S7bc,2018-09-29,2018-09-29,310:58,https://i0.hdslb.com/bfs/archive/758222cb64fcc5073721f2f9a4681a472cb69ccf.png,女流-2018.9.29-中国式家长
BV1uW411S7S4,2018-09-28,2018-09-28,350:04,https://i0.hdslb.com/bfs/archive/125cda801c2477dd0dc9a863c40a3e3ddb15d49c.png,女流-2018.9.28-中国式家长
BV1SW411U7Jg,2018-09-27,2018-09-27,147:27,https://i0.hdslb.com/bfs/archive/8b1149ea1b331726120fb47aa735892ad7ec0ce9.png,女流-2018.9.27-恐龙公园Parkasaurus
BV1aW411U74i,2018-09-26,2018-09-26,230:11,https://i0.hdslb.com/bfs/archive/057641d45c8e8e6d61cf1ad5e13e1dd09a2ff2d7.png,女流-2018.9.26-终极钓鱼模拟器(Ultimate Fishing Simulator)
BV1cW411676b,2018-09-24,2018-09-24,177:48,https://i0.hdslb.com/bfs/archive/36db11827d9e2f50a59cc4f2d7a8dcda4681e81a.png,女流-2018.9.24-回老家过中秋
BV1YW411z7E7,2018-09-23,2018-09-23,408:31,https://i0.hdslb.com/bfs/archive/5cf197441e0c293f3e141dc49774e50d97d162a6.png,女流-2018.9.23-心灵砒霜
BV1uW411z7aE,2018-09-22,2018-09-22,290:29,https://i0.hdslb.com/bfs/archive/a4f11e796fe488793dce83f664d49ff74a96b373.png,女流-2018.9.22-终极钓鱼模拟器(Ultimate Fishing Simulator)
BV1jW411r7Hx,2018-09-21,2018-09-21,258:17,https://i0.hdslb.com/bfs/archive/ca10c77786ab92e72abf4337501db2eb29ca5007.png,女流-2018.9.21-Rusty Lake Paradox（《锈湖》新作《悖论》）
BV12W411k7Ec,2018-09-17,2018-09-17,263:01,https://i0.hdslb.com/bfs/archive/66d14b231002997bf6ff6b9370b4a9772cce97b9.png,女流-2018.9.17-Witch It &39天到火星
BV1eW411k7Dp,2018-09-16,2018-09-16,501:55,https://i0.hdslb.com/bfs/archive/8d7c27d390e50579b97e6bdcd87605afdbaf21bf.png,女流-2018.9.16-心灵砒霜
BV1gW411k7r1,2018-09-15,2018-09-15,155:19,https://i0.hdslb.com/bfs/archive/ff9966559cf275358b7f4adad7cfcfa7658debe9.png,女流-2018.9.15-Strange Brigade
BV19W411r79a,2018-09-14,2018-09-14,307:48,https://i0.hdslb.com/bfs/archive/de1e2080569a2ad993890f558150b727a5bb0ee1.png,女流-2018.9.14-Strange Brigade
BV1cW411y7zV,2018-09-13,2018-09-13,230:14,https://i0.hdslb.com/bfs/archive/578f293b71d2b0be301e0ddea141132ba9dd07d3.png,女流-2018.9.13-Strange Brigade
BV19W411C76c,2018-09-12,2018-09-12,298:01,https://i0.hdslb.com/bfs/archive/55909c0f0ccfb65e43c49bc1bed5f7fd6d61cf85.png,女流-2018.9.12-极限巅峰(Steep)
BV1tW411C7TF,2018-09-11,2018-09-11,307:03,https://i0.hdslb.com/bfs/archive/2a2c1cbb90fc5fd4933ec5b4bc32ed906083d193.png,女流-2018.9.11-过山车之星
BV1LW411o7fR,2018-09-09,2018-09-09,169:34,https://i0.hdslb.com/bfs/archive/df8d3ba65fbf666a9d7f54b98789d8b4cd4b769c.png,女流-2018.9.9-戏说聊斋第十八期
BV1LW411o7a5,2018-09-09,2018-09-09,542:46,https://i0.hdslb.com/bfs/archive/419b21eaf1a43e33ce50b67b345822d026085545.png,女流-2018.9.9-心灵砒霜&戏说聊斋第十八期
BV1RW411d7rf,2018-09-08,2018-09-08,275:26,https://i0.hdslb.com/bfs/archive/22cf3aa0a294bf587873f8dbef944ebf16c8ad24.png,女流-2018.9.8-Donut County
BV1VW411d7Hh,2018-09-06,2018-09-06,256:41,https://i0.hdslb.com/bfs/archive/29005a74b8aceddde0588b41954a7593d2fedc40.png,女流-2018.9.6-Dota 2
BV1mW411Z7Uc,2018-09-05,2018-09-05,311:28,https://i0.hdslb.com/bfs/archive/6a9adbe735d53dcd457da180e0a6f9f9b1950d44.png,女流-2018.9.5-Two Point Hospital
BV1tW411Z7Bk,2018-09-04,2018-09-04,273:16,https://i0.hdslb.com/bfs/archive/b76be5fc72d4ed7f056e7ca46327b67adeb6f051.png,女流-2018.9.4-过山车之星
BV1Ws411F7VM,2018-08-27,2018-08-27,56:21,https://i0.hdslb.com/bfs/archive/7b6de11f0131ca7f77250af4c4afc7eff0a31655.png,女流-2018.8.27-5亿台纪念限定PS4pro开箱
BV1TW411Q7rb,2018-08-26,2018-08-26,449:49,https://i0.hdslb.com/bfs/archive/419b21eaf1a43e33ce50b67b345822d026085545.png,女流-2018.8.26-心灵砒霜
BV1hW411D7qV,2018-08-25,2018-08-25,161:43,https://i0.hdslb.com/bfs/archive/ce2ed3a076f01f8c231538c4aee0d47eb8c63dae.png,女流-2018.8.25-大周MC第四目：最终回
BV15W411D7ga,2018-08-24,2018-08-24,108:25,https://i0.hdslb.com/bfs/archive/48afd2f2199a36c584c69bd13e21a7ef416f3fbb.png,女流-2018.8.24-流星蝴蝶剑
BV15W411D7L5,2018-08-24,2018-08-24,118:31,https://i0.hdslb.com/bfs/archive/66931ce6c2624ea04c60c8315fd739f2e7ed05ff.png,女流-2018.8.24-大周MC第四目：第九天之继续拯救我的世界
BV1RW411Q7Lv,2018-08-22,2018-08-22,252:35,https://i0.hdslb.com/bfs/archive/01b9b12dc3ede57320dc673d2a9b73a12de59183.png,女流-2018.8.22-过山车之星
BV1qW411Q7t5,2018-08-21,2018-08-21,256:55,https://i0.hdslb.com/bfs/archive/555f8c6a633c243d0b9166a534d32397e23a9959.png,女流-2018.8.21-大周MC第四目：第八天之深入核心区&星界边境(Starbound)
BV1kW41197rs,2018-08-20,2018-08-20,169:32,https://i0.hdslb.com/bfs/archive/07ae0c8ef66e9c3aad52332a37cd932f8b9233f8.png,女流-2018.8.20-星界边境(Starbound)
BV1xW411973U,2018-08-19,2018-08-19,476:30,https://i0.hdslb.com/bfs/archive/16bb5f0bac1183fd1344e00370971900a96e4ec3.png,女流-2018.8.19-心灵砒霜&戏说聊斋第十七期
BV1DW411X7GD,2018-08-18,2018-08-18,239:50,https://i0.hdslb.com/bfs/archive/cca8ffde5a9f6c43c020c85284e2216eaf39c4c9.png,女流-2018.8.18-大周MC第四目：第七天之大周MC歌会
BV1hW411X7dk,2018-08-17,2018-01-17,340:36,https://i0.hdslb.com/bfs/archive/25a00f075c5b012550a16cee9570e27c37531e0c.png,女流-2018.1.17-大周MC第四目：第六天之七夕建筑大赛&无人深空
BV1GW411R7EL,2018-08-15,2018-08-15,119:44,https://i0.hdslb.com/bfs/archive/fb5a0d52fd8906abfd4707f5694078f561fe8b26.png,女流-2018.8.15- 大周MC第四目：第五天之MC水上乐园
BV15W411R7mz,2018-08-15,2018-08-15,91:03,https://i0.hdslb.com/bfs/archive/74065feca7e4afd399346a97fa3c1dcfb0133cf6.png,女流-2018.8.15-幸福列车关注留守儿童
BV1gs411M71x,2018-08-14,2018-08-14,242:27,https://i0.hdslb.com/bfs/archive/cacff6acdc6a68d9871c06f56cf0055e72c4b28a.png,女流-2018.8.14- 大周MC第四目：第四天之建设城市
BV1Js411T75q,2018-08-12,2018-08-12,163:59,https://i0.hdslb.com/bfs/archive/1b3b492aa66295b912b9027f86c0318963fb0c95.png,女流-2018.8.12-戏说聊斋第十六期
BV1Es411T7m8,2018-08-12,2018-08-12,501:22,https://i0.hdslb.com/bfs/archive/fb6b9530189a1ada45bd94427f107d7354fee3f7.png,女流-2018.8.12-心灵砒霜&戏说聊斋第十六期
BV1Ns411T7aG,2018-08-11,2018-08-11,146:06,https://i0.hdslb.com/bfs/archive/c57382da216055fe9c9fd83c5923d1de691595c0.png,女流-2018.8.11-怪物猎人：世界
BV1Rs411M7bS,2018-08-09,2018-08-09,190:05,https://i0.hdslb.com/bfs/archive/6333979aa11fca456a27ae5c868fd75a82b74e5c.png,女流-2018.8.9-Overcooked 2&One Hand Clapping
BV1Js411M7bm,2018-08-08,2018-08-08,232:05,https://i0.hdslb.com/bfs/archive/63b465042679b91ba5766ec5f18af23c27b30f48.png,女流-2018.8.8-Overcooked 2
BV13s411g75L,2018-08-06,2018-08-06,273:08,https://i0.hdslb.com/bfs/archive/268f0fd2748ffbf9d9fe2b44456a53b532e5aba8.png,女流-2018.8.6-无人深空
BV1gs41137Hv,2018-08-02,2018-08-02,100:54,https://i0.hdslb.com/bfs/archive/d165df3bc1f11cd4d85fbd6f22cd5412d7db82cf.png,女流-2018.8.2-playstation发布会
BV15s411w7g7,2018-07-31,2018-07-31,203:22,https://i0.hdslb.com/bfs/archive/f73fafaf5dd2b4ceae26d94b087b7a088ba0e552.png,女流-2018.7.31-炸弹鸡&逆水寒
BV1Us411c75n,2018-07-30,2018-07-30,213:07,https://i0.hdslb.com/bfs/archive/0753d52a63bb4c92ed4a5d01b3359c360940fa9b.png,女流-2018.7.30-波西亚时光
BV1Ts411P7jD,2018-07-29,2018-07-29,414:37,https://i0.hdslb.com/bfs/archive/c7193c6f986ba92d8c5840482bd29a54cefd2732.png,女流-2018.7.29-心灵砒霜&说聊斋第十五期
BV1Ts411P7Ni,2018-07-29,2018-07-29,199:09,https://i0.hdslb.com/bfs/archive/df8d3ba65fbf666a9d7f54b98789d8b4cd4b769c.png,女流-2018.7.29-戏说聊斋第十五期
BV1Xs411A7Ef,2018-07-28,2018-07-28,281:16,https://i0.hdslb.com/bfs/archive/e675266e631e467ed7d09aa0bb415637ab480c5b.png,女流-2018.7.28-炸弹鸡(Bomb Chicken)
BV1Es411A7a1,2018-07-27,2018-07-27,254:47,https://i0.hdslb.com/bfs/archive/f0cf5dccdddcf9e76c67228efeea86232712d58c.png,女流-2018.7.27-太鼓达人
BV1Ps411A7x1,2018-07-26,2018-07-26,259:42,https://i0.hdslb.com/bfs/archive/eceecd4c4e84d50238cd267798a2179b91210b57.png,女流-2018.7.26-八方旅人（Octopath Traveler）
BV1us411N78W,2018-07-25,2018-07-25,303:49,https://i0.hdslb.com/bfs/archive/00cbd03cc23b4c6db439b3659f22d5b43836a0a5.png,女流-2018.7.25-八方旅人（Octopath Traveler）
BV1Ss411P7p2,2018-07-24,2018-07-24,426:59,https://i0.hdslb.com/bfs/archive/3d1dec5b42b3fac6a20ee99e453b1c2597a91080.png,女流-2018.7.24-八方旅人（Octopath Traveler）
BV1hs411P7nk,2018-07-23,2018-07-23,257:17,https://i0.hdslb.com/bfs/archive/8b9e65b15f37b7c246c55fbb146b3e1df564670e.png,女流-2018.7.23-八方旅人（Octopath Traveler）
BV1qs411K78y,2018-07-22,2018-07-22,201:50,https://i0.hdslb.com/bfs/archive/df8d3ba65fbf666a9d7f54b98789d8b4cd4b769c.png,女流-2018.7.22-戏说聊斋第十四期
BV1is411K7ke,2018-07-22,2018-07-22,491:31,https://i0.hdslb.com/bfs/archive/0782b308c04991ed69c3e35665df906bcd2bbfa6.png,女流-2018.7.22-心灵砒霜&戏说聊斋第十四期
BV1Ws411K7Ln,2018-07-21,2018-07-21,277:47,https://i0.hdslb.com/bfs/archive/d8d43308f52f8b82c26afe5bb3ed9ea37eab94de.png,女流-2018.7.21-八方旅人&绝地求生
BV1Ss411N7rU,2018-07-20,2018-07-20,277:05,https://i0.hdslb.com/bfs/archive/d75ac66dfaff92f28e3cede8669367ed186a904a.png,女流-2018.7.20-八方旅人（Octopath Traveler）
BV1Xs411E7Yy,2018-07-19,2018-07-19,387:19,https://i0.hdslb.com/bfs/archive/b42717d6734bc220c0d25460caa15df29618c2b0.png,女流-2018.7.19-八方旅人（Octopath Traveler）
BV1ss411E7Zk,2018-07-18,2018-07-18,321:24,https://i0.hdslb.com/bfs/archive/ec8e79b0912e4dd774b4c15cd6133d72e3eed79a.png,女流-2018.7.18-八方旅人（Octopath Traveler）
BV1Ps411E7Nt,2018-07-17,2018-07-17,261:44,https://i0.hdslb.com/bfs/archive/020141ff2b1915973ad66a0bbf2a5fe8f3f170e6.png,女流-2018.7.17-八方旅人（Octopath Traveler）
BV1Ms411n7uw,2018-07-15,2018-07-15,134:21,https://i0.hdslb.com/bfs/archive/df8d3ba65fbf666a9d7f54b98789d8b4cd4b769c.png,女流-2018.7.15-戏说聊斋第十三期
BV1Ms411n7pG,2018-07-15,2018-07-15,511:27,https://i0.hdslb.com/bfs/archive/093ea7bfa02b2af09184dc087af9a2b12755ae3c.png,女流-2018.7.15-戏说聊斋第十三期&心灵砒霜
BV1vs411J7S1,2018-07-14,2018-07-14,204:33,https://i0.hdslb.com/bfs/archive/abe672b46bbbc6d93cee65527ad9c74e51646bb3.png,女流-2018.7.14-来访者
BV1Hs411J73o,2018-07-13,2018-07-13,249:26,https://i0.hdslb.com/bfs/archive/0701d0b74bc3212f0db55c0c3c651e8512a5c121.png,女流-2018.7.13-我被男神捅死了
BV1Ks411H7XX,2018-07-11,2018-07-11,281:47,https://i0.hdslb.com/bfs/archive/798fa3e53692cc2574d7d3e29f748e75f746bf52.png,女流-2018.7.11-我被男神捅死了
BV1fs411n7cU,2018-07-10,2018-07-10,323:19,https://i0.hdslb.com/bfs/archive/9a542883cbc0a81e4a9c7f79a838671671350f46.png,女流-2018.7.10-极限巅峰 （Steep）
BV1Xs411p7gf,2018-07-08,2018-07-08,363:03,https://i0.hdslb.com/bfs/archive/a6f81b382b6a0f2401d31645fec1e022bbd8b0e9.png,女流-2018.7.8-心灵砒霜
BV1Xs411p73c,2018-07-08,2018-07-08,172:13,https://i0.hdslb.com/bfs/archive/df8d3ba65fbf666a9d7f54b98789d8b4cd4b769c.png,女流-2018.7.8-戏说聊斋第十二期
BV1Ws411p7iW,2018-07-07,2018-07-07,314:36,https://i0.hdslb.com/bfs/archive/dd852901714a9613906229625d71b63c507b31eb.png,女流-2018.7.7-蒸汽世界&极限巅峰&逆水寒
BV1gs411p7RA,2018-07-06,2018-07-06,252:22,https://i0.hdslb.com/bfs/archive/efe7b974594c83c33c65e67ff228545211362dd3.png,女流-2018.7.6-蒸汽世界 Steam World Dig
BV11s411G7PK,2018-07-02,2018-07-02,168:33,https://i0.hdslb.com/bfs/archive/f340ffeb2687cb0993f32e2bc402a77ca3b5cab2.png,女流-2018.7.2-VR乒乓了解一下
BV1ts411G7wC,2018-07-01,2018-07-01,126:38,https://i0.hdslb.com/bfs/archive/df8d3ba65fbf666a9d7f54b98789d8b4cd4b769c.png,女流-2018.7.1-戏说聊斋第十一期
BV14s411G7tn,2018-07-01,2018-07-01,283:12,https://i0.hdslb.com/bfs/archive/c1634cd009d7be53dcb8c90877ca228b99c19883.png,女流-2018.7.1-心灵砒霜
BV1Us4115723,2018-06-30,2018-06-30,262:10,https://i0.hdslb.com/bfs/archive/56e5db93627c095856956657b206805a5b58c39e.png,女流-2018.6.30-Farm Together & 逆水寒
BV1ss41157H9,2018-06-29,2018-06-29,231:03,https://i0.hdslb.com/bfs/archive/df13a2a20798f98fa127970675bef544331117c1.png,女流-2018.6.29-Farm Together
BV1Ks41157k6,2018-06-28,2018-06-28,223:38,https://i0.hdslb.com/bfs/archive/f52f6909505607e74a680d5f95555831e6deeb08.jpg,女流-2018.6.28-粉丝节福利大放送
BV1Cs411V7XE,2018-06-27,2018-06-27,235:43,https://i0.hdslb.com/bfs/archive/4712c3021624b9638dd53e1de217d92c84f964a7.png,女流-2018.6.27-Farm Together
BV1cs411j7Gd,2018-06-26,2018-06-26,254:30,https://i0.hdslb.com/bfs/archive/c69e965d38b293a4af2fa4c820176380e5d823cf.png,女流-2018.6.26-大周农场第二天（Farm Together）
BV1Cs411L7P2,2018-06-25,2018-06-25,279:04,https://i0.hdslb.com/bfs/archive/7c038ebc7d24cdaf6140d5c6aa7719c40ab58e52.png,女流-2018.6.25-Farm Together
BV1ss411L78k,2018-06-24,2018-06-24,335:01,https://i0.hdslb.com/bfs/archive/9184e247027665c704634814ddb78ecc64b138a8.png,女流-2018.6.24-心灵砒霜
BV1ps411L7p1,2018-06-24,2018-06-24,133:26,https://i0.hdslb.com/bfs/archive/df8d3ba65fbf666a9d7f54b98789d8b4cd4b769c.png,女流-2018.6.24-戏说聊斋第十期
BV1Ns411L7Vz,2018-06-23,2018-06-23,206:56,https://i0.hdslb.com/bfs/archive/ca8cffa213a6340142693106524247bb47608f14.jpg,女流-2018.6.23-VR健身Best健身
BV1Ws41177oL,2018-06-22,2018-06-22,184:08,https://i0.hdslb.com/bfs/archive/c0646e1eaea5369f05240345c23ef0d7ce1b45ce.png,女流-2018.6.22-Comedy Night （喜剧之夜）& Hand Simulator（手掌模拟器）
BV17s41177AL,2018-06-21,2018-06-21,100:36,https://i0.hdslb.com/bfs/archive/4ca77b31d2d9da395b5777dd8baa72b7e8b249a6.jpg,女流-2018.6.21-我的童年
BV1Qs411j7Bj,2018-06-20,2018-06-20,102:58,https://i0.hdslb.com/bfs/archive/cf18f54db6d816ca624175532bc980be75f5d22d.jpg,女流-2018.6.20-Chi66了解一下
BV1EW411c7k4,2018-06-17,2018-06-17,137:28,https://i0.hdslb.com/bfs/archive/df8d3ba65fbf666a9d7f54b98789d8b4cd4b769c.png,女流-2018.6.17-戏说聊斋第九期
BV1EW411c7XG,2018-06-17,2018-06-17,221:48,https://i0.hdslb.com/bfs/archive/31ed212f8d3458b800969fd570c6d8af6c21c8b9.png,女流-2018.6.17-心灵砒霜
BV1oW411F7k7,2018-06-16,2018-06-16,226:04,https://i0.hdslb.com/bfs/archive/997a1055f7de7700fe00267be62dde0789109bcd.png,女流-2018.6.16-Golf with your friends
BV1aW411w7K9,2018-06-13,2018-06-13,230:03,https://i0.hdslb.com/bfs/archive/58584d75bcfa5c742c1b9f6d6f07fdb06c4471b1.png,女流-2018.6.13-E3展会第一天
BV1MW411w7aC,2018-06-12,2018-06-12,132:05,https://i0.hdslb.com/bfs/archive/fb95f57263c0ce34cea47976e305ddd53825d9c8.png,女流-2018.6.12-E3育碧发布会现场
BV13W411w7Ws,2018-06-12,2018-06-12,333:39,https://i0.hdslb.com/bfs/archive/4e1ac2f65992816041e352ad3280261b772b1c05.png,女流-2018.6.12-E3索尼发布会现场
BV1FW411w7Sv,2018-06-11,2018-06-11,81:10,https://i0.hdslb.com/bfs/archive/31b0797fd1964c916192bba5490475e7e220682d.png,女流-2018.6.11-E3之行，倒倒时差聊聊天
BV1WW411P7r4,2018-06-09,2018-06-09,212:14,https://i0.hdslb.com/bfs/archive/56ea84c892adc1261c972739a210a61e128f99fc.png,女流-2018.6.9-Just Shapes & Beats
BV1fW411A7RE,2018-06-08,2018-06-08,217:35,https://i0.hdslb.com/bfs/archive/aabc372c6413fac060c2d8400386ed0dd8dca825.png,女流-2018.6.8-间谍派对（Spy Party）
BV19W411A7kf,2018-06-07,2018-06-07,195:45,https://i0.hdslb.com/bfs/archive/b54291407da443f88943bdadf7f5b73907d4f290.png,女流-2018.6.7-战斗厨师旅团(Battle Chef Brigade)
BV1bW411A7MC,2018-06-06,2018-06-06,261:34,https://i0.hdslb.com/bfs/archive/3c87c789fd6f555c302362a48c1a6cbe134ac08c.png,女流-2018.6.6-大周庆典
BV14W411A7bp,2018-06-05,2018-06-05,172:11,https://i0.hdslb.com/bfs/archive/9a24d4bdce13b68151221892ead5e18a01857bb8.png,女流-2018.6.5-孤帆远航 ( FAR： Lone Sails )
BV1hW411N7AC,2018-06-03,2018-06-03,39:55,https://i0.hdslb.com/bfs/archive/df8d3ba65fbf666a9d7f54b98789d8b4cd4b769c.png,女流-2018.6.3-戏说聊斋第八期
BV1YW411N7V4,2018-06-03,2018-06-03,429:22,https://i0.hdslb.com/bfs/archive/e4b2ac6c4348ae4f40efbd5baf5e6f03e1a36a04.png,女流-2018.6.3-心灵砒霜
BV1wW411N7x4,2018-06-01,2018-06-01,249:41,https://i0.hdslb.com/bfs/archive/b3b44b248f7786acb70e40583e04737df9b194fb.png,女流-2018.6.1-木筏生存（Raft）
BV1ZW411P77b,2018-05-31,2018-05-31,287:54,https://i0.hdslb.com/bfs/archive/d220a35af55c71478d37d60a8c47a352e5d74629.png,女流-2018.5.31-木筏生存（Raft）
BV1CW411P7Rg,2018-05-30,2018-05-30,247:38,https://i0.hdslb.com/bfs/archive/919e3b547c164336e5181c913b6884e725abd7bd.png,女流-2018.5.30-女巫来了（Witch It）
BV1Ep411d73J,2018-05-29,2018-05-29,250:04,https://i0.hdslb.com/bfs/archive/69385173f49ef3a16373892af0ac87c295747e6c.png,女流-2018.5.29-黑暗之魂1重置版
BV1Np411d7kf,2018-05-28,2018-05-28,242:57,https://i0.hdslb.com/bfs/archive/c9d9c27aea9dbecdacb900597194b365fe2b86d7.png,女流-2018.5.28-黑暗之魂1重置版
BV1cp411d7XS,2018-05-27,2018-05-27,117:08,https://i0.hdslb.com/bfs/archive/df8d3ba65fbf666a9d7f54b98789d8b4cd4b769c.png,女流-2018.5.27-戏说聊斋第七期
BV1cp411d7R3,2018-05-27,2018-05-27,374:01,https://i0.hdslb.com/bfs/archive/b6dff2d06a0bdbe344612a339a4d9780da28fabd.png,女流-2018.5.27-心灵砒霜
BV1Ep411R7Lk,2018-05-25,2018-05-25,244:28,https://i0.hdslb.com/bfs/archive/9d600d67a778a7cefd734bb06acb82c547a43df6.png,女流-2018.5.25-黑暗之魂1重置版
BV1Mp411R7jG,2018-05-24,2018-05-24,268:47,https://i0.hdslb.com/bfs/archive/e30f4230f34d377810be2563ad86a5b6e7a15423.png,女流-2018.5.24-黑暗之魂1重置版
BV1ap411o7cW,2018-05-22,2018-05-22,265:06,https://i0.hdslb.com/bfs/archive/e23c2b4429c5a911e5eee10efaad2d823ac5e2f4.png,女流-2018.5.22-房产达人 ( House Flipper )
BV1up411o7Tk,2018-05-21,2018-05-21,239:47,https://i0.hdslb.com/bfs/archive/8ba880838c8e34afb2da7220b0049ec7943dcffa.png,女流-2018.5.21-传奇巫师（Wizard of  Legend）
BV1Pp411o7fN,2018-05-20,2018-05-20,57:54,https://i0.hdslb.com/bfs/archive/0cf09b74824384c7a21e71d7a3d641a54610d4e9.png,女流-2018.5.20-胃肠炎不舒服，就和大家聊会天吧
BV1Yp411d7sZ,2018-05-18,2018-05-18,254:33,https://i0.hdslb.com/bfs/archive/dfcfa9efcbab097b95686f58edd3e42ec9be524e.png,女流-2018.5.18-传奇巫师（Wizard of  Legend）
BV16p411Z7id,2018-05-16,2018-05-16,316:45,https://i0.hdslb.com/bfs/archive/278badd6a49795537292d93fee79bbb7a060c22a.png,女流-2018.5.16-We were here too
BV1Wp411Z7id,2018-05-14,2018-05-14,148:40,https://i0.hdslb.com/bfs/archive/df8d3ba65fbf666a9d7f54b98789d8b4cd4b769c.png,女流-2018.5.14-戏说聊斋第六期&K歌
BV13p411Z7yu,2018-05-13,2018-05-13,443:55,https://i0.hdslb.com/bfs/archive/9c12d3ca1ed8edd505588168917838b6b97dcf48.png,女流-2018.5.13-心灵砒霜
BV11p411o7zb,2018-05-12,2018-05-12,212:21,https://i0.hdslb.com/bfs/archive/f17ac5de70dcea82e309ad7f0fc15b6742f1f57a.png,女流-2018.5.12-VR 健身，Best 健身
BV1gW411F7o1,2018-05-11,2018-05-11,112:31,https://i0.hdslb.com/bfs/archive/00699127cf1d2af89d7f074cdd6f6d886a6dc08d.png,女流-2018.5.11-Unity 开发者大会现场
BV1fp411f7eU,2018-05-10,2018-05-10,245:45,https://i0.hdslb.com/bfs/archive/68154dfd4b5d38ddc4de5a27d7e2b55d7000f57b.png,女流-2018.5.10-试试VR的感觉
BV1op411f7wP,2018-05-09,2018-05-09,261:42,https://i0.hdslb.com/bfs/archive/6773987462694b5f3d91ef46609b4d51f52630e6.png,女流-2018.5.9-Ylands
BV1rp411f7BP,2018-05-08,2018-05-08,253:49,https://i0.hdslb.com/bfs/archive/58b3fd91faddf24dafb996edc4f0ad131458ace8.png,女流-2018.5.8-杀戮尖塔
BV1Kp411f7i8,2018-05-06,2018-05-06,457:47,https://i0.hdslb.com/bfs/archive/33ed451f9d199652986eead172dcae8637aa0f70.png,女流-2018.5.6-心灵砒霜
BV1jW411G7Te,2018-05-05,2018-05-05,106:36,https://i0.hdslb.com/bfs/archive/e683f48fdf2e238edaf391a61622e865d6b12998.png,女流-2018.5.5-核聚变
BV1gW411G7Pv,2018-05-04,2018-05-04,257:18,https://i0.hdslb.com/bfs/archive/4b2f094db15ed22617202fb23cfcc02ddb462107.png,女流-2018.5.4-任天堂Labo继续了解一下
BV12W41137Ys,2018-05-03,2018-05-03,196:51,https://i0.hdslb.com/bfs/archive/80ec5bb80248459e5ac112d6fab4d84a715f1153.png,女流-2018.5.3-任天堂labo了解一下
BV18W41137io,2018-05-01,2018-05-01,133:34,https://i0.hdslb.com/bfs/archive/7b557bd42d40cd348afc660b57d4f73400a993d6.png,女流-2018.5.1-与长安福特翼搏同游嘉年华
BV17W41137oE,2018-05-01,2018-04-30,158:54,https://i0.hdslb.com/bfs/archive/fd620c53d62d55b94747eb7f2e4e5db12a36ee72.png,女流-2018.4.30-大周聚餐暨女流水友交流会
BV1yW411V7Uy,2018-04-30,2018-04-30,106:05,https://i0.hdslb.com/bfs/archive/98e5ff1be68f25ff0365fdbae4a8e6f13de2b9a4.png,女流-2018.4.30-斗鱼首届嘉年华主机欢乐趴
BV1uW411V71T,2018-04-27,2018-04-27,166:04,https://i0.hdslb.com/bfs/archive/f9503bf720c61271f2f15bf31a8734ce896c52c1.png,女流-2018.4.27-战神 God of War
BV1fW411G7YX,2018-04-26,2018-04-26,206:47,https://i0.hdslb.com/bfs/archive/b4fc65c4fcfa2c8ccd5e8b5a98e38abe3eb754f4.png,女流-2018.4.26-堡垒之夜主播擂台赛-决赛-Chi66战队
BV1zW411G7R7,2018-04-25,2018-04-12,68:18,https://i0.hdslb.com/bfs/archive/3b6512064cad0dcdb8c3617042ed8009d40e129d.png,女流-2018.4.12-欢迎丁丁张老师做客156277
BV1vW411G7Uq,2018-04-25,2018-04-25,101:27,https://i0.hdslb.com/bfs/archive/541cae0b4cd38fc57658f4a4c2233fa1d4042362.png,女流-2018.4.25-Play Station 媒体体验会
BV1UW411G7pM,2018-04-25,2018-04-25,179:55,https://i0.hdslb.com/bfs/archive/a8a9ed1e1f9bfe8b4c8077ae377b092171e25cbf.png,女流-2018.4.25-堡垒之夜主播擂台赛-Chi66战队
BV1wW411L7QX,2018-04-23,2018-04-23,127:46,https://i0.hdslb.com/bfs/archive/f32f2f1eb9d77094c8bd8cc7577794368b91382e.png,女流-2018.4.23-堡垒之夜第三赛季-Chi66队
BV1DW41157we,2018-04-23,2018-04-22,375:48,https://i0.hdslb.com/bfs/archive/e091050d5892c0238049bf9def2648f2248e11f5.png,女流-2018.4.22-心灵砒霜
BV1AW411L7GQ,2018-04-23,2018-04-23,57:37,https://i0.hdslb.com/bfs/archive/df8d3ba65fbf666a9d7f54b98789d8b4cd4b769c.png,女流-2018.4.23-戏说聊斋第五期
BV1AW411L7Fh,2018-04-23,2018-04-23,220:27,https://i0.hdslb.com/bfs/archive/bdf2b1d9a694969659496403f9dde77694eeb17b.png,女流-2018.4.23-战神（God of  War）
BV1qW41157xQ,2018-04-22,2018-04-22,57:59,https://i0.hdslb.com/bfs/archive/75aa8751d5d9f53eb811ee3c6894f370cca07d81.png,女流-2018.4.22-冒险岛
BV1pW4115797,2018-04-21,2018-04-21,272:00,https://i0.hdslb.com/bfs/archive/19fd87e632ac82d809cb753d161d0a453d5d3112.png,女流-2018.4.21-战神 （God of  War ）
BV1EW41157Pk,2018-04-20,2018-04-20,286:10,https://i0.hdslb.com/bfs/archive/1d4d19fbfa269279c8820767b3be0579f748d4c3.png,女流-2018.4.20-战神 （God of  War ）
BV1nW411j7MN,2018-04-17,2018-04-17,16:10,https://i0.hdslb.com/bfs/archive/df8d3ba65fbf666a9d7f54b98789d8b4cd4b769c.png,女流-2018.4.17-戏说聊斋第四期
BV1HW411j7zy,2018-04-17,2018-04-17,258:17,https://i0.hdslb.com/bfs/archive/e6c5d5b8a02da2190015a34936c3cfca011735ac.png,女流-2018.4.17-堡垒之夜（Fortnite）
BV1GW411j77G,2018-04-16,2018-04-16,314:27,https://i0.hdslb.com/bfs/archive/7036cb787c71dd03e0c334d2ead449f423a9a371.png,女流-2018.4.16-冒险岛
BV1mW411L7PL,2018-04-15,2018-04-15,186:38,https://i0.hdslb.com/bfs/archive/df8d3ba65fbf666a9d7f54b98789d8b4cd4b769c.png,女流-2018.4.15-女流戏说聊斋第三期
BV12W411L7aD,2018-04-15,2018-04-15,278:57,https://i0.hdslb.com/bfs/archive/787f99c59d3cee00c7af0ea67bfe0a4033380c32.png,女流-2018.4.15-心灵砒霜
BV15W411L7oe,2018-04-13,2018-04-13,247:02,https://i0.hdslb.com/bfs/archive/897f84653aeb9fd02ee26aeff2bfa923948b8f39.png,女流-2018.4.13-回忆之旅（Old Man's Journey） &  众生 (The Lives)
BV1dW411K76V,2018-04-11,2018-04-11,243:26,https://i0.hdslb.com/bfs/archive/8b3b084d6975fe894568440fd3d0bf9c73c253fb.png,女流-2018.4.11-节奏天国
BV1dW411N7Wd,2018-04-07,2018-04-06,27:59,https://i0.hdslb.com/bfs/archive/21c3273e6d4106eb9285b6d2a1c35a47ca260e9e.png,女流-2018.4.6-豆6组合音乐合集
BV1ZW411N7Ye,2018-04-07,2018-04-06,73:35,https://i0.hdslb.com/bfs/archive/a4bc48a026b47571a43265702bf064a68111698c.png,女流-2018.4.6-豆6组合了解一下
BV1MW411K7oU,2018-04-07,2018-04-07,198:54,https://i0.hdslb.com/bfs/archive/8293a87fc10a14eccd8066f6b193c6ddd1ee045a.png,女流-2018.4.7-户外之跑跑卡丁车
BV1HW411M7CB,2018-04-06,2018-04-06,84:42,https://i0.hdslb.com/bfs/archive/bce7b11aa02056b8a1639f9daecde09d0af5aae2.png,女流-2018.4.6- 豆豆来啦
BV14W411u7yw,2018-04-05,2016-01-29,345:10,https://i0.hdslb.com/bfs/archive/b925e0f0bedc301db44f62f94570d844b7b62ba0.png,女流过往精彩录像补投-毛线小精灵 UNRAVEL（2016.1.29））
BV1QW411T7AD,2018-04-04,2018-04-04,483:56,https://i0.hdslb.com/bfs/archive/ca6235e13f5b89e6275094d4260a4aa6350fee61.png,女流-2018.4.4-专属鼠标垫 & 童年动漫歌曲了解一下
BV12W411T7mY,2018-04-03,2018-04-03,240:16,https://i0.hdslb.com/bfs/archive/22191a4d1c5ec24c8cfdbf83c5e0433114a5b4c7.png,女流-2018.4.3-噗哟噗哟vs俄罗斯方块S & 洞窟物语
BV1WW411T78r,2018-04-02,2018-04-02,240:07,https://i0.hdslb.com/bfs/archive/3dbc7eafe1177ba5d04c6eff1762e11d9ab8e843.png,女流-2018.4.2-噗哟噗哟vs俄罗斯方块S
BV1VW411T77h,2018-04-01,2018-04-01,510:48,https://i0.hdslb.com/bfs/archive/778bfd535748784d572d104d501067243882b3c3.png,女流-2018.4.1-戏说聊斋&心灵砒霜
BV1mW411u7oK,2018-03-31,2018-03-31,216:31,https://i0.hdslb.com/bfs/archive/1a93bd2db693c151427908edd1c9743e005996bb.png,女流-2018.3.31-黑脸先生 & 妈妈把我的游戏藏起来了
BV1WW411u7SR,2018-03-30,2018-03-30,249:13,https://i0.hdslb.com/bfs/archive/be30dea281d0e11605ffcdf38e24d228ebe2d355.png,女流-2018.3.30-星之卡比 新星同盟
BV1nW411u75e,2018-03-29,,496:28,https://i0.hdslb.com/bfs/archive/30efb94947756082098d9daac53daaa67ca5b356.png,女流过往精彩录像补-请出示证件 Paper Please
BV1MW411u7e7,2018-03-28,2018-03-28,222:51,https://i0.hdslb.com/bfs/archive/bb17d1e71e8b82222181a42242bc425d95a768fa.png,女流-2018.3.28-UNO益智桌游
BV1rW411M7vL,2018-03-27,2018-03-25,186:10,https://i0.hdslb.com/bfs/archive/df8d3ba65fbf666a9d7f54b98789d8b4cd4b769c.png,女流-2018.3.25-戏说聊斋-弹幕版-重转码
BV1ZW411M73k,2018-03-27,2018-03-27,203:37,https://i0.hdslb.com/bfs/archive/657f6501c589f3875ddfb266ae0bdb756c5775c2.png,女流-2018.3.27-拆弹姐弟继续
BV12W411M7AR,2018-03-26,2018-03-26,272:37,https://i0.hdslb.com/bfs/archive/c783749cbc66e58f675664da03883025d084d049.png,女流-2018.3.26-没人会被炸掉 Keep Talking and Nobody Explodes
BV1NW4113721,2018-03-25,2018-03-25,259:51,https://i0.hdslb.com/bfs/archive/df8d3ba65fbf666a9d7f54b98789d8b4cd4b769c.png,女流-2018.3.25-戏说聊斋 & 超级兔子
BV1FW41137Ng,2018-03-24,2018-03-24,258:27,https://i0.hdslb.com/bfs/archive/41271d60bf0f675babed780181db68701bcb2331.png,女流-2018.3.24-没人会被炸掉 Keep Talking and Nobody Explodes
BV1pW411g7Eg,2018-03-22,2018-03-22,250:33,https://i0.hdslb.com/bfs/archive/1e01ccdd9ea0df9d256052a8dc13871aa80245b1.png,女流-2018.3.22-海盗之海 &绝地求生
BV1KW411g7Hr,2018-03-22,2015-02-04,413:13,https://i0.hdslb.com/bfs/archive/d9cb9e59db8bbda719fa28cb982bc6b51c1ee820.png,女流过往精彩录像补投-风之旅人（2015.2.4/7.22/8.20））
BV1VW411g7E5,2018-03-21,2018-03-21,286:55,https://i0.hdslb.com/bfs/archive/a40bb914c32478b4d556973a3f5f8870a99e06e6.png,女流-2018.3.21-海盗之海 Sea of Theives
BV13W411g7EP,2018-03-20,2018-03-20,238:44,https://i0.hdslb.com/bfs/archive/175623d483005b631bfbc1643f277703661cc402.png,女流-2018.3.20-超级情圣 SuperSeducer & 废都物语
BV1fW411u7UA,2018-03-19,2018-03-19,274:10,https://i0.hdslb.com/bfs/archive/6b6fe06ba51f8836c176c233030c8e35e8fd646d.png,女流-2018.3.19-超级情圣SuperSeducer
BV1TW411W7SS,2018-03-19,2018-03-18,15:48,https://i0.hdslb.com/bfs/archive/493aca436386cc92c8a066a42e2ff6d74973b874.png,女流-2018.3.18-电音之王了解一下
BV1GW411W7cv,2018-03-19,2018-03-14,04:52,https://i0.hdslb.com/bfs/archive/2ebfd9aae6ba32d4ca81a7ffedf5a7109c02c814.png,女流-2018.3.14-SKY光遇-女流精华版
BV15W411W7Mz,2018-03-18,2018-03-18,493:42,https://i0.hdslb.com/bfs/archive/3b530182d2a043ec321b7206fdfa30968383fd89.png,女流-2018.3.18-心灵砒霜
BV1UW411p7ka,2018-03-17,2018-03-17,271:09,https://i0.hdslb.com/bfs/archive/c44d164085be73a1ec13049dd57c199cadd322da.png,女流-2018.3.17-蔚蓝 Celeste
BV1CW411p7xP,2018-03-16,2018-03-16,255:03,https://i0.hdslb.com/bfs/archive/a3eb7b477f9519ee9fbdc67358e830b5e96ad077.png,女流-2018.3.16-蔚蓝 Celeste
BV13W411p7p2,2018-03-14,2018-03-14,79:06,https://i0.hdslb.com/bfs/archive/691dd59e77b77514ab7e2448ced529c5db0b8566.png,女流-2018.3.14-陈星汉《Sky光·遇》
BV13W411p7LT,2018-03-14,2018-03-14,176:38,https://i0.hdslb.com/bfs/archive/0236f4826763cf68283daea60d23251dd8302bc4.png,女流-2018.3.14-蔚蓝Celeste
BV1EW411s7Vh,2018-03-11,2018-03-11,424:55,https://i0.hdslb.com/bfs/archive/d00bb77e24d4f763cd57797e34df4c223f3b9492.png,女流-2018.3.11-心灵砒霜
BV1UW411W7gN,2018-03-09,2018-03-09,244:22,https://i0.hdslb.com/bfs/archive/01c39e26c39c1ea79a91323ad6084984d654709c.png,女流-2018.3.9-弹丸论破：希望的学园和绝望高中生-大结局
BV1bW411W74m,2018-03-08,2015-03-02,485:58,https://i0.hdslb.com/bfs/archive/d81fd755d65bb3a9a1dce3c0abf5f1524f0620ca.png,女流过往精彩录像补投-超凡双生（2015.3.2/3.10/3.11）
BV12W411W75A,2018-03-08,2018-03-08,308:31,https://i0.hdslb.com/bfs/archive/b29e486d563c6c5879d75214635941fcde83df41.png,女流-2018.3.8-弹丸论破：希望的学园和绝望高中生
BV1eW411W7Kn,2018-03-07,2018-03-07,268:44,https://i0.hdslb.com/bfs/archive/c850a7ae6b027f2779885aa2419ccf1d9c84f2ec.png,女流-2018.3.7-弹丸论破：希望的学园和绝望高中生
BV1WW411W7zN,2018-03-06,2018-03-06,282:50,https://i0.hdslb.com/bfs/archive/b6e50bb9654c352c4bca1deec4bbf940cb83dd57.png,女流-2018.3.6-弹丸论破：希望的学园和绝望高中生
BV19W411x7vU,2018-03-05,2018-03-05,276:37,https://i0.hdslb.com/bfs/archive/2aae8dfe7b21e632b27a16f28d553eaf85cd9ce9.png,女流-2018.3.5-弹丸论破：希望的学园和绝望高中生
BV1hW411x7DS,2018-03-04,2018-03-04,427:14,https://i0.hdslb.com/bfs/archive/708e27fb6ab4c1e67d742d5ce387695e4f09f578.png,女流-2018.3.4-心灵砒霜
BV1JW411x7uV,2018-03-03,2018-03-03,113:46,https://i0.hdslb.com/bfs/archive/0bcf5175b6c8002417694a895d65a6145e9b5add.png,女流-2018.3.3-程序员升职记
BV1EW411x7U5,2018-03-03,2018-03-03,190:58,https://i0.hdslb.com/bfs/archive/776f2959c9f545efa68eef5a50a777c7c7eb73da.png,女流-2018.3.3-弹丸论破：希望的学园和绝望高中生
BV15W411x7JC,2018-03-02,,204:41,https://i0.hdslb.com/bfs/archive/fb58f4c5ccde2953a269bd6d3cc19724e4e8e4a4.png,【女流戏说红楼】第十一章：尤家姐妹的悲惨人生
BV11W411s79y,2018-02-28,2018-02-28,251:19,https://i0.hdslb.com/bfs/archive/7d3ad82b4abe404b8ca2ff632c9ce6fff1aa1126.png,女流-2018.2.28-咱们女队（66、维乐、炮炮、壮壮）今天吃鸡
BV1AW411t7ZD,2018-02-27,2018-02-27,296:49,https://i0.hdslb.com/bfs/archive/9f319a46b4db1209b133f8186d728bc3b521d685.png,女流-2018.2.27-亲爱的小鲜肉
BV1SW41147Vm,2018-02-26,2018-02-26,277:26,https://i0.hdslb.com/bfs/archive/da48827666ffe568c7722e6b750629c7fcb8e4cf.png,女流-2018.2.26-亲爱的小鲜肉
BV1mW411477N,2018-02-25,2018-02-25,516:32,https://i0.hdslb.com/bfs/archive/89d907cf0ec4f9fce20d61b3d95daa1d0fe37283.png,女流-2018.2.25-狗年第一碗砒霜，干了
BV1pW41147Cz,2018-02-24,2018-02-24,223:50,https://i0.hdslb.com/bfs/archive/44d2bff020a2f2149921250689b763b3105b97c7.png,女流-2018.2.24-亲爱的小鲜肉
BV1jW41147Rg,2018-02-23,2018-02-23,138:36,https://i0.hdslb.com/bfs/archive/c92426751f99385de136ceb75c7b0ecac0f51a40.png,女流-2018.2.23-欢迎来到乐高拼图世界
BV1SW41177Lf,2018-02-22,2018-02-22,100:12,https://i0.hdslb.com/bfs/archive/d8aa1d7f574c5fbbbb1edea452258eeb2fcaec05.png,女流-2018.2.22-石圆圆带你骑马、溜冰
BV1uW41177JM,2018-02-19,2018-02-19,170:55,https://i0.hdslb.com/bfs/archive/4c69c4db04e2212dd80019b2d915b895c58d0516.png,女流-2018.2.19-亲爱的小鲜肉
BV1ZW411j7oc,2018-02-18,2018-02-18,396:17,https://i0.hdslb.com/bfs/archive/d9c0ffb1b639ad9c0c032097a81134523f80ff42.png,女流-2018.2.18-吃一个新年第一鸡&欢迎来到乐高拼图世界
BV1iW411j76W,2018-02-16,2018-02-15,57:16,https://i0.hdslb.com/bfs/archive/b24b560ae0cfc4ee2b0ad7151395f588837ab468.png,女流-2018.2.15-放飞风筝，对你没看错是“放飞”
BV1TW411J7ev,2018-02-15,2018-02-15,44:32,https://i0.hdslb.com/bfs/archive/47cbc2dccf2e88765896b8052d2058f9c9c03c5c.png,女流-2018.2.15-6酱携家眷给大家来拜年啦
BV1eW411E7zm,2018-02-12,2018-02-12,353:03,https://i0.hdslb.com/bfs/archive/315cdfc7d24078996d87e0507dbf5202e46388ec.png,女流-2018.2.12-心灵砒霜
BV1vW411n74Q,2018-02-10,2018-02-09,345:29,https://i0.hdslb.com/bfs/archive/a120dd56bb90679e26067f3f637cf9e569d48da6.png,女流-2018.2.9-蜡烛人完整版
BV1oW41177nm,2018-02-10,2018-02-10,272:13,https://i0.hdslb.com/bfs/archive/4d5c44148ddedabfc39992e56873bc9c30363628.png,女流-2018.2.10-Slay the Spire 杀戮尖塔
BV1ZW411J7Pm,2018-02-07,2018-02-07,273:14,https://i0.hdslb.com/bfs/archive/a6b2638f1b6886016159b374b4d9331527da3a6a.png,女流-2018.2.7-Shadow of the Colossus（汪达与巨像）
BV1QW411J7At,2018-02-06,2018-02-06,273:18,https://i0.hdslb.com/bfs/archive/d72eb9df86c453c687d4d39c11c9c3489c880b60.png,女流-2018.2.6-Shadow of the Colossus（汪达与巨像）
BV1xW411J7nN,2018-02-05,2018-02-05,269:50,https://i0.hdslb.com/bfs/archive/d9c3059f8fb73caf5ec4ec0328875380179fe046.png,女流-2018.2.5-怪物猎人：世界
BV1HW411J7FE,2018-02-04,2018-02-04,436:49,https://i0.hdslb.com/bfs/archive/3436be67a1efb6fbad2ccc8000359d6c53fa2561.png,女流-2018.2.4-心灵砒霜
BV1rW411H7c8,2018-02-03,2018-02-03,288:10,https://i0.hdslb.com/bfs/archive/b79f4717962e5325bbf1950dc930356aaeb0de8f.png,女流-2018.2.3-怪物猎人：世界
BV1hW411H7C2,2018-02-02,2018-02-02,422:22,https://i0.hdslb.com/bfs/archive/de258a793c8b38f8060b41bd906133fe8bed2934.png,女流-2018.2.2-怪物猎人：世界
BV1xW411H7EW,2018-02-01,2018-02-01,280:19,https://i0.hdslb.com/bfs/archive/07b5a9234f08b343d8073a7e7ab5469288736a50.png,女流-2018.2.1-怪物猎人：世界
BV13W411H7Xi,2018-01-31,2018-01-31,262:37,https://i0.hdslb.com/bfs/archive/f9d7e5f041533c5f5034572c8878e1b2fc9011b8.png,女流-2018.1.31-怪物猎人：世界
BV1DW411n7B6,2018-01-30,2018-01-30,238:53,https://i0.hdslb.com/bfs/archive/71ea2ede810c9d6a01a11a1a5397b8a872095123.png,女流-2018.1.30-怪物猎人：世界
BV1yW411n7LJ,2018-01-29,2018-01-29,98:19,https://i0.hdslb.com/bfs/archive/3a98926ffa4f4e3d5fc6501b7cc6ec3df847358d.png,女流-2018.1.29-真·三国无双8体验会
BV1XW411e763,2018-01-28,2018-01-28,186:08,https://i0.hdslb.com/bfs/archive/88d0ce75ca71213a6656a8393ef7709c63724683.png,女流-2018.1.28-心灵砒霜-弹幕版
BV1FW411v79h,2018-01-28,2018-01-28,186:03,https://i0.hdslb.com/bfs/archive/88d0ce75ca71213a6656a8393ef7709c63724683.png,女流-2018.1.28-心灵砒霜
BV1UW411e799,2018-01-27,2018-01-24,96:20,https://i0.hdslb.com/bfs/archive/99d234c5950923561a09e5e86100548cd20b03ef.png,女流-2018.1.24-相声专场《看病》-弹幕版
BV1sW411e7CT,2018-01-26,2018-01-26,222:15,https://i0.hdslb.com/bfs/archive/c67bdb83d04d74c3aade081be276e616275f7809.png,女流-2018.1.26-怪物猎人：世界
BV1NW411e7a2,2018-01-25,,1739:25,https://i0.hdslb.com/bfs/archive/e9ec6b458dd68572e2b7fe3de7046865799e73b6.png,女流过往精彩录像补投-星露谷物语-终于更完了
BV1JW411e7DR,2018-01-25,2018-01-25,86:30,https://i0.hdslb.com/bfs/archive/6e8a59c3ee80e732247b4b527714cde5acaa33ed.png,女流-2018.1.25-带赵鑫小姐姐参加2017直播行业精英会
BV1gW411e7Es,2018-01-24,2018-01-24,180:59,https://i0.hdslb.com/bfs/archive/cfaa3c8edeba9ade168833aeaf7be7899161c275.png,女流-2018.1.24-Stick Fight ：The Game  坚持战斗：游戏
BV1QW411Y7sx,2018-01-24,2018-01-24,67:15,https://i0.hdslb.com/bfs/archive/987c9bda86dd296c11e6e1fa0a71e76ef97e221d.png,女流-2018.1.24-6酱音乐专辑第三波
BV1nW411i7sV,2018-01-22,2018-01-21,237:43,https://i0.hdslb.com/bfs/archive/fbb234b4b3dea127d6c605820b1b703e9ad29379.png,女流-2018.1.21-三周年盛典压制弹幕版（高清版）
BV1nW411i7fg,2018-01-22,2018-01-21,237:23,https://i0.hdslb.com/bfs/archive/fbb234b4b3dea127d6c605820b1b703e9ad29379.png,女流-2018.1.21-大周三周年庆典彩色弹幕版（画质比较差，见谅勿喷）
BV1jW411i7RA,2018-01-22,2018-01-22,254:21,https://i0.hdslb.com/bfs/archive/a88c26a9016c86e0ff631c3a1621061e990558a9.png,女流-2018.1.22-乞丐模拟器 Hobo Tough Life
BV1PW411i7yL,2018-01-21,2018-01-21,03:56,https://i0.hdslb.com/bfs/archive/6bcf94c964d805c16378fb248c7f04258bfc74de.png,女流-2018.1.21-Just The Way 6 Are（Themysc1ra）
BV1PW411i7qt,2018-01-21,2018-01-21,04:38,https://i0.hdslb.com/bfs/archive/c25f6c8223012d895820693c07abde7a4994a03d.png,女流-2018.1.21-三周年GIF（黄图哥）
BV1PW411i7oy,2018-01-21,2018-01-21,04:29,https://i0.hdslb.com/bfs/archive/5104a0067da8d916b5f8e059eefc8a409c396d9f.png,女流-2018.1.21-三周年游戏混剪（007）
BV1PW411i7hW,2018-01-21,2018-01-21,11:09,https://i0.hdslb.com/bfs/archive/ecb702221ad124e540b6d8be0a8158d90d13938c.png,女流-2018.1.21-女流直播三周年（010）
BV1PW411i7J4,2018-01-21,2018-01-21,25:20,https://i0.hdslb.com/bfs/archive/ef6b4eb2a93e9ed1e210bab2cb288f22fdf08f83.png,女流-2018.1.21-搞事部集体出品
BV1PW411i7Gv,2018-01-21,2018-01-21,237:30,https://i0.hdslb.com/bfs/archive/142c2d27019cce392f7c8f9d625c76bdacef62cf.png,女流-2018.1.21-大周三周年盛典
BV1PW411i7G8,2018-01-21,2018-01-21,02:31,https://i0.hdslb.com/bfs/archive/7b1a086ab00bf52d5be32148cd515bc4612d1950.png,女流-2018.1.21-三周年祝福（木由叶&播音彬）
BV1PW411i78N,2018-01-21,2018-01-21,03:18,https://i0.hdslb.com/bfs/archive/34c3c2530d6595f0570a0286bc091f9f1aff9661.png,女流-2018.1.21-大周女皇最牛逼（月野兔Usagi）
BV1PW411i714,2018-01-21,2018-01-21,03:55,https://i0.hdslb.com/bfs/archive/e33469adfdd9beba8fc88547559a2662c9024eb4.png,女流-2018.1.21-追光者（明筱岩）
BV19W411v7H4,2018-01-20,2018-01-20,245:50,https://i0.hdslb.com/bfs/archive/b8ac5f0df287f491987eb7c2588c33efae8d9a5a.png,女流-2018.1.20-乞丐模拟器 Hobo Tough Life
BV1DW411v7J5,2018-01-19,2018-01-19,248:27,https://i0.hdslb.com/bfs/archive/000c55e0b7f8ebfb7cb2e0780e8ad4a8c39f96af.png,女流-2018.1.19- 调酒师的生活 VA-11 HALL-A
BV1tW411v7fE,2018-01-17,2018-01-17,260:27,https://i0.hdslb.com/bfs/archive/a820c205d96d358cb8770261981cf12ec9059e85.png,女流-2018.1.17- 调酒师的生活 VA-11 HALL-A
BV1gW411v7RB,2018-01-16,2018-01-14,140:18,https://i0.hdslb.com/bfs/archive/0708c0cb4e06edbde609b20719348a6cc417e883.png,女流-2018.1.14-心灵砒霜虎扑特别版-弹幕版
BV17W411v7jb,2018-01-16,2018-01-16,280:46,https://i0.hdslb.com/bfs/archive/7fb95df53c8935647bc5e32601ac8b68b0e34f59.png,女流-2018.1.16-66、炮炮、壮壮、维乐一起吃鸡
BV1BW411q7cK,2018-01-15,2018-01-15,113:44,https://i0.hdslb.com/bfs/archive/129bd44340c4e5b650491a0d8f164a3d2fe8c249.png,女流-2018.1.15-Rusty Lake Paradise 锈湖天堂岛
BV1tW411q77F,2018-01-14,2018-01-14,140:16,https://i0.hdslb.com/bfs/archive/0708c0cb4e06edbde609b20719348a6cc417e883.png,女流-2018.1.14-心灵砒霜虎扑特别版
BV17W411q7hw,2018-01-13,2018-01-13,164:29,https://i0.hdslb.com/bfs/archive/7b165a30f60d0ead45485ec0e1b319e229549dc5.png,女流-1.13-2017鱼乐盛典红毯秀
BV1AW411q79k,2018-01-12,2018-01-12,180:36,https://i0.hdslb.com/bfs/archive/4c74803f8c22a7e9847ad291dfe16acadea133ce.png,女流-2018.1.12-Rusty Lake 锈湖
BV1fW411i7Lr,2018-01-11,2016-03-24,387:11,https://i0.hdslb.com/bfs/archive/4154191c90a9661c48f399329a6748dfeb4f054e.png,女流过往精彩录像补投-星露谷物语（2016.3.24；2016.3.25；2016.3.28）
BV11W411i7Jh,2018-01-10,2018-01-10,242:15,https://i0.hdslb.com/bfs/archive/fa9b083b647c8d0e8354c218e32825f7d410e461.png,女流-2018.1.10-《传送门：桥梁构造者》(Bridge Constructor Portal)
BV1vW411i7t6,2018-01-09,2018-01-09,250:12,https://i0.hdslb.com/bfs/archive/c84b7488f2030763aca3c5cb228644c0a28a8acc.png,女流-1.9-人类一败涂地 Human Fall Flat
BV1tW411i715,2018-01-08,2018-01-07,199:26,https://i0.hdslb.com/bfs/archive/0f82bb740ad8fcb52e88d6c0df0787427ec367a5.png,女流-2018.1.7-心灵砒霜-弹幕版
BV1WW411i7S6,2018-01-08,2018-01-08,202:35,https://i0.hdslb.com/bfs/archive/eb918d8a2d952e3511510f950f70916780e054e5.png,女流-2018.1.8-人类一败涂地 Human Fall Flat
BV19W411B7qR,2018-01-07,2018-01-07,199:15,https://i0.hdslb.com/bfs/archive/1f57dc291c52ee88aa6fa2bea48cb8e710edbb07.png,女流-2018.1.7-心灵砒霜
BV1yW411B7kn,2018-01-06,2018-01-06,118:46,https://i0.hdslb.com/bfs/archive/16c8c3037cea995e56d8bc3e19fd63bbcddbb1da.png,女流-1.6-女流66开年Party约战SHIELD马力欧
BV1rW411B7xd,2018-01-05,2018-01-05,275:41,https://i0.hdslb.com/bfs/archive/4cde15d88ac851155856b4def7c5f905a732fda1.png,女流-1.5-《传送门：桥梁构造者》(Bridge Constructor Portal)
BV1LW411B7iS,2018-01-04,,52:03,https://i0.hdslb.com/bfs/archive/bdbcd850c8046ff949fa7a9b975ef5d86a3db607.png,女流-6酱音乐专辑第二波
BV1HW411B7Ch,2018-01-03,2018-01-03,247:05,https://i0.hdslb.com/bfs/archive/b2b3e812997c0ee206cb2ec209a8402b14e812db.png,女流-1.3-《传送门：桥梁构造者》(Bridge Constructor Portal)
BV13W411B7jF,2018-01-02,2018-01-02,300:00,https://i0.hdslb.com/bfs/archive/76be25fb68d5b2ef364a596f9dd6808ec93a71d5.png,女流-1.2-《传送门：桥梁构造者》(Bridge Constructor Portal)
BV12W411q7tg,2018-01-01,2017-12-31,138:00,https://i0.hdslb.com/bfs/archive/bf9ec563314e03d16f9eb15b68789606f7346bdc.png,女流-12.31-心灵砒霜-弹幕版
BV11W411q7oA,2018-01-01,2017-12-31,32:45,https://i0.hdslb.com/bfs/archive/7f91757a669dd00164d81764b73814c310d0d454.png,女流-12.31-2017感谢有你
BV11W411q7ZT,2018-01-01,2017-12-31,102:47,https://i0.hdslb.com/bfs/archive/74c96fccf3d60501c4ca43fd7acf2445df5385a0.png,女流-12.31-大周脚展-弹幕版
BV1UW411q7tL,2017-12-31,2017-12-31,240:56,https://i0.hdslb.com/bfs/archive/17502525160ae574ced7fd6deab0b8df3e436b8a.png,女流-12.31-心灵砒霜
BV1BW411b7pP,2017-12-31,2017-12-30,205:21,https://i0.hdslb.com/bfs/archive/24f638dd91199ed404e5ca7d82b85cbd50025f92.png,女流-12.30-【吃鸡佳缘】第四期-弹幕版
BV1pW411b7Wo,2017-12-30,2017-12-30,205:16,https://i0.hdslb.com/bfs/archive/a55e4508fba627696197d5549d78b9eef1e58f35.png,女流-12.30-【吃鸡佳缘】第四期
BV1GW411b7d5,2017-12-29,2017-12-29,300:26,https://i0.hdslb.com/bfs/archive/150437810b149543f09386c33182363f00070ad9.png,女流-12.29-欢迎关注颜值主播6酱
BV1XW411t7mW,2017-12-28,,72:02,https://i0.hdslb.com/bfs/archive/624df1bbe98c334396ba741ccfbedd0496edc6ea.png,女流-6酱音乐专辑
BV1QW411t7A7,2017-12-27,2017-12-27,184:35,https://i0.hdslb.com/bfs/archive/38c118d386be35eebe29bab8eaa1f433b77fd314.png,女流-12.27-青蛙爆破者
BV1kW411t7y8,2017-12-26,2017-12-26,195:24,https://i0.hdslb.com/bfs/archive/25e1198d1a52fa3911cde937bd841e25ec52f949.png,女流-12.26-青蛙爆破者(Kero Blaster)
BV1iW411t7Xy,2017-12-25,2017-12-24,227:58,https://i0.hdslb.com/bfs/archive/abe5bcbf8c9b5236d4f44f47b118151cebb8189f.png,女流-12.24-心灵砒霜-弹幕版
BV1YW411t7JW,2017-12-25,2017-12-25,252:31,https://i0.hdslb.com/bfs/archive/265e52a11fb45bfc0beb76ea0f54de5d97ff6271.png,女流-12.25-大周MC圣诞专场
BV1nW411t7TZ,2017-12-24,2017-12-24,227:48,https://i0.hdslb.com/bfs/archive/5e36161ca354f185d8a8dbcb23ebe40d05c4535c.png,女流-12.24-心灵砒霜
BV1JW411t7B2,2017-12-24,2017-12-23,263:24,https://i0.hdslb.com/bfs/archive/c5629393ddcca8a9f5c780dc67267b4824ab5ca1.png,女流-12.23-【吃鸡佳缘】第三期-弹幕版
BV19W41187is,2017-12-23,2017-12-23,263:17,https://i0.hdslb.com/bfs/archive/c5629393ddcca8a9f5c780dc67267b4824ab5ca1.png,女流-12.23-【吃鸡佳缘】第三期
BV1iW41187Nb,2017-12-21,2016-03-22,312:00,https://i0.hdslb.com/bfs/archive/e81688a836284a28d3cf138395fc1aba55519e45.png,女流过往精彩录像补投-星露谷物语（2016.3.22）
BV1WW41187xY,2017-12-20,2017-12-20,254:56,https://i0.hdslb.com/bfs/archive/e3f0a489765d1a3fa9e87095eaf7349ef3159332.png,女流-12.20-MONOPOLY PLUS 大富翁
BV13W41187BJ,2017-12-19,2015-02-05,343:47,https://i0.hdslb.com/bfs/archive/e034199ec114569a394e29649ca0528b69c6d5bc.png,女流过往精彩录像补投-《去月球》第一、二幕 2015.2.5-2015.2.6
BV1TW41187Rd,2017-12-18,2017-12-17,15:05,https://i0.hdslb.com/bfs/archive/b6f53f1c0058e5104a18c6696c840108fcf8f7b8.jpg,女流-12.17-看着豆豆和壮壮滑雪，女皇只能羡慕嫉妒恨了
BV1PW41187Ff,2017-12-18,2017-12-18,301:22,https://i0.hdslb.com/bfs/archive/f1efbd372fdc57cde92562a084a8153ce92bf1fd.png,女流-12.18-Death Coming 死神来了
BV1fW411b7Lv,2017-12-17,2015-10-20,75:54,https://i0.hdslb.com/bfs/archive/db6b3f2c816402548d7bfad9e1039300c4c3cf84.png,女流过往精彩录像补投-鸟的故事 A Bird Story（2015.10.20）
BV1TW41187nN,2017-12-17,,50:53,https://i0.hdslb.com/bfs/archive/fb58f4c5ccde2953a269bd6d3cc19724e4e8e4a4.png,【女流戏说红楼】第七章：鸳鸯性格刚烈，宁死不从贾赦
BV1TW41187TD,2017-12-17,,37:22,https://i0.hdslb.com/bfs/archive/fb58f4c5ccde2953a269bd6d3cc19724e4e8e4a4.png,【女流戏说红楼】第八章：看红楼品百态众生
BV1NW41187W6,2017-12-17,,44:08,https://i0.hdslb.com/bfs/archive/fb58f4c5ccde2953a269bd6d3cc19724e4e8e4a4.png,【女流戏说红楼】第六章：王熙凤捉奸贾琏，看贾母如何平息
BV1KW41187Qa,2017-12-17,,12:56,https://i0.hdslb.com/bfs/archive/fb58f4c5ccde2953a269bd6d3cc19724e4e8e4a4.png,【女流戏说红楼】第九章：女装大佬柳湘莲
BV1KW41187DQ,2017-12-17,,32:44,https://i0.hdslb.com/bfs/archive/fb58f4c5ccde2953a269bd6d3cc19724e4e8e4a4.png,【女流戏说红楼】第十章：87版红楼最是经典
BV1zW411b7fS,2017-12-16,2017-12-15,113:28,https://i0.hdslb.com/bfs/archive/8051828e6d7fdd8082bba62940c775c3bff0aa17.png,女流-12.15-【吃鸡佳缘】第二期 弹幕版
BV1mW411b73p,2017-12-16,2017-12-15,113:56,https://i0.hdslb.com/bfs/archive/bca8bd9c2a7d266714bc5dc225fbe99b348b5ac2.png,女流-12.15-【吃鸡佳缘】第二期
BV1CW411b7et,2017-12-16,2017-12-16,402:30,https://i0.hdslb.com/bfs/archive/ef612158eec3f8ca4b5aae043ebdce5d1c692c3a.png,女流-12.16-《去月球》续作《寻找天堂》
BV1JW411a7ri,2017-12-15,,34:44,https://i0.hdslb.com/bfs/archive/fb58f4c5ccde2953a269bd6d3cc19724e4e8e4a4.png,【女流戏说红楼】第五章：刘姥姥进大观园
BV1JW411a7bz,2017-12-15,,07:41,https://i0.hdslb.com/bfs/archive/fb58f4c5ccde2953a269bd6d3cc19724e4e8e4a4.png,【女流戏说红楼】第二章：平儿“心知肚明”
BV1JW411a7CZ,2017-12-15,,24:43,https://i0.hdslb.com/bfs/archive/fb58f4c5ccde2953a269bd6d3cc19724e4e8e4a4.png,【女流戏说红楼】第四章：脑嗨贾宝玉与精明薛宝钗
BV1JW411a74y,2017-12-15,,09:18,https://i0.hdslb.com/bfs/archive/fb58f4c5ccde2953a269bd6d3cc19724e4e8e4a4.png,【女流戏说红楼】第三章：金钏儿冤死
BV17W411a7tw,2017-12-15,,09:23,https://i0.hdslb.com/bfs/archive/fb58f4c5ccde2953a269bd6d3cc19724e4e8e4a4.png,【女流戏说红楼】第一章：贾瑞之死
BV15W411a7nZ,2017-12-15,2017-12-15,169:08,https://i0.hdslb.com/bfs/archive/ea920cb58d039be65cad6036722a37744357940b.png,女流-12.15-GOROGOA画中世界
BV1MW411a7uL,2017-12-14,2016-03-21,369:27,https://i0.hdslb.com/bfs/archive/8e35045c1fa83836e9fd3225a6c40792572bde3f.png,女流过往精彩录像补投第十八期-星露谷物语（2016.3.21）
BV1QW411h7bw,2017-12-13,2017-12-12,128:05,https://i0.hdslb.com/bfs/archive/f32f1d0432e89bce5d6195c7e22abbeb1215da84.png,女流-12.12-K歌不停歇-弹幕版
BV19W411h7cz,2017-12-13,2017-12-13,128:34,https://i0.hdslb.com/bfs/archive/65c5ef547a69f27c19a3e9eb0ca8d1beba686060.png,女流-12.13-漫漫长夜（The Long Dark）
BV19W411h7bR,2017-12-13,2017-12-13,109:49,https://i0.hdslb.com/bfs/archive/6036f317fd2edcf3595d8fae85b138dc7bdd382a.png,女流-12.13-和YJJ双排吃鸡
BV11W411h7AM,2017-12-12,2017-12-12,128:08,https://i0.hdslb.com/bfs/archive/b95f9471d74a28223db3d80d0e111058f6f819ff.png,女流-12.12-K歌不停歇
BV1zW411h7ro,2017-12-11,2017-12-10,255:39,https://i0.hdslb.com/bfs/archive/e097267f11be9ca4785278ee78f997e54db181af.png,女流-12.10-心灵砒霜-透明弹幕版
BV12W411h7bC,2017-12-11,2017-12-11,213:42,https://i0.hdslb.com/bfs/archive/dd2f3ca29a6ab01ac985479825802b34f071b267.png,女流-12.11- 我是大老板
BV1xW411h7Zg,2017-12-10,2017-12-08,340:59,https://i0.hdslb.com/bfs/archive/3af269c2685d293bc3f1e302fcffb5aa608d2150.png,女流-12.8-钓会儿鱼，开会儿火车，吃会儿鸡
BV1BW411h7Mp,2017-12-10,2017-12-10,255:24,https://i0.hdslb.com/bfs/archive/462afdb8f0ba421b1396dfe2b440b59757549f22.png,女流-12.10-心灵砒霜
BV14W411h7xX,2017-12-09,2017-12-09,347:43,https://i0.hdslb.com/bfs/archive/b47edb5d467c1192cc1fbbf46e6a7c289e7ee530.png,女流-12.9-人气独立续作《王权：女王陛下》& 谋杀之谜
BV1MW411h7Xy,2017-12-08,2017-12-06,273:09,https://i0.hdslb.com/bfs/archive/3d2f7fa00fe58b9a2a8e33d81a67d57fd8e6bde2.png,女流-12.6-【吃鸡佳缘】第一期-弹幕版
BV16W411Y7uz,2017-12-07,2016-03-12,628:33,https://i0.hdslb.com/bfs/archive/f0a7fc655b4d9e3f1b4d74f774059762968fbc47.png,补齐补齐都补齐-星露谷物语（2016.3.12）
BV1sW411Y7oQ,2017-12-06,2017-12-06,273:17,https://i0.hdslb.com/bfs/archive/796a8e25c0d22e378ace33842b63f459ae949c03.png,女流-12.6-吃鸡佳缘第一期
BV1bW411Y7Em,2017-12-05,2017-12-05,348:03,https://i0.hdslb.com/bfs/archive/e768adbce0163871c0c8698aaa7a2263c777d040.png,女流-12.5-肯·福莱特的《圣殿春秋》：死灰复燃（第一卷第1-7章）
BV1JW411Y7do,2017-12-05,2017-12-04,281:36,https://i0.hdslb.com/bfs/archive/0726f28099330309a44e11363cfaee084421b0b4.png,女流-12.4-钓鱼大赛
BV1cW411Y7kV,2017-12-04,2017-12-03,177:27,https://i0.hdslb.com/bfs/archive/7ade34fa9214a68605c3d2defd648dfa5dd96ca0.png,女流-12.3-心灵砒霜-弹幕版
BV1uW411Y7yP,2017-12-03,2017-12-03,140:58,https://i0.hdslb.com/bfs/archive/e4b4431d82309ff603e38cd6bea412bad4a2c93e.png,女流-12.3-心灵砒霜
BV1yW411a7ZS,2017-12-02,2016-03-13,345:07,https://i0.hdslb.com/bfs/archive/9ebc36ffbaf43d469dfc4778115260684a4e4c96.png,我承认我落下一期，现在补上-星露谷物语（2016.3.13）
BV1FW411Y7gu,2017-12-02,2017-12-02,261:05,https://i0.hdslb.com/bfs/archive/6f850b933f203a27cc847c13e207fbeece3fc04c.png,女流-12.2-Ice Lakes 冰湖
BV1zW411a7cE,2017-12-01,2016-03-17,293:01,https://i0.hdslb.com/bfs/archive/9096a1eb674a9253adf3aa8ca2c3c28d1177eba1.png,女流过往精彩录像补投第十七期-星露谷物语（2016.3.17）
BV1HW411a7CS,2017-11-30,2016-03-16,296:53,https://i0.hdslb.com/bfs/archive/1224140e9ea4c1cd018c7af6ce2585866ef7c2a2.png,女流过往精彩录像补投第十六期-星露谷物语（2016.3.16）
BV1Bx411572C,2017-11-29,2016-03-15,178:25,https://i0.hdslb.com/bfs/archive/8e930f8848a6389aa73ec43ba2a81b930e0462e7.png,女流过往精彩录像补投第十五期-星露谷物语（2016.3.15）
BV18x41157wP,2017-11-28,2016-03-11,558:46,https://i0.hdslb.com/bfs/archive/7a6ccfc463ca2215de39a9f3235f0c501747d11c.png,女流过往精彩录像补投第十四期-星露谷物语（2016.3.11）
BV1nx41157kQ,2017-11-27,2017-11-26,233:13,https://i0.hdslb.com/bfs/archive/f23816c14c66c9c47e369231606662516c607635.png,女流-11.26-心灵砒霜-弹幕版
BV1Jx41157zR,2017-11-27,2016-03-10,256:17,https://i0.hdslb.com/bfs/archive/aa2f9c3292211e99953c32ffa675a18c18c7a15b.png,女流过往精彩录像补投第十三期-星露谷物语（2016.3.10）
BV1jx41157bS,2017-11-26,2017-11-26,233:14,https://i0.hdslb.com/bfs/archive/a88a4e14790fbb045648c78c277ba6db408f369a.png,女流-11.26-心灵砒霜
BV1Mx411572G,2017-11-25,2017-11-25,321:07,https://i0.hdslb.com/bfs/archive/33987ea45509d3a7247777851871880f0d9a2ca5.png,女流-11.25-超级马里奥-奥德赛
BV1Zx411V7Gx,2017-11-24,2017-11-24,410:01,https://i0.hdslb.com/bfs/archive/90c30c528a6c5a6335f55c9ae6d48cb48196698a.png,女流-11.24-超级马里奥-奥德赛
BV1mx411V7P6,2017-11-23,2017-11-23,174:52,https://i0.hdslb.com/bfs/archive/afdeb22831b901c745b0bb52713aa79047ae9b50.png,女流-11.23-超级马里奥-奥德赛
BV1Xx411V7mT,2017-11-23,2016-03-09,131:52,https://i0.hdslb.com/bfs/archive/65748c2795f6889ba84ad361c14896acc95235f8.png,女流过往精彩录像补投第十二期-星露谷物语（2016.3.9）
BV1zx411V7UA,2017-11-22,2017-11-22,351:43,https://i0.hdslb.com/bfs/archive/0bafd8bb24569184ab9602a34affbc13c869d212.png,女流-11.22-兔宝宝历险记&超级马里奥奥德赛
BV1kx411V7yN,2017-11-21,2017-11-21,322:54,https://i0.hdslb.com/bfs/archive/69c42a9c041b78b22bd9a32488a88119d0dcbf3d.png,女流-11.21-超级马里奥-奥德赛
BV1fx411L7J1,2017-11-20,2017-11-19,217:28,https://i0.hdslb.com/bfs/archive/238a26e14ea4dc4de6235d4bdd7f10592b9c1bf0.png,女流-11.19-心灵砒霜-弹幕版
BV1cx411j7sN,2017-11-20,2016-03-07,179:48,https://i0.hdslb.com/bfs/archive/b10f1e97f33f3ceadaa7e425f72627789b6b864b.png,女流过往精彩录像补投第十一期-Undertale传说之下三周目（2016.3.7）
BV1Kx411j7mJ,2017-11-19,2017-11-19,217:19,https://i0.hdslb.com/bfs/archive/c91691b2dce90f57ebe3057544ff6b29547b3d80.jpg,女流-11.19-心灵砒霜
BV1dx411L7BN,2017-11-18,2017-11-18,383:26,https://i0.hdslb.com/bfs/archive/e063ba958f1afdb83f4b92480af53fb45c8fce36.png,女流-11.18-超级马里奥-奥德赛
BV1yx411L7F4,2017-11-17,2017-11-17,234:49,https://i0.hdslb.com/bfs/archive/f29c366d6d9d58e3d85a3cbcbb63a39017b009c6.png,女流-11.17-和班尼特福迪一起攻克难关&超级马里奥-奥德赛
BV1ix411L7yY,2017-11-17,2016-03-03,186:52,https://i0.hdslb.com/bfs/archive/ed80606aba5f0eb41e4e01bd4c7d7134bc2a4e57.png,女流过往精彩录像补投第十期-Undertale传说之下三周目（2016.3.3）
BV1Ex411L74g,2017-11-16,2017-11-14,275:34,https://i0.hdslb.com/bfs/archive/cb2ec5e85238ef618df91c38a0fc01c19ff9bce9.png,女流-11.14-和班尼特福迪一起攻克难关-弹幕版（赠送大家一个弹幕版）
BV17x411L7HQ,2017-11-16,2015-10-28,179:30,https://i0.hdslb.com/bfs/archive/c2a4abecd1e079ce1c159a47c4b30a33ff69637e.png,女流过往精彩录像补投第九期-Undertale传说之下二周目大结局（2015.10.28）
BV1sx411L7ut,2017-11-15,2017-11-15,282:40,https://i0.hdslb.com/bfs/archive/e7b6177337ccd895645f4d72ea166a8e494689ea.png,女流-11.15-超级马里奥-奥德赛
BV1Tx411L7Vr,2017-11-14,2017-11-14,275:26,https://i0.hdslb.com/bfs/archive/2dbf831e5e8d1d5df158573c18618aa5e50149c5.png,女流-11.14-和班尼特福迪一起攻克难关(Getting Over It with Bennett Foddy)
BV1ox41157vK,2017-11-13,2017-11-13,269:47,https://i0.hdslb.com/bfs/archive/8224fff074b79ffd2a35fd1534db7f164153b315.png,女流-11.13-超级马里奥-奥德赛
BV1Dx41157yN,2017-11-13,2017-11-12,253:51,https://i0.hdslb.com/bfs/archive/4264272b5aad7eff173434e340df50fec0972024.png,女流-11.12-心灵砒霜-弹幕版
BV1Ux41157vC,2017-11-12,2017-11-12,253:36,https://i0.hdslb.com/bfs/archive/4264272b5aad7eff173434e340df50fec0972024.png,女流-11.12-心灵砒霜
BV17x41177tn,2017-11-11,2017-11-11,305:32,https://i0.hdslb.com/bfs/archive/0a8088a5c0c2b744803be1518cf4998c21e1125f.png,女流-11.11-绝地求生&超级马里奥-奥德赛
BV1wx41177sQ,2017-11-10,2015-10-27,255:23,https://i0.hdslb.com/bfs/archive/33a7123a31bd6c584862c5f36e281aa11227f0fc.png,女流过往精彩录像补投第八期-Undertale传说之下（2015.10.27）
BV1ux41177ak,2017-11-10,2017-11-10,255:08,https://i0.hdslb.com/bfs/archive/d10eee9a757f0ae049d4c208c4dad9eb1b3183a2.png,女流-11.10-绝地求生& 超级马里奥-奥德赛
BV1fx411j7ck,2017-11-09,2015-10-23,218:29,https://i0.hdslb.com/bfs/archive/b6bb752d3b384a55209d2eca67896dc74f332211.png,女流过往精彩录像补投第六期-Undertale传说之下（2015.10.23）
BV1Kx41177jR,2017-11-09,2015-10-26,336:49,https://i0.hdslb.com/bfs/archive/743478a4154cb69f9e85856343f1b83943614a4b.png,女流过往精彩录像补投第七期-Undertale传说之下（2015.10.26）
BV1Ux411j7Uc,2017-11-08,2017-11-08,144:15,https://i0.hdslb.com/bfs/archive/888b95f1f5262fd856170557e6b4d901a8dcd6e9.png,女流-11.8- 超级马里奥-奥德赛
BV1qx411j7dG,2017-11-07,2017-11-06,241:42,https://i0.hdslb.com/bfs/archive/9650747090ae4149db1b3a617ff636a866d89156.png,女流-11.6-66约冷冷吃鸡-弹幕版（完整弹幕版）
BV1kx411j73x,2017-11-07,2017-11-06,261:59,https://i0.hdslb.com/bfs/archive/952590a5ba905a1f135f66230e7d38f22df355ff.png,女流-11.6-超级马里奥-奥德赛
BV1hx411j7sj,2017-11-06,2017-11-06,241:35,https://i0.hdslb.com/bfs/archive/f3850b8f1c3e1ae24459ce0e05659c39f2babba3.png,女流-11.6-66约冷冷双排吃鸡
BV1bx411j7Gx,2017-11-06,2017-11-05,212:49,https://i0.hdslb.com/bfs/archive/9f69fcebdab2b34820c46739f64191b8d1eff410.png,女流-11.5-心灵砒霜-弹幕版
BV1Yx411j7SF,2017-11-05,2017-11-05,212:47,https://i0.hdslb.com/bfs/archive/9f69fcebdab2b34820c46739f64191b8d1eff410.png,女流-11.5-心灵砒霜
BV1Yx411j7Qz,2017-11-05,2017-11-05,121:08,https://i0.hdslb.com/bfs/archive/c31d40b29d99e3b61bc72130886a25ef1a753a94.jpg,女流-11.5-Castle Crusher 城堡毁灭者
BV1Hx411j7U8,2017-11-04,2017-11-04,293:52,https://i0.hdslb.com/bfs/archive/6b33c8726a8b7d8f573f4515ca531b989a2b21fa.png,女流-11.4-小猫钓鱼
BV1kx411E78T,2017-11-03,2017-11-03,216:51,https://i0.hdslb.com/bfs/archive/e0dafad03531b65da38ce537660b704b8d25b7de.png,女流-11.3-小猫钓鱼&用游戏感受夏普电视的魅力
BV1qx411E7ae,2017-11-02,2015-10-29,163:52,https://i0.hdslb.com/bfs/archive/34b9765eb7b7ca9ed02f4e50f47b14803ba4e390.png,女流过往精彩录像补投第五期-Life is Strange奇异人生（2015.10.29）
BV1Jx411E7JV,2017-11-01,2015-08-11,191:07,https://i0.hdslb.com/bfs/archive/0dad0891bd3e406daf10d0cde53080ab87445652.png,女流过往精彩录像补投第四期-Life is Strange 奇异人生（2015.8.11）
BV1px411E7rA,2017-10-31,2015-06-24,298:05,https://i0.hdslb.com/bfs/archive/ed7a80b5c44bfcab8187ac9cd7c789d580779a1f.png,女流过往精彩录像补投第三期-Life is Strange奇异人生（2015.6.24）
BV1wx411E7An,2017-10-30,2017-10-29,181:00,https://i0.hdslb.com/bfs/archive/805447859536f2b45d1948272ed578791a319887.png,女流-10.29-心灵砒霜-弹幕版
BV1jx411E7R5,2017-10-30,2017-10-30,133:35,https://i0.hdslb.com/bfs/archive/3c8521bfc718550aef54e066d84f9c30b6f39ebd.png,女流-10.30-欢乐斗地主专场
BV1Fx411E7sd,2017-10-29,2017-10-29,181:00,https://i0.hdslb.com/bfs/archive/805447859536f2b45d1948272ed578791a319887.png,女流-10.29-心灵砒霜
BV1mx41177k3,2017-10-28,2017-10-28,100:50,https://i0.hdslb.com/bfs/archive/a06d66c6020353bfc955be7ae3f258179dcc2dbd.png,女流-10.28-宝藏世界
BV1qx41177R8,2017-10-27,2017-10-27,286:57,https://i0.hdslb.com/bfs/archive/4a126edd0cab7fa741399e7420c0514dfd56d654.png,女流-10.27-绝地求生（大周网吧正式开业）
BV1tx41177EZ,2017-10-26,2017-10-26,246:59,https://i0.hdslb.com/bfs/archive/2d38646fe121f071d6d2de8160276727a073ed95.png,女流-10.26-Rusty Lake
BV1px411u7rs,2017-10-25,2017-10-24,235:24,https://i0.hdslb.com/bfs/archive/ad3cd62371b43bf16bace05f9f1eed7a6a15a188.png,女流-10.24-Rusty Lake
BV1jx411u7BG,2017-10-25,2017-10-25,183:11,https://i0.hdslb.com/bfs/archive/a35321e46b5edc21a5dbedacb82b645e6f47b29f.png,女流-10.25-Rusty Lake
BV1ux411u7Fn,2017-10-23,2017-10-23,255:41,https://i0.hdslb.com/bfs/archive/e5c901aa2eae080393350aaa44578dfb4a3bde6a.png,女流-10.23-Rusty Lake
BV1gx411u7oJ,2017-10-23,2017-10-22,254:46,https://i0.hdslb.com/bfs/archive/b7f13fb8aa7ddee6f764d0ec2a11a23878438e2a.png,女流-10.22-心灵砒霜-弹幕版
BV1Ax411u7Cb,2017-10-22,2017-10-22,254:30,https://i0.hdslb.com/bfs/archive/b7f13fb8aa7ddee6f764d0ec2a11a23878438e2a.png,女流-10.22-心灵砒霜
BV1Qx411M7cu,2017-10-21,2017-10-21,247:41,https://i0.hdslb.com/bfs/archive/216f4cb86f3badfbe5f70939aa212ca9f265955d.png,女流-10.21-stickman火柴人大乱斗
BV1kx411M7MW,2017-10-20,2017-10-20,86:03,https://i0.hdslb.com/bfs/archive/7f83cbc4b2393b04c3624b31e60d543a71d507a5.jpg,女流-10.20-Stickman
BV16x411M7KT,2017-10-20,2017-10-20,215:30,https://i0.hdslb.com/bfs/archive/63e400552425e746a914c71c91bc050fa6a4ecc4.png,女流-10.20-大周好声音
BV1px411M7a1,2017-10-18,2017-10-18,116:46,https://i0.hdslb.com/bfs/archive/bac7bdc9c3d40d971268d17b302539c1c42e5755.png,女流-10.18-GT sport 线下活动
BV1Hx411M7fB,2017-10-18,2017-10-18,147:45,https://i0.hdslb.com/bfs/archive/d80dbfb22f7ce6083fe140b289c450717e0012a8.png,女流-10.18-石六六个人演唱会
BV1Tx411M7uJ,2017-10-17,2017-10-17,376:38,https://i0.hdslb.com/bfs/archive/8aad90e73cbc0e6357ae501ff9f8aeae70e165d3.png,女流-10.17-Linelight 光线
BV1ix411g7hQ,2017-10-16,2017-10-15,243:06,https://i0.hdslb.com/bfs/archive/a921bcc0db12c0ff32ac3c5a2647ab955886ef78.png,女流-10.15-心灵砒霜-弹幕版
BV1tx411g7Xf,2017-10-15,2017-10-15,243:00,https://i0.hdslb.com/bfs/archive/a921bcc0db12c0ff32ac3c5a2647ab955886ef78.png,女流-10.15-心灵砒霜
BV18x411g79H,2017-10-14,2017-10-14,259:12,https://i0.hdslb.com/bfs/archive/1a895c930de4971eb64e4cef87e3313fe391bcf5.png,女流-10.14-Youtubers Life
BV1Nx411g7XP,2017-10-13,2017-10-13,178:10,https://i0.hdslb.com/bfs/archive/32c3b2ebf46a726fd675e7400fec184f3ae77c56.png,女流-10.13-绝地求生
BV1cx411g7DD,2017-10-11,2017-10-11,260:00,https://i0.hdslb.com/bfs/archive/ce8d5d20a76d879894f30e6b6b5a0e9dede2aabe.png,女流-10.11-Don't cut your hand  &  欧洲卡车模拟2
BV1Xx411u7Xq,2017-10-10,2017-10-10,348:17,https://i0.hdslb.com/bfs/archive/a475a2d097798a87ebaa5340a568c9e1c92ee1de.png,女流-10.10-THE AMAZING FROG
BV1xx411u7rY,2017-10-08,2017-10-08,114:49,https://i0.hdslb.com/bfs/archive/d4fc76da188cda3b28d8091036fc5546e26ec0f7.png,女流-10.8-在家闲逛
BV1Px411G773,2017-10-07,2017-10-07,90:33,https://i0.hdslb.com/bfs/archive/104b523a864b914808aa09464838f895ae9cb8a7.png,女流-10.7-cosplay？
BV1Rx411374R,2017-10-06,2017-10-06,208:34,https://i0.hdslb.com/bfs/archive/2e4b375b65ab2fdb9e3c49eb51f3113804da63b1.png,女流-10.6-悠闲时刻
BV1rx4113775,2017-10-05,2017-10-05,142:22,https://i0.hdslb.com/bfs/archive/77afecee716948e276bafc853a7c23e549517e62.png,女流-10.5-和豆豆的美好时光
BV1Hx41137xh,2017-10-03,2017-10-03,256:47,https://i0.hdslb.com/bfs/archive/08d56e469930220c4b200a9bdb16c45ddcafddf1.png,女流-10.3-大周歌会
BV1ux41137D1,2017-10-02,2017-10-02,260:33,https://i0.hdslb.com/bfs/archive/90b3843f292f39173154127f301ad7a220a17be1.png,女流-10.2-茶杯头cuphead
BV1cx41137u3,2017-10-01,2017-10-01,197:53,https://i0.hdslb.com/bfs/archive/a921bcc0db12c0ff32ac3c5a2647ab955886ef78.png,女流-10.1-心灵砒霜
BV1Fx41137Rq,2017-10-01,2017-10-01,162:17,https://i0.hdslb.com/bfs/archive/889dd898d425982802f6b4b075268f2ff5ed329e.png,女流-10.1-茶杯头cuphead
BV1jx411V7S8,2017-09-30,2017-09-28,215:11,https://i0.hdslb.com/bfs/archive/560358f69144e8f543efca8f803b1ef127600dae.png,女流-9.28-姐弟双排吃鸡
BV1Jx411V7mh,2017-09-30,2017-09-30,281:58,https://i0.hdslb.com/bfs/archive/f5c50c2767faffd6ea417d0c54959f5c107f9dff.png,女流-9.30-茶杯头cuphead
BV1Px411V7wG,2017-09-27,2017-09-27,170:00,https://i0.hdslb.com/bfs/archive/4f52d897e6e329d757d508deb8224775089ced2e.png,女流-9.27-欧洲卡车模拟2
BV1Bx411G7hP,2017-09-26,2017-09-25,219:19,https://i0.hdslb.com/bfs/archive/a7e8262e8479911bb392cc95661919798da3f0d3.png,女流-9.25-心灵砒霜-弹幕版
BV1vx411G7Sg,2017-09-25,2017-09-25,218:53,https://i0.hdslb.com/bfs/archive/a7e8262e8479911bb392cc95661919798da3f0d3.png,女流-9.25-心灵砒霜
BV1hx411G7BB,2017-09-24,2017-09-23,274:20,https://i0.hdslb.com/bfs/archive/03ff73b0b8ad81679b3e3f289b5568a4be8169dc.png,女流-9.23-欧洲卡车模拟2
BV1Yx411G76a,2017-09-24,2017-09-22,159:32,https://i0.hdslb.com/bfs/archive/b268842d04958ae6b4ca0b8379e95e0d36e3f656.png,女流-9.22-欧洲卡车模拟2
BV1sx411x7hH,2017-09-21,2017-09-21,287:23,https://i0.hdslb.com/bfs/archive/185076293233ee9e6b65ffe47c62044bea6acfc4.png,女流-9.21-第二代Mazda CX-5 上市直播
BV1Lx411x7bS,2017-09-20,2017-09-20,130:39,https://i0.hdslb.com/bfs/archive/2057605fe3be4f1a9b8531a91bc93e3ea29ab4df.png,女流-9.20-欧洲卡车模拟2
BV1Jx411x7gL,2017-09-20,2017-09-19,252:44,https://i0.hdslb.com/bfs/archive/ab7be3001890926b144364a3800052334cc5c198.png,女流-9.19-CookServeDelicious
BV1wx411x7WK,2017-09-19,2017-09-18,300:30,https://i0.hdslb.com/bfs/archive/da5d021256267a0a5da0b945e421c7aadcec8af0.png,女流-9.18-CookServeDelicious
BV1Xx411s7zX,2017-09-18,2017-09-17,241:31,https://i0.hdslb.com/bfs/archive/e4ddab9b83e30a3f0ac82620a608f5792de7b9dd.png,女流-9.17-心灵砒霜-弹幕版
BV1yx411s7EL,2017-09-17,2017-09-16,216:03,https://i0.hdslb.com/bfs/archive/bccd5d42487e96b1e2c8724a3a6248ee476f122b.jpg,女流-9.16-大吉大利今晚吃鸡
BV1Qx411s7r4,2017-09-17,2017-09-17,241:28,https://i0.hdslb.com/bfs/archive/e4ddab9b83e30a3f0ac82620a608f5792de7b9dd.png,女流-9.17-心灵砒霜
BV1ix411s7Fk,2017-09-16,2017-09-15,135:51,https://i0.hdslb.com/bfs/archive/e3e608e8e192eb4547ffaacc866e5a731290b32d.jpg,女流-9.15-《我的世界》手游上线
BV1nx411s7zC,2017-09-15,2017-09-14,79:51,https://i0.hdslb.com/bfs/archive/196111ed31869576d76fd4b334b2ca084b350542.png,女流-9.14-广州一日吃
BV1jx411s7rM,2017-09-13,2017-09-12,146:24,https://i0.hdslb.com/bfs/archive/9e33c20b36e6d8cbc0be3a46de100fd9a8441921.png,女流-9.12-牙套妹&渣哥的日常生活
BV1Gx411s7UG,2017-09-13,2017-09-13,240:27,https://i0.hdslb.com/bfs/archive/fad5cb6dcb9da804d514b28752b5708fac5ec034.png,女流-9.13-马里奥疯兔
BV1Sx41147EX,2017-09-12,2017-09-11,171:42,https://i0.hdslb.com/bfs/archive/18b11061ab2950e988d3e98603dd89b64ab1ec6e.png,女流-9.11-马里奥疯兔
BV1ax411478t,2017-09-11,2017-09-10,238:37,https://i0.hdslb.com/bfs/archive/3be1d89ae5011adb2e445b8bf10731aa2617d0c6.png,女流-9.10-心灵砒霜-弹幕版
BV1zx41147gy,2017-09-10,2017-09-10,238:19,https://i0.hdslb.com/bfs/archive/3be1d89ae5011adb2e445b8bf10731aa2617d0c6.png,女流-9.10-心灵砒霜
BV1hx41147Mk,2017-09-10,2017-09-08,264:26,https://i0.hdslb.com/bfs/archive/6a30e627174ca4058dc6abe0234191de0855b979.png,女流-9.8-啪嗒砰
BV14x41147Jw,2017-09-09,2017-09-09,215:32,https://i0.hdslb.com/bfs/archive/87799d77d40c3f3c22aa390ebda9126db1e9676d.png,女流-9.9-尬聊&五分钟的绝地求生
BV1ux41147Mo,2017-09-07,2017-09-07,240:17,https://i0.hdslb.com/bfs/archive/74af735bb6e1568209de17cb653dc3a900af603e.png,女流-9.7-绝地求生
BV1fx411x7Sq,2017-09-06,2017-09-06,275:07,https://i0.hdslb.com/bfs/archive/af08e28ae700ba937e1b9533c46ddbd632555303.png,女流-9.6-啪嗒砰
BV1ex411x7Hi,2017-09-05,2017-09-04,138:45,https://i0.hdslb.com/bfs/archive/f875ecf4e7b5f6196e5a2018a36ff46cbf9ed918.png,女流-9.4-地平线零之曙光体验会(PS4国际影院派对)
BV1Xx411t7hZ,2017-09-02,2017-09-02,245:14,https://i0.hdslb.com/bfs/archive/50cf6757d071c41b638c708bc3947b0cc7bb1c3b.png,女流-9.2-啪嗒砰
BV1Cx411t7jD,2017-09-01,2017-09-01,267:17,https://i0.hdslb.com/bfs/archive/8d016a6a2e7408142b199fc918668c18268f78cf.png,女流-9.1-相扑人Sumoman
BV1px411t7pd,2017-08-30,2017-08-30,285:41,https://i0.hdslb.com/bfs/archive/a824c81974dee9e18566907bedbdc6c126494bd9.png,女流-8.30-相扑人（Sumoman）
BV1Ex411t7Yw,2017-08-29,2017-08-29,211:27,https://i0.hdslb.com/bfs/archive/0f933b027072cee9a12f408f8e0bef5ea7768cc0.png,女流-8.29-大周MC第15天：七夕过后建筑大赛
BV1Mx411t7Hd,2017-08-28,2017-08-27,236:57,https://i0.hdslb.com/bfs/archive/e3837c8a9f7e3b77ab0827a51457d9dc7adf13df.png,女流-8.27-心灵砒霜-弹幕版
BV1Wx41187f1,2017-08-27,2017-08-27,236:47,https://i0.hdslb.com/bfs/archive/e3837c8a9f7e3b77ab0827a51457d9dc7adf13df.png,女流-8.27-心灵砒霜
BV1Tx41187u9,2017-08-26,2017-08-25,276:51,https://i0.hdslb.com/bfs/archive/0d5155dcbc73d666c04aa58dd367b40f5bd77fa8.png,女流-8.25-缺氧
BV1Lx41187my,2017-08-26,2017-08-26,298:21,https://i0.hdslb.com/bfs/archive/2308fa7b19e583cdb47bff659b8640e65030beac.png,女流-8.26-缺氧再试水
BV1ix411b7B5,2017-08-23,2017-08-23,235:23,https://i0.hdslb.com/bfs/archive/6fddf9e8fe3effb32c106484b018cbd9a5c835bd.png,女流-8.23-百战天虫W.M.D
BV1sx411b71E,2017-08-22,2017-08-22,188:48,https://i0.hdslb.com/bfs/archive/8000cea2d34b422aef3d2347c3f9d4a9c9b81546.png,女流-8.22-绝地求生
BV1Vx411b7eg,2017-08-21,2017-08-20,192:00,https://i0.hdslb.com/bfs/archive/19ff4beb578fe26bd6ee2666f251ad26a47f6916.jpg,女流-8.20-心灵砒霜-弹幕版
BV15x411b7Ea,2017-08-21,2017-08-21,280:03,https://i0.hdslb.com/bfs/archive/568c187b3c5b0996f5de06998d114c463474690f.png,女流-8.21-人力资源机器
BV1Nx411n71Q,2017-08-20,2017-08-20,234:32,https://i0.hdslb.com/bfs/archive/6f63d09004d4f68bcbc272900f4846d7de4f6caf.png,女流-8.20-心灵砒霜
BV1Kx411n7ek,2017-08-20,2017-08-14,135:24,https://i0.hdslb.com/bfs/archive/f3886462a2873852e67b544f4967de6cc342457e.png,女流-8.14-大周好声音弹幕版
BV1dx411J77f,2017-08-19,2017-08-19,238:54,https://i0.hdslb.com/bfs/archive/d147368c278e43bcc3f72680da3fb6cafec573b4.png,女流-8.19-尼德霍格+吃鸡
BV1sx411H7Em,2017-08-14,2017-08-13,263:08,https://i0.hdslb.com/bfs/archive/9b1c1823c0caf20a63ee409914f35abf9fbbcb83.png,女流-8.13-心灵砒霜21
BV1Xx411E7Qz,2017-08-14,2017-08-13,152:39,https://i0.hdslb.com/bfs/archive/e6021fcc6d41aecd40606b609210d440f44d900c.jpg,女流-8.13-心灵砒霜-弹幕版
BV19x411E7aL,2017-08-14,2017-08-14,164:11,https://i0.hdslb.com/bfs/archive/44e0a95658b38f13994bdf03a58c351a62f704c5.png,女流-8.14-大周好声音
BV1Ex411H7k9,2017-08-13,2017-08-12,249:08,https://i0.hdslb.com/bfs/archive/192251ea6bcc9c21e9418709f65d0ec023276ff4.jpg,女流-8.12-大周MC之竞选武状元
BV1Dx411n7hH,2017-08-12,2017-08-11,236:18,https://i0.hdslb.com/bfs/archive/9ab515b78f02756b888dd21bfe8789b6e31c1f75.jpg,女流-8.11-我的世界中国版PC不限号
BV1vx411n7jt,2017-08-09,2017-08-09,209:19,https://i0.hdslb.com/bfs/archive/f431d33d7e75c512ac5dff48d5a450d9115c8557.jpg,女流-8.9-大周有嘻哈
BV1gx411n7Rf,2017-08-08,2017-08-08,258:29,https://i0.hdslb.com/bfs/archive/c402478c564171cab5cc9b934b9ccba77f98f77b.jpg,女流-8.8-大周MC第十天：建筑大赛
BV16x411p7jo,2017-08-08,2017-08-08,76:51,https://i0.hdslb.com/bfs/archive/c70979423a6d4e3d35613750c309fff1e357e715.jpg,女流-8.8-半夜不睡觉聊一聊
BV1Sx411p7tr,2017-08-07,2017-08-07,217:01,https://i0.hdslb.com/bfs/archive/d23762c0696ad0d7a24ab38499d8318f018556d7.jpg,女流-8.7-大周MC第九天：末地之城
BV1Gx411p75o,2017-08-05,2017-08-05,110:12,https://i0.hdslb.com/bfs/archive/29a5f3aed8f75dd3ccb3b8346e851fa762e9a158.jpg,女流-8.5-绝地求生
BV1Ax411p7Mf,2017-08-04,2017-08-04,227:55,https://i0.hdslb.com/bfs/archive/77691fa633edb637f4af83f5917d05d65a414ad7.jpg,女流-8.4-大周MC第八天：末影龙
BV1dx411H79E,2017-08-03,2017-08-02,246:20,https://i0.hdslb.com/bfs/archive/23f3ff0fbd969ae0f9dc20e5ebe5320c359da711.jpg,女流-8.2-我的世界
BV1ix411H7R9,2017-08-01,2017-08-01,239:35,https://i0.hdslb.com/bfs/archive/545c704f2a584cbf8758fb6622629a43cc599dc2.jpg,女流-8.1-我的世界
BV1vx411W7e5,2017-07-30,2017-07-29,180:52,https://i0.hdslb.com/bfs/archive/33f8fe60d38cc3c3e430b1de41982dc270cba8d3.jpg,女流-7.29-狼叔说游戏之专访女流&壮壮
BV1Wx411W7pP,2017-07-29,2017-07-28,52:02,https://i0.hdslb.com/bfs/archive/79e76379f9cc229d4e7d33c47599960ff3da9d35.jpg,女流-7.28-首次直播试玩真三国无双8
BV1Wx411W7nv,2017-07-29,2017-07-28,61:30,https://i0.hdslb.com/bfs/archive/9cdba51ad3c002d1f4b9bc8b517d23c5e40f17ba.jpg,女流-7.28-与武人叔畅聊主机游戏的那些事儿
BV1ux411W7Y9,2017-07-27,2017-07-26,81:18,https://i0.hdslb.com/bfs/archive/308e7d0d107ee988deed04f6c18e66bf039c89b5.jpg,女流-7.26- PlayStation 中国发布会
BV1fx411i7fq,2017-07-24,2017-07-23,128:51,https://i0.hdslb.com/bfs/archive/ff7ae35c96f22ae1dc1aaca309594b63568e9767.jpg,女流-7.23-你说我猜
BV1zx411i77x,2017-07-22,2017-07-22,239:54,https://i0.hdslb.com/bfs/archive/591b626c29a7d7fc9f5cc08883e8d38e8f6ba61c.jpg,女流-7.22-我的世界
BV14x411i7mz,2017-07-21,2017-07-21,247:38,https://i0.hdslb.com/bfs/archive/2d3610da92181688b3d1224f60308090b8a977df.jpg,女流-7.21-我的世界
BV1Nx411i7oX,2017-07-19,2017-07-19,115:42,https://i0.hdslb.com/bfs/archive/731445eae76276d01248373c5c60faedbfa61db2.jpg,女流-7.19-我的世界
BV1cx411i7Ae,2017-07-18,2017-07-17,212:44,https://i0.hdslb.com/bfs/archive/19968a09e5a102747e10adb5f44b1fa281df9be1.jpg,女流-7.17-心灵砒霜-弹幕版
BV1Nx411i72N,2017-07-18,2017-07-18,179:15,https://i0.hdslb.com/bfs/archive/5e5e5875d548eae9e032f7923672e2efe6673e03.jpg,女流-7.18-我的世界
BV1ix411B7mu,2017-07-17,2017-07-17,235:20,https://i0.hdslb.com/bfs/archive/19968a09e5a102747e10adb5f44b1fa281df9be1.jpg,女流-7.17-心灵砒霜
BV1ex411B7oE,2017-07-17,2017-07-16,204:19,https://i0.hdslb.com/bfs/archive/e1963711059cb74706c00cc5d129aed64926449c.jpg,女流-7.16-泡泡来做客，六酱掌勺
BV1ux411B7N8,2017-07-15,2017-07-15,25:57,https://i0.hdslb.com/bfs/archive/80c7d9aefa0b17f4eacc6635b045984849e2f311.jpg,女流-7.15-设备调试，直播随缘
BV1Bx411q7iU,2017-07-12,2017-07-12,114:02,https://i0.hdslb.com/bfs/archive/738313072c8c344a6434e2c370cbabaa17d0bba8.jpg,女流-7.12-创世战车
BV1tx411q7A7,2017-07-11,2017-07-11,232:41,https://i0.hdslb.com/bfs/archive/38e57e1e62afd82c37770cc85cfda6febd81c79b.jpg,女流-7.11-Night in the Woods夭折改播守望先锋
BV1Ex411q7Jx,2017-07-10,2017-07-09,248:50,https://i0.hdslb.com/bfs/archive/83c798433c355a5542b77306d47786f6b070e119.jpg,女流-7.9-心灵砒霜&抽奖-弹幕版
BV1Ex411q77P,2017-07-10,2017-07-10,110:27,https://i0.hdslb.com/bfs/archive/14588b3befe79af94ea83138f580890db69af456.jpg,女流-7.10-组装小书架
BV1Ux411z7he,2017-07-09,2017-07-09,249:08,https://i0.hdslb.com/bfs/archive/83c798433c355a5542b77306d47786f6b070e119.jpg,女流-7.9-心灵砒霜
BV1rx411z7w6,2017-07-08,2017-07-08,236:44,https://i0.hdslb.com/bfs/archive/09c2558f5faa8c071a8a2b11722f3503bf6a5f3b.jpg,女流-7.8-今天聊60块钱的
BV18x411z7vz,2017-07-07,2017-07-07,239:04,https://i0.hdslb.com/bfs/archive/ae441da021ce63c195b1ed35c8af064f7dc545df.jpg,女流-7.7-小小噩梦DLC
BV1nx411z7Jh,2017-07-06,2017-07-06,178:41,https://i0.hdslb.com/bfs/archive/9189bef110da859582ca737e0aac0535b1a8f13c.jpg,女流-7.6-Move or Die
BV1cx411z73M,2017-07-04,2017-07-04,238:05,https://i0.hdslb.com/bfs/archive/d0e79d7947ba8b5201c69278be70ef9fc7a72742.jpg,女流-7.4-ibb & obb
BV1Ux411B7Yg,2017-07-03,2017-07-01,97:07,https://i0.hdslb.com/bfs/archive/b0326d13c71ddb569d90a476bfbb445b92f3892d.jpg,女流-7.1-唱亿首歌
BV1yx411B7cA,2017-07-01,2017-07-01,118:49,https://i0.hdslb.com/bfs/archive/076a6d2232de5e6d90e592058d36239379c0e49a.jpg,女流-7.1-空洞骑士
BV1Vx411r7jS,2017-06-30,2017-06-30,88:23,https://i0.hdslb.com/bfs/archive/e631aa6dd53f053f317f672ada6460130a90b4ae.jpg,女流-6.30-回国之前剪个头
BV1mx41167yL,2017-06-29,2017-06-28,104:49,https://i0.hdslb.com/bfs/archive/ee110a7750a0127bf1f612813067fc9fb05fabb6.jpg,女流-6.28-星野晚餐
BV1Px411r7tZ,2017-06-29,2017-06-29,53:07,https://i0.hdslb.com/bfs/archive/175d422661d2b31678264cc985887c05dcb7eb1e.jpg,女流-6.29-吉原正行专访（有顶天家族2导演）
BV1Rx41167LB,2017-06-28,2017-06-28,154:23,https://i0.hdslb.com/bfs/archive/c00e254ca9bca28d3bbca0e67d1491d91321b9d8.jpg,女流-6.28-下鸭神社&六道珍皇寺之旅
BV1ax41167C2,2017-06-27,2017-06-26,38:53,https://i0.hdslb.com/bfs/archive/33bc77508ed2bd185be3a936f806bbb5df740a00.jpg,女流-6.26-六酱萌妹的日常
BV12x41167mo,2017-06-27,2017-06-27,91:41,https://i0.hdslb.com/bfs/archive/66ba27e87299f25f9f1f4b65bf6a5cb03e56451a.jpg,女流-6.27-森见登美彦专访
BV1ex41167zi,2017-06-26,2017-06-25,187:49,https://i0.hdslb.com/bfs/archive/b8c32cc823d3da1f2431d50edaea517a91aae093.jpg,女流-6.25-心灵砒霜-弹幕版
BV18x41167cP,2017-06-26,2017-06-26,181:32,https://i0.hdslb.com/bfs/archive/e43b486828279ffadbe1b7008882ffb031c822a1.jpg,女流-6.26-有顶天家族2圣地巡礼
BV1sx41167zM,2017-06-25,2017-06-24,216:08,https://i0.hdslb.com/bfs/archive/153441970de5d82377e736fb542eb086458220a1.jpg,女流-6.24-KALIMBA（克林巴）
BV1px41167wR,2017-06-25,2017-06-25,189:44,https://i0.hdslb.com/bfs/archive/b8c32cc823d3da1f2431d50edaea517a91aae093.jpg,女流-6.25-心灵砒霜
BV1Gx41167HK,2017-06-24,2017-06-23,71:06,https://i0.hdslb.com/bfs/archive/ac12c96e6980c4f530b4478499b6a70312fb1866.jpg,女流-6.23-公益项目拍摄现场
BV1Gx41167HJ,2017-06-24,2017-06-23,117:30,https://i0.hdslb.com/bfs/archive/5926a656d878fd9aa7e040ac4c478d4be2c4876d.jpg,女流-6.23-RIME
BV1Xx411h7bs,2017-06-21,2017-06-20,56:29,https://i0.hdslb.com/bfs/archive/9c3439c7f1bb73eaf199d3a5341836a89127f5f1.jpg,女流-6.20-ARMS
BV1Xx411h7Ye,2017-06-21,2017-06-21,170:48,https://i0.hdslb.com/bfs/archive/0bdddfb21efe833c05e943e6bf3040083984ecee.jpg,女流-6.21-RIME
BV1tx411h7Zu,2017-06-19,2017-06-18,186:59,https://i0.hdslb.com/bfs/archive/76580af3d59315c8380c888d2a2cd61ea6ed6e72.jpg,女流-6.18-心灵砒霜弹幕版
BV1hx411h7Lo,2017-06-18,2017-06-18,186:47,https://i0.hdslb.com/bfs/archive/76580af3d59315c8380c888d2a2cd61ea6ed6e72.jpg,女流-6.18-心灵砒霜
BV1ox411878B,2017-06-16,2017-06-15,15:25,https://i0.hdslb.com/bfs/archive/38c425a8a01c79060afcdec4696f46ecef579e9d.jpg,女流-6.15-半夜不睡觉
BV1fx41187XR,2017-06-15,2017-06-15,164:30,https://i0.hdslb.com/bfs/archive/b0adcb1c6d6c745f7dbd0fa44c8f2f10bc42d777.jpg,女流-6.15-E3展会第二天
BV1yx41187xv,2017-06-14,2017-06-14,229:16,https://i0.hdslb.com/bfs/archive/68da4723935bb97dc92572c4186595d8c23f1cb6.jpg,女流-6.14-E3展会第一天
BV1Dx41187UL,2017-06-14,2017-06-14,98:56,https://i0.hdslb.com/bfs/archive/5e569af7d2c5ffc9291692ce4c6ab0b6596a410a.jpg,女流-6.14-任天堂游戏发布会视频
BV1qx41187Tx,2017-06-13,2017-06-13,48:19,https://i0.hdslb.com/bfs/archive/d72a2e55e410d4ab17a79b85b92868e7d0a52891.jpg,女流-6.13-育碧发布会
BV1qx41187P2,2017-06-13,2017-06-13,125:37,https://i0.hdslb.com/bfs/archive/e78fc595f71575a747dd3f734b62331caa0ff908.jpg,女流-6.13-酒店休闲时光
BV1rx41187Qb,2017-06-12,2017-06-12,170:10,https://i0.hdslb.com/bfs/archive/d8aebb43e2d570a3b37bb769245156daec2ddbcf.jpg,女流-6.12-洛杉矶之行-发布会之前休整
BV1Zx411a7V8,2017-06-10,2017-06-10,276:29,https://i0.hdslb.com/bfs/archive/5aeef34964b08aac874b892161b8ed637dda857a.jpg,女流-6.10-LOL英雄联盟
BV1Dx411a7gM,2017-06-09,2017-06-08,229:48,https://i0.hdslb.com/bfs/archive/88ca77b3549edc6ed5bb6d755a3ee9a549fee03a.jpg,女流-6.8-守望先锋
BV1rx411a7sn,2017-06-07,2017-06-04,320:32,https://i0.hdslb.com/bfs/archive/013a7d2cdbea4ffd22f3673559c7596b27bacda1.jpg,女流-6.4-心灵砒霜-弹幕版
BV1Wx411a7oX,2017-06-06,2017-06-06,250:50,https://i0.hdslb.com/bfs/archive/51950bf91a36fc1a618cc7acbe33e9f4a675b0d0.jpg,女流-6.6-大周庆典特辑
BV18x411a7LT,2017-06-06,2017-05-23,195:20,https://i0.hdslb.com/bfs/archive/0f55cfc862e9bde5a1550164abab4564366e121e.jpg,女流-5.23-缺氧（Oxygen Not Included）
BV17x411a7n9,2017-06-05,2017-06-05,148:46,https://i0.hdslb.com/bfs/archive/17357e17328f99dd523ed03de40b930263ab678f.jpg,女流-6.5-Switch小游戏
BV1Px411a766,2017-06-04,2017-06-03,568:36,https://i0.hdslb.com/bfs/archive/5e8e882aa9a7059ce2ef2f31c9463a76bf4d982e.jpg,女流-6.3-见证者（The Witness）
BV1Ex411a7C6,2017-06-04,2017-06-04,320:05,https://i0.hdslb.com/bfs/archive/013a7d2cdbea4ffd22f3673559c7596b27bacda1.jpg,女流-6.4-心灵砒霜
BV1wx411a79U,2017-06-02,2017-06-02,235:35,https://i0.hdslb.com/bfs/archive/ff673836c63e6a6948e17912d684b1a2159c02b5.jpg,女流-6.2-见证者（The Witness）
BV1tx411e7rS,2017-06-01,2017-06-01,263:06,https://i0.hdslb.com/bfs/archive/cc7402a427a6d8ccd24926d7f3c64942fbff2ef4.jpg,女流-6.1-见证者（The Witness）
BV1Lx411e73z,2017-05-31,2017-05-29,139:53,https://i0.hdslb.com/bfs/archive/53e3d1eef8883f053d1923ae61173d26a5f14670.jpg,女流-5.29-2017斗鱼嘉年华（武汉）
BV1sx411Y7jV,2017-05-24,2017-05-24,245:07,https://i0.hdslb.com/bfs/archive/0cc7dddfd1bcb99a59d613162c6efe2d69fa84f1.jpg,女流-5.24-见证者（The Witness）
BV1hx411Y7rB,2017-05-24,2017-05-23,197:22,https://i0.hdslb.com/bfs/archive/2b4cb9196742660bd0cb2e070113171e278a3d6d.jpg,女流-5.23-缺氧（Oxygen Not Included）
BV1hx411Y7d4,2017-05-24,2017-05-22,188:33,https://i0.hdslb.com/bfs/archive/76776d8c716e56ff962b3bf7e58dee818a2a0f5a.jpg,女流-5.22-吕牛随缘演唱会
BV1Wx411Y7nh,2017-05-23,2017-05-22,266:42,https://i0.hdslb.com/bfs/archive/0dbe5605da95bb3bff8c5948bae6e259abf0c0c7.jpg,女流-5.22-缺氧(Oxygen Not Included)
BV1Wx411Y75Z,2017-05-23,2017-05-21,230:45,https://i0.hdslb.com/bfs/archive/989649e436983eedc81b45aa218b73353a4ab3a3.png,女流-5.21-心灵砒霜-弹幕版
BV1mx411v7FS,2017-05-21,2017-05-21,228:52,https://i0.hdslb.com/bfs/archive/989649e436983eedc81b45aa218b73353a4ab3a3.png,女流-5.21-心灵砒霜
BV1qx411v7zD,2017-05-20,2017-05-20,83:33,https://i0.hdslb.com/bfs/archive/25927259725764c3226e86ff59439b2dac4931df.jpg,女流-5.20-核聚变2017电游嘉年华
BV1tx411v7tq,2017-05-19,2017-05-19,212:31,https://i0.hdslb.com/bfs/archive/3945b4b862f07c3c94bad21c8fc8fe3a6cab1502.jpg,女流-5.19-死亡细胞(Dead Cells）
BV1jx411v7AA,2017-05-17,2017-05-17,245:55,https://i0.hdslb.com/bfs/archive/24bb92e87d40433ec100302f1e81101f73be3914.jpg,女流-5.17-死亡细胞(Dead Cells）
BV1Kx411v72i,2017-05-16,2017-05-16,187:05,https://i0.hdslb.com/bfs/archive/4f9ccdb25dd265290dfa94f48e7f42d3f9cc7d13.jpg,女流-5.16-final station
BV1Gx411v7UX,2017-05-16,2017-05-15,189:57,https://i0.hdslb.com/bfs/archive/df05955857cac9d3dd48797ea2bb0e9d85962050.jpg,女流-5.15-final station
BV1Gx411v79k,2017-05-16,2017-05-14,150:57,https://i0.hdslb.com/bfs/archive/c9b937a6a750decf5e19d88a2b47a0a82c245db5.jpg,女流-5.14-心灵砒霜-弹幕版
BV1Nx411v7FV,2017-05-14,2017-05-14,185:38,https://i0.hdslb.com/bfs/archive/c9b937a6a750decf5e19d88a2b47a0a82c245db5.jpg,女流-5.14-心灵砒霜
BV1zx411e7Cm,2017-05-13,2017-05-12,186:09,https://i0.hdslb.com/bfs/archive/b01df98d28e89cdaf84208a2058a503374d41855.jpg,女流-P1-5.12-艾迪芬奇的记忆（What Remains of Edith Finch）
BV1mx411e7u3,2017-05-13,2017-05-13,220:21,https://i0.hdslb.com/bfs/archive/ce2c77613136caeab21cbad60790483c2694a6ce.jpg,女流-5.13-final station
BV1Rx411m7ha,2017-05-11,2017-05-10,301:05,https://i0.hdslb.com/bfs/archive/65165d378626225917e3eaff1af56f8123f5e3e9.jpg,女流-5.10-手工猪小拱
BV1cx411U7EB,2017-05-10,2017-05-09,338:48,https://i0.hdslb.com/bfs/archive/67523a7d1c2cf0dad5838c058cc21a51d7c7f7c6.jpg,女流-5.9-汐
BV1kx411m7q9,2017-05-09,2017-05-07,185:14,https://i0.hdslb.com/bfs/archive/0814f3441f4f56dc8c3a02bef34355eec3bab555.jpg,女流-5.7-心灵砒霜-弹幕版
BV1zx411m7Pr,2017-05-07,2017-05-07,192:28,https://i0.hdslb.com/bfs/archive/0814f3441f4f56dc8c3a02bef34355eec3bab555.jpg,女流-5.7-心灵砒霜
BV1Hx411m7m6,2017-05-07,2017-05-06,247:28,https://i0.hdslb.com/bfs/archive/c51f4677736b0092de4bb6661eb568eec3595ff4.jpg,女流-5.6-小小噩梦
BV1Gx411m7uA,2017-05-06,2017-05-05,257:19,https://i0.hdslb.com/bfs/archive/4033bd4d4c33e675147e1017e5254356c06e4cf9.jpg,女流-5.5-马里奥赛车
BV13x411m7Rs,2017-05-05,2017-05-04,187:58,https://i0.hdslb.com/bfs/archive/3332b08d615b417ab0a355e5ea80f82a15445190.jpg,女流-5.4-今天不休息
BV1Px411m7Bf,2017-05-04,2017-05-03,191:10,https://i0.hdslb.com/bfs/archive/45d673f19807bc3d1a950af4578b95c0846e287c.jpg,女流-5.3-你写我猜-渣哥作死队中的急先锋
BV1Rx41127Kg,2017-05-03,2017-05-02,274:15,https://i0.hdslb.com/bfs/archive/aa27d352caf28e5b0b64a08b00ac4aecc72bd42b.jpg,女流-5.2-大周，还好么
BV1sx411U7DR,2017-04-24,2017-04-23,213:39,https://i0.hdslb.com/bfs/archive/be6a32669ba54953a8f07c22a87a194871dddb71.jpg,女流-4.23-心灵砒霜-弹幕版
BV1ax411U7w4,2017-04-24,2017-04-24,276:16,https://i0.hdslb.com/bfs/archive/f7ba89b9894af52ecf73f950c0c463c99c0d5d8a.jpg,女流-4.24-剪剪世界
BV1jx411U75b,2017-04-21,2017-04-21,247:15,https://i0.hdslb.com/bfs/archive/100f310fc25b297280a9e016c5054929893a09d7.jpg,女流-4.21-神奇男孩3-龙之陷阱
BV1gx411U7WW,2017-04-20,2017-04-19,289:38,https://i0.hdslb.com/bfs/archive/7e309f71ffa6a933b9a9c2da0809ed1f5957cca8.jpg,女流-4.19-神奇男孩3-龙之陷阱
BV1vx411D7pr,2017-04-19,2017-04-18,208:41,https://i0.hdslb.com/bfs/archive/c7deb882020886194d6a097a0704b743a901fa65.jpg,女流-4.18-俄罗斯方块大战噗呦噗呦-神奇男孩3龙之陷阱
BV1vx411D7SP,2017-04-19,2017-04-16,148:18,https://i0.hdslb.com/bfs/archive/b87e197107dd6beb0c1d4a69938cbfaca7233371.jpg,女流-4.16-心灵砒霜-弹幕版
BV1sx411D7xg,2017-04-18,2017-04-17,257:13,https://i0.hdslb.com/bfs/archive/7070dc6d09b4d39a994acdba064273dbe862f9ff.jpg,女流-4.17-星露谷物语
BV1px411D7ZW,2017-04-17,2017-04-16,95:13,https://i0.hdslb.com/bfs/archive/258c796f560d99dfa908b3f6877daf6f928af7de.jpg,女流-4.16-盛世天下之女帝篇
BV1Wx411D7Fg,2017-04-17,2017-04-16,159:23,https://i0.hdslb.com/bfs/archive/b87e197107dd6beb0c1d4a69938cbfaca7233371.jpg,女流-4.16-心灵砒霜
BV1Hx411D7Ee,2017-04-16,2017-04-15,364:53,https://i0.hdslb.com/bfs/archive/258c796f560d99dfa908b3f6877daf6f928af7de.jpg,女流-4.15-武则天盛世天下-狼人杀
BV1Px411D7jR,2017-04-15,2017-04-14,275:01,https://i0.hdslb.com/bfs/archive/258c796f560d99dfa908b3f6877daf6f928af7de.jpg,女流-4.14-盛世天下之女帝篇
BV1Qx411S725,2017-04-13,2017-04-12,235:39,https://i0.hdslb.com/bfs/archive/72d08b0a4a65328fd1ce0956fb3ea8361052e0b0.jpg,女流-4.12-血源诅咒-day1
BV12x411S7PZ,2017-04-12,2017-04-11,257:03,https://i0.hdslb.com/bfs/archive/a5e7d40ff82c26cb2dca4a4f48e753641f4983d4.jpg,女流-4.11-塞尔达传说荒野之息
BV1Sx411S7jB,2017-04-11,2017-04-10,231:15,https://i0.hdslb.com/bfs/archive/be3e7f471960be5ecd6348241b5ae5831c493004.jpg,女流-4.10-塞尔达传说荒野之息
BV1Bx411S7PP,2017-04-09,2017-04-06,54:54,https://i0.hdslb.com/bfs/archive/83b630ba51ca4935c4cd751dcca3c2f241fd2438.jpg,女流-4.6-冒险岛2
BV1Ax411X7ux,2017-04-07,2017-04-06,189:20,https://i0.hdslb.com/bfs/archive/ef8e8cdb774b60d953266b8b03c0a87b2758f844.jpg,女流-4.6-心灵砒霜-弹幕版
BV1Ax411X7ut,2017-04-07,2017-04-06,216:36,https://i0.hdslb.com/bfs/archive/ef8e8cdb774b60d953266b8b03c0a87b2758f844.jpg,女流-4.6-心灵砒霜
BV1Ux411Q7k6,2017-04-05,2017-04-04,143:30,https://i0.hdslb.com/bfs/archive/34358e841699a35af056a8602b387203f0d94e8e.jpg,女流-4.4-塞尔达传说
BV1Ux411Q7k5,2017-04-05,2017-04-04,105:41,https://i0.hdslb.com/bfs/archive/510bd3af248ea938a05c67aaadedef0c0ac969ad.jpg,女流-4.4-超级炸弹人R
BV1Ux411Q7NS,2017-04-05,2017-04-05,236:49,https://i0.hdslb.com/bfs/archive/a7330dd994ab4128d18b220f83ae2c3fb3fcc8d7.jpg,女流-4.5-塞尔达传说
BV1Ux411Q7Cd,2017-04-05,2017-04-04,40:32,https://i0.hdslb.com/bfs/archive/5b2d8664af6da3b53a3c492a27c5f3cf369820b3.jpg,女流-4.4-12switch
BV14x411Q7YG,2017-04-04,2017-04-03,347:30,https://i0.hdslb.com/bfs/archive/55092ba377d03052cc796cd96f5fb2ed75c94a3b.jpg,女流-4.3-塞尔达传说
BV1jx411Q7wL,2017-04-02,2017-04-02,58:59,https://i0.hdslb.com/bfs/archive/5b96c63a5a9e1bbacdc22fe087bb57cbb05dc696.jpg,女流-4.2-噗哟噗哟VS俄罗斯方块
BV1jx411Q7c2,2017-04-02,2017-04-02,102:49,https://i0.hdslb.com/bfs/archive/165864db0756b787f27cff61e9b62feba785ece8.jpg,女流-4.2-12switch
BV1Lx411Q7DX,2017-04-02,2017-04-02,134:16,https://i0.hdslb.com/bfs/archive/0c38c67f6f3f6aab739806af3a98b5dd7c15d901.jpg,女流-4.2-塞尔达传说
BV1Ex411Q78X,2017-04-01,2017-04-01,259:13,https://i0.hdslb.com/bfs/archive/eb47cbe5a6ed6ff5062eec09e28090b30692f1f1.jpg,女流-4.1-剪剪世界
BV1gx411Q7z9,2017-03-31,2017-03-30,279:33,https://i0.hdslb.com/bfs/archive/51457d6b9d703d7d7fd3a7e819e5827efdce15de.jpg,女流-3.30-黑暗之魂3DLC2
BV19x411D7fW,2017-03-30,2017-03-29,290:44,https://i0.hdslb.com/bfs/archive/121bd0b900f83b3092703aba3df8b12a22227b52.jpg,女流-3.29-黑暗之魂3DLC2
BV1fx411D7m6,2017-03-29,2017-03-26,160:01,https://i0.hdslb.com/bfs/archive/615319e54b325c37193cc313d233635d1ed306f6.jpg,女流-3.26-心灵砒霜-弹幕版
BV1Bx411k7BJ,2017-03-26,2017-03-26,185:31,https://i0.hdslb.com/bfs/archive/615319e54b325c37193cc313d233635d1ed306f6.jpg,女流-3.26-心灵砒霜
BV1Ex411k7ep,2017-03-25,2017-03-25,248:48,https://i0.hdslb.com/bfs/archive/da329642e8ea7cca1ba7a54d22405f7db6028802.jpg,女流-3.25-塞尔达传说
BV1Gx411k73Z,2017-03-24,2017-03-24,307:10,https://i0.hdslb.com/bfs/archive/0a39f5f01e53fd487bfec7bffa5ea6aaa28c33b2.jpg,女流-3.24-rusty lake新章节和塞尔达
BV1wx411k7Fm,2017-03-22,2017-03-22,244:20,https://i0.hdslb.com/bfs/archive/a11bb4da58fbcc764e0f96861ed63f33dfcbd367.jpg,女流-3.22-砒霜兼索尼2周年户外~
BV1Qx411r7tt,2017-03-21,2017-03-19,118:30,https://i0.hdslb.com/bfs/archive/d4e2beda644cb0b7a392f6cfe9ebf63e2559b637.jpg,"女流-3.19-1,2switch"
BV1Px411k7oB,2017-03-21,2017-03-20,107:58,https://i0.hdslb.com/bfs/archive/6da5a98b44abbdbbc2312ae3fdfc3260d886024d.jpg,女流-3.20-户外直播
BV1Nx411k7UE,2017-03-21,2017-03-18,248:33,https://i0.hdslb.com/bfs/archive/426084ec61ce68557f1823eb5eac6c06bf290d03.jpg,女流-3.18-塞尔达传说
BV1ax411r7eW,2017-03-18,2017-03-17,195:07,https://i0.hdslb.com/bfs/archive/0533f76dfab45e4f471f4c75b1bad901de4c397a.jpg,女流-3.17-塞尔达传说
BV1bx411r7kK,2017-03-17,2017-03-16,347:00,https://i0.hdslb.com/bfs/archive/ef9b32551dbbce60abb099da9d4fe669cc0a4c40.jpg,女流-3.16-塞尔达传说+LOL
BV1nx411r7sx,2017-03-16,2017-03-15,359:00,https://i0.hdslb.com/bfs/archive/0c15af85219e7d96da27fc808b7a1aa8755b73e9.jpg,女流-3.15-塞尔达传说
BV1nx411r7SE,2017-03-16,2017-03-15,116:23,https://i0.hdslb.com/bfs/archive/550a48156d66585797672494f42875485e9c25b7.jpg,女流-3.15-chi66诞生记？！
BV1sx411r7cd,2017-03-15,2017-03-14,292:53,https://i0.hdslb.com/bfs/archive/c57ef830d78b69010d9977ef8ff8c17642d2fcb6.jpg,女流-3.14-塞尔达传说-荒野之息
BV1sx411r7Pi,2017-03-15,2017-03-14,128:04,https://i0.hdslb.com/bfs/archive/4ddaa15a0d15d2ecf274863236e251bbaa450660.jpg,女流-3.14-塞尔达传说-荒野之息-晚上
BV1Qx411C7xM,2017-03-14,2017-03-13,253:07,https://i0.hdslb.com/bfs/archive/4ddaa15a0d15d2ecf274863236e251bbaa450660.jpg,女流-3.13-塞尔达传说-荒野之息
BV1jx411C7pp,2017-03-07,2017-03-07,111:54,https://i0.hdslb.com/bfs/archive/6a57e37fcbedb34fb2895df59922000d4421e344.jpg,女流-3.7-塞尔达传说-荒野之息
BV1jx411C7pk,2017-03-07,2017-03-05,182:15,https://i0.hdslb.com/bfs/archive/1d1819dd0911d8934fef94243244bd48a2f2c82f.jpg,女流-3.5-心灵砒霜-弹幕版
BV1Mx411C7rd,2017-03-05,,04:39,https://i0.hdslb.com/bfs/archive/5b1396355e91e73a63173986f31eb27ff918a469.jpg,女流-几何冲冲冲刺！
BV1Kx411C7qV,2017-03-05,2017-03-05,182:49,https://i0.hdslb.com/bfs/archive/1d1819dd0911d8934fef94243244bd48a2f2c82f.jpg,女流-3.5-心灵砒霜
BV1Dx411k7aN,2017-03-04,2017-03-04,254:19,https://i0.hdslb.com/bfs/archive/dc20bc3eb3e54d5e8fe169db8302fad6de69273c.jpg,女流-3.4-热血物语：地下世界
BV19x411k72g,2017-03-03,2017-03-03,241:10,https://i0.hdslb.com/bfs/archive/754334b025a964bf0eb47fbb66627f9c62cbde4e.jpg,女流-3.3-Hidden Folks
BV12x411k7xQ,2017-03-02,2017-03-01,59:37,https://i0.hdslb.com/bfs/archive/a1f7217eb5b017e84b416efe06032fc2b176c4dd.jpg,女流-3.1-伊森卡特的消失-完结篇
BV1Vx41117ey,2017-03-01,2017-03-01,154:15,https://i0.hdslb.com/bfs/archive/c5ee93a9c33dc21e97607ef1dd1588e2da484a35.jpg,女流-3.1-伊森卡特的消失
BV1mx411y79N,2017-02-23,2017-02-23,199:16,https://i0.hdslb.com/bfs/archive/c05685d9e1ad1bb3081fa4cfe4a809602462197d.jpg,女流-2.23-做头发
BV18x411y7m4,2017-02-22,2017-02-22,56:43,https://i0.hdslb.com/bfs/archive/38896040a6f0b6f79373da6c1923e55a325569d5.jpg,女流-2.22-短暂的2月啊
BV1vx411y713,2017-02-21,2017-02-21,167:12,https://i0.hdslb.com/bfs/archive/40c62731f0a835dd628d25afbe30ce1d2e2cd779.jpg,女流-2.21-上高铁前在猴山
BV1qx411y7gG,2017-02-21,2017-02-20,246:32,https://i0.hdslb.com/bfs/archive/5b4cb8e6920e777cce358f1ecb8d5072f6bab05b.jpg,女流-2.20-心灵砒霜-弹幕版
BV1Jx411y77c,2017-02-20,2017-02-20,302:19,https://i0.hdslb.com/bfs/archive/5b4cb8e6920e777cce358f1ecb8d5072f6bab05b.jpg,女流-2.20-心灵砒霜
BV17x411y7g9,2017-02-18,2017-02-18,246:07,https://i0.hdslb.com/bfs/archive/3f29bbb737054501b85453e2e090f35d76f78582.jpg,女流-2.18-Kalimba 和 The Vanishing of Ethan Carter
BV1cx411y7QX,2017-02-17,2017-02-17,201:15,https://i0.hdslb.com/bfs/archive/ebdeb1bd38b97f89e54155564f7b81ed125200f2.jpg,女流-2.17-没错还是几何冲刺(Geometry Dash)
BV1Tx411y7KA,2017-02-17,2017-02-16,438:13,https://i0.hdslb.com/bfs/archive/7170c89147544c5c9a883034a2026a4f98fc5afe.jpg,女流-2.16-几何冲刺(Geometry Dash)
BV1Hx41127qd,2017-02-14,2017-02-14,349:33,https://i0.hdslb.com/bfs/archive/bfb3f7a24ded4b6402154d3d66f6735f384038f2.jpg,女流-2.14-科目2练习day-2
BV1xx41127kP,2017-02-13,2017-02-13,122:33,https://i0.hdslb.com/bfs/archive/b97fb05b11fe23071ac9ebd31b9384bae83f0935.jpg,女流-2.13-科目2练习day-1
BV1Vx4112728,2017-02-12,2017-02-09,126:27,https://i0.hdslb.com/bfs/archive/50a9b29b62c90e8a56c4166c11eca83d561c0ab0.jpg,女流-2.9-心灵砒霜-弹幕版
BV1Lx41127qP,2017-02-11,2017-02-11,174:42,https://i0.hdslb.com/bfs/archive/3c517805bfb0a8ab43aa314db4685be49ac771e5.jpg,女流-2.11-小猫钓鱼(Cat Goes Fishing)
BV1gx41127uQ,2017-02-10,2017-02-10,287:24,https://i0.hdslb.com/bfs/archive/fe142168e20cd3453584f4357b8e316520c5dffc.jpg,女流-2.10-小猫钓鱼(Cat Goes Fishing)
BV1Xx41117XR,2017-02-09,2017-02-09,189:29,https://i0.hdslb.com/bfs/archive/e3811d841b4d69382a8b5bd5e9048a4512831298.jpg,女流-2.9-小猫钓鱼(Cat Goes Fishing)
BV1Xx411179V,2017-02-09,2017-02-09,150:24,https://i0.hdslb.com/bfs/archive/50a9b29b62c90e8a56c4166c11eca83d561c0ab0.jpg,女流-2.9-心灵砒霜
BV1dx41117MF,2017-02-08,2017-02-08,90:26,https://i0.hdslb.com/bfs/archive/65d76462397401cda7ca03a64ea79e336dc89c2e.jpg,女流-2.8-黑暗之魂3-PVP
BV1Rx41117DA,2017-02-08,2017-02-08,257:41,https://i0.hdslb.com/bfs/archive/057a4a9445553067100bb67f3f9dc1ce54c5c2b4.jpg,女流-2.8-小猫钓鱼(Cat Goes Fishing)
BV1ax41117jg,2017-02-06,2017-02-06,139:46,https://i0.hdslb.com/bfs/archive/b5ce1bd1945d364af9435cc1f1403a652cb17ba8.jpg,女流-2.6-汗蒸的时候不要喝菊花茶
BV1sx41117xf,2017-02-05,2017-02-05,59:41,https://i0.hdslb.com/bfs/archive/9a4ff65c308aeead77aa1b2593b14b08ecbad914.jpg,女流-2.5-大明塔
BV1bx41117Zx,2017-02-04,2017-02-04,83:24,https://i0.hdslb.com/bfs/archive/a4f5a6cc094835545bc08584457f3178addf0183.jpg,女流-2.4-春节期间不定期直播
BV13s41187js,2017-01-29,2017-01-29,106:22,https://i0.hdslb.com/bfs/archive/991fe5804a460241856f09cf7a9ef6a165d700e1.jpg,女流-1.29-82年的雪碧会上头
BV13s41187DY,2017-01-27,2017-01-27,194:47,https://i0.hdslb.com/bfs/archive/c8e07470f55069742267a133a8f136a1fd9d0c48.jpg,女流-1.27-我画你猜
BV1Ps411872T,2017-01-26,2017-01-26,44:57,https://i0.hdslb.com/bfs/archive/7884efb373b00937ae025304a600d09a73f4f7ed.jpg,女流-1.26-维尼噗
BV1Ks411875B,2017-01-26,2017-01-26,209:21,https://i0.hdslb.com/bfs/archive/5d084397a2f4644e70b0d0bfe68e1569ac8c6e84.jpg,女流-1.26-可乐鸡翅
BV1Ds411b7Sy,2017-01-25,2017-01-25,34:28,https://i0.hdslb.com/bfs/archive/7ee1b4baa726b4ea91797313ce47a15227652791.jpg,女流-1.25-事已至此案发现场？！
BV1Rs411b7sn,2017-01-24,2017-01-22,157:12,https://i0.hdslb.com/bfs/archive/4e9f9d652634d52055c5392a35bc9a3ac75ef833.jpg,女流-1.22-心灵砒霜-弹幕版
BV1rs411b7od,2017-01-22,2017-01-21,286:04,https://i0.hdslb.com/bfs/archive/642a6c0adb4c856b12c5c49f16347dc02faf7d83.jpg,女流-1.21-直播2周年-英雄联盟
BV1rs411b7ZD,2017-01-22,2017-01-22,177:39,https://i0.hdslb.com/bfs/archive/4e9f9d652634d52055c5392a35bc9a3ac75ef833.jpg,女流-1.22-心灵砒霜
BV1is411b7LA,2017-01-21,2017-01-20,216:55,https://i0.hdslb.com/bfs/archive/993747c81b3df06f295e0fe4c5ef1bbe95f2acde.jpg,女流-1.20-两周年彩排？！-弹幕版
BV1cs411a7AF,2017-01-20,2017-01-20,218:11,https://i0.hdslb.com/bfs/archive/487c293d1b0e85913765bd6912a0c284898dabee.jpg,女流-1.20-两周年彩排？！
BV1Ss411h7mj,2017-01-18,2017-01-18,184:41,https://i0.hdslb.com/bfs/archive/2e86d3c3a371d10d487c1873d58a092bc8f840a4.jpg,女流-1.18-王权
BV1Ss411h7Un,2017-01-18,2017-01-18,71:51,https://i0.hdslb.com/bfs/archive/cb3ae0091836203b0b34b001f1ad35d54ffe8c5f.jpg,女流-1.18-几何冲刺
BV1Bs411h7BN,2017-01-17,2017-01-15,221:06,https://i0.hdslb.com/bfs/archive/0d627bda2850fa5dbfcf8cbc5eac210ee6d52b58.jpg,女流-1.15-心灵砒霜-弹幕版
BV19s411h7PT,2017-01-17,2017-01-17,179:12,https://i0.hdslb.com/bfs/archive/44e3a5694d358b62c285cc2c954ede096cc60d29.jpg,女流-1.17-战斗方块剧场
BV11s411h7Q9,2017-01-16,2017-01-16,125:04,https://i0.hdslb.com/bfs/archive/2db37fa362f355f3b8187da495a7f46338803927.jpg,女流-1.16-Move or Die
BV1hs411h7xA,2017-01-15,2017-01-15,223:48,https://i0.hdslb.com/bfs/archive/0320007fd49e0f339c7be51b43ad71a58bbb38d6.jpg,女流-1.15-心灵砒霜
BV1Ys411h7pB,2017-01-13,2017-01-13,211:19,https://i0.hdslb.com/bfs/archive/4815ef114df7807433515e7efe305211caade99c.jpg,女流-1.13-年会
BV1xs411h7X9,2017-01-12,2017-01-12,143:49,https://i0.hdslb.com/bfs/archive/df7af135b52419b0b2e34b40730c56d495c1d9b0.jpg,女流-1.12-黑暗之魂3-2周目-day1
BV14s411h7ue,2017-01-12,2017-01-12,80:30,https://i0.hdslb.com/bfs/archive/c404e5407c7fe04a5dfa4d1f54e6195aed851dd1.jpg,女流-1.12-英雄联盟
BV1gs411h7yr,2017-01-11,2017-01-11,228:08,https://i0.hdslb.com/bfs/archive/684cfc5e60c77bd6280e0de830040313ed95eaaa.jpg,女流-1.11-快快好起来啊！
BV1js411h7Kx,2017-01-10,2017-01-10,154:29,https://i0.hdslb.com/bfs/archive/5ddf68d2c8da7f2865b5d93d5ae616b2fbe23b83.jpg,女流-1.10-黑暗之魂3-为2周目做准备
BV1Ls411h7DR,2017-01-10,,03:17,https://i0.hdslb.com/bfs/archive/3f4fa9d32e73b10a37edb24fbd82b94b61a04003.jpg,女流-Run！！
BV1Ls411h7BJ,2017-01-10,2017-01-10,97:59,https://i0.hdslb.com/bfs/archive/2e1e5058511ad9160827042102175e2f5419002d.jpg,女流-1.10-炒饭聊天
BV1ws411h78F,2017-01-07,2017-01-07,227:17,https://i0.hdslb.com/bfs/archive/2c6d2767e7fd7485798ee96ae5510443577adf7e.jpg,女流-1.7-英雄联盟
BV1ns411Y7KA,2017-01-04,2017-01-04,223:57,https://i0.hdslb.com/bfs/archive/e72efb8efd42c138bea19601950297fc633c8bab.jpg,女流-1.4-盛世天下·媚娘篇
BV1xs411Y79Y,2017-01-03,2017-01-03,189:39,https://i0.hdslb.com/bfs/archive/b3f1ce8fb9bd81754e7e651c1f719b8c0c9515be.jpg,女流-1.3-盛世天下·媚娘篇
BV14s411Y7GT,2017-01-03,2017-01-02,226:18,https://i0.hdslb.com/bfs/archive/4564f5d43eca1424843622fd12ad36e5db13b8d3.jpg,女流-1.2-心灵砒霜-弹幕版
BV13s411Y7Gy,2017-01-02,2017-01-02,230:32,https://i0.hdslb.com/bfs/archive/4564f5d43eca1424843622fd12ad36e5db13b8d3.jpg,女流-1.2-心灵砒霜
BV1js411Y7w6,2017-01-01,2017-01-01,246:20,https://i0.hdslb.com/bfs/archive/ae917cdfed65a8cfa92d7475543954072e70e6ea.jpg,女流-1.1-英雄联盟之我家又爆炸啦！~
BV1Fs411Y7Ge,2016-12-31,2016-12-31,105:43,https://i0.hdslb.com/bfs/archive/40e76f573fbf168f6921ef54d1108223b54ef0e3.jpg,女流-12.31-聊天
BV1As411Y7ZF,2016-12-30,2016-12-30,207:26,https://i0.hdslb.com/bfs/archive/a36cd5165e259a2ed96824202dd5f8b2ba59135f.jpg,女流-12.30-猫头鹰男孩(Owlboy)-完结
BV1ds411a7iM,2016-12-28,2016-12-28,125:53,https://i0.hdslb.com/bfs/archive/a07c9f7f74337bc526966d19bcc988e391231473.jpg,女流-12.28-健身
BV1ds411a7bi,2016-12-28,2016-12-28,173:01,https://i0.hdslb.com/bfs/archive/a36cd5165e259a2ed96824202dd5f8b2ba59135f.jpg,女流-12.28-猫头鹰男孩(Owlboy)
BV1rs411a7NU,2016-12-27,2016-12-27,218:39,https://i0.hdslb.com/bfs/archive/a36cd5165e259a2ed96824202dd5f8b2ba59135f.jpg,女流-12.27-猫头鹰男孩(Owlboy)
BV11s411a7do,2016-12-26,2016-12-25,195:40,https://i0.hdslb.com/bfs/archive/aa4afdcc8630eceb2118420293716fd7dc769e88.jpg,女流-12.25-心灵砒霜-弹幕版
BV1as411a74T,2016-12-25,2016-12-25,38:39,https://i0.hdslb.com/bfs/archive/da2dc363c0e38434d2515a248828cdc22e25da10.jpg,女流-12.25-Xbox One S国行拆箱
BV1Cs411a7V7,2016-12-25,2016-12-25,202:20,https://i0.hdslb.com/bfs/archive/aa4afdcc8630eceb2118420293716fd7dc769e88.jpg,女流-12.25-心灵砒霜
BV1qs411a7Mt,2016-12-24,2016-12-24,197:16,https://i0.hdslb.com/bfs/archive/7b9a24f93821f077d18e5a4e9b4f783c1a2b7772.jpg,女流-12.24-MC建筑大赛
BV1ns411a73R,2016-12-23,2016-12-23,271:39,https://i0.hdslb.com/bfs/archive/a36cd5165e259a2ed96824202dd5f8b2ba59135f.jpg,女流-12.23-猫头鹰男孩(Owlboy)
BV13s411a71N,2016-12-21,2016-12-21,281:17,https://i0.hdslb.com/bfs/archive/938d05d7024a2fe20e53e73f4f33fa1e96b727c7.jpg,女流-12.21-魔兽RPG
BV1js411a7CZ,2016-12-20,2016-12-19,194:37,https://i0.hdslb.com/bfs/archive/7f154120dbdb2995ad700ae4c95c19f56c6bf4fd.jpg,女流-12.19-心灵砒霜-弹幕版
BV1Gs411a7x8,2016-12-19,2016-12-19,207:27,https://i0.hdslb.com/bfs/archive/7f154120dbdb2995ad700ae4c95c19f56c6bf4fd.jpg,女流-12.19-心灵砒霜
BV11s411e7yk,2016-12-17,2016-12-17,110:55,https://i0.hdslb.com/bfs/archive/b9acf1de0a5081d7a67b6aab2b45355b4b493afe.jpg,女流-12.17-健身
BV11s411e7yi,2016-12-17,2016-12-17,145:35,https://i0.hdslb.com/bfs/archive/6e7ac708816521534d2c0dd2967f82efa437b7b2.jpg,女流-12.17-战斗方块剧场
BV1qs411e7Q8,2016-12-16,2016-12-16,28:21,https://i0.hdslb.com/bfs/archive/e1de7ef56c69b1cbdef7c0a245267d262201693c.jpg,女流-12.16-微软活动
BV1ns411e7VL,2016-12-14,2016-12-14,230:03,https://i0.hdslb.com/bfs/archive/a09bbd6fd9b83a4b00fb862a9a7880ad7ce27b43.jpg,女流-12.14-出门溜达溜达憋坏啦
BV1Gs411e7bh,2016-12-12,2016-12-11,184:02,https://i0.hdslb.com/bfs/archive/e44bb86b15fe23f0205430a0d20a83df0c5f5cb9.jpg,女流-12.11-心灵砒霜-弹幕版
BV1Gs411e7Md,2016-12-12,2016-12-12,237:28,https://i0.hdslb.com/bfs/archive/a59cbb4a400f1dd95251dc0fcd7f8f81abccc061.jpg,女流-12.12-零号事件(event[0])
BV1Gs411e7LY,2016-12-12,2016-12-12,89:12,https://i0.hdslb.com/bfs/archive/fb7527f590f14b931a82d517c5c17afaa662f080.jpg,女流-12.12-手机直播
BV1us411e7up,2016-12-11,2016-12-11,189:00,https://i0.hdslb.com/bfs/archive/e44bb86b15fe23f0205430a0d20a83df0c5f5cb9.jpg,女流-12.11-心灵砒霜
BV1Vs411e7vf,2016-12-10,2016-12-10,190:58,https://i0.hdslb.com/bfs/archive/c7f57e0ac0315d5513bf5c03244f9199bb921d28.jpg,女流-12.10-煮糊了(overcooked)
BV1Vs411e7iN,2016-12-10,2016-12-10,122:13,https://i0.hdslb.com/bfs/archive/a9d7d8fc66c7eb7c30b4eadb2896ed5e68282b4c.jpg,女流-12.10-健身
BV1fs411Y7q8,2016-12-09,2016-12-09,214:40,https://i0.hdslb.com/bfs/archive/66d94ef7202034e784959cfd20a5aae9650a6320.jpg,女流-12.9-最后的守护者-完结
BV1As411e7ZC,2016-12-08,2016-12-08,312:45,https://i0.hdslb.com/bfs/archive/66d94ef7202034e784959cfd20a5aae9650a6320.jpg,女流-12.8-最后的守护者
BV1Us411Y7wv,2016-12-07,2016-12-07,33:45,https://i0.hdslb.com/bfs/archive/be82d3260c352fb8a8ba77dfb1a47e9d3dba1369.jpg,女流-12.7-吃火锅？！
BV1Us411Y7uP,2016-12-07,2016-12-07,250:17,https://i0.hdslb.com/bfs/archive/66d94ef7202034e784959cfd20a5aae9650a6320.jpg,女流-12.7-最后的守护者
BV1ks411Y7vi,2016-12-05,2016-12-05,301:41,https://i0.hdslb.com/bfs/archive/ac29543acaed6c6a1a71a254a191c0aba9e0d5d3.jpg,女流-12.5-最终幻想15
BV1Bs411Y7by,2016-12-05,2016-12-04,201:24,https://i0.hdslb.com/bfs/archive/21dd738c579b6f365c67cfbe46d9ecb2ab94608a.jpg,女流-12.4-心灵砒霜-弹幕版
BV11s411Y7kr,2016-12-04,2016-12-04,203:37,https://i0.hdslb.com/bfs/archive/21dd738c579b6f365c67cfbe46d9ecb2ab94608a.jpg,女流-12.4-心灵砒霜
BV1hs411Y7Vz,2016-12-03,2016-12-03,46:55,https://i0.hdslb.com/bfs/archive/bba866fefc805ca9fd77b366208246ab660eb49d.jpg,女流-12.3-王府井
BV1es411Y7Nn,2016-12-02,2016-11-29,217:11,https://i0.hdslb.com/bfs/archive/e7fefdb25b4aaae14eea644fd64ad918b1d3bea6.jpg,女流-11.29-在京都-day1
BV1Es411s7Rg,2016-12-01,2016-11-29,76:03,https://i0.hdslb.com/bfs/archive/a981b2f8c4e6f3972779af02db39e5d1393136df.jpg,女流-11.29-在京都-day2-part2
BV15s411s7Lf,2016-11-30,2016-11-29,171:13,https://i0.hdslb.com/bfs/archive/92b7a99624c4c371f969324e87d0af53fd3213ef.jpg,女流-11.29-在京都-day2-part1
BV1Ks411s7q7,2016-11-28,2016-11-27,205:54,https://i0.hdslb.com/bfs/archive/e8a2bbf437fbb90f8faa9abf6d637d00a7f57066.jpg,女流-11.27-心灵砒霜-弹幕版
BV1Ks411s7Mv,2016-11-28,,05:24,https://i0.hdslb.com/bfs/archive/ee41a3c98381155b6e7c250c8ef4519a039a003e.jpg,女流-王者守墓人
BV13s411s7R3,2016-11-27,2016-11-27,211:07,https://i0.hdslb.com/bfs/archive/e8a2bbf437fbb90f8faa9abf6d637d00a7f57066.jpg,女流-11.27-心灵砒霜
BV1os411W71n,2016-11-26,2016-11-26,132:56,https://i0.hdslb.com/bfs/archive/6e9d2bd9238a2fe18de1b0f45214954e815dc119.jpg,女流-11.26-战斗方块剧场
BV1Zs411W7jc,2016-11-26,2016-11-25,250:49,https://i0.hdslb.com/bfs/archive/dad1b8fb865146038501ae776676d9a9d6edb80d.jpg,女流-11.25-黑暗之魂3DLC-day5
BV1Zs411W7Vn,2016-11-26,2016-11-26,47:56,https://i0.hdslb.com/bfs/archive/057a624fc38e0d7319da4eeb85b3bc68f026dac9.jpg, 女流-11.26-健身
BV1Us411W73a,2016-11-24,2016-11-24,68:20,https://i0.hdslb.com/bfs/archive/dad1b8fb865146038501ae776676d9a9d6edb80d.jpg,女流-11.24-黑暗之魂3DLC-day4
BV12s411W7Qf,2016-11-24,,13:36,https://i0.hdslb.com/bfs/archive/140dd5bb7571741179600b5e91e3dbffec990adb.jpg,女流-小姐姐，我要去开会了！
BV1ys411W7ru,2016-11-23,2016-11-23,281:35,https://i0.hdslb.com/bfs/archive/5dafa2b3b77fda4f4e207b9c437de488fc8caf4e.jpg,女流-11.23-黑暗之魂3DLC-day3
BV1Ss411W7Lo,2016-11-22,2016-11-22,135:27,https://i0.hdslb.com/bfs/archive/dad1b8fb865146038501ae776676d9a9d6edb80d.jpg, 女流-11.22-黑魂3DLC-day2
BV1vs411W7zf,2016-11-21,2016-11-21,255:32,https://i0.hdslb.com/bfs/archive/dad1b8fb865146038501ae776676d9a9d6edb80d.jpg,女流-11.21-黑魂3DLC-day1
BV1ks411W7Po,2016-11-20,2016-11-20,172:39,https://i0.hdslb.com/bfs/archive/4fd8361705f58e6c9b5cd37fd671f49d071083d2.jpg,女流-11.20-心灵砒霜
BV1Cs411W7rH,2016-11-20,2016-11-20,147:47,https://i0.hdslb.com/bfs/archive/67d56957a00937731036b5fcdd693224cc70e750.jpg,女流-11.20-心灵砒霜-弹幕版
BV14s411W7p8,2016-11-19,,06:01,https://i0.hdslb.com/bfs/archive/a5a527664017d84065b924032b8d2be3fe5b711b.jpg,女流-咱爸被封了！-by ACD玄武
BV14s411W7Vy,2016-11-19,2016-11-19,77:09,https://i0.hdslb.com/bfs/archive/f133cc7b19479d2b2e3bf3eca13da0628c182d83.jpg,女流-11.19-极限竞速：地平线 3
BV1as411W7mh,2016-11-18,2016-11-18,240:45,https://i0.hdslb.com/bfs/archive/2f66a7c0159569f6fbee7f09c97c558627dc743e.jpg,女流-11.18-这是警察
BV1js411W7X2,2016-11-17,2016-11-17,101:47,https://i0.hdslb.com/bfs/archive/aa97e4df72104f9b1619b4c58cf740bacd416ca4.jpg,女流-11.17-节奏天国
BV1ps411W7BH,2016-11-16,2016-11-16,191:28,https://i0.hdslb.com/bfs/archive/cb3f4a025da3b96d0b0cb1b81722056f01094517.jpg,女流-11.16-大厦管理者
BV1ns411W7y3,2016-11-15,2016-11-15,154:18,https://i0.hdslb.com/bfs/archive/1f3718425ab46df7008e8ea2ca6a7b571039b8a3.jpg,女流-11.15-百战天虫
BV1Ns411W7dU,2016-11-14,2016-11-14,61:55,https://i0.hdslb.com/bfs/archive/e0acad4493ee60de6e54af7315cbf307e393fc4d.jpg,"女流-11.14-Things change,roll with it"
BV1Ks411W7nJ,2016-11-14,2016-11-13,137:04,https://i0.hdslb.com/bfs/archive/6058c07ed02a546ba4e7d01e6d4a28d480342882.jpg,女流-11.13-学霸是如何炼成的-弹幕版
BV13s411W7SD,2016-11-13,2016-11-13,138:41,https://i0.hdslb.com/bfs/archive/47f4c4b179a9c8c4bb036f94e16709d667ac742c.jpg,女流-11.13-学霸是如何炼成的
BV1zs411x7rn,2016-11-12,2016-11-12,244:59,https://i0.hdslb.com/bfs/archive/93fac736e572529b45fbd35d5ffc0dcbe1f51d8a.jpg,女流-11.12-女流歌友会谁是真正电音之王！
BV1ys411x78a,2016-11-11,2016-11-11,244:01,https://i0.hdslb.com/bfs/archive/df6fb099c5035db5ad56645a7da53b888bd7ef7a.jpg,女流-11.11-战斗方块剧场
BV1Ys411x7Q7,2016-11-09,2016-11-09,154:37,https://i0.hdslb.com/bfs/archive/faed0c6b00158fd796f2d04507862c3d0365ee67.jpg,女流-11.9-松鼠大作战
BV1as411x7gf,2016-11-08,2016-11-08,248:12,https://i0.hdslb.com/bfs/archive/3a5d309749389a2ce12ad0c70622afefd5cf4df1.jpg,女流-11.8-我的电台inside my radio
BV1Es411x7Pp,2016-11-07,2016-11-07,225:04,https://i0.hdslb.com/bfs/archive/18092a5f283ceb97db240c222bbaaa0c8841b2c2.jpg,女流-11.7-女流教你如何练习劈叉神功！
BV17s411x7pN,2016-11-07,2016-11-06,213:33,https://i0.hdslb.com/bfs/archive/372267b7f8e996834140faa8e775b723dfed63c5.jpg,女流-11.6-心灵砒霜-弹幕版
BV1Ws411x7Qx,2016-11-06,2016-11-06,213:33,https://i0.hdslb.com/bfs/archive/01c964e2b201d4cbf465ca063138a509191d430b.jpg,女流-11.6-心灵砒霜
BV1Us411s7C6,2016-10-31,2016-10-30,178:36,https://i0.hdslb.com/bfs/archive/eba83f6408a502bd36a945f0ff48b6e45734c648.jpg,女流-10.30-心灵砒霜-弹幕版
BV19s411s7uD,2016-10-30,2016-10-30,178:21,https://i0.hdslb.com/bfs/archive/f7dc8485c563387bcf083a43a0bdfe2767ebe589.jpg,女流-10.30-心灵砒霜
BV1Cs411s75q,2016-10-28,2016-10-28,206:12,https://i0.hdslb.com/bfs/archive/92d032dbf10cd384fcae2a07d76e0802b87ff33c.jpg,女流-10.28-后宫三千人-day3-完结-皇后篇伪结局
BV1ts411s7ib,2016-10-27,2016-10-27,228:40,https://i0.hdslb.com/bfs/archive/793716e996f6d6b2e668a3bda6e24ad8634df002.jpg,女流-10.27-后宫三千人
BV1xs411s7a7,2016-10-26,2016-10-26,262:31,https://i0.hdslb.com/bfs/archive/04404d96f6dc84360094674c174174c9932be266.jpg,女流-10.26-VR体验拍摄
BV1as411s7qB,2016-10-25,2016-10-25,92:36,https://i0.hdslb.com/bfs/archive/09608c5c6bb0d967e156235a6cc627b66af94070.jpg,女流-10.25-微博峰会
BV1fs41147C4,2016-10-24,2016-10-24,258:18,https://i0.hdslb.com/bfs/archive/3a684c0706817965f4690e460da0a94299b70216.jpg,女流-10.24-后宫三千人
BV1ds41147wj,2016-10-23,2016-10-23,186:57,https://i0.hdslb.com/bfs/archive/9a038d1cdd5f3be2372ac2bfc1d186f4145a088d.jpg,女流-10.23-心灵砒霜
BV11s41147Yi,2016-10-21,2016-10-21,284:01,https://i0.hdslb.com/bfs/archive/4892687a1ae9910bb78c663d2f99ac67fe6a5b4f.jpg,女流-10.21-生锈小湖
BV1Xs41147Jb,2016-10-20,2016-10-20,199:49,https://i0.hdslb.com/bfs/archive/311289d01616c10f41a297156457e60b0870a334.jpg,女流-10.20-做头发
BV1Xs411478M,2016-10-20,2016-10-20,58:50,https://i0.hdslb.com/bfs/archive/18019a5c8e151c8467cf9fac779188bee1267b38.jpg,女流-10.20-聊天
BV1bs41147Gi,2016-10-16,2016-10-16,179:05,https://i0.hdslb.com/bfs/archive/5b642646c2539ce63bb2e4f21f1e89448e6b492b.jpg, 女流-10.16-心灵砒霜
BV1js41147Wz,2016-10-14,2016-10-14,09:12,https://i0.hdslb.com/bfs/archive/d1543538831cb7d0f426421a7329e5eec83e0e89.jpg,女流-10.14-Faceu激萌
BV1Es41147sd,2016-10-14,2016-10-14,79:03,https://i0.hdslb.com/bfs/archive/b3555a680902e2fc9a359003a296e3a958cfeaf0.jpg,女流-10.14-仙剑奇侠传3D回合
BV1Ws41147uB,2016-10-13,2016-10-13,60:45,https://i0.hdslb.com/bfs/archive/3311a5eeefcc050d880c57b0a54f73d7e11f6a9f.jpg,女流-10.13-PlayStation VR中国新品发布会
BV1Zs411x7EM,2016-10-09,2016-10-09,186:11,https://i0.hdslb.com/bfs/archive/5d1428842bacde71b2fc574d09db3b1663a80eab.jpg,女流-10.9-心灵砒霜
BV1Fs41147fM,2016-10-07,2016-10-07,195:54,https://i0.hdslb.com/bfs/archive/41664434d42473d31d907d2f0026c93b05586e29.jpg,女流-10.7-战斗方块剧场
BV11s411x7Vq,2016-10-06,2016-10-06,210:51,https://i0.hdslb.com/bfs/archive/275f35cd0a4587c738c0d3988ee43a3dea7c531c.jpg,女流-10.6-煮糊了(overcooked)
BV1Ss411x7QW,2016-10-05,2016-10-05,233:18,https://i0.hdslb.com/bfs/archive/275f35cd0a4587c738c0d3988ee43a3dea7c531c.jpg,女流-10.5-煮糊了(overcooked)
BV1js411b7m4,2016-10-04,,03:26,https://i0.hdslb.com/bfs/archive/59e8517f49faf641348d6635ec007788cd53be45.jpg,女流唯美户外混剪，女王大人生日快乐~
BV1js411b7NA,2016-10-04,2016-10-04,203:50,https://i0.hdslb.com/bfs/archive/275f35cd0a4587c738c0d3988ee43a3dea7c531c.jpg,女流-10.4-煮糊了(overcooked)
BV1Ls411b7dG,2016-10-04,2016-10-03,196:32,https://i0.hdslb.com/bfs/archive/9cda9aa6cf5e26dfb2b4cc9e2d039b3d2d8ef9a0.jpg,女流-10.3-生日特辑
BV1Ds411t7ti,2016-09-28,2016-09-28,126:50,https://i0.hdslb.com/bfs/archive/aebfd1e83ad5ebb3a1bb4ab4afd869549d37f0e0.jpg,女流-9.28-广州户外
BV1Ds411t78J,2016-09-28,2016-09-28,39:08,https://i0.hdslb.com/bfs/archive/84a389a07f02ad03ddf970d7328b8b26db52ab20.jpg,女流-9.28-广州户外-再补一段
BV12s411t7HM,2016-09-27,2016-09-27,09:18,https://i0.hdslb.com/bfs/archive/7508a2be874b1cad63ec1e24a46b9f86b3194179.jpg,女流-9.27-突然有事请假一天
BV19s411t7rR,2016-09-26,2016-09-26,129:38,https://i0.hdslb.com/bfs/archive/e7f97f7b47e3001f9f2d8b16fdd71990ca7646de.jpg,女流-9.26-trueorfalse
BV16s411t7vw,2016-09-25,2016-09-25,161:12,https://i0.hdslb.com/bfs/archive/64c2c91c6532dbf86fd3f26c15990e70dd728306.jpg,女流-9.25-心灵砒霜
BV11s411t7Nz,2016-09-24,2016-09-24,213:45,https://i0.hdslb.com/bfs/archive/d5b91fd4d794d7692cee2b7998fab42c917aafd7.jpg,女流-9.24-马不停蹄来拍照
BV18s411t7n7,2016-09-23,,357:09,https://i0.hdslb.com/bfs/archive/e73c3d031173da65ba727ac93459eda3a53bad2e.jpg,微软Xbox Forza草原行
BV14s411t7Uc,2016-09-23,2016-09-22,193:32,https://i0.hdslb.com/bfs/archive/dea119f359c1658c314c02acc62c6eb4211fa069.jpg,女流-9.22-逆转裁判6-day12-完结
BV1es411t7Km,2016-09-21,2016-09-21,230:54,https://i0.hdslb.com/bfs/archive/dea119f359c1658c314c02acc62c6eb4211fa069.jpg,女流-9.21-逆转裁判6-day11
BV17s411t7Af,2016-09-19,2016-09-19,218:08,https://i0.hdslb.com/bfs/archive/f162a4af38b8630401532c1203ad011653fa6111.jpg,女流-9.19-百战天虫
BV1Ws411t7Tv,2016-09-18,2016-09-18,70:53,https://i0.hdslb.com/bfs/archive/557fae5192443583ce11a4b50b252c34d45d2c07.jpg,女流-9.18-心灵砒霜
BV1Ks411t7g6,2016-09-16,2016-09-16,217:05,https://i0.hdslb.com/bfs/archive/dea119f359c1658c314c02acc62c6eb4211fa069.jpg,女流-9.16-逆转裁判6-day10
BV1Ks411t7Tu,2016-09-16,2016-09-16,79:40,https://i0.hdslb.com/bfs/archive/c8a830667ae86438424ddb7826711403be1cb652.jpg,女流-9.16-加油向未来
BV1gs411t76q,2016-09-15,2016-09-15,168:02,https://i0.hdslb.com/bfs/archive/0e20bb83accfc11b3297090e0210db361c840e06.jpg,女流-9.15-MC建筑大赛
BV1Hs411r7eX,2016-09-14,2016-09-14,193:34,https://i0.hdslb.com/bfs/archive/dea119f359c1658c314c02acc62c6eb4211fa069.jpg,女流-9.14-逆转裁判6-day9
BV18s411r77p,2016-09-13,2016-09-13,247:04,https://i0.hdslb.com/bfs/archive/dea119f359c1658c314c02acc62c6eb4211fa069.jpg,女流-9.13-逆转裁判6-day8
BV1Ls411r7go,2016-09-12,2016-09-12,151:34,https://i0.hdslb.com/bfs/archive/dea119f359c1658c314c02acc62c6eb4211fa069.jpg,女流-9.12-P2P3逆转裁判6-day7
BV1Ls411r731,2016-09-12,2016-09-12,67:16,https://i0.hdslb.com/bfs/archive/e287ee1d41de52597b583ab1099cd6d34f737f55.jpg,女流-9.12-P1逆袭dayX+4
BV1Vs411r7YP,2016-09-11,2016-09-11,205:11,https://i0.hdslb.com/bfs/archive/ca68814afc935ca33d548f0224d0977c039a60cf.jpg,女流-9.11-心灵砒霜
BV1Ts411r7MH,2016-09-07,2016-09-07,55:21,https://i0.hdslb.com/bfs/archive/9c9e7a070817abde0b3bedd6d00231f49cf33751.jpg,女流-9.7-请个假
BV1ss41167Za,2016-08-30,2016-08-30,131:27,https://i0.hdslb.com/bfs/archive/dea119f359c1658c314c02acc62c6eb4211fa069.jpg,女流-8.30-逆转裁判6-day6
BV18s41167S4,2016-08-29,2016-08-29,234:24,https://i0.hdslb.com/bfs/archive/dea119f359c1658c314c02acc62c6eb4211fa069.jpg,女流-8.29-逆转裁判6-day5
BV1Ls41167wf,2016-08-28,2016-08-28,170:52,https://i0.hdslb.com/bfs/archive/223581897cb563a1d895c95b7be795e8eb7efb0d.jpg,女流-8.28-心灵砒霜
BV12s411k7Kc,2016-08-26,2016-08-26,255:14,https://i0.hdslb.com/bfs/archive/dea119f359c1658c314c02acc62c6eb4211fa069.jpg,女流-8.26-逆转裁判6-day4
BV1Qs411k7Ff,2016-08-25,2016-08-25,224:42,https://i0.hdslb.com/bfs/archive/d081098eaa800b87952d89ba857cfcc04ccab823.jpg,女流-8.25-百战天虫
BV1vs411k7cE,2016-08-24,2016-08-24,141:58,https://i0.hdslb.com/bfs/archive/d081098eaa800b87952d89ba857cfcc04ccab823.jpg,女流-8.24-百战天虫
BV1rs411k7e4,2016-08-23,2016-08-23,148:50,https://i0.hdslb.com/bfs/archive/090763f4e81d742904749918dc898ad4adfe7e05.jpg,女流-8.23-魂斗罗-雪人兄弟
BV14s411k7a8,2016-08-22,2016-08-22,52:02,https://i0.hdslb.com/bfs/archive/090763f4e81d742904749918dc898ad4adfe7e05.jpg,女流-8.22-P4P5魂斗罗
BV14s411k789,2016-08-22,2016-08-22,178:08,https://i0.hdslb.com/bfs/archive/cd6722b47aee8bff0b6b12aa7a0b42fb43be33ba.jpg,女流-8.22-P1P2P3心灵砒霜
BV1Js411k77J,2016-08-19,2016-08-19,342:58,https://i0.hdslb.com/bfs/archive/372aa8149b5d80102d87eb0d46e490f1f560abce.jpg,女流-8.19-石油骚动(turmoil)
BV1gs411k7r2,2016-08-17,2016-08-17,66:24,https://i0.hdslb.com/bfs/archive/ed0580cfcd1d4cdb084cc12daf12f73910f9c871.jpg,女流-8.17-P1-难死塔(Tricky Towers)
BV1gs411k7q2,2016-08-17,2016-08-17,75:38,https://i0.hdslb.com/bfs/archive/074276e431b3801353dc20a5f6d91ab071def1ac.jpg,女流-8.17-P4P5守望先锋
BV1gs411k7ib,2016-08-17,2016-08-17,93:58,https://i0.hdslb.com/bfs/archive/1927dc4ae71132a5396a6c5d9d2a96fd8e24570e.jpg,女流-8.17-P2P3-星界边境(starbound)-day5
BV1Xs411r7rr,2016-08-16,2016-08-16,263:40,https://i0.hdslb.com/bfs/archive/dea119f359c1658c314c02acc62c6eb4211fa069.jpg,女流-8.16-逆转裁判6-day3
BV1es411r7FK,2016-08-12,,00:11,https://i0.hdslb.com/bfs/archive/dea119f359c1658c314c02acc62c6eb4211fa069.jpg,一个牙医！
BV1es411r7AP,2016-08-12,2016-08-12,256:49,https://i0.hdslb.com/bfs/archive/dea119f359c1658c314c02acc62c6eb4211fa069.jpg,女流-8.12-逆转裁判6-day2
BV1Ns411y7jx,2016-08-10,2016-08-10,234:30,https://i0.hdslb.com/bfs/archive/dea119f359c1658c314c02acc62c6eb4211fa069.jpg,女流-8.10-逆转裁判6-day1
BV1Ms411y7VU,2016-08-09,2016-08-09,219:41,https://i0.hdslb.com/bfs/archive/36df90f450413df2e9368a53a4fd2b3b84288a11.jpg,女流-8.9-无人深空
BV1Xs411C7me,2016-08-08,2016-08-08,236:58,https://i0.hdslb.com/bfs/archive/bfc92ab392fdc87c1972cc492eeb4a242391bbc1.jpg,女流-8.8-DOTA2
BV1fs411C7cS,2016-08-07,2016-08-07,192:58,https://i0.hdslb.com/bfs/archive/ef6651c2f4a92ad424d52a53ec5f41a37d9c512c.jpg,女流-8.7-心灵砒霜
BV1Us411C77h,2016-08-05,2016-08-05,211:56,https://i0.hdslb.com/bfs/archive/1927dc4ae71132a5396a6c5d9d2a96fd8e24570e.jpg,女流-8.5-星界边境(starbound)-day4
BV1Ys411C7ea,2016-08-04,2016-08-04,154:37,https://i0.hdslb.com/bfs/archive/4a12f3700f365b6ad40badbd34d39140039b1b93.jpg,女流-8.4-Replica
BV1Ys411C7eH,2016-08-04,2016-08-04,75:00,https://i0.hdslb.com/bfs/archive/e287ee1d41de52597b583ab1099cd6d34f737f55.jpg,女流-8.4-逆袭dayX+3
BV13s411C7yC,2016-07-29,2016-07-29,265:18,https://i0.hdslb.com/bfs/archive/06cf603f579ac308c9d8582ee435c36fdec45f3b.jpg,女流-7.29-香港ACG展会-day1
BV1Ts411C7RW,2016-07-28,2016-07-28,223:49,https://i0.hdslb.com/bfs/archive/ac4907f5be1e982aac40e8b15b90c110686d8892.jpg,女流-7.28香港ACG索尼发布会
BV1cs411C7QV,2016-07-27,2016-07-27,04:13,https://i0.hdslb.com/bfs/archive/ac4907f5be1e982aac40e8b15b90c110686d8892.jpg,7.27-上海
BV1os411k7Sw,2016-07-26,2016-07-26,128:59,https://i0.hdslb.com/bfs/archive/1927dc4ae71132a5396a6c5d9d2a96fd8e24570e.jpg,女流-7.26-星界边境(starbound)-day3上午
BV1fs411k7fQ,2016-07-26,2016-07-26,285:46,https://i0.hdslb.com/bfs/archive/f32d08ad81a8d8e89f5a8ca59f8e92d1c4d28106.jpg,女流-7.26-星界边境(starbound)-day3下午
BV1ss4111797,2016-07-25,2016-07-25,253:25,https://i0.hdslb.com/bfs/archive/1927dc4ae71132a5396a6c5d9d2a96fd8e24570e.jpg,女流-7.25-星界边境(starbound)-day2
BV18s41117tG,2016-07-24,2016-07-24,202:20,https://i0.hdslb.com/bfs/archive/ac4907f5be1e982aac40e8b15b90c110686d8892.jpg,女流-7.24-心灵砒霜
BV1Ls41117zZ,2016-07-23,2016-07-23,172:25,https://i0.hdslb.com/bfs/archive/f32d08ad81a8d8e89f5a8ca59f8e92d1c4d28106.jpg,女流-7.23-星界边境(starbound)-day1
BV1ns411176C,2016-07-22,2016-07-22,225:02,https://i0.hdslb.com/bfs/archive/cd6beb6c53254b12e0e5c468d19b989739d10ee9.jpg,女流-7.22-传送门骑士(portal knights)-day1
BV1Ms41117ww,2016-07-21,2016-07-21,252:05,https://i0.hdslb.com/bfs/archive/caf95ba20e717ebe703172008f53b79bb2d3686e.jpg,女流-7.21-双子传说
BV1Bs411y7kr,2016-07-12,2016-07-12,131:59,https://i0.hdslb.com/bfs/archive/b98e083284d27be01ab3f824f8f908ad6a52f467.jpg,女流-7.12-MC复兴大周-day4
BV1as411y7ct,2016-07-10,2016-07-10,206:23,https://i0.hdslb.com/bfs/archive/ac4907f5be1e982aac40e8b15b90c110686d8892.jpg,女流-7.10-心灵砒霜
BV1Ls411y78J,2016-07-09,2016-07-09,42:27,https://i0.hdslb.com/bfs/archive/ac4907f5be1e982aac40e8b15b90c110686d8892.jpg,女流-7.9-周六日常
BV1Hs411y7ma,2016-07-08,2016-07-08,235:09,https://i0.hdslb.com/bfs/archive/b98e083284d27be01ab3f824f8f908ad6a52f467.jpg,女流-7.8-MC复兴大周-day3
BV17s411y7ZQ,2016-07-08,2016-07-07,221:42,https://i0.hdslb.com/bfs/archive/1720c9b7d28a059d1fa00822341c3758c0822c18.jpg,女流-7.7-初音未来FT-day3
BV1cs411i7pN,2016-07-07,2016-07-06,232:40,https://i0.hdslb.com/bfs/archive/1720c9b7d28a059d1fa00822341c3758c0822c18.jpg,女流-7.6-初音未来FT-day2
BV1Ns411i7XX,2016-07-05,2016-07-05,52:43,https://i0.hdslb.com/bfs/archive/ac4907f5be1e982aac40e8b15b90c110686d8892.jpg,女流-7.5-初音未来FT
BV1Qs411v7Ry,2016-07-04,2016-07-04,164:49,https://i0.hdslb.com/bfs/archive/e287ee1d41de52597b583ab1099cd6d34f737f55.jpg,女流-7.4-逆袭-dayX+2
BV1Zs411v7z8,2016-07-03,2016-07-03,119:21,https://i0.hdslb.com/bfs/archive/ac4907f5be1e982aac40e8b15b90c110686d8892.jpg,女流-7.3-心灵砒霜
BV1ms411v7Tz,2016-06-30,2016-06-30,187:19,https://i0.hdslb.com/bfs/archive/b98e083284d27be01ab3f824f8f908ad6a52f467.jpg,女流-6.30-MC复兴大周-day2
BV1Ys411v77B,2016-06-29,2016-06-29,220:55,https://i0.hdslb.com/bfs/archive/b98e083284d27be01ab3f824f8f908ad6a52f467.jpg,女流-6.29-MC复兴大周-day1
BV1bs411v7Xc,2016-06-28,2016-06-28,176:32,https://i0.hdslb.com/bfs/archive/ab84bcb484e4c8d644f7a8ed298b7e4266edca7a.jpg,女流-6.28-幽灵诡计-day4-完结
BV1vs411v7YW,2016-06-27,2016-06-27,192:18,https://i0.hdslb.com/bfs/archive/ab84bcb484e4c8d644f7a8ed298b7e4266edca7a.jpg,女流-6.27-幽灵诡计-day3
BV1es411v7vv,2016-06-27,2016-06-26,202:02,https://i0.hdslb.com/bfs/archive/ac4907f5be1e982aac40e8b15b90c110686d8892.jpg,女流-6.26-久违的pishuang
BV1Js411v7iY,2016-06-25,2016-06-25,238:37,https://i0.hdslb.com/bfs/archive/8211e60e0e91fe69a5ab59997edb7fad42591c37.jpg,女流-6.25-幽灵诡计-day2
BV1Ws411v7qK,2016-06-24,2016-06-24,256:50,https://i0.hdslb.com/bfs/archive/8211e60e0e91fe69a5ab59997edb7fad42591c37.jpg,女流-6.24-幽灵诡计-day1
BV1Ls411v7ey,2016-06-21,2016-06-21,163:04,https://i0.hdslb.com/bfs/archive/6b155b9d85e2dfa97f59d89412d7e14f00b1f92f.jpg,女流-6.21-LA见闻录
BV1Zs411e7pX,2016-06-16,2016-06-16,76:03,https://i0.hdslb.com/bfs/archive/a54fa327cdf0a3f6b21a8cc17dadcda12aa7711d.jpg,女流-6.16-e3展台
BV1ss411q7NG,2016-06-14,2016-06-14,99:39,https://i0.hdslb.com/bfs/archive/99989268ccf90d7b1255c259518ead7ba6c82b5d.jpg,6.14-e3微软发布会
BV1ns411q77n,2016-06-13,2016-06-12,34:09,https://i0.hdslb.com/bfs/archive/f22dcf56b1ed74423aa1d5f993880d6ca95e41fc.jpg,女流-6.12-洛杉矶santa monica
BV1us411q7SZ,2016-06-10,2016-06-10,83:29,https://i0.hdslb.com/bfs/archive/ac4907f5be1e982aac40e8b15b90c110686d8892.jpg,女流-6.10-果壳网吃货饭局女流视角
BV1js411q7JP,2016-06-09,2016-06-09,64:22,https://i0.hdslb.com/bfs/archive/ad21348851d41d39afbb57e3c9786f160cfbf98c.jpg,女流-6.9-几何冲刺-Xstep
BV1js411q731,2016-06-09,2016-06-09,222:49,https://i0.hdslb.com/bfs/archive/e1ef6fdef538033cb4dae7f7fa4e6af88eb18b4b.jpg,女流-6.9-模拟人生
BV1ws411q7dp,2016-06-08,2016-06-08,03:10,https://i0.hdslb.com/bfs/archive/ad21348851d41d39afbb57e3c9786f160cfbf98c.jpg,女流-6.8-几何冲刺-CYCLES-过关
BV1ws411q7Qc,2016-06-08,2016-06-08,192:21,https://i0.hdslb.com/bfs/archive/ad21348851d41d39afbb57e3c9786f160cfbf98c.jpg,女流-6.8-几何冲刺
BV1Ms411q7yR,2016-06-07,2016-06-07,224:24,https://i0.hdslb.com/bfs/archive/015463b79c1380eefcc346a8b170b45c91092c25.jpg,女流-6.7-Poly Bridge
BV1Ks411q7sA,2016-06-06,2016-06-06,199:34,https://i0.hdslb.com/bfs/archive/3d710378f4d5b53b406d00e8582da02970eab66a.jpg,女流-6.6-几何冲刺
BV1Ks411q7Wi,2016-06-06,2016-06-06,36:28,https://i0.hdslb.com/bfs/archive/3d710378f4d5b53b406d00e8582da02970eab66a.jpg,女流-6.6-守望先锋补给包
BV19s411i7X1,2016-06-05,2016-06-04,159:08,https://i0.hdslb.com/bfs/archive/381df902d4aca591c21cec4362cc517884aa0622.jpg,女流-6.4-盐与避难所-Day1
BV19s411i7RA,2016-06-05,2016-06-04,85:16,https://i0.hdslb.com/bfs/archive/3d710378f4d5b53b406d00e8582da02970eab66a.jpg,女流-6.4-几何冲刺
BV19s411i79W,2016-06-05,2016-06-05,202:58,https://i0.hdslb.com/bfs/archive/ac4907f5be1e982aac40e8b15b90c110686d8892.jpg,女流-6.5-心灵砒霜
BV1ds411i7zw,2016-06-03,2016-06-03,235:32,https://i0.hdslb.com/bfs/archive/42660ee35b44e82d29c24a12d53432ed83332515.jpg,女流-6.3-小小地狱之火(Little Inferno)-Day2
BV1ys411i7jN,2016-06-02,2016-06-02,122:23,https://i0.hdslb.com/bfs/archive/3d710378f4d5b53b406d00e8582da02970eab66a.jpg,女流-6.2-怒海求生
BV1ys411i7Vb,2016-06-02,2016-06-02,29:22,https://i0.hdslb.com/bfs/archive/3d710378f4d5b53b406d00e8582da02970eab66a.jpg,女流-6.2-Little Inferno
BV1ys411i75i,2016-06-02,2016-06-02,58:05,https://i0.hdslb.com/bfs/archive/3d710378f4d5b53b406d00e8582da02970eab66a.jpg,女流-6.2-Once Upon A Time
BV1rs411i7rn,2016-06-01,2016-06-01,54:02,https://i0.hdslb.com/bfs/archive/b63c3b3db4472e844e1ed82e190fd015e26a8698.jpg,女流-6.1-9小时9个人9之门-day1
BV1rs411i7rV,2016-06-01,2016-06-01,93:03,https://i0.hdslb.com/bfs/archive/e287ee1d41de52597b583ab1099cd6d34f737f55.jpg,女流-6.1-逆袭-dayX+1
BV1ms411i7nD,2016-05-31,2016-05-31,170:11,https://i0.hdslb.com/bfs/archive/dfeb191732ef92e92348caffc135413b87033977.jpg,女流-5.31-逆袭-dayX
BV1vs411i7E9,2016-05-28,2016-05-27,125:01,https://i0.hdslb.com/bfs/archive/2ae0bc31298bb99c3b69f8e0f7be0a53ef3c1b50.jpg,女流-5.27-DQ建造者-day10-完结
BV1ns411i74m,2016-05-27,2016-05-26,231:09,https://i0.hdslb.com/bfs/archive/2ae0bc31298bb99c3b69f8e0f7be0a53ef3c1b50.jpg,女流-5.26-DQ建造者-day9
BV1ts411i7X5,2016-05-25,2016-05-24,276:45,https://i0.hdslb.com/bfs/archive/2ae0bc31298bb99c3b69f8e0f7be0a53ef3c1b50.jpg,女流-5.24-DQ建造者-day8
BV1ts411i7X4,2016-05-25,2016-05-25,51:16,https://i0.hdslb.com/bfs/archive/87c17767d27e1792f6338866c6c6911d1269b7c3.jpg,女流-5.25-宝宝生病了
BV15s411i7Nf,2016-05-23,2016-05-23,270:30,https://i0.hdslb.com/bfs/archive/2ae0bc31298bb99c3b69f8e0f7be0a53ef3c1b50.jpg,女流-5.23-DQ建造者-day7
BV1js411i79z,2016-05-22,2016-05-20,273:51,https://i0.hdslb.com/bfs/archive/2ae0bc31298bb99c3b69f8e0f7be0a53ef3c1b50.jpg,女流-5.20-DQ建造者-day6
BV13s411i7iE,2016-05-22,2016-05-22,120:40,https://i0.hdslb.com/bfs/archive/77c3d6d2ea49ad3d2846b42eadf466a8f9969955.jpg,B站5月22日砒霜P1
BV16s411B7WB,2016-05-20,2016-05-19,262:06,https://i0.hdslb.com/bfs/archive/2ae0bc31298bb99c3b69f8e0f7be0a53ef3c1b50.jpg,女流-5.19-DQ建造者-day5
BV12s411B7No,2016-05-17,2016-05-17,240:21,https://i0.hdslb.com/bfs/archive/2ae0bc31298bb99c3b69f8e0f7be0a53ef3c1b50.jpg,女流-5.17-DQ建造者-day4
BV1Ys411B7ya,2016-05-16,2016-05-16,281:42,https://i0.hdslb.com/bfs/archive/2ae0bc31298bb99c3b69f8e0f7be0a53ef3c1b50.jpg,女流-5.16-DQ建造者-day3
BV18s411B7Jm,2016-05-12,2016-05-11,151:04,https://i0.hdslb.com/bfs/archive/2ae0bc31298bb99c3b69f8e0f7be0a53ef3c1b50.jpg,女流-5.11-DQ建造者-day2
BV1xs411B7zV,2016-05-11,2016-05-09,123:13,https://i0.hdslb.com/bfs/archive/7aa0b5e7316304387c56a682a31f8c4d68aa64f9.jpg,5.9-黑暗之魂3-第九天-完结
BV14s411B7qn,2016-05-11,2016-05-10,366:24,https://i0.hdslb.com/bfs/archive/2ae0bc31298bb99c3b69f8e0f7be0a53ef3c1b50.jpg,女流-5.10-DQ建造者-day1
BV1Gs411B7Gz,2016-05-10,2016-05-04,193:12,https://i0.hdslb.com/bfs/archive/7aa0b5e7316304387c56a682a31f8c4d68aa64f9.jpg,5.4-黑暗之魂3-第五天
BV1Gs411B7v1,2016-05-09,2016-05-06,174:48,https://i0.hdslb.com/bfs/archive/7aa0b5e7316304387c56a682a31f8c4d68aa64f9.jpg,5.6-黑暗之魂3-第七天
BV1Gs411B7tv,2016-05-09,2016-05-05,200:31,https://i0.hdslb.com/bfs/archive/7aa0b5e7316304387c56a682a31f8c4d68aa64f9.jpg,5.5-黑暗之魂3-第六天
BV1Gs411B7ta,2016-05-09,2016-05-08,71:57,https://i0.hdslb.com/bfs/archive/7aa0b5e7316304387c56a682a31f8c4d68aa64f9.jpg,5.8-黑暗之魂3-第八天
BV1Gs411B7c9,2016-05-09,2016-05-08,148:33,https://i0.hdslb.com/bfs/archive/e710c5b17b028a4ff756d14d63500ecb45497b4f.jpg,66的每周心灵砒霜实录-5月8日
BV1Ls411B7aN,2016-05-08,2016-04-30,196:10,https://i0.hdslb.com/bfs/archive/a9d4e99b752c577403b4cde7def284c98db0492d.jpg,4月30日66砒霜直播实录心情不好遇事不顺就来一碗淡淡的砒霜
BV1Js411B7xM,2016-05-08,2016-05-02,188:33,https://i0.hdslb.com/bfs/archive/7aa0b5e7316304387c56a682a31f8c4d68aa64f9.jpg,5.2-黑暗之魂3-第三天
BV1Js411B7Xn,2016-05-08,2016-04-30,110:21,https://i0.hdslb.com/bfs/archive/7aa0b5e7316304387c56a682a31f8c4d68aa64f9.jpg,4.30-黑暗之魂3-第二天
BV1Js411B7XH,2016-05-08,2016-05-03,170:08,https://i0.hdslb.com/bfs/archive/7aa0b5e7316304387c56a682a31f8c4d68aa64f9.jpg,5.3-黑暗之魂3-第四天
BV17s411B7uy,2016-05-08,2016-04-29,222:27,https://i0.hdslb.com/bfs/archive/7aa0b5e7316304387c56a682a31f8c4d68aa64f9.jpg,4.29-黑暗之魂3-第一天
