date,weekday,schedule_items,category_code,category,live_entries_before,disposition,action,live_entries_after
2016-01-01,五,新年砒霜,0,已有条目·内容一致,2016-01-01-live-01,节目单内容与条目一致（或只多聊天、砒霜、邮件等非游戏段落）,,2016-01-01-live-01
2016-01-03,日,黄渤签名照 | 尼德霍格Nidhogg,0,已有条目·内容一致,2016-01-03-live-01,节目单内容与条目一致（或只多聊天、砒霜、邮件等非游戏段落）,,2016-01-03-live-01
2016-01-04,一,"命运交叉的旅店 | 放逐之城 | 请出示证件Paper,please",2,已有条目·缺内容,2016-01-04-live-02,节目单另记「命运交叉的旅店」，条目未收；只有节目单一处，未改条目,,2016-01-04-live-02
2016-01-05,二,谁是你爸爸Who's your Daddy | 星之契约 | MC直播服,2,已有条目·缺内容,2016-01-05-live-01,节目单另记「星之契约、MC直播服」，条目未收；只有节目单一处，未改条目,,2016-01-05-live-01
2016-01-06,三,MC直播服,1,独立证实·新建直播日,2016-01-06-live-01,存档直播间页缩略图 2016-01-06 19:17，标题「来吧来吧撸一棵树」，与节目单「MC直播服」相合,新建 2016-01-06-live-01（high，MC）,2016-01-06-live-01
2016-01-07,四,围攻Besiege | 浴桶拆封,2,已有条目·缺内容,2016-01-07-live-01,节目单另记「浴桶拆封」，条目未收；只有节目单一处，未改条目,,2016-01-07-live-01
2016-01-08,五,逆转裁判：复苏的逆转,2,已有条目·缺内容,2016-01-08-live-01,节目单与葵kiss 同期贴吧记录都记这款游戏，条目原先没登记,补登 gyakuten-saiban-1,2016-01-08-live-01
2016-01-10,日,怼黄渤 | 心灵砒霜 | MC参加史诗工坊比赛,2,已有条目·缺内容,2016-01-10-live-01,节目单另记「怼黄渤、MC参加史诗工坊比赛」，条目未收；只有节目单一处，未改条目,,2016-01-10-live-01
2016-01-11,一,Poly Bridge,0,已有条目·内容一致,2016-01-11-live-01,节目单内容与条目一致（或只多聊天、砒霜、邮件等非游戏段落）,,2016-01-11-live-01
2016-01-12,二,Poly Bridge,1,独立证实·新建直播日,2016-01-12-live-01,存档直播间页缩略图 2016-01-12 17:58 证实开播；内容只有节目单 Poly Bridge，01-11、01-19 一手也是 Poly Bridge,新建 2016-01-12-live-01（medium，Poly Bridge）,2016-01-12-live-01
2016-01-13,三,新春日历拍照,4,仅节目单（候选）,,节目单：新春日历拍照。无快照、无同期帖、无录像，不建条目（新春日历拍照）,,
2016-01-18,一,汇报工作,4,仅节目单（候选）,,节目单：汇报工作。无快照、无同期帖、无录像，不建条目（汇报工作）,,
2016-01-19,二,Poly Bridge,0,已有条目·内容一致,2016-01-19-live-01,节目单内容与条目一致（或只多聊天、砒霜、邮件等非游戏段落）,,2016-01-19-live-01
2016-01-20,三,心灵砒霜,0,已有条目·内容一致,2016-01-20-live-01,节目单内容与条目一致（或只多聊天、砒霜、邮件等非游戏段落）,,2016-01-20-live-01
2016-01-22,五,史莱姆牧场Slime Racher | 安可唱歌,0,已有条目·内容一致,2016-01-22-live-01,节目单内容与条目一致（或只多聊天、砒霜、邮件等非游戏段落）,,2016-01-22-live-01
2016-01-24,日,周年庆 | MC直播服,2,已有条目·缺内容,2016-01-24-live-01,节目单与葵kiss 同期贴吧记录都记这款游戏，条目原先没登记,补登 minecraft,2016-01-24-live-01
2016-01-26,二,Poly Bridge,0,已有条目·内容一致,2016-01-26-live-01,节目单内容与条目一致（或只多聊天、砒霜、邮件等非游戏段落）,,2016-01-26-live-01
2016-01-27,三,节奏天国 | 箱子男孩BoxBoy,2,已有条目·缺内容,2016-01-27-live-01,节目单另记「节奏天国」，条目未收；只有节目单一处，未改条目,,2016-01-27-live-01
2016-01-28,四,赤途,0,已有条目·内容一致,2016-01-28-live-01 | 2016-01-28-live-02,节目单内容与条目一致（或只多聊天、砒霜、邮件等非游戏段落）,,2016-01-28-live-01 | 2016-01-28-live-02
2016-01-29,五,赤途,0,已有条目·内容一致,2016-01-29-live-01,节目单内容与条目一致（或只多聊天、砒霜、邮件等非游戏段落）,,2016-01-29-live-01
2016-01-31,日,心灵砒霜,0,已有条目·内容一致,2016-01-31-live-01,节目单内容与条目一致（或只多聊天、砒霜、邮件等非游戏段落）,,2016-01-31-live-01
2016-02-01,一,塞尔达三角力量,0,已有条目·内容一致,2016-02-01-live-01,节目单内容与条目一致（或只多聊天、砒霜、邮件等非游戏段落）,,2016-02-01-live-01
2016-02-02,二,DQ建造者日文,0,已有条目·内容一致,2016-02-02-live-01,节目单内容与条目一致（或只多聊天、砒霜、邮件等非游戏段落）,,2016-02-02-live-01
2016-02-14,日,猴年第一播 | 看西游记聊天,4,仅节目单（候选）,,节目单：猴年第一播 | 看西游记聊天。无快照、无同期帖、无录像，不建条目（猴年第一播、看西游记聊天）,,
2016-02-17,三,聊天 | 火影忍者终极风暴4 | 节奏天国,2,已有条目·缺内容,2016-02-17-live-01,节目单另记「火影忍者终极风暴4、节奏天国」，条目未收；只有节目单一处，未改条目,,2016-02-17-live-01
2016-02-18,四,节奏天国 | 火影忍者终极风暴4,2,已有条目·缺内容,2016-02-18-live-01,节目单另记「节奏天国、火影忍者终极风暴4」，条目未收；只有节目单一处，未改条目,,2016-02-18-live-01
2016-02-19,五,毛线小精灵Unravel,0,已有条目·内容一致,2016-02-19-live-01,节目单内容与条目一致（或只多聊天、砒霜、邮件等非游戏段落）,,2016-02-19-live-01
2016-02-20,六,街霸V | 生锈小湖新章Birthday,0,已有条目·内容一致,2016-02-20-live-01,节目单内容与条目一致（或只多聊天、砒霜、邮件等非游戏段落）,,2016-02-20-live-01
2016-02-21,日,心灵砒霜 | 节奏天国,2,已有条目·缺内容,2016-02-21-live-01,节目单另记「节奏天国」，条目未收；只有节目单一处，未改条目,,2016-02-21-live-01
2016-02-23,二,MC水星生存日记 | 看游戏视频 | 节奏天国,2,已有条目·缺内容,2016-02-23-live-01,节目单另记「看游戏视频、节奏天国」，条目未收；只有节目单一处，未改条目,,2016-02-23-live-01
2016-02-24,三,逆袭之星光闪耀 | 光之子录像,0,已有条目·内容一致,2016-02-24-live-01,节目单内容与条目一致（或只多聊天、砒霜、邮件等非游戏段落）,,2016-02-24-live-01
2016-02-25,四,孤岛惊魂 | 闲聊,2,已有条目·缺内容,2016-02-25-live-01,节目单另记「闲聊」，条目未收；只有节目单一处，未改条目,,2016-02-25-live-01
2016-02-26,五,逆转裁判录像 | 聊天,1,独立证实·新建直播日,2016-02-26-live-01,斗鱼主机分区列表页存档 16:07 收录她的直播间（标题「休息一下。。。。」）；内容只有节目单,新建 2016-02-26-live-01（high，games 空）,2016-02-26-live-01
2016-02-28,日,看天线宝宝 | 看天花板 | 看越狱兔 | 画画,1,独立证实·新建直播日,2016-02-28-live-01,斗鱼全部分区列表页存档 11:52 收录她的直播间（标题「休息一下。。。。」）；内容只有节目单,新建 2016-02-28-live-01（high，games 空）,2016-02-28-live-01
2016-02-29,一,霹雳爷们代播 | 无录像,6,非直播／活动／休息,,节目单「霹雳爷们代播、无录像」；存档直播间页 17:36 标题「66姐以后要多喝水！早日康复！我们一直在」（元气领域），是别人代播，不是她本人直播,不建条目,
2016-03-02,三,逆袭之星光闪耀 | 节奏天国,2,已有条目·缺内容,2016-03-02-live-01,节目单另记「节奏天国」，条目未收；只有节目单一处，未改条目,,2016-03-02-live-01
2016-03-03,四,新发型首秀 | 传说之下Undertale三周目,2,已有条目·缺内容,2016-03-03-live-01,节目单另记「新发型首秀」，条目未收；只有节目单一处，未改条目,,2016-03-03-live-01
2016-03-04,五,B站MC建筑大赛评选,0,已有条目·内容一致,2016-03-04-live-01,节目单内容与条目一致（或只多聊天、砒霜、邮件等非游戏段落）,,2016-03-04-live-01
2016-03-06,日,心灵砒霜,0,已有条目·内容一致,2016-03-06-live-01,节目单内容与条目一致（或只多聊天、砒霜、邮件等非游戏段落）,,2016-03-06-live-01
2016-03-07,一,传说之下Undertale三周目,0,已有条目·内容一致,2016-03-07-live-01,节目单内容与条目一致（或只多聊天、砒霜、邮件等非游戏段落）,,2016-03-07-live-01
2016-03-09,三,逆袭之星光闪耀 | 星露谷物语Stardew Valley,2,已有条目·缺内容,2016-03-09-live-01,节目单与葵kiss 同期贴吧记录都记这款游戏，条目原先没登记,补登 nixizhixingtu-shanyao,2016-03-09-live-01
2016-03-10,四,星露谷物语Stardew Valley,0,已有条目·内容一致,2016-03-10-live-01,节目单内容与条目一致（或只多聊天、砒霜、邮件等非游戏段落）,,2016-03-10-live-01
2016-03-11,五,星露谷物语Stardew Valley,0,已有条目·内容一致,2016-03-11-live-01,节目单内容与条目一致（或只多聊天、砒霜、邮件等非游戏段落）,,2016-03-11-live-01
2016-03-12,六,星露谷物语Stardew Valley,0,已有条目·内容一致,2016-03-12-live-01,节目单内容与条目一致（或只多聊天、砒霜、邮件等非游戏段落）,,2016-03-12-live-01
2016-03-13,日,心灵砒霜 | 星露谷物语Stardew Valley,2,已有条目·缺内容,2016-03-13-live-01,节目单与葵kiss 同期贴吧记录都记这款游戏，条目原先没登记,补登 stardew-valley,2016-03-13-live-01
2016-03-15,二,星露谷物语Stardew Valley,0,已有条目·内容一致,2016-03-15-live-01,节目单内容与条目一致（或只多聊天、砒霜、邮件等非游戏段落）,,2016-03-15-live-01
2016-03-16,三,星露谷物语Stardew Valley,0,已有条目·内容一致,2016-03-16-live-01,节目单内容与条目一致（或只多聊天、砒霜、邮件等非游戏段落）,,2016-03-16-live-01
2016-03-17,四,星露谷物语Stardew Valley,0,已有条目·内容一致,2016-03-17-live-01,节目单内容与条目一致（或只多聊天、砒霜、邮件等非游戏段落）,,2016-03-17-live-01
2016-03-20,日,心灵砒霜 | 逆袭之星光闪耀,2,已有条目·缺内容,2016-03-20-live-01,节目单另记「逆袭之星光闪耀」，条目未收；只有节目单一处，未改条目,,2016-03-20-live-01
2016-03-21,一,几何冲刺 | 星露谷物语Stardew Valley,2,已有条目·缺内容,2016-03-21-live-01,节目单另记「几何冲刺」，条目未收；只有节目单一处，未改条目,,2016-03-21-live-01
2016-03-22,二,几何冲刺 | 星露谷物语Stardew Valley,2,已有条目·缺内容,2016-03-22-live-01,节目单另记「几何冲刺」，条目未收；只有节目单一处，未改条目,,2016-03-22-live-01
2016-03-24,四,几何冲刺 | 星露谷物语Stardew Valley,2,已有条目·缺内容,2016-03-24-live-01,节目单另记「几何冲刺」，条目未收；只有节目单一处，未改条目,,2016-03-24-live-01
2016-03-25,五,跟炸鱼、错觉玩dota | 星露谷物语Stardew Valley,2,已有条目·缺内容,2016-03-25-live-01,节目单另记「跟炸鱼、错觉玩dota」，条目未收；只有节目单一处，未改条目,,2016-03-25-live-01
2016-03-27,日,心灵砒霜 | 索尼活动回顾,0,已有条目·内容一致,2016-03-27-live-01,节目单内容与条目一致（或只多聊天、砒霜、邮件等非游戏段落）,,2016-03-27-live-01
2016-03-28,一,几何冲刺 | 星露谷物语Stardew Valley,2,已有条目·缺内容,2016-03-28-live-01,节目单与葵kiss 同期贴吧记录都记这款游戏，条目原先没登记,补登 geometry-dash,2016-03-28-live-01
2016-03-31,四,几何冲刺 | 星露谷物语Stardew Valley,2,已有条目·缺内容,2016-03-31-live-01,节目单另记「几何冲刺」，条目未收；只有节目单一处，未改条目,,2016-03-31-live-01
2016-04-04,一,逆转裁判5 | 异星工厂Factorio | 燥热SuperHot,2,已有条目·缺内容,2016-04-04-live-01,节目单另记「逆转裁判5」，条目未收；只有节目单一处，未改条目,,2016-04-04-live-01
2016-04-05,二,聊天 | 霓虹院大亨HunieCam Studio | 料理妈妈COOKING MAMA | 逆转裁判5,2,已有条目·缺内容,2016-04-05-live-01,节目单另记「料理妈妈COOKING MAMA、逆转裁判5」，条目未收；只有节目单一处，未改条目,,2016-04-05-live-01
2016-04-06,三,逆转裁判5,0,已有条目·内容一致,2016-04-06-live-01,节目单内容与条目一致（或只多聊天、砒霜、邮件等非游戏段落）,,2016-04-06-live-01
2016-04-07,四,逆转裁判5,0,已有条目·内容一致,2016-04-07-live-01,节目单内容与条目一致（或只多聊天、砒霜、邮件等非游戏段落）,,2016-04-07-live-01
2016-04-08,五,逆转裁判5,0,已有条目·内容一致,2016-04-08-live-01,节目单内容与条目一致（或只多聊天、砒霜、邮件等非游戏段落）,,2016-04-08-live-01
2016-04-10,日,心灵砒霜,0,已有条目·内容一致,2016-04-10-live-01,节目单内容与条目一致（或只多聊天、砒霜、邮件等非游戏段落）,,2016-04-10-live-01
2016-04-11,一,传送门2,0,已有条目·内容一致,2016-04-11-live-01,节目单内容与条目一致（或只多聊天、砒霜、邮件等非游戏段落）,,2016-04-11-live-01
2016-04-12,二,瑞奇与叮当 | 生锈小湖新章Theatre,2,已有条目·缺内容,2016-04-12-live-01,节目单另记「瑞奇与叮当」，条目未收；只有节目单一处，未改条目,,2016-04-12-live-01
2016-04-13,三,星露谷物语Stardew Valley,0,已有条目·内容一致,2016-04-13-live-01,节目单内容与条目一致（或只多聊天、砒霜、邮件等非游戏段落）,,2016-04-13-live-01
2016-04-14,四,星露谷物语Stardew Valley | 逆转裁判5,2,已有条目·缺内容,2016-04-14-live-01,节目单另记「逆转裁判5」，条目未收；只有节目单一处，未改条目,,2016-04-14-live-01
2016-04-15,五,星露谷物语Stardew Valley,0,已有条目·内容一致,2016-04-15-live-01,节目单内容与条目一致（或只多聊天、砒霜、邮件等非游戏段落）,,2016-04-15-live-01
2016-04-17,日,心灵砒霜,0,已有条目·内容一致,2016-04-17-live-01,节目单内容与条目一致（或只多聊天、砒霜、邮件等非游戏段落）,,2016-04-17-live-01
2016-04-18,一,逆转裁判5,0,已有条目·内容一致,2016-04-18-live-01,节目单内容与条目一致（或只多聊天、砒霜、邮件等非游戏段落）,,2016-04-18-live-01
2016-04-19,二,逆转裁判5,0,已有条目·内容一致,2016-04-19-live-01,节目单内容与条目一致（或只多聊天、砒霜、邮件等非游戏段落）,,2016-04-19-live-01
2016-04-20,三,星露谷物语Stardew Valley,0,已有条目·内容一致,2016-04-20-live-01,节目单内容与条目一致（或只多聊天、砒霜、邮件等非游戏段落）,,2016-04-20-live-01
2016-04-22,五,星露谷物语Stardew Valley,0,已有条目·内容一致,2016-04-22-live-01,节目单内容与条目一致（或只多聊天、砒霜、邮件等非游戏段落）,,2016-04-22-live-01
2016-04-24,日,心灵砒霜,0,已有条目·内容一致,2016-04-24-live-01,节目单内容与条目一致（或只多聊天、砒霜、邮件等非游戏段落）,,2016-04-24-live-01
2016-04-25,一,星露谷物语Stardew Valley,0,已有条目·内容一致,2016-04-25-live-01,节目单内容与条目一致（或只多聊天、砒霜、邮件等非游戏段落）,,2016-04-25-live-01
2016-04-26,二,星露谷物语Stardew Valley,0,已有条目·内容一致,2016-04-26-live-01,节目单内容与条目一致（或只多聊天、砒霜、邮件等非游戏段落）,,2016-04-26-live-01
2016-04-27,三,星露谷物语Stardew Valley,0,已有条目·内容一致,2016-04-27-live-01,节目单内容与条目一致（或只多聊天、砒霜、邮件等非游戏段落）,,2016-04-27-live-01
2016-04-29,五,黑魂3,0,已有条目·内容一致,2016-04-29-live-01,节目单内容与条目一致（或只多聊天、砒霜、邮件等非游戏段落）,,2016-04-29-live-01
2016-04-30,六,心灵砒霜 | 黑魂3,0,已有条目·内容一致,2016-04-30-live-01,节目单内容与条目一致（或只多聊天、砒霜、邮件等非游戏段落）,,2016-04-30-live-01
2016-05-02,一,黑魂3,0,已有条目·内容一致,2016-05-02-live-01,节目单内容与条目一致（或只多聊天、砒霜、邮件等非游戏段落）,,2016-05-02-live-01
2016-05-03,二,黑魂3,0,已有条目·内容一致,2016-05-03-live-01,节目单内容与条目一致（或只多聊天、砒霜、邮件等非游戏段落）,,2016-05-03-live-01
2016-05-04,三,黑魂3,0,已有条目·内容一致,2016-05-04-live-01,节目单内容与条目一致（或只多聊天、砒霜、邮件等非游戏段落）,,2016-05-04-live-01
2016-05-05,四,黑魂3,0,已有条目·内容一致,2016-05-05-live-01,节目单内容与条目一致（或只多聊天、砒霜、邮件等非游戏段落）,,2016-05-05-live-01
2016-05-06,五,黑魂3,0,已有条目·内容一致,2016-05-06-live-01,节目单内容与条目一致（或只多聊天、砒霜、邮件等非游戏段落）,,2016-05-06-live-01
2016-05-07,六,黑魂3,0,已有条目·内容一致,2016-05-07-live-01,节目单内容与条目一致（或只多聊天、砒霜、邮件等非游戏段落）,,2016-05-07-live-01
2016-05-08,日,心灵砒霜,0,已有条目·内容一致,2016-05-08-live-01,节目单内容与条目一致（或只多聊天、砒霜、邮件等非游戏段落）,,2016-05-08-live-01
2016-05-09,一,黑魂3,0,已有条目·内容一致,2016-05-09-live-01,节目单内容与条目一致（或只多聊天、砒霜、邮件等非游戏段落）,,2016-05-09-live-01
2016-05-10,二,DQ建造者,0,已有条目·内容一致,2016-05-10-live-01,节目单内容与条目一致（或只多聊天、砒霜、邮件等非游戏段落）,,2016-05-10-live-01
2016-05-11,三,DQ建造者,0,已有条目·内容一致,2016-05-11-live-01,节目单内容与条目一致（或只多聊天、砒霜、邮件等非游戏段落）,,2016-05-11-live-01
2016-05-16,一,DQ建造者,0,已有条目·内容一致,2016-05-16-live-01,节目单内容与条目一致（或只多聊天、砒霜、邮件等非游戏段落）,,2016-05-16-live-01
2016-05-17,二,DQ建造者,0,已有条目·内容一致,2016-05-17-live-01,节目单内容与条目一致（或只多聊天、砒霜、邮件等非游戏段落）,,2016-05-17-live-01
2016-05-19,四,DQ建造者,0,已有条目·内容一致,2016-05-19-live-01,节目单内容与条目一致（或只多聊天、砒霜、邮件等非游戏段落）,,2016-05-19-live-01
2016-05-20,五,DQ建造者,0,已有条目·内容一致,2016-05-20-live-01,节目单内容与条目一致（或只多聊天、砒霜、邮件等非游戏段落）,,2016-05-20-live-01
2016-05-22,日,心灵砒霜 | 玩胖子1,0,已有条目·内容一致,2016-05-22-live-01,节目单内容与条目一致（或只多聊天、砒霜、邮件等非游戏段落）,,2016-05-22-live-01
2016-05-23,一,DQ建造者,0,已有条目·内容一致,2016-05-23-live-01,节目单内容与条目一致（或只多聊天、砒霜、邮件等非游戏段落）,,2016-05-23-live-01
2016-05-24,二,DQ建造者,0,已有条目·内容一致,2016-05-24-live-01,节目单内容与条目一致（或只多聊天、砒霜、邮件等非游戏段落）,,2016-05-24-live-01
2016-05-25,三,聊天 | 玩胖子2,0,已有条目·内容一致,2016-05-25-live-01,节目单内容与条目一致（或只多聊天、砒霜、邮件等非游戏段落）,,2016-05-25-live-01
2016-05-26,四,DQ建造者 | 玩胖子3,0,已有条目·内容一致,2016-05-26-live-01,节目单内容与条目一致（或只多聊天、砒霜、邮件等非游戏段落）,,2016-05-26-live-01
2016-05-27,五,DQ建造者 | 玩胖子4,0,已有条目·内容一致,2016-05-27-live-01,节目单内容与条目一致（或只多聊天、砒霜、邮件等非游戏段落）,,2016-05-27-live-01
2016-05-31,二,逆袭之星光闪耀 | 玩胖子5,0,已有条目·内容一致,2016-05-31-live-01,节目单内容与条目一致（或只多聊天、砒霜、邮件等非游戏段落）,,2016-05-31-live-01
2016-06-01,三,逆袭之星光闪耀 | 极限脱出 | 玩胖子6,0,已有条目·内容一致,2016-06-01-live-01 | 2016-06-01-live-02,节目单内容与条目一致（或只多聊天、砒霜、邮件等非游戏段落）,,2016-06-01-live-01 | 2016-06-01-live-02
2016-06-02,四,跟炸鱼刘能联机桌游Tabletop Simulato | Lifeboats怒海求生 | Once Upon A Time | 小小地狱火 | 玩胖子7,2,已有条目·缺内容,2016-06-02-live-01 | 2016-06-02-live-02 | 2016-06-02-live-03,节目单另记「跟炸鱼刘能联机桌游Tabletop Simulato」，条目未收；只有节目单一处，未改条目,,2016-06-02-live-01 | 2016-06-02-live-02 | 2016-06-02-live-03
2016-06-03,五,小小地狱火Little Inferno | 玩胖子8,0,已有条目·内容一致,2016-06-03-live-01,节目单内容与条目一致（或只多聊天、砒霜、邮件等非游戏段落）,,2016-06-03-live-01
2016-06-04,六,几何冲刺 | 盐与避难所Salt and Sanctuary | 玩胖子9,0,已有条目·内容一致,2016-06-04-live-01 | 2016-06-04-live-02,节目单内容与条目一致（或只多聊天、砒霜、邮件等非游戏段落）,,2016-06-04-live-01 | 2016-06-04-live-02
2016-06-05,日,心灵砒霜 | 玩胖子10 | 高考专栏,2,已有条目·缺内容,2016-06-05-live-01,节目单另记「高考专栏」，条目未收；只有节目单一处，未改条目,,2016-06-05-live-01
2016-06-06,一,几何冲刺 | 守望开包 | 玩胖子11,2,已有条目·缺内容,2016-06-06-live-01,节目单另记「守望开包」，条目未收；只有节目单一处，未改条目,,2016-06-06-live-01
2016-06-07,二,Poly Bridge | 玩胖子12,0,已有条目·内容一致,2016-06-07-live-01,节目单内容与条目一致（或只多聊天、砒霜、邮件等非游戏段落）,,2016-06-07-live-01
2016-06-08,三,几何冲刺,0,已有条目·内容一致,2016-06-08-live-01,节目单内容与条目一致（或只多聊天、砒霜、邮件等非游戏段落）,,2016-06-08-live-01
2016-06-09,四,几何冲刺 | 模拟人生 | 下午户外北京漫控潮流博览会,0,已有条目·内容一致,2016-06-09-live-01 | 2016-06-09-live-02,节目单内容与条目一致（或只多聊天、砒霜、邮件等非游戏段落）,,2016-06-09-live-01 | 2016-06-09-live-02
2016-06-10,五,果壳网,0,已有条目·内容一致,2016-06-10-live-01,节目单内容与条目一致（或只多聊天、砒霜、邮件等非游戏段落）,,2016-06-10-live-01
2016-06-13,一,LA户外,3,相邻日错位,,洛杉矶户外实际在 06-12（录像小屋《女流-6.12-洛杉矶santa monica》，已在档 2016-06-12-live-01）；节目单这行比档案晚一天，疑按北京时间记,不改；节目单 06-12 无行,
2016-06-14,二,微软发布会,0,已有条目·内容一致,2016-06-14-live-01,节目单内容与条目一致（或只多聊天、砒霜、邮件等非游戏段落）,,2016-06-14-live-01
2016-06-16,四,E3展台,0,已有条目·内容一致,2016-06-16-live-01,节目单内容与条目一致（或只多聊天、砒霜、邮件等非游戏段落）,,2016-06-16-live-01
2016-06-21,二,LA见闻录,0,已有条目·内容一致,2016-06-21-live-01,节目单内容与条目一致（或只多聊天、砒霜、邮件等非游戏段落）,,2016-06-21-live-01
2016-06-24,五,幽灵诡计Ghost Trick,0,已有条目·内容一致,2016-06-24-live-01,节目单内容与条目一致（或只多聊天、砒霜、邮件等非游戏段落）,,2016-06-24-live-01
2016-06-25,六,幽灵诡计Ghost Trick,0,已有条目·内容一致,2016-06-25-live-01,节目单内容与条目一致（或只多聊天、砒霜、邮件等非游戏段落）,,2016-06-25-live-01
2016-06-26,日,心灵砒霜 | JOJO01,0,已有条目·内容一致,2016-06-26-live-01,节目单内容与条目一致（或只多聊天、砒霜、邮件等非游戏段落）,,2016-06-26-live-01
2016-06-27,一,幽灵诡计Ghost Trick | JOJO02 | 果壳网,2,已有条目·缺内容,2016-06-27-live-01,节目单另记「果壳网」，条目未收；只有节目单一处，未改条目,,2016-06-27-live-01
2016-06-28,二,幽灵诡计Ghost Trick | JOJO03,0,已有条目·内容一致,2016-06-28-live-01,节目单内容与条目一致（或只多聊天、砒霜、邮件等非游戏段落）,,2016-06-28-live-01
2016-06-29,三,MC直播服 | JOJO04,0,已有条目·内容一致,2016-06-29-live-01,节目单内容与条目一致（或只多聊天、砒霜、邮件等非游戏段落）,,2016-06-29-live-01
2016-06-30,四,MC直播服 | JOJO05,0,已有条目·内容一致,2016-06-30-live-01,节目单内容与条目一致（或只多聊天、砒霜、邮件等非游戏段落）,,2016-06-30-live-01
2016-07-03,日,心灵砒霜,0,已有条目·内容一致,2016-07-03-live-01,节目单内容与条目一致（或只多聊天、砒霜、邮件等非游戏段落）,,2016-07-03-live-01
2016-07-04,一,逆袭之星光闪耀 | JOJO06 | 第一帝宠,2,已有条目·缺内容,2016-07-04-live-01,节目单另记「第一帝宠」，条目未收；只有节目单一处，未改条目,,2016-07-04-live-01
2016-07-05,二,调试采集卡 | 试玩初音,2,已有条目·缺内容,2016-07-05-live-01,节目单另记「调试采集卡」，条目未收；只有节目单一处，未改条目,,2016-07-05-live-01
2016-07-06,三,初音FT | JOJO07,0,已有条目·内容一致,2016-07-06-live-01,节目单内容与条目一致（或只多聊天、砒霜、邮件等非游戏段落）,,2016-07-06-live-01
2016-07-07,四,初音FT | JOJO08,0,已有条目·内容一致,2016-07-07-live-01,节目单内容与条目一致（或只多聊天、砒霜、邮件等非游戏段落）,,2016-07-07-live-01
2016-07-08,五,MC直播服 | JOJO09,0,已有条目·内容一致,2016-07-08-live-01,节目单内容与条目一致（或只多聊天、砒霜、邮件等非游戏段落）,,2016-07-08-live-01
2016-07-09,六,周六聊天 | JOJO10,0,已有条目·内容一致,2016-07-09-live-01,节目单内容与条目一致（或只多聊天、砒霜、邮件等非游戏段落）,,2016-07-09-live-01
2016-07-10,日,心灵砒霜 | JOJO11,0,已有条目·内容一致,2016-07-10-live-01,节目单内容与条目一致（或只多聊天、砒霜、邮件等非游戏段落）,,2016-07-10-live-01
2016-07-11,一,黎明杀机 | 单车/DC联机 | JOJO12,2,已有条目·缺内容,2016-07-11-live-01,节目单另记「单车/DC联机」，条目未收；只有节目单一处，未改条目,,2016-07-11-live-01
2016-07-12,二,MC直播服 | JOJO13,0,已有条目·内容一致,2016-07-12-live-01,节目单内容与条目一致（或只多聊天、砒霜、邮件等非游戏段落）,,2016-07-12-live-01
2016-07-21,四,双子传说 | JOJO14,0,已有条目·内容一致,2016-07-21-live-01,节目单内容与条目一致（或只多聊天、砒霜、邮件等非游戏段落）,,2016-07-21-live-01
2016-07-22,五,传送门骑士Portal Knights | JOJO15,0,已有条目·内容一致,2016-07-22-live-01,节目单内容与条目一致（或只多聊天、砒霜、邮件等非游戏段落）,,2016-07-22-live-01
2016-07-23,六,星界边境Starbound | JOJO16,0,已有条目·内容一致,2016-07-23-live-01,节目单内容与条目一致（或只多聊天、砒霜、邮件等非游戏段落）,,2016-07-23-live-01
2016-07-24,日,心灵砒霜 | JOJO17,0,已有条目·内容一致,2016-07-24-live-01,节目单内容与条目一致（或只多聊天、砒霜、邮件等非游戏段落）,,2016-07-24-live-01
2016-07-25,一,星界边境Starbound,0,已有条目·内容一致,2016-07-25-live-01,节目单内容与条目一致（或只多聊天、砒霜、邮件等非游戏段落）,,2016-07-25-live-01
2016-07-26,二,星界边境Starbound,0,已有条目·内容一致,2016-07-26-live-01 | 2016-07-26-live-02,节目单内容与条目一致（或只多聊天、砒霜、邮件等非游戏段落）,,2016-07-26-live-01 | 2016-07-26-live-02
2016-07-27,三,上海户外,1,独立证实·新建直播日,2016-07-27-live-01,存档直播间页缩略图 2016-07-27 14:08 + 女流录像小屋当天 18:04 投的《7.27-上海》片段（4 分钟）,新建 2016-07-27-live-01（high，片段来源）,2016-07-27-live-01
2016-07-28,四,香港索尼发布会,0,已有条目·内容一致,2016-07-28-live-01,节目单内容与条目一致（或只多聊天、砒霜、邮件等非游戏段落）,,2016-07-28-live-01
2016-07-29,五,香港ACG,0,已有条目·内容一致,2016-07-29-live-01,节目单内容与条目一致（或只多聊天、砒霜、邮件等非游戏段落）,,2016-07-29-live-01
2016-08-04,四,逆袭之星光闪耀、Replica | JOJO18,0,已有条目·内容一致,2016-08-04-live-01 | 2016-08-04-live-02,节目单内容与条目一致（或只多聊天、砒霜、邮件等非游戏段落）,,2016-08-04-live-01 | 2016-08-04-live-02
2016-08-05,五,星界边境Starbound,0,已有条目·内容一致,2016-08-05-live-01,节目单内容与条目一致（或只多聊天、砒霜、邮件等非游戏段落）,,2016-08-05-live-01
2016-08-07,日,心灵砒霜 | JOJO19,0,已有条目·内容一致,2016-08-07-live-01,节目单内容与条目一致（或只多聊天、砒霜、邮件等非游戏段落）,,2016-08-07-live-01
2016-08-08,一,DOTA2,0,已有条目·内容一致,2016-08-08-live-01,节目单内容与条目一致（或只多聊天、砒霜、邮件等非游戏段落）,,2016-08-08-live-01
2016-08-09,二,无人深空 No Man's Sky,0,已有条目·内容一致,2016-08-09-live-02,节目单内容与条目一致（或只多聊天、砒霜、邮件等非游戏段落）,,2016-08-09-live-02
2016-08-10,三,逆转裁判6,0,已有条目·内容一致,2016-08-10-live-01,节目单内容与条目一致（或只多聊天、砒霜、邮件等非游戏段落）,,2016-08-10-live-01
2016-08-12,五,逆转裁判6,0,已有条目·内容一致,2016-08-12-live-01,节目单内容与条目一致（或只多聊天、砒霜、邮件等非游戏段落）,,2016-08-12-live-01
2016-08-16,二,逆转裁判6 | JOJO20,0,已有条目·内容一致,2016-08-16-live-01,节目单内容与条目一致（或只多聊天、砒霜、邮件等非游戏段落）,,2016-08-16-live-01
2016-08-17,三,星界边境Starbound | 死难塔Tricky Towers | 守望先锋OW,0,已有条目·内容一致,2016-08-17-live-03,节目单内容与条目一致（或只多聊天、砒霜、邮件等非游戏段落）,,2016-08-17-live-03
2016-08-19,五,挖石油Turmoil,0,已有条目·内容一致,2016-08-19-live-01,节目单内容与条目一致（或只多聊天、砒霜、邮件等非游戏段落）,,2016-08-19-live-01
2016-08-22,一,心灵砒霜 | JOJO21 | 魂斗罗,0,已有条目·内容一致,2016-08-22-live-01,节目单内容与条目一致（或只多聊天、砒霜、邮件等非游戏段落）,,2016-08-22-live-01
2016-08-23,二,魂斗罗 | 雪人兄弟,0,已有条目·内容一致,2016-08-23-live-01,节目单内容与条目一致（或只多聊天、砒霜、邮件等非游戏段落）,,2016-08-23-live-01
2016-08-24,三,百战天虫,0,已有条目·内容一致,2016-08-24-live-01,节目单内容与条目一致（或只多聊天、砒霜、邮件等非游戏段落）,,2016-08-24-live-01
2016-08-25,四,百战天虫,0,已有条目·内容一致,2016-08-25-live-01,节目单内容与条目一致（或只多聊天、砒霜、邮件等非游戏段落）,,2016-08-25-live-01
2016-08-26,五,逆转裁判6,0,已有条目·内容一致,2016-08-26-live-01,节目单内容与条目一致（或只多聊天、砒霜、邮件等非游戏段落）,,2016-08-26-live-01
2016-08-28,日,心灵砒霜 | JOJO22,0,已有条目·内容一致,2016-08-28-live-01,节目单内容与条目一致（或只多聊天、砒霜、邮件等非游戏段落）,,2016-08-28-live-01
2016-08-29,一,逆转裁判6,0,已有条目·内容一致,2016-08-29-live-01,节目单内容与条目一致（或只多聊天、砒霜、邮件等非游戏段落）,,2016-08-29-live-01
2016-08-30,二,沙罗曼蛇 | 逆转裁判6,2,已有条目·缺内容,2016-08-30-live-01,节目单另记「沙罗曼蛇」，条目未收；只有节目单一处，未改条目,,2016-08-30-live-01
2016-09-07,三,聊天,0,已有条目·内容一致,2016-09-07-live-01,节目单内容与条目一致（或只多聊天、砒霜、邮件等非游戏段落）,,2016-09-07-live-01
2016-09-11,日,心灵砒霜 | JOJO23,0,已有条目·内容一致,2016-09-11-live-01,节目单内容与条目一致（或只多聊天、砒霜、邮件等非游戏段落）,,2016-09-11-live-01
2016-09-12,一,逆袭之星光闪耀 | 逆转裁判6 | JOJO24,0,已有条目·内容一致,2016-09-12-live-01 | 2016-09-12-live-02,节目单内容与条目一致（或只多聊天、砒霜、邮件等非游戏段落）,,2016-09-12-live-01 | 2016-09-12-live-02
2016-09-13,二,逆转裁判6,0,已有条目·内容一致,2016-09-13-live-01,节目单内容与条目一致（或只多聊天、砒霜、邮件等非游戏段落）,,2016-09-13-live-01
2016-09-14,三,逆转裁判6 | 飞翔的魔女01,2,已有条目·缺内容,2016-09-14-live-01,节目单另记「飞翔的魔女01」，条目未收；只有节目单一处，未改条目,,2016-09-14-live-01
2016-09-15,四,MC建筑大赛 | 境界之轮回01,2,已有条目·缺内容,2016-09-15-live-01,节目单另记「境界之轮回01」，条目未收；只有节目单一处，未改条目,,2016-09-15-live-01
2016-09-16,五,逆转裁判6 | 我的英雄学院01 | 加油向未来,2,已有条目·缺内容,2016-09-16-live-01 | 2016-09-16-live-02,节目单另记「我的英雄学院01」，条目未收；只有节目单一处，未改条目,,2016-09-16-live-01 | 2016-09-16-live-02
2016-09-18,日,心灵砒霜,0,已有条目·内容一致,2016-09-18-live-01,节目单内容与条目一致（或只多聊天、砒霜、邮件等非游戏段落）,,2016-09-18-live-01
2016-09-19,一,百战天虫 | JOJO25,0,已有条目·内容一致,2016-09-19-live-01,节目单内容与条目一致（或只多聊天、砒霜、邮件等非游戏段落）,,2016-09-19-live-01
2016-09-21,三,逆转裁判6,0,已有条目·内容一致,2016-09-21-live-01,节目单内容与条目一致（或只多聊天、砒霜、邮件等非游戏段落）,,2016-09-21-live-01
2016-09-22,四,联通户外 | 逆转裁判6大结局,0,已有条目·内容一致,2016-09-22-live-01,节目单内容与条目一致（或只多聊天、砒霜、邮件等非游戏段落）,,2016-09-22-live-01
2016-09-23,五,地平线草原行,2,已有条目·缺内容,2016-09-23-live-01,节目单另记「地平线草原行」，条目未收；只有节目单一处，未改条目,,2016-09-23-live-01
2016-09-24,六,影之刃2宣传照,2,已有条目·缺内容,2016-09-24-live-01,节目单另记「影之刃2宣传照」，条目未收；只有节目单一处，未改条目,,2016-09-24-live-01
2016-09-25,日,对或错 | 心灵砒霜 | JOJO26,2,已有条目·缺内容,2016-09-25-live-01,节目单另记「对或错」，条目未收；只有节目单一处，未改条目,,2016-09-25-live-01
2016-09-26,一,对或错 | 潮与虎01,0,已有条目·内容一致,2016-09-26-live-01,节目单内容与条目一致（或只多聊天、砒霜、邮件等非游戏段落）,,2016-09-26-live-01
2016-09-27,二,急事下播,2,已有条目·缺内容,2016-09-27-live-01,节目单另记「急事下播」，条目未收；只有节目单一处，未改条目,,2016-09-27-live-01
2016-09-28,三,广州行,2,已有条目·缺内容,2016-09-28-live-01,节目单另记「广州行」，条目未收；只有节目单一处，未改条目,,2016-09-28-live-01
2016-10-03,一,生日聊天看视频 | 对或错 | JOJO27 | 东北玩泥巴,2,已有条目·缺内容,2016-10-03-live-01,节目单与葵kiss 同期贴吧记录都记这款游戏，条目原先没登记,补登 true-or-false-game,2016-10-03-live-01
2016-10-04,二,壮壮代播klocki | 姐弟玩overcooked煮糊了 | 潮与虎02,2,已有条目·缺内容,2016-10-04-live-01,节目单另记「壮壮代播klocki」，条目未收；只有节目单一处，未改条目,,2016-10-04-live-01
2016-10-05,三,猫狗大战 | 姐弟玩overcooked煮糊了 | 境界之轮回02,2,已有条目·缺内容,2016-10-05-live-01,节目单另记「猫狗大战、境界之轮回02」，条目未收；只有节目单一处，未改条目,,2016-10-05-live-01
2016-10-06,四,给弟弟化妆 | 姐弟overcooked煮糊了大结局 | 我的英雄学院02,2,已有条目·缺内容,2016-10-06-live-01,节目单另记「给弟弟化妆、我的英雄学院02」，条目未收；只有节目单一处，未改条目,,2016-10-06-live-01
2016-10-07,五,维尼噗01 | 姐弟战斗方块剧场 | 我的英雄学院03,2,已有条目·缺内容,2016-10-07-live-01,节目单另记「维尼噗01、我的英雄学院03」，条目未收；只有节目单一处，未改条目,,2016-10-07-live-01
2016-10-09,日,心灵砒霜 | 新家 | JOJO28,2,已有条目·缺内容,2016-10-09-live-01,节目单另记「新家」，条目未收；只有节目单一处，未改条目,,2016-10-09-live-01
2016-10-10,一,吐槽联通 | Lisa:The painful | 潮与虎03,2,已有条目·缺内容,2016-10-10-live-01,节目单另记「吐槽联通」，条目未收；只有节目单一处，未改条目,,2016-10-10-live-01
2016-10-11,二,聊搬家 | Lisa:The painful,2,已有条目·缺内容,2016-10-11-live-01,节目单另记「聊搬家」，条目未收；只有节目单一处，未改条目,,2016-10-11-live-01
2016-10-12,三,Lisa:The painful,4,仅节目单（候选）,,节目单：Lisa:The painful。无快照、无同期帖、无录像，不建条目（Lisa（10-10、10-11 一手在玩））,,
2016-10-13,四,索尼VR发布会,0,已有条目·内容一致,2016-10-13-live-01,节目单内容与条目一致（或只多聊天、砒霜、邮件等非游戏段落）,,2016-10-13-live-01
2016-10-14,五,仙剑奇侠传3D回合 | Lisa:The painful,2,已有条目·缺内容,2016-10-14-live-01,节目单另记「Lisa:The painful」，条目未收；只有节目单一处，未改条目,,2016-10-14-live-01
2016-10-16,日,姐弟心灵砒霜 | JOJO29,0,已有条目·内容一致,2016-10-16-live-01,节目单内容与条目一致（或只多聊天、砒霜、邮件等非游戏段落）,,2016-10-16-live-01
2016-10-17,一,Lisa:The painful,4,仅节目单（候选）,,节目单：Lisa:The painful。无快照、无同期帖、无录像，不建条目（Lisa）,,
2016-10-20,四,划水半小时 | 直播染头发,2,已有条目·缺内容,2016-10-20-live-01 | 2016-10-20-video-01,节目单另记「划水半小时」，条目未收；只有节目单一处，未改条目,,2016-10-20-live-01 | 2016-10-20-video-01
2016-10-21,五,生锈小湖Rusty Lake新章roots,0,已有条目·内容一致,2016-10-21-live-01,节目单内容与条目一致（或只多聊天、砒霜、邮件等非游戏段落）,,2016-10-21-live-01
2016-10-23,日,心灵砒霜 | JOJO30,0,已有条目·内容一致,2016-10-23-live-01,节目单内容与条目一致（或只多聊天、砒霜、邮件等非游戏段落）,,2016-10-23-live-01
2016-10-24,一,橙光游戏-后宫三千人,0,已有条目·内容一致,2016-10-24-live-01,节目单内容与条目一致（或只多聊天、砒霜、邮件等非游戏段落）,,2016-10-24-live-01
2016-10-25,二,微博V影响力峰会,0,已有条目·内容一致,2016-10-25-live-01,节目单内容与条目一致（或只多聊天、砒霜、邮件等非游戏段落）,,2016-10-25-live-01
2016-10-26,三,VR体验,0,已有条目·内容一致,2016-10-26-live-01,节目单内容与条目一致（或只多聊天、砒霜、邮件等非游戏段落）,,2016-10-26-live-01
2016-10-27,四,橙光游戏-后宫三千人,0,已有条目·内容一致,2016-10-27-live-01,节目单内容与条目一致（或只多聊天、砒霜、邮件等非游戏段落）,,2016-10-27-live-01
2016-10-28,五,百战天虫配音 | 橙光游戏-后宫三千人,2,已有条目·缺内容,2016-10-28-live-01,节目单另记「百战天虫配音」，条目未收；只有节目单一处，未改条目,,2016-10-28-live-01
2016-10-30,日,姐弟心灵砒霜 | JOJO31,0,已有条目·内容一致,2016-10-30-live-01,节目单内容与条目一致（或只多聊天、砒霜、邮件等非游戏段落）,,2016-10-30-live-01
2016-11-06,日,心灵砒霜 | JOJO32,0,已有条目·内容一致,2016-11-06-live-01,节目单内容与条目一致（或只多聊天、砒霜、邮件等非游戏段落）,,2016-11-06-live-01
2016-11-07,一,手动的塞缪尔Manual Samuel | 几何冲刺11关 | 潮与虎04,2,已有条目·缺内容,2016-11-07-live-01,节目单另记「手动的塞缪尔Manual Samuel」，条目未收；只有节目单一处，未改条目,,2016-11-07-live-01
2016-11-08,二,我的电台Inside my radio | 姐弟连线雪人兄弟,2,已有条目·缺内容,2016-11-08-live-01,节目单另记「姐弟连线雪人兄弟」，条目未收；只有节目单一处，未改条目,,2016-11-08-live-01
2016-11-09,三,姐弟松鼠大战1/2,0,已有条目·内容一致,2016-11-09-live-01,节目单内容与条目一致（或只多聊天、砒霜、邮件等非游戏段落）,,2016-11-09-live-01
2016-11-11,五,姐弟战斗方块剧场,0,已有条目·内容一致,2016-11-11-live-01,节目单内容与条目一致（或只多聊天、砒霜、邮件等非游戏段落）,,2016-11-11-live-01
2016-11-12,六,第二届贴吧歌会,2,已有条目·缺内容,2016-11-12-live-01,节目单另记「第二届贴吧歌会」，条目未收；只有节目单一处，未改条目,,2016-11-12-live-01
2016-11-13,日,心灵砒霜,0,已有条目·内容一致,2016-11-13-live-01,节目单内容与条目一致（或只多聊天、砒霜、邮件等非游戏段落）,,2016-11-13-live-01
2016-11-14,一,英语教学 | JOJO33,2,已有条目·缺内容,2016-11-14-live-01,节目单另记「英语教学」，条目未收；只有节目单一处，未改条目,,2016-11-14-live-01
2016-11-15,二,看视频，聊天 | 姐弟连线百战天虫,0,已有条目·内容一致,2016-11-15-live-01,节目单内容与条目一致（或只多聊天、砒霜、邮件等非游戏段落）,,2016-11-15-live-01
2016-11-16,三,聊天 | 大厦管理者Project Highrise | 潮与虎05,0,已有条目·内容一致,2016-11-16-live-01,节目单内容与条目一致（或只多聊天、砒霜、邮件等非游戏段落）,,2016-11-16-live-01
2016-11-17,四,婚姻讨论 | 节奏天国,2,已有条目·缺内容,2016-11-17-live-01,节目单另记「婚姻讨论」，条目未收；只有节目单一处，未改条目,,2016-11-17-live-01
2016-11-18,五,看视频，咱爸被封 | 这是警察This Is the Police,0,已有条目·内容一致,2016-11-18-live-01,节目单内容与条目一致（或只多聊天、砒霜、邮件等非游戏段落）,,2016-11-18-live-01
2016-11-19,六,修电脑 | forza地平线3,2,已有条目·缺内容,2016-11-19-live-01,节目单另记「修电脑」，条目未收；只有节目单一处，未改条目,,2016-11-19-live-01
2016-11-20,日,心灵砒霜 | JOJO34,0,已有条目·内容一致,2016-11-20-live-01,节目单内容与条目一致（或只多聊天、砒霜、邮件等非游戏段落）,,2016-11-20-live-01
2016-11-21,一,黑魂3DLC,0,已有条目·内容一致,2016-11-21-live-01,节目单内容与条目一致（或只多聊天、砒霜、邮件等非游戏段落）,,2016-11-21-live-01
2016-11-22,二,黑魂3DLC | 影之刃2音乐会,2,已有条目·缺内容,2016-11-22-live-01,节目单另记「影之刃2音乐会」，条目未收；只有节目单一处，未改条目,,2016-11-22-live-01
2016-11-23,三,黑魂3DLC | 集换英雄HEX,2,已有条目·缺内容,2016-11-23-live-01,节目单另记「集换英雄HEX」，条目未收；只有节目单一处，未改条目,,2016-11-23-live-01
2016-11-24,四,黑魂3DLC决战小姐姐,0,已有条目·内容一致,2016-11-24-live-01,节目单内容与条目一致（或只多聊天、砒霜、邮件等非游戏段落）,,2016-11-24-live-01
2016-11-25,五,黑魂3DLC,0,已有条目·内容一致,2016-11-25-live-01,节目单内容与条目一致（或只多聊天、砒霜、邮件等非游戏段落）,,2016-11-25-live-01
2016-11-26,六,姐弟战斗方块剧场 | 小姐姐降临,2,已有条目·缺内容,2016-11-26-live-01 | 2016-11-26-live-02,节目单另记「小姐姐降临」，条目未收；只有节目单一处，未改条目,,2016-11-26-live-01 | 2016-11-26-live-02
2016-11-27,日,姐弟心灵砒霜 | JOJO35,0,已有条目·内容一致,2016-11-27-live-01,节目单内容与条目一致（或只多聊天、砒霜、邮件等非游戏段落）,,2016-11-27-live-01
2016-11-29,二,京都游,0,已有条目·内容一致,2016-11-29-live-01,节目单内容与条目一致（或只多聊天、砒霜、邮件等非游戏段落）,,2016-11-29-live-01
2016-11-30,三,京都游,6,非直播／活动／休息,,节目单：京都游,,
2016-12-03,六,王府井活动,0,已有条目·内容一致,2016-12-03-live-01,节目单内容与条目一致（或只多聊天、砒霜、邮件等非游戏段落）,,2016-12-03-live-01
2016-12-04,日,心灵砒霜 | JOJO36,0,已有条目·内容一致,2016-12-04-live-01,节目单内容与条目一致（或只多聊天、砒霜、邮件等非游戏段落）,,2016-12-04-live-01
2016-12-05,一,最终幻想15,0,已有条目·内容一致,2016-12-05-live-01,节目单内容与条目一致（或只多聊天、砒霜、邮件等非游戏段落）,,2016-12-05-live-01
2016-12-07,三,最后的守护者,0,已有条目·内容一致,2016-12-07-live-01 | 2016-12-07-live-02,节目单内容与条目一致（或只多聊天、砒霜、邮件等非游戏段落）,,2016-12-07-live-01 | 2016-12-07-live-02
2016-12-08,四,最后的守护者,0,已有条目·内容一致,2016-12-08-live-01,节目单内容与条目一致（或只多聊天、砒霜、邮件等非游戏段落）,,2016-12-08-live-01
2016-12-09,五,最后的守护者,0,已有条目·内容一致,2016-12-09-live-01,节目单内容与条目一致（或只多聊天、砒霜、邮件等非游戏段落）,,2016-12-09-live-01
2016-12-10,六,背古诗词 | 姐弟玩overcooked煮糊了 | 小姐姐指导健身,2,已有条目·缺内容,2016-12-10-live-01 | 2016-12-10-live-02,节目单另记「背古诗词」，条目未收；只有节目单一处，未改条目,,2016-12-10-live-01 | 2016-12-10-live-02
2016-12-11,日,ZZ故事 | 姐弟心灵砒霜 | JOJO37,2,已有条目·缺内容,2016-12-11-live-01,节目单另记「ZZ故事」，条目未收；只有节目单一处，未改条目,,2016-12-11-live-01
2016-12-12,一,直播吃饭 | 大舅开箱 | 零号事件Event[0],0,已有条目·内容一致,2016-12-12-live-02,节目单内容与条目一致（或只多聊天、砒霜、邮件等非游戏段落）,,2016-12-12-live-02
2016-12-14,三,猴山一日游 | 打遍猴山无敌手,2,已有条目·缺内容,2016-12-14-live-01,节目单另记「猴山一日游、打遍猴山无敌手」，条目未收；只有节目单一处，未改条目,,2016-12-14-live-01
2016-12-15,四,看视频 | 游戏Lisa：The Joyful,0,已有条目·内容一致,2016-12-15-live-01,节目单内容与条目一致（或只多聊天、砒霜、邮件等非游戏段落）,,2016-12-15-live-01
2016-12-16,五,微软新品体验会,2,已有条目·缺内容,2016-12-16-live-01,节目单另记「微软新品体验会」，条目未收；只有节目单一处，未改条目,,2016-12-16-live-01
2016-12-17,六,唱歌聊天 | 姐弟连线战斗方块剧场 | 小姐姐指导健身,0,已有条目·内容一致,2016-12-17-live-01 | 2016-12-17-live-02,节目单内容与条目一致（或只多聊天、砒霜、邮件等非游戏段落）,,2016-12-17-live-01 | 2016-12-17-live-02
2016-12-19,一,心灵砒霜 | JOJO38,0,已有条目·内容一致,2016-12-19-live-01,节目单内容与条目一致（或只多聊天、砒霜、邮件等非游戏段落）,,2016-12-19-live-01
2016-12-21,三,翻看旧视频，聊天 | 魔兽RPG 金字塔大逃亡 | 痛苦的聚会,2,已有条目·缺内容,2016-12-21-live-01,节目单另记「痛苦的聚会」，条目未收；只有节目单一处，未改条目,,2016-12-21-live-01
2016-12-23,五,聊天拆快递 | 猫头鹰男孩Owlboy,0,已有条目·内容一致,2016-12-23-live-01,节目单内容与条目一致（或只多聊天、砒霜、邮件等非游戏段落）,,2016-12-23-live-01
2016-12-24,六,我的世界圣诞建筑大赛,0,已有条目·内容一致,2016-12-24-live-01,节目单内容与条目一致（或只多聊天、砒霜、邮件等非游戏段落）,,2016-12-24-live-01
2016-12-25,日,心灵砒霜 | JOJO39,0,已有条目·内容一致,2016-12-25-live-01 | 2016-12-25-live-02,节目单内容与条目一致（或只多聊天、砒霜、邮件等非游戏段落）,,2016-12-25-live-01 | 2016-12-25-live-02
2016-12-27,二,猫头鹰男孩Owlboy,0,已有条目·内容一致,2016-12-27-live-01,节目单内容与条目一致（或只多聊天、砒霜、邮件等非游戏段落）,,2016-12-27-live-01
2016-12-28,三,猫头鹰男孩Owlboy | 小姐姐指导健身,0,已有条目·内容一致,2016-12-28-live-02,节目单内容与条目一致（或只多聊天、砒霜、邮件等非游戏段落）,,2016-12-28-live-02
2016-12-30,五,拆快递 | 猫头鹰男孩Owlboy | 聊天看视频,0,已有条目·内容一致,2016-12-30-live-01,节目单内容与条目一致（或只多聊天、砒霜、邮件等非游戏段落）,,2016-12-30-live-01
2016-12-31,六,聊天,0,已有条目·内容一致,2016-12-31-live-01,节目单内容与条目一致（或只多聊天、砒霜、邮件等非游戏段落）,,2016-12-31-live-01
2017-01-01,日,七号、DC、西卡、李主任、壮壮联机LOL | 银魂001,0,已有条目·内容一致,2017-01-01-live-01,节目单内容与条目一致（或只多聊天、砒霜、邮件等非游戏段落）,,2017-01-01-live-01
2017-01-02,一,心灵砒霜225 | 银魂002 | 邮件27,0,已有条目·内容一致,2017-01-02-live-01,节目单内容与条目一致（或只多聊天、砒霜、邮件等非游戏段落）,,2017-01-02-live-01
2017-01-03,二,橙光游戏：盛世天下之媚娘篇 | 银魂003,0,已有条目·内容一致,2017-01-03-live-01,节目单内容与条目一致（或只多聊天、砒霜、邮件等非游戏段落）,,2017-01-03-live-01
2017-01-04,三,橙光游戏：盛世天下之媚娘篇 | 银魂004,0,已有条目·内容一致,2017-01-04-live-01,节目单内容与条目一致（或只多聊天、砒霜、邮件等非游戏段落）,,2017-01-04-live-01
2017-01-05,四,休息,6,非直播／活动／休息,,节目单：休息,,
2017-01-06,五,请假,6,非直播／活动／休息,,节目单：请假,,
2017-01-07,六,七号、李主任、壮壮联机LOL,0,已有条目·内容一致,2017-01-07-live-01,节目单内容与条目一致（或只多聊天、砒霜、邮件等非游戏段落）,,2017-01-07-live-01
2017-01-08,日,到上海参加UCG2016年度大赏,6,非直播／活动／休息,,节目单：到上海参加UCG2016年度大赏,,
2017-01-09,一,休息,6,非直播／活动／休息,,节目单：休息,,
2017-01-10,二,做饭吃饭聊天98 | 黑魂3二周目 | 银魂005,0,已有条目·内容一致,2017-01-10-live-01 | 2017-01-10-live-02,节目单内容与条目一致（或只多聊天、砒霜、邮件等非游戏段落）,,2017-01-10-live-01 | 2017-01-10-live-02
2017-01-11,三,聊天 | 银魂006,0,已有条目·内容一致,2017-01-11-live-01,节目单内容与条目一致（或只多聊天、砒霜、邮件等非游戏段落）,,2017-01-11-live-01
2017-01-12,四,壮壮、七号LOL | 黑魂3二周目 | 银魂007,0,已有条目·内容一致,2017-01-12-live-01 | 2017-01-12-live-02,节目单内容与条目一致（或只多聊天、砒霜、邮件等非游戏段落）,,2017-01-12-live-01 | 2017-01-12-live-02
2017-01-13,五,A站年会,0,已有条目·内容一致,2017-01-13-live-01,节目单内容与条目一致（或只多聊天、砒霜、邮件等非游戏段落）,,2017-01-13-live-01
2017-01-14,六,返校 | 银魂008,0,已有条目·内容一致,2017-01-14-live-01,节目单内容与条目一致（或只多聊天、砒霜、邮件等非游戏段落）,,2017-01-14-live-01
2017-01-15,日,心灵砒霜223 | 银魂009 | 邮件33,0,已有条目·内容一致,2017-01-15-live-01,节目单内容与条目一致（或只多聊天、砒霜、邮件等非游戏段落）,,2017-01-15-live-01
2017-01-16,一,Move or Die,0,已有条目·内容一致,2017-01-16-live-01,节目单内容与条目一致（或只多聊天、砒霜、邮件等非游戏段落）,,2017-01-16-live-01
2017-01-17,二,战斗方块剧场 | 银魂010,0,已有条目·内容一致,2017-01-17-live-01,节目单内容与条目一致（或只多聊天、砒霜、邮件等非游戏段落）,,2017-01-17-live-01
2017-01-18,三,姐弟几何冲刺 | 王权Reigns | 银魂011 | Ethan Carter,2,已有条目·缺内容,2017-01-18-live-01,节目单另记「Ethan Carter」，条目未收；只有节目单一处，未改条目,,2017-01-18-live-01
2017-01-19,四,休息,6,非直播／活动／休息,,节目单：休息,,
2017-01-20,五,周年彩排——唱歌 | 银魂012 | 最长的电影 | 解脱 | 想太多,2,已有条目·缺内容,2017-01-20-live-01,节目单另记「最长的电影、解脱、想太多」，条目未收；只有节目单一处，未改条目,,2017-01-20-live-01
2017-01-21,六,两周年 | 壮壮LOL | 银魂013,0,已有条目·内容一致,2017-01-21-live-01,节目单内容与条目一致（或只多聊天、砒霜、邮件等非游戏段落）,,2017-01-21-live-01
2017-01-22,日,心灵砒霜177 | 24封 | 银魂014,0,已有条目·内容一致,2017-01-22-live-01,节目单内容与条目一致（或只多聊天、砒霜、邮件等非游戏段落）,,2017-01-22-live-01
2017-01-23,一,春节休假,6,非直播／活动／休息,,节目单：春节休假,,
2017-01-24,二,春节休假,6,非直播／活动／休息,,节目单：春节休假,,
2017-01-25,三,老家初次直播,2,已有条目·缺内容,2017-01-25-live-01,节目单另记「老家初次直播」，条目未收；只有节目单一处，未改条目,,2017-01-25-live-01
2017-01-26,四,深夜开播58分钟 | 维尼噗1/2 | 直播可乐鸡翅 | 羊肉丸子汤,2,已有条目·缺内容,2017-01-26-live-01,节目单另记「深夜开播58分钟、维尼噗1/2、羊肉丸子汤」，条目未收；只有节目单一处，未改条目,,2017-01-26-live-01
2017-01-27,五,年三十聊天,0,已有条目·内容一致,2017-01-27-live-01,节目单内容与条目一致（或只多聊天、砒霜、邮件等非游戏段落）,,2017-01-27-live-01
2017-01-28,六,初一走亲戚,6,非直播／活动／休息,,节目单：初一走亲戚,,
2017-01-29,日,家暴现场,2,已有条目·缺内容,2017-01-29-live-01,节目单另记「家暴现场」，条目未收；只有节目单一处，未改条目,,2017-01-29-live-01
2017-01-30,一,吃,6,非直播／活动／休息,,节目单：吃,,
2017-01-31,二,饭,6,非直播／活动／休息,,节目单：饭,,
2017-02-01,三,睡,6,非直播／活动／休息,,节目单：睡,,
2017-02-02,四,觉,6,非直播／活动／休息,,节目单：觉,,
2017-02-03,五,打豆豆,6,非直播／活动／休息,,节目单：打豆豆,,
2017-02-04,六,聊天,0,已有条目·内容一致,2017-02-04-live-01,节目单内容与条目一致（或只多聊天、砒霜、邮件等非游戏段落）,,2017-02-04-live-01
2017-02-05,日,游宁城大明塔,0,已有条目·内容一致,2017-02-05-live-01,节目单内容与条目一致（或只多聊天、砒霜、邮件等非游戏段落）,,2017-02-05-live-01
2017-02-06,一,科目二 | 二重奏Duet,2,已有条目·缺内容,2017-02-06-live-01,节目单另记「科目二、二重奏Duet」，条目未收；只有节目单一处，未改条目,,2017-02-06-live-01
2017-02-07,二,,6,非直播／活动／休息,,节目单：空白,,
2017-02-08,三,黑魂PVP | 小猫钓鱼 Cat Goes Fishing | 银魂015,0,已有条目·内容一致,2017-02-08-live-01 | 2017-02-08-live-02,节目单内容与条目一致（或只多聊天、砒霜、邮件等非游戏段落）,,2017-02-08-live-01 | 2017-02-08-live-02
2017-02-09,四,小猫钓鱼 Cat Goes Fishing | 心灵砒霜 | 邮件25,0,已有条目·内容一致,2017-02-09-live-01 | 2017-02-09-live-02,节目单内容与条目一致（或只多聊天、砒霜、邮件等非游戏段落）,,2017-02-09-live-01 | 2017-02-09-live-02
2017-02-10,五,小猫钓鱼 Cat Goes Fishing,0,已有条目·内容一致,2017-02-10-live-01,节目单内容与条目一致（或只多聊天、砒霜、邮件等非游戏段落）,,2017-02-10-live-01
2017-02-11,六,小猫钓鱼 Cat Goes Fishing,0,已有条目·内容一致,2017-02-11-live-01,节目单内容与条目一致（或只多聊天、砒霜、邮件等非游戏段落）,,2017-02-11-live-01
2017-02-12,日,,6,非直播／活动／休息,,节目单：空白,,
2017-02-13,一,练车81 | 逛街38,2,已有条目·缺内容,2017-02-13-live-01,节目单另记「练车81」，条目未收；只有节目单一处，未改条目,,2017-02-13-live-01
2017-02-14,二,练车53+122 | 练车170,2,已有条目·缺内容,2017-02-14-live-01,节目单另记「练车53+122、练车170」，条目未收；只有节目单一处，未改条目,,2017-02-14-live-01
2017-02-15,三,科目二87 | 波折42,4,仅节目单（候选）,,节目单：科目二87 | 波折42。无快照、无同期帖、无录像，不建条目（科目二、波折（带时长数字，像户外直播））,,
2017-02-16,四,几何冲刺382,0,已有条目·内容一致,2017-02-16-live-01,节目单内容与条目一致（或只多聊天、砒霜、邮件等非游戏段落）,,2017-02-16-live-01
2017-02-17,五,凌晨KALIMBA试玩、玩两把几何冲刺58 | 几何冲刺11通关,2,已有条目·缺内容,2017-02-17-live-01,节目单与葵kiss 同期贴吧记录都记这款游戏，条目原先没登记,补登 kalimba,2017-02-17-live-01
2017-02-18,六,Kalimba | 伊森卡特的消失 The Vanishing of Ethan Carter | 银魂016,0,已有条目·内容一致,2017-02-18-live-01,节目单内容与条目一致（或只多聊天、砒霜、邮件等非游戏段落）,,2017-02-18-live-01
2017-02-19,日,请假,6,非直播／活动／休息,,节目单：请假,,
2017-02-20,一,不要停！八分音符酱 | 心灵砒霜252 | 41封 | 银魂017,2,已有条目·缺内容,2017-02-20-live-01,节目单另记「不要停！八分音符酱」，条目未收；只有节目单一处，未改条目,,2017-02-20-live-01
2017-02-21,二,逛A站67+98赶飞机,0,已有条目·内容一致,2017-02-21-live-01,节目单内容与条目一致（或只多聊天、砒霜、邮件等非游戏段落）,,2017-02-21-live-01
2017-02-22,三,采访法鲨52 | 聊天57,0,已有条目·内容一致,2017-02-22-live-01,节目单内容与条目一致（或只多聊天、砒霜、邮件等非游戏段落）,,2017-02-22-live-01
2017-02-23,四,直播剪发,0,已有条目·内容一致,2017-02-23-live-01,节目单内容与条目一致（或只多聊天、砒霜、邮件等非游戏段落）,,2017-02-23-live-01
2017-02-24,五,收拾行李准备去朝鲜,6,非直播／活动／休息,,节目单：收拾行李准备去朝鲜,,
2017-02-25,六,朝鲜,6,非直播／活动／休息,,节目单：朝鲜,,
2017-02-26,日,朝鲜,6,非直播／活动／休息,,节目单：朝鲜,,
2017-02-27,一,朝鲜,6,非直播／活动／休息,,节目单：朝鲜,,
2017-02-28,二,朝鲜见闻录,4,仅节目单（候选）,,节目单：朝鲜见闻录。无快照、无同期帖、无录像，不建条目（朝鲜见闻录）,,
2017-03-01,三,朝鲜照片展 | 伊森卡特的消失 The Vanishing of Ethan Carter,2,已有条目·缺内容,2017-03-01-live-01,节目单另记「朝鲜照片展」，条目未收；只有节目单一处，未改条目,,2017-03-01-live-01
2017-03-02,四,休息,6,非直播／活动／休息,,节目单：休息,,
2017-03-03,五,隐藏的人 Hidden Folks | 银魂018,0,已有条目·内容一致,2017-03-03-live-01,节目单内容与条目一致（或只多聊天、砒霜、邮件等非游戏段落）,,2017-03-03-live-01
2017-03-04,六,姐弟热血物语：地下世界 River City Ransom: Underground | 银魂019,0,已有条目·内容一致,2017-03-04-live-01,节目单内容与条目一致（或只多聊天、砒霜、邮件等非游戏段落）,,2017-03-04-live-01
2017-03-05,日,心灵砒霜181 | 银魂020 | 邮件26,0,已有条目·内容一致,2017-03-05-live-01,节目单内容与条目一致（或只多聊天、砒霜、邮件等非游戏段落）,,2017-03-05-live-01
2017-03-06,一,起小点采访,6,非直播／活动／休息,,节目单：起小点采访,,
2017-03-07,二,塞尔达传说：荒野之息 | 直播做饭,0,已有条目·内容一致,2017-03-07-live-01,节目单内容与条目一致（或只多聊天、砒霜、邮件等非游戏段落）,,2017-03-07-live-01
2017-03-08,三,LA,6,非直播／活动／休息,,节目单：LA,,
2017-03-09,四,LA,6,非直播／活动／休息,,节目单：LA,,
2017-03-10,五,LA,6,非直播／活动／休息,,节目单：LA,,
2017-03-11,六,LA,6,非直播／活动／休息,,节目单：LA,,
2017-03-12,日,LA,6,非直播／活动／休息,,节目单：LA,,
2017-03-13,一,塞尔达传说：荒野之息 | 晚上开播,2,已有条目·缺内容,2017-03-13-live-01,节目单另记「晚上开播」，条目未收；只有节目单一处，未改条目,,2017-03-13-live-01
2017-03-14,二,塞尔达传说：荒野之息299 | 晚上也播135,2,已有条目·缺内容,2017-03-14-live-01,节目单另记「晚上也播135」，条目未收；只有节目单一处，未改条目,,2017-03-14-live-01
2017-03-15,三,塞尔达传说：荒野之息364 | 晚上聊天119,0,已有条目·内容一致,2017-03-15-live-01 | 2017-03-15-live-02,节目单内容与条目一致（或只多聊天、砒霜、邮件等非游戏段落）,,2017-03-15-live-01 | 2017-03-15-live-02
2017-03-16,四,和七号、壮壮联机LOL | 塞尔达传说：荒野之息,2,已有条目·缺内容,2017-03-16-live-01,节目单与葵kiss 同期贴吧记录都记这款游戏，条目原先没登记,补登 zelda-botw,2017-03-16-live-01
2017-03-17,五,塞尔达传说：荒野之息,0,已有条目·内容一致,2017-03-17-live-01,节目单内容与条目一致（或只多聊天、砒霜、邮件等非游戏段落）,,2017-03-17-live-01
2017-03-18,六,塞尔达传说：荒野之息 | 人马克星壮壮,2,已有条目·缺内容,2017-03-18-live-01,节目单另记「人马克星壮壮」，条目未收；只有节目单一处，未改条目,,2017-03-18-live-01
2017-03-19,日,姐弟玩NS游戏 1-2SWITCH,0,已有条目·内容一致,2017-03-19-live-01,节目单内容与条目一致（或只多聊天、砒霜、邮件等非游戏段落）,,2017-03-19-live-01
2017-03-20,一,索尼两周年上海站,0,已有条目·内容一致,2017-03-20-live-01,节目单内容与条目一致（或只多聊天、砒霜、邮件等非游戏段落）,,2017-03-20-live-01
2017-03-21,二,颜值区聊天,4,仅节目单（候选）,,节目单：颜值区聊天。无快照、无同期帖、无录像，不建条目（颜值区聊天）,,
2017-03-22,三,心灵砒霜154 | 13封 | 索尼两周年北京站 | 126.0,0,已有条目·内容一致,2017-03-22-live-01,节目单内容与条目一致（或只多聊天、砒霜、邮件等非游戏段落）,,2017-03-22-live-01
2017-03-23,四,,6,非直播／活动／休息,,节目单：空白,,
2017-03-24,五,生锈小湖新章Cave | 塞尔达传说：荒野之息,2,已有条目·缺内容,2017-03-24-live-01,节目单与葵kiss 同期贴吧记录都记这款游戏，条目原先没登记,补登 zelda-botw,2017-03-24-live-01
2017-03-25,六,健身78 | 塞尔达传说：荒野之息 | 257.0,0,已有条目·内容一致,2017-03-25-live-01,节目单内容与条目一致（或只多聊天、砒霜、邮件等非游戏段落）,,2017-03-25-live-01
2017-03-26,日,心灵砒霜185 | 15封 | 银魂021,0,已有条目·内容一致,2017-03-26-live-01,节目单内容与条目一致（或只多聊天、砒霜、邮件等非游戏段落）,,2017-03-26-live-01
2017-03-27,一,,6,非直播／活动／休息,,节目单：空白,,
2017-03-28,二,,6,非直播／活动／休息,,节目单：空白,,
2017-03-29,三,黑魂3DLC,0,已有条目·内容一致,2017-03-29-live-01,节目单内容与条目一致（或只多聊天、砒霜、邮件等非游戏段落）,,2017-03-29-live-01
2017-03-30,四,黑魂3DLC,0,已有条目·内容一致,2017-03-30-live-01,节目单内容与条目一致（或只多聊天、砒霜、邮件等非游戏段落）,,2017-03-30-live-01
2017-03-31,五,,6,非直播／活动／休息,,节目单：空白,,
2017-04-01,六,剪剪世界Snipperclip | 姐弟玩NS游戏 1-2SWITCH,2,已有条目·缺内容,2017-04-01-live-01,节目单另记「姐弟玩NS游戏 1-2SWITCH」，条目未收；只有节目单一处，未改条目,,2017-04-01-live-01
2017-04-02,日,噗呦噗呦 Tetris | 姐弟玩NS游戏 1-2SWITCH | 塞尔达传说：荒野之息,0,已有条目·内容一致,2017-04-02-live-01 | 2017-04-02-live-02 | 2017-04-02-live-03,节目单内容与条目一致（或只多聊天、砒霜、邮件等非游戏段落）,,2017-04-02-live-01 | 2017-04-02-live-02 | 2017-04-02-live-03
2017-04-03,一,塞尔达传说：荒野之息 | 渣哥教学打人马,2,已有条目·缺内容,2017-04-03-live-01,节目单另记「渣哥教学打人马」，条目未收；只有节目单一处，未改条目,,2017-04-03-live-01
2017-04-04,二,姐弟玩NS游戏 1-2SWITCH | 超级炸弹人R Super Bomberman R | 塞尔达传说：荒野之息 | 渣哥教学打人马,2,已有条目·缺内容,2017-04-04-live-01,节目单另记「渣哥教学打人马」，条目未收；只有节目单一处，未改条目,,2017-04-04-live-01
2017-04-05,三,塞尔达传说：荒野之息,0,已有条目·内容一致,2017-04-05-live-01,节目单内容与条目一致（或只多聊天、砒霜、邮件等非游戏段落）,,2017-04-05-live-01
2017-04-06,四,心灵砒霜275 | 冒险岛2 | 28封,0,已有条目·内容一致,2017-04-06-live-01 | 2017-04-06-live-02,节目单内容与条目一致（或只多聊天、砒霜、邮件等非游戏段落）,,2017-04-06-live-01 | 2017-04-06-live-02
2017-04-07,五,,6,非直播／活动／休息,,节目单：空白,,
2017-04-08,六,,6,非直播／活动／休息,,节目单：空白,,
2017-04-09,日,,6,非直播／活动／休息,,节目单：空白,,
2017-04-10,一,塞尔达传说：荒野之息,0,已有条目·内容一致,2017-04-10-live-01,节目单内容与条目一致（或只多聊天、砒霜、邮件等非游戏段落）,,2017-04-10-live-01
2017-04-11,二,塞尔达传说：荒野之息,0,已有条目·内容一致,2017-04-11-live-01,节目单内容与条目一致（或只多聊天、砒霜、邮件等非游戏段落）,,2017-04-11-live-01
2017-04-12,三,血源,0,已有条目·内容一致,2017-04-12-live-01,节目单内容与条目一致（或只多聊天、砒霜、邮件等非游戏段落）,,2017-04-12-live-01
2017-04-13,四,,6,非直播／活动／休息,,节目单：空白,,
2017-04-14,五,盛世天下～女帝篇,0,已有条目·内容一致,2017-04-14-live-01,节目单内容与条目一致（或只多聊天、砒霜、邮件等非游戏段落）,,2017-04-14-live-01
2017-04-15,六,K歌 | 盛世天下～女帝篇 | 狼人杀,2,已有条目·缺内容,2017-04-15-live-01,节目单另记「K歌」，条目未收；只有节目单一处，未改条目,,2017-04-15-live-01
2017-04-16,日,唱歌、砒霜穿插唱歌 | 心灵砒霜180 | 邮件10 | 盛世天下～女帝篇,0,已有条目·内容一致,2017-04-16-live-01 | 2017-04-16-live-02,节目单内容与条目一致（或只多聊天、砒霜、邮件等非游戏段落）,,2017-04-16-live-01 | 2017-04-16-live-02
2017-04-17,一,TGP 星露谷物语,0,已有条目·内容一致,2017-04-17-live-01,节目单内容与条目一致（或只多聊天、砒霜、邮件等非游戏段落）,,2017-04-17-live-01
2017-04-18,二,噗哟噗哟俄罗斯方块PuyoPuyoTetris | 神奇男孩3：龙之陷阱Wonder Boy: The Dragon’s Trap,0,已有条目·内容一致,2017-04-18-live-01,节目单内容与条目一致（或只多聊天、砒霜、邮件等非游戏段落）,,2017-04-18-live-01
2017-04-19,三,姐弟玩NS游戏 1-2SWITCH | 神奇男孩3：龙之陷阱Wonder Boy: The Dragon’s Trap,2,已有条目·缺内容,2017-04-19-live-01,节目单另记「姐弟玩NS游戏 1-2SWITCH」，条目未收；只有节目单一处，未改条目,,2017-04-19-live-01
2017-04-20,四,,6,非直播／活动／休息,,节目单：空白,,
2017-04-21,五,神奇男孩3：龙之陷阱Wonder Boy: The Dragon’s Trap | 唱歌解脱,0,已有条目·内容一致,2017-04-21-live-01,节目单内容与条目一致（或只多聊天、砒霜、邮件等非游戏段落）,,2017-04-21-live-01
2017-04-22,六,,6,非直播／活动／休息,,节目单：空白,,
2017-04-23,日,心灵砒霜 | 15封 | 唱歌,0,已有条目·内容一致,2017-04-23-live-01,节目单内容与条目一致（或只多聊天、砒霜、邮件等非游戏段落）,,2017-04-23-live-01
2017-04-24,一,剪剪世界Snipperclip | 唱歌,0,已有条目·内容一致,2017-04-24-live-01,节目单内容与条目一致（或只多聊天、砒霜、邮件等非游戏段落）,,2017-04-24-live-01
2017-04-25,二,日,6,非直播／活动／休息,,节目单：日,,
2017-04-26,三,本,6,非直播／活动／休息,,节目单：本,,
2017-04-27,四,旅,6,非直播／活动／休息,,节目单：旅,,
2017-04-28,五,游,6,非直播／活动／休息,,节目单：游,,
2017-04-29,六,泡,6,非直播／活动／休息,,节目单：泡,,
2017-04-30,日,温,6,非直播／活动／休息,,节目单：温,,
2017-05-01,一,泉,6,非直播／活动／休息,,节目单：泉,,
2017-05-02,二,聊天吃饭玩威震天,0,已有条目·内容一致,2017-05-02-live-01,节目单内容与条目一致（或只多聊天、砒霜、邮件等非游戏段落）,,2017-05-02-live-01
2017-05-03,三,猜谜游戏,0,已有条目·内容一致,2017-05-03-live-01,节目单内容与条目一致（或只多聊天、砒霜、邮件等非游戏段落）,,2017-05-03-live-01
2017-05-04,四,聊天,0,已有条目·内容一致,2017-05-04-live-01,节目单内容与条目一致（或只多聊天、砒霜、邮件等非游戏段落）,,2017-05-04-live-01
2017-05-05,五,马里奥赛车8,0,已有条目·内容一致,2017-05-05-live-01,节目单内容与条目一致（或只多聊天、砒霜、邮件等非游戏段落）,,2017-05-05-live-01
2017-05-06,六,小小噩梦Little Nightmares,0,已有条目·内容一致,2017-05-06-live-01,节目单内容与条目一致（或只多聊天、砒霜、邮件等非游戏段落）,,2017-05-06-live-01
2017-05-07,日,心灵砒霜194 | 26封 | 银魂22,0,已有条目·内容一致,2017-05-07-live-01,节目单内容与条目一致（或只多聊天、砒霜、邮件等非游戏段落）,,2017-05-07-live-01
2017-05-08,一,,6,非直播／活动／休息,,节目单：空白,,
2017-05-09,二,汐,0,已有条目·内容一致,2017-05-09-live-01,节目单内容与条目一致（或只多聊天、砒霜、邮件等非游戏段落）,,2017-05-09-live-01
2017-05-10,三,毛毡手工课 | 嘟子小姐姐,2,已有条目·缺内容,2017-05-10-live-01,节目单另记「毛毡手工课、嘟子小姐姐」，条目未收；只有节目单一处，未改条目,,2017-05-10-live-01
2017-05-11,四,,6,非直播／活动／休息,,节目单：空白,,
2017-05-12,五,艾迪芬奇的记忆What Remains of Edith Finch | 有顶天家族01,0,已有条目·内容一致,2017-05-12-live-02,节目单内容与条目一致（或只多聊天、砒霜、邮件等非游戏段落）,,2017-05-12-live-02
2017-05-13,六,终点站Final Station | 有顶天家族02,0,已有条目·内容一致,2017-05-13-live-01,节目单内容与条目一致（或只多聊天、砒霜、邮件等非游戏段落）,,2017-05-13-live-01
2017-05-14,日,心灵砒霜188 | 有顶天家族03 | 14封,0,已有条目·内容一致,2017-05-14-live-01,节目单内容与条目一致（或只多聊天、砒霜、邮件等非游戏段落）,,2017-05-14-live-01
2017-05-15,一,终点站Final Station | 有顶天家族04,0,已有条目·内容一致,2017-05-15-live-01,节目单内容与条目一致（或只多聊天、砒霜、邮件等非游戏段落）,,2017-05-15-live-01
2017-05-16,二,终点站Final Station DLC：The Only Traitor | 有顶天家族05/06 | 唱歌,0,已有条目·内容一致,2017-05-16-live-01,节目单内容与条目一致（或只多聊天、砒霜、邮件等非游戏段落）,,2017-05-16-live-01
2017-05-17,三,死亡细胞DeadCells | 有顶天家族07,0,已有条目·内容一致,2017-05-17-live-01,节目单内容与条目一致（或只多聊天、砒霜、邮件等非游戏段落）,,2017-05-17-live-01
2017-05-18,四,,6,非直播／活动／休息,,节目单：空白,,
2017-05-19,五,死亡细胞DeadCells | 有顶天家族08,0,已有条目·内容一致,2017-05-19-live-01,节目单内容与条目一致（或只多聊天、砒霜、邮件等非游戏段落）,,2017-05-19-live-01
2017-05-20,六,机核网七周年,0,已有条目·内容一致,2017-05-20-live-01,节目单内容与条目一致（或只多聊天、砒霜、邮件等非游戏段落）,,2017-05-20-live-01
2017-05-21,日,心灵砒霜231 | 有顶天家族09 | 21封,0,已有条目·内容一致,2017-05-21-live-01,节目单内容与条目一致（或只多聊天、砒霜、邮件等非游戏段落）,,2017-05-21-live-01
2017-05-22,一,缺氧Oxygen not included,0,已有条目·内容一致,2017-05-22-live-01 | 2017-05-22-live-02,节目单内容与条目一致（或只多聊天、砒霜、邮件等非游戏段落）,,2017-05-22-live-01 | 2017-05-22-live-02
2017-05-23,二,缺氧Oxygen not included | 有顶天家族10/11,0,已有条目·内容一致,2017-05-23-live-01,节目单内容与条目一致（或只多聊天、砒霜、邮件等非游戏段落）,,2017-05-23-live-01
2017-05-24,三,见证者The Witness | 有顶天家族12,0,已有条目·内容一致,2017-05-24-live-01,节目单内容与条目一致（或只多聊天、砒霜、邮件等非游戏段落）,,2017-05-24-live-01
2017-05-25,四,参加共青团“我的青春我的梦”讲座演讲,6,非直播／活动／休息,,节目单：参加共青团“我的青春我的梦”讲座演讲,,
2017-05-26,五,,6,非直播／活动／休息,,节目单：空白,,
2017-05-27,六,,6,非直播／活动／休息,,节目单：空白,,
2017-05-28,日,斗鱼武汉嘉年华,6,非直播／活动／休息,,节目单：斗鱼武汉嘉年华,,
2017-05-29,一,斗鱼武汉嘉年华,0,已有条目·内容一致,2017-05-29-live-01,节目单内容与条目一致（或只多聊天、砒霜、邮件等非游戏段落）,,2017-05-29-live-01
2017-05-30,二,,6,非直播／活动／休息,,节目单：空白,,
2017-05-31,三,,6,非直播／活动／休息,,节目单：空白,,
2017-06-01,四,见证者The Witness,0,已有条目·内容一致,2017-06-01-live-01,节目单内容与条目一致（或只多聊天、砒霜、邮件等非游戏段落）,,2017-06-01-live-01
2017-06-02,五,见证者The Witness,0,已有条目·内容一致,2017-06-02-live-01,节目单内容与条目一致（或只多聊天、砒霜、邮件等非游戏段落）,,2017-06-02-live-01
2017-06-03,六,见证者The Witness 537 | 过12点,2,已有条目·缺内容,2017-06-03-live-01,节目单另记「过12点」，条目未收；只有节目单一处，未改条目,,2017-06-03-live-01
2017-06-04,日,心灵砒霜 | 唱歌 | 15封,0,已有条目·内容一致,2017-06-04-live-01,节目单内容与条目一致（或只多聊天、砒霜、邮件等非游戏段落）,,2017-06-04-live-01
2017-06-05,一,姐弟玩NS游戏 1-2SWITCH、PuyoPuyo Tetris | 2017中国非物质文化遗产服饰秀77,2,已有条目·缺内容,2017-06-05-live-01,节目单另记「2017中国非物质文化遗产服饰秀77」，条目未收；只有节目单一处，未改条目,,2017-06-05-live-01
2017-06-06,二,大周国庆 | 唱歌,2,已有条目·缺内容,2017-06-06-live-01,节目单另记「大周国庆」，条目未收；只有节目单一处，未改条目,,2017-06-06-live-01
2017-06-07,三,,6,非直播／活动／休息,,节目单：空白,,
2017-06-08,四,守望先锋,0,已有条目·内容一致,2017-06-08-live-01,节目单内容与条目一致（或只多聊天、砒霜、邮件等非游戏段落）,,2017-06-08-live-01
2017-06-09,五,生病卧床尬聊,4,仅节目单（候选）,,节目单：生病卧床尬聊。无快照、无同期帖、无录像，不建条目（生病卧床尬聊）,,
2017-06-10,六,尬聊 | LOL七号联机,0,已有条目·内容一致,2017-06-10-live-01,节目单内容与条目一致（或只多聊天、砒霜、邮件等非游戏段落）,,2017-06-10-live-01
2017-06-11,日,飞LA,6,非直播／活动／休息,,节目单：飞LA,,
2017-06-12,一,LA酒店展前休整,2,已有条目·缺内容,2017-06-12-live-01,节目单另记「LA酒店展前休整」，条目未收；只有节目单一处，未改条目,,2017-06-12-live-01
2017-06-13,二,育碧展前发布会161 | 索尼发布会后聊天144,0,已有条目·内容一致,2017-06-13-live-01 | 2017-06-13-live-02,节目单内容与条目一致（或只多聊天、砒霜、邮件等非游戏段落）,,2017-06-13-live-01 | 2017-06-13-live-02
2017-06-14,三,任天堂聊聊100 | 逛E3见朋友229 | LA凌晨四点见过吗？49,2,已有条目·缺内容,2017-06-14-live-01 | 2017-06-14-live-02,节目单另记「任天堂聊聊100、LA凌晨四点见过吗？49」，条目未收；只有节目单一处，未改条目,,2017-06-14-live-01 | 2017-06-14-live-02
2017-06-15,四,逛E3 184 | 唱歌聊天 23,0,已有条目·内容一致,2017-06-15-live-01 | 2017-06-15-live-02,节目单内容与条目一致（或只多聊天、砒霜、邮件等非游戏段落）,,2017-06-15-live-01 | 2017-06-15-live-02
2017-06-16,五,班师回朝,6,非直播／活动／休息,,节目单：班师回朝,,
2017-06-17,六,休息,6,非直播／活动／休息,,节目单：休息,,
2017-06-18,日,心灵砒霜 | 邮件15 | 有顶天家族第二季01/02,0,已有条目·内容一致,2017-06-18-live-01,节目单内容与条目一致（或只多聊天、砒霜、邮件等非游戏段落）,,2017-06-18-live-01
2017-06-19,一,聊天刷碗,4,仅节目单（候选）,,节目单：聊天刷碗。无快照、无同期帖、无录像，不建条目（聊天刷碗）,,
2017-06-20,二,北京广播电台录制节目 | 姐弟玩NS游戏：ARMS | 聊天,2,已有条目·缺内容,2017-06-20-live-01,节目单另记「北京广播电台录制节目」，条目未收；只有节目单一处，未改条目,,2017-06-20-live-01
2017-06-21,三,游戏：RiME | 有顶天家族第二季03/04,0,已有条目·内容一致,2017-06-21-live-01,节目单内容与条目一致（或只多聊天、砒霜、邮件等非游戏段落）,,2017-06-21-live-01
2017-06-22,四,休息,6,非直播／活动／休息,,节目单：休息,,
2017-06-23,五,时尚芭莎公益视频录制76 | 游戏：RiME 158,2,已有条目·缺内容,2017-06-23-live-01 | 2017-06-23-live-02,节目单另记「时尚芭莎公益视频录制76」，条目未收；只有节目单一处，未改条目,,2017-06-23-live-01 | 2017-06-23-live-02
2017-06-24,六,姐弟玩KALIMBA 217 | 有顶天家族第二季05/06,0,已有条目·内容一致,2017-06-24-live-01,节目单内容与条目一致（或只多聊天、砒霜、邮件等非游戏段落）,,2017-06-24-live-01
2017-06-25,日,心灵砒霜 | 有顶天家族第二季07/08 | 邮件16,0,已有条目·内容一致,2017-06-25-live-01,节目单内容与条目一致（或只多聊天、砒霜、邮件等非游戏段落）,,2017-06-25-live-01
2017-06-26,一,有顶天家族京都巡礼Day1 | 晚上尬聊,0,已有条目·内容一致,2017-06-26-live-01 | 2017-06-26-live-02,节目单内容与条目一致（或只多聊天、砒霜、邮件等非游戏段落）,,2017-06-26-live-01 | 2017-06-26-live-02
2017-06-27,二,有顶天家族京都巡礼Day2 | 森见登美彦专访,0,已有条目·内容一致,2017-06-27-live-01,节目单内容与条目一致（或只多聊天、砒霜、邮件等非游戏段落）,,2017-06-27-live-01
2017-06-28,三,有顶天家族京都巡礼Day3 | 游览下鸭神社、六道珍皇寺,2,已有条目·缺内容,2017-06-28-live-01 | 2017-06-28-live-02,节目单另记「游览下鸭神社、六道珍皇寺」，条目未收；只有节目单一处，未改条目,,2017-06-28-live-01 | 2017-06-28-live-02
2017-06-29,四,有顶天家族京都巡礼Day4 | 星野比叡山罗特尔德饭店,2,已有条目·缺内容,2017-06-29-live-01,节目单另记「星野比叡山罗特尔德饭店」，条目未收；只有节目单一处，未改条目,,2017-06-29-live-01
2017-06-30,五,有顶天家族京都巡礼Day5 | 理发,0,已有条目·内容一致,2017-06-30-live-01,节目单内容与条目一致（或只多聊天、砒霜、邮件等非游戏段落）,,2017-06-30-live-01
2017-07-01,六,唱歌97 | 空洞骑士138,0,已有条目·内容一致,2017-07-01-live-01 | 2017-07-01-live-02,节目单内容与条目一致（或只多聊天、砒霜、邮件等非游戏段落）,,2017-07-01-live-01 | 2017-07-01-live-02
2017-07-02,日,生病,6,非直播／活动／休息,,节目单：生病,,
2017-07-03,一,生病,6,非直播／活动／休息,,节目单：生病,,
2017-07-04,二,艾波与欧波ibb & obb,0,已有条目·内容一致,2017-07-04-live-01,节目单内容与条目一致（或只多聊天、砒霜、邮件等非游戏段落）,,2017-07-04-live-01
2017-07-05,三,英伟达显卡拍摄,6,非直播／活动／休息,,节目单：英伟达显卡拍摄,,
2017-07-06,四,Move or Die,0,已有条目·内容一致,2017-07-06-live-01,节目单内容与条目一致（或只多聊天、砒霜、邮件等非游戏段落）,,2017-07-06-live-01
2017-07-07,五,小小噩梦DLC/Little Nightmares DLC | The room 01,2,已有条目·缺内容,2017-07-07-live-01,节目单另记「The room 01」，条目未收；只有节目单一处，未改条目,,2017-07-07-live-01
2017-07-08,六,尬聊 | 唱歌,0,已有条目·内容一致,2017-07-08-live-01,节目单内容与条目一致（或只多聊天、砒霜、邮件等非游戏段落）,,2017-07-08-live-01
2017-07-09,日,心灵砒霜 | 邮件29,0,已有条目·内容一致,2017-07-09-live-01,节目单内容与条目一致（或只多聊天、砒霜、邮件等非游戏段落）,,2017-07-09-live-01
2017-07-10,一,组装架子,2,已有条目·缺内容,2017-07-10-live-01,节目单另记「组装架子」，条目未收；只有节目单一处，未改条目,,2017-07-10-live-01
2017-07-11,二,Night in the Woods | OW,0,已有条目·内容一致,2017-07-11-live-01,节目单内容与条目一致（或只多聊天、砒霜、邮件等非游戏段落）,,2017-07-11-live-01
2017-07-12,三,幼儿园Kindergarten,2,已有条目·缺内容,2017-07-12-live-01,节目单与葵kiss 同期贴吧记录都记这款游戏，条目原先没登记,补登 kindergarten,2017-07-12-live-01
2017-07-13,四,休息,6,非直播／活动／休息,,节目单：休息,,
2017-07-14,五,休息 | 换电脑,5,与更强的一手证据矛盾,2017-07-14-live-01,葵kiss 当天 17:19 发帖记「7/14 幼儿园(Kindergarten)」；节目单记「休息、换电脑」。两处矛盾，同期帖更早更直接,保留 2017-07-14-live-01（medium），不改,2017-07-14-live-01
2017-07-15,六,折腾摄像头 | 修电脑,2,已有条目·缺内容,2017-07-15-live-01,节目单另记「折腾摄像头、修电脑」，条目未收；只有节目单一处，未改条目,,2017-07-15-live-01
2017-07-16,日,参加霹雳中学 | 做饭,2,已有条目·缺内容,2017-07-16-live-01,节目单另记「参加霹雳中学」，条目未收；只有节目单一处，未改条目,,2017-07-16-live-01
2017-07-17,一,心灵砒霜 | 邮件18,0,已有条目·内容一致,2017-07-17-live-01,节目单内容与条目一致（或只多聊天、砒霜、邮件等非游戏段落）,,2017-07-17-live-01
2017-07-18,二,我的世界第一天：开荒,0,已有条目·内容一致,2017-07-18-live-01,节目单内容与条目一致（或只多聊天、砒霜、邮件等非游戏段落）,,2017-07-18-live-01
2017-07-19,三,我的世界第二天：做房子,0,已有条目·内容一致,2017-07-19-live-01,节目单内容与条目一致（或只多聊天、砒霜、邮件等非游戏段落）,,2017-07-19-live-01
2017-07-20,四,休息,6,非直播／活动／休息,,节目单：休息,,
2017-07-21,五,我的世界第三天：农业,0,已有条目·内容一致,2017-07-21-live-01,节目单内容与条目一致（或只多聊天、砒霜、邮件等非游戏段落）,,2017-07-21-live-01
2017-07-22,六,我的世界第四天：畜牧业,0,已有条目·内容一致,2017-07-22-live-01,节目单内容与条目一致（或只多聊天、砒霜、邮件等非游戏段落）,,2017-07-22-live-01
2017-07-23,日,心灵砒霜 | 姐弟猜字119 | 邮件24,0,已有条目·内容一致,2017-07-23-live-01 | 2017-07-23-live-02,节目单内容与条目一致（或只多聊天、砒霜、邮件等非游戏段落）,,2017-07-23-live-01 | 2017-07-23-live-02
2017-07-24,一,陪父母,6,非直播／活动／休息,,节目单：陪父母,,
2017-07-25,二,我的世界第五天：有没有邻居,0,已有条目·内容一致,2017-07-25-live-01,节目单内容与条目一致（或只多聊天、砒霜、邮件等非游戏段落）,,2017-07-25-live-01
2017-07-26,三,索尼中国发布会,0,已有条目·内容一致,2017-07-26-live-01,节目单内容与条目一致（或只多聊天、砒霜、邮件等非游戏段落）,,2017-07-26-live-01
2017-07-27,四,CJ,6,非直播／活动／休息,,节目单：CJ,,
2017-07-28,五,索尼展台,2,已有条目·缺内容,2017-07-28-live-01 | 2017-07-28-live-02,节目单另记「索尼展台」，条目未收；只有节目单一处，未改条目,,2017-07-28-live-01 | 2017-07-28-live-02
2017-07-29,六,参加狼叔节目,2,已有条目·缺内容,2017-07-29-live-01,节目单另记「参加狼叔节目」，条目未收；只有节目单一处，未改条目,,2017-07-29-live-01
2017-07-30,日,休息,6,非直播／活动／休息,,节目单：休息,,
2017-07-31,一,休息,6,非直播／活动／休息,,节目单：休息,,
2017-08-01,二,我的世界第六天：法定节假日,0,已有条目·内容一致,2017-08-01-live-01,节目单内容与条目一致（或只多聊天、砒霜、邮件等非游戏段落）,,2017-08-01-live-01
2017-08-02,三,我的世界第七天：末影龙,0,已有条目·内容一致,2017-08-02-live-01,节目单内容与条目一致（或只多聊天、砒霜、邮件等非游戏段落）,,2017-08-02-live-01
2017-08-03,四,,6,非直播／活动／休息,,节目单：空白,,
2017-08-04,五,我的世界第八天：末地之城,0,已有条目·内容一致,2017-08-04-live-01,节目单内容与条目一致（或只多聊天、砒霜、邮件等非游戏段落）,,2017-08-04-live-01
2017-08-05,六,绝地救生116,0,已有条目·内容一致,2017-08-05-live-01,节目单内容与条目一致（或只多聊天、砒霜、邮件等非游戏段落）,,2017-08-05-live-01
2017-08-06,日,心灵砒霜 | 邮件29封,4,仅节目单（候选）,,节目单：心灵砒霜 | 邮件29封。无快照、无同期帖、无录像，不建条目（心灵砒霜、邮件29封（贴吧同日记的绝地求生已定为 08-05））,,
2017-08-07,一,我的世界第九天：建筑大赛,0,已有条目·内容一致,2017-08-07-live-01,节目单内容与条目一致（或只多聊天、砒霜、邮件等非游戏段落）,,2017-08-07-live-01
2017-08-08,二,半夜修仙76 | MC国服264 | 我的世界第十天：国服上线,2,已有条目·缺内容,2017-08-08-live-01 | 2017-08-08-live-02,节目单另记「半夜修仙76」，条目未收；只有节目单一处，未改条目,,2017-08-08-live-01 | 2017-08-08-live-02
2017-08-09,三,ibb&obb | 绝地求生,2,已有条目·缺内容,2017-08-09-live-01,节目单与葵kiss 同期贴吧记录都记这款游戏，条目原先没登记,补登 ibb-and-obb,2017-08-09-live-01
2017-08-10,四,休息,6,非直播／活动／休息,,节目单：休息,,
2017-08-11,五,几何冲刺 | 我的世界第十一天：国服小游戏,0,已有条目·内容一致,2017-08-11-live-01,节目单内容与条目一致（或只多聊天、砒霜、邮件等非游戏段落）,,2017-08-11-live-01
2017-08-12,六,我的世界第十二天：竞选武状元,0,已有条目·内容一致,2017-08-12-live-01,节目单内容与条目一致（或只多聊天、砒霜、邮件等非游戏段落）,,2017-08-12-live-01
2017-08-13,日,绝地救生 | 心灵砒霜22邮件 | 绝地救生,2,已有条目·缺内容,2017-08-13-live-01,节目单另记「绝地救生、绝地救生」，条目未收；只有节目单一处，未改条目,,2017-08-13-live-01
2017-08-14,一,我的世界第十三天：大周好声音,0,已有条目·内容一致,2017-08-14-live-01,节目单内容与条目一致（或只多聊天、砒霜、邮件等非游戏段落）,,2017-08-14-live-01
2017-08-15,二,,6,非直播／活动／休息,,节目单：空白,,
2017-08-16,三,,6,非直播／活动／休息,,节目单：空白,,
2017-08-17,四,,6,非直播／活动／休息,,节目单：空白,,
2017-08-18,五,我的世界第十四天：美好回忆,0,已有条目·内容一致,2017-08-18-live-01,节目单内容与条目一致（或只多聊天、砒霜、邮件等非游戏段落）,,2017-08-18-live-01
2017-08-19,六,尼德霍格2 Nidhgg2 | 绝地救生,0,已有条目·内容一致,2017-08-19-live-01,节目单内容与条目一致（或只多聊天、砒霜、邮件等非游戏段落）,,2017-08-19-live-01
2017-08-20,日,太空化学SpaceChem | 心灵砒霜 | 22邮件,2,已有条目·缺内容,2017-08-20-live-01,节目单另记「太空化学SpaceChem」，条目未收；只有节目单一处，未改条目,,2017-08-20-live-01
2017-08-21,一,太空化学SpaceChem | 人力资源机器Human Resource Machine,2,已有条目·缺内容,2017-08-21-live-01,节目单另记「太空化学SpaceChem」，条目未收；只有节目单一处，未改条目,,2017-08-21-live-01
2017-08-22,二,绝地救生,0,已有条目·内容一致,2017-08-22-live-01,节目单内容与条目一致（或只多聊天、砒霜、邮件等非游戏段落）,,2017-08-22-live-01
2017-08-23,三,百战天虫W.M.D,0,已有条目·内容一致,2017-08-23-live-01,节目单内容与条目一致（或只多聊天、砒霜、邮件等非游戏段落）,,2017-08-23-live-01
2017-08-24,四,休息,6,非直播／活动／休息,,节目单：休息,,
2017-08-25,五,缺氧Oxygen Not Included,0,已有条目·内容一致,2017-08-25-live-01,节目单内容与条目一致（或只多聊天、砒霜、邮件等非游戏段落）,,2017-08-25-live-01
2017-08-26,六,缺氧Oxygen Not Included | 两刀,2,已有条目·缺内容,2017-08-26-live-01,节目单另记「两刀」，条目未收；只有节目单一处，未改条目,,2017-08-26-live-01
2017-08-27,日,心灵砒霜 | 邮件25,0,已有条目·内容一致,2017-08-27-live-01,节目单内容与条目一致（或只多聊天、砒霜、邮件等非游戏段落）,,2017-08-27-live-01
2017-08-28,一,请假,6,非直播／活动／休息,,节目单：请假,,
2017-08-29,二,我的世界第十五天：七夕过后,0,已有条目·内容一致,2017-08-29-live-01,节目单内容与条目一致（或只多聊天、砒霜、邮件等非游戏段落）,,2017-08-29-live-01
2017-08-30,三,相扑人Sumoman,0,已有条目·内容一致,2017-08-30-live-01,节目单内容与条目一致（或只多聊天、砒霜、邮件等非游戏段落）,,2017-08-30-live-01
2017-08-31,四,休息,6,非直播／活动／休息,,节目单：休息,,
2017-09-01,五,喜剧之夜ComedyNight | 相扑人Sumoman,2,已有条目·缺内容,2017-09-01-live-01,节目单与葵kiss 同期贴吧记录都记这款游戏，条目原先没登记,补登 comedy-night,2017-09-01-live-01
2017-09-02,六,啪嗒砰Patapon,0,已有条目·内容一致,2017-09-02-live-01,节目单内容与条目一致（或只多聊天、砒霜、邮件等非游戏段落）,,2017-09-02-live-01
2017-09-03,日,上海活动准备,6,非直播／活动／休息,,节目单：上海活动准备,,
2017-09-04,一,索尼中国影院派对-地平线零之曙光体验会,0,已有条目·内容一致,2017-09-04-live-01,节目单内容与条目一致（或只多聊天、砒霜、邮件等非游戏段落）,,2017-09-04-live-01
2017-09-05,二,回程,6,非直播／活动／休息,,节目单：回程,,
2017-09-06,三,啪嗒砰Patapon,0,已有条目·内容一致,2017-09-06-live-01,节目单内容与条目一致（或只多聊天、砒霜、邮件等非游戏段落）,,2017-09-06-live-01
2017-09-07,四,绝地救生,0,已有条目·内容一致,2017-09-07-live-01,节目单内容与条目一致（或只多聊天、砒霜、邮件等非游戏段落）,,2017-09-07-live-01
2017-09-08,五,啪嗒砰Patapon,0,已有条目·内容一致,2017-09-08-live-01,节目单内容与条目一致（或只多聊天、砒霜、邮件等非游戏段落）,,2017-09-08-live-01
2017-09-09,六,尬聊 | 绝地救生,2,已有条目·缺内容,2017-09-09-live-01,节目单与葵kiss 同期贴吧记录都记这款游戏，条目原先没登记,补登 pubg,2017-09-09-live-01
2017-09-10,日,辣眼睛 | 心灵砒霜 | 邮件20,2,已有条目·缺内容,2017-09-10-live-01,节目单另记「辣眼睛」，条目未收；只有节目单一处，未改条目,,2017-09-10-live-01
2017-09-11,一,马里奥和疯狂兔子:王国大战 Mario + Rabbids Kingdom Battle,0,已有条目·内容一致,2017-09-11-live-01,节目单内容与条目一致（或只多聊天、砒霜、邮件等非游戏段落）,,2017-09-11-live-01
2017-09-12,二,逛菜场买菜做饭,0,已有条目·内容一致,2017-09-12-live-01,节目单内容与条目一致（或只多聊天、砒霜、邮件等非游戏段落）,,2017-09-12-live-01
2017-09-13,三,马里奥和疯狂兔子:王国大战 Mario + Rabbids Kingdom Battle,0,已有条目·内容一致,2017-09-13-live-01,节目单内容与条目一致（或只多聊天、砒霜、邮件等非游戏段落）,,2017-09-13-live-01
2017-09-14,四,广州陶陶居吃饭,0,已有条目·内容一致,2017-09-14-live-01,节目单内容与条目一致（或只多聊天、砒霜、邮件等非游戏段落）,,2017-09-14-live-01
2017-09-15,五,我的世界网易手游上线宣传,0,已有条目·内容一致,2017-09-15-live-01,节目单内容与条目一致（或只多聊天、砒霜、邮件等非游戏段落）,,2017-09-15-live-01
2017-09-16,六,绝地求生 | 团队吃鸡,0,已有条目·内容一致,2017-09-16-live-01,节目单内容与条目一致（或只多聊天、砒霜、邮件等非游戏段落）,,2017-09-16-live-01
2017-09-17,日,心灵砒霜 | 邮件31,0,已有条目·内容一致,2017-09-17-live-01,节目单内容与条目一致（或只多聊天、砒霜、邮件等非游戏段落）,,2017-09-17-live-01
2017-09-18,一,"烹调,上菜,美味 Cook,Serve,Delicious",0,已有条目·内容一致,2017-09-18-live-01,节目单内容与条目一致（或只多聊天、砒霜、邮件等非游戏段落）,,2017-09-18-live-01
2017-09-19,二,"烹调,上菜,美味 Cook,Serve,Delicious",0,已有条目·内容一致,2017-09-19-live-01,节目单内容与条目一致（或只多聊天、砒霜、邮件等非游戏段落）,,2017-09-19-live-01
2017-09-20,三,尬聊 | 欧洲卡车模拟2 Euro Truck Simulator 2,0,已有条目·内容一致,2017-09-20-live-01,节目单内容与条目一致（或只多聊天、砒霜、邮件等非游戏段落）,,2017-09-20-live-01
2017-09-21,四,尬聊141 | 马自达cx-5广告 | 149.0,2,已有条目·缺内容,2017-09-21-live-01,节目单另记「马自达cx-5广告」，条目未收；只有节目单一处，未改条目,,2017-09-21-live-01
2017-09-22,五,欧洲卡车模拟2 Euro Truck Simulator 2 | 尬聊,0,已有条目·内容一致,2017-09-22-live-01,节目单内容与条目一致（或只多聊天、砒霜、邮件等非游戏段落）,,2017-09-22-live-01
2017-09-23,六,尬聊 | 欧洲卡车模拟2 Euro Truck Simulator 2,0,已有条目·内容一致,2017-09-23-live-01,节目单内容与条目一致（或只多聊天、砒霜、邮件等非游戏段落）,,2017-09-23-live-01
2017-09-24,日,请假,6,非直播／活动／休息,,节目单：请假,,
2017-09-25,一,心灵砒霜 | 邮件30,0,已有条目·内容一致,2017-09-25-live-01,节目单内容与条目一致（或只多聊天、砒霜、邮件等非游戏段落）,,2017-09-25-live-01
2017-09-26,二,休息,6,非直播／活动／休息,,节目单：休息,,
2017-09-27,三,欧洲卡车模拟2 Euro Truck Simulator 2,0,已有条目·内容一致,2017-09-27-live-01,节目单内容与条目一致（或只多聊天、砒霜、邮件等非游戏段落）,,2017-09-27-live-01
2017-09-28,四,绝地求生,0,已有条目·内容一致,2017-09-28-live-01,节目单内容与条目一致（或只多聊天、砒霜、邮件等非游戏段落）,,2017-09-28-live-01
2017-09-29,五,休息,6,非直播／活动／休息,,节目单：休息,,
2017-09-30,六,茶杯头 Cuphead,0,已有条目·内容一致,2017-09-30-live-01,节目单内容与条目一致（或只多聊天、砒霜、邮件等非游戏段落）,,2017-09-30-live-01
2017-10-01,日,心灵砒霜197 | 邮件21 | 茶杯头 Cuphead,0,已有条目·内容一致,2017-10-01-live-01 | 2017-10-01-live-02,节目单内容与条目一致（或只多聊天、砒霜、邮件等非游戏段落）,,2017-10-01-live-01 | 2017-10-01-live-02
2017-10-02,一,茶杯头 Cuphead,0,已有条目·内容一致,2017-10-02-live-01,节目单内容与条目一致（或只多聊天、砒霜、邮件等非游戏段落）,,2017-10-02-live-01
2017-10-03,二,生日 | 大周歌会,2,已有条目·缺内容,2017-10-03-live-01,节目单另记「生日」，条目未收；只有节目单一处，未改条目,,2017-10-03-live-01
2017-10-04,三,中秋休息,6,非直播／活动／休息,,节目单：中秋休息,,
2017-10-05,四,跟豆豆逛街吃串,0,已有条目·内容一致,2017-10-05-live-01,节目单内容与条目一致（或只多聊天、砒霜、邮件等非游戏段落）,,2017-10-05-live-01
2017-10-06,五,跟豆豆逛街唱K,0,已有条目·内容一致,2017-10-06-live-01,节目单内容与条目一致（或只多聊天、砒霜、邮件等非游戏段落）,,2017-10-06-live-01
2017-10-07,六,在家cosplay,0,已有条目·内容一致,2017-10-07-live-01,节目单内容与条目一致（或只多聊天、砒霜、邮件等非游戏段落）,,2017-10-07-live-01
2017-10-08,日,蒙古包吃饭,0,已有条目·内容一致,2017-10-08-live-01,节目单内容与条目一致（或只多聊天、砒霜、邮件等非游戏段落）,,2017-10-08-live-01
2017-10-09,一,回京,6,非直播／活动／休息,,节目单：回京,,
2017-10-10,二,神奇的青蛙 Amazing Frog,0,已有条目·内容一致,2017-10-10-live-01,节目单内容与条目一致（或只多聊天、砒霜、邮件等非游戏段落）,,2017-10-10-live-01
2017-10-11,三,不要切到手 Don't cut your hand | 欧洲卡车模拟2 Euro Truck Simulator 2,0,已有条目·内容一致,2017-10-11-live-01,节目单内容与条目一致（或只多聊天、砒霜、邮件等非游戏段落）,,2017-10-11-live-01
2017-10-12,四,休息,6,非直播／活动／休息,,节目单：休息,,
2017-10-13,五,绝地求生,0,已有条目·内容一致,2017-10-13-live-01,节目单内容与条目一致（或只多聊天、砒霜、邮件等非游戏段落）,,2017-10-13-live-01
2017-10-14,六,油管主播 Youtuer Life,0,已有条目·内容一致,2017-10-14-live-01,节目单内容与条目一致（或只多聊天、砒霜、邮件等非游戏段落）,,2017-10-14-live-01
2017-10-15,日,心灵砒霜 | 邮件26,0,已有条目·内容一致,2017-10-15-live-01,节目单内容与条目一致（或只多聊天、砒霜、邮件等非游戏段落）,,2017-10-15-live-01
2017-10-16,一,贴壁纸,6,非直播／活动／休息,,节目单：贴壁纸,,
2017-10-17,二,光线Linelinght,0,已有条目·内容一致,2017-10-17-live-01,节目单内容与条目一致（或只多聊天、砒霜、邮件等非游戏段落）,,2017-10-17-live-01
2017-10-18,三,GT sport线下活动 | 聊天唱歌,0,已有条目·内容一致,2017-10-18-live-01 | 2017-10-18-live-02,节目单内容与条目一致（或只多聊天、砒霜、邮件等非游戏段落）,,2017-10-18-live-01 | 2017-10-18-live-02
2017-10-19,四,休息,6,非直播／活动／休息,,节目单：休息,,
2017-10-20,五,坚持战斗 Stick Fight | 大周歌会,2,已有条目·缺内容,2017-10-20-live-01 | 2017-10-20-live-02,节目单：坚持战斗 Stick Fight | 大周歌会,更正游戏 id：录像封面是 Stick Fight: The Game（联机菜单），游戏由 stickman 改为 stick-fight-the-game,2017-10-20-live-01 | 2017-10-20-live-02
2017-10-21,六,坚持战斗 Stick Fight,2,已有条目·缺内容,2017-10-21-live-01,节目单：坚持战斗 Stick Fight,更正游戏 id：录像画面角标 stickfight，游戏由 stickman 改为 stick-fight-the-game,2017-10-21-live-01
2017-10-22,日,心灵砒霜 | 邮件27 | 斗地主,0,已有条目·内容一致,2017-10-22-live-01,节目单内容与条目一致（或只多聊天、砒霜、邮件等非游戏段落）,,2017-10-22-live-01
2017-10-23,一,生锈小湖Rusty Lake 1-6章,0,已有条目·内容一致,2017-10-23-live-01,节目单内容与条目一致（或只多聊天、砒霜、邮件等非游戏段落）,,2017-10-23-live-01
2017-10-24,二,生锈小湖Rusty Lake 连播,0,已有条目·内容一致,2017-10-24-live-01,节目单内容与条目一致（或只多聊天、砒霜、邮件等非游戏段落）,,2017-10-24-live-01
2017-10-25,三,生锈小湖：根源 Rusty Lake：Roots 上,0,已有条目·内容一致,2017-10-25-live-01,节目单内容与条目一致（或只多聊天、砒霜、邮件等非游戏段落）,,2017-10-25-live-01
2017-10-26,四,生锈小湖：根源 Rusty Lake：Roots 下,0,已有条目·内容一致,2017-10-26-live-01,节目单内容与条目一致（或只多聊天、砒霜、邮件等非游戏段落）,,2017-10-26-live-01
2017-10-27,五,绝地求生 | 斗地主,0,已有条目·内容一致,2017-10-27-live-01,节目单内容与条目一致（或只多聊天、砒霜、邮件等非游戏段落）,,2017-10-27-live-01
2017-10-28,六,宝藏世界,0,已有条目·内容一致,2017-10-28-live-01,节目单内容与条目一致（或只多聊天、砒霜、邮件等非游戏段落）,,2017-10-28-live-01
2017-10-29,日,绝地求生 | 心灵砒霜 | 邮件19,2,已有条目·缺内容,2017-10-29-live-01,节目单另记「绝地求生」，条目未收；只有节目单一处，未改条目,,2017-10-29-live-01
2017-10-30,一,聊天 | 斗地主,0,已有条目·内容一致,2017-10-30-live-01,节目单内容与条目一致（或只多聊天、砒霜、邮件等非游戏段落）,,2017-10-30-live-01
2017-10-31,二,休息,6,非直播／活动／休息,,节目单：休息,,
2017-11-01,三,休息,6,非直播／活动／休息,,节目单：休息,,
2017-11-02,四,休息,6,非直播／活动／休息,,节目单：休息,,
2017-11-03,五,小猫钓鱼 Cat Goes Fishing,0,已有条目·内容一致,2017-11-03-live-01,节目单内容与条目一致（或只多聊天、砒霜、邮件等非游戏段落）,,2017-11-03-live-01
2017-11-04,六,小猫钓鱼 Cat Goes Fishing,0,已有条目·内容一致,2017-11-04-live-01,节目单内容与条目一致（或只多聊天、砒霜、邮件等非游戏段落）,,2017-11-04-live-01
2017-11-05,日,心灵砒霜 | 邮件18 | 城堡毁灭者 Castle Crashers,0,已有条目·内容一致,2017-11-05-live-01 | 2017-11-05-live-02,节目单内容与条目一致（或只多聊天、砒霜、邮件等非游戏段落）,,2017-11-05-live-01 | 2017-11-05-live-02
2017-11-06,一,绝地求生,0,已有条目·内容一致,2017-11-06-live-01,节目单内容与条目一致（或只多聊天、砒霜、邮件等非游戏段落）,,2017-11-06-live-01
2017-11-07,二,Super Mario Odyssey 超级马里奥：奥德赛,0,已有条目·内容一致,2017-11-07-live-01,节目单内容与条目一致（或只多聊天、砒霜、邮件等非游戏段落）,,2017-11-07-live-01
2017-11-08,三,Sonic Forces 索尼克：力量 | Super Mario Odyssey 超级马里奥：奥德赛,2,已有条目·缺内容,2017-11-08-live-01,节目单另记「Sonic Forces 索尼克：力量」，条目未收；只有节目单一处，未改条目,,2017-11-08-live-01
2017-11-09,四,休息,6,非直播／活动／休息,,节目单：休息,,
2017-11-10,五,绝地求生 | Super Mario Odyssey 超级马里奥：奥德赛,0,已有条目·内容一致,2017-11-10-live-01,节目单内容与条目一致（或只多聊天、砒霜、邮件等非游戏段落）,,2017-11-10-live-01
2017-11-11,六,绝地求生 | Super Mario Odyssey 超级马里奥：奥德赛,0,已有条目·内容一致,2017-11-11-live-01,节目单内容与条目一致（或只多聊天、砒霜、邮件等非游戏段落）,,2017-11-11-live-01
2017-11-12,日,心灵砒霜 | 邮件22,0,已有条目·内容一致,2017-11-12-live-01,节目单内容与条目一致（或只多聊天、砒霜、邮件等非游戏段落）,,2017-11-12-live-01
2017-11-13,一,Super Mario Odyssey 超级马里奥：奥德赛,0,已有条目·内容一致,2017-11-13-live-01,节目单内容与条目一致（或只多聊天、砒霜、邮件等非游戏段落）,,2017-11-13-live-01
2017-11-14,二,和班尼特福迪一起攻克难关 Getting Over It with Bennett Foddy,0,已有条目·内容一致,2017-11-14-live-01,节目单内容与条目一致（或只多聊天、砒霜、邮件等非游戏段落）,,2017-11-14-live-01
2017-11-15,三,Super Mario Odyssey 超级马里奥：奥德赛,0,已有条目·内容一致,2017-11-15-live-01,节目单内容与条目一致（或只多聊天、砒霜、邮件等非游戏段落）,,2017-11-15-live-01
2017-11-16,四,休息,6,非直播／活动／休息,,节目单：休息,,
2017-11-17,五,和班尼特福迪一起攻克难关 Getting Over It with Bennett Foddy | Super Mario Odyssey 超级马里奥：奥德赛,0,已有条目·内容一致,2017-11-17-live-01,节目单内容与条目一致（或只多聊天、砒霜、邮件等非游戏段落）,,2017-11-17-live-01
2017-11-18,六,Super Mario Odyssey 超级马里奥：奥德赛,0,已有条目·内容一致,2017-11-18-live-01,节目单内容与条目一致（或只多聊天、砒霜、邮件等非游戏段落）,,2017-11-18-live-01
2017-11-19,日,心灵砒霜 | 邮件19 | 66说书,0,已有条目·内容一致,2017-11-19-live-01,节目单内容与条目一致（或只多聊天、砒霜、邮件等非游戏段落）,,2017-11-19-live-01
2017-11-20,一,休息,6,非直播／活动／休息,,节目单：休息,,
2017-11-21,二,Super Mario Odyssey 超级马里奥：奥德赛,0,已有条目·内容一致,2017-11-21-live-01,节目单内容与条目一致（或只多聊天、砒霜、邮件等非游戏段落）,,2017-11-21-live-01
2017-11-22,三,兔宝宝 Tiny Toon | Super Mario Odyssey 超级马里奥：奥德赛,0,已有条目·内容一致,2017-11-22-live-01,节目单内容与条目一致（或只多聊天、砒霜、邮件等非游戏段落）,,2017-11-22-live-01
2017-11-23,四,Super Mario Odyssey 超级马里奥：奥德赛,0,已有条目·内容一致,2017-11-23-live-01,节目单内容与条目一致（或只多聊天、砒霜、邮件等非游戏段落）,,2017-11-23-live-01
2017-11-24,五,Super Mario Odyssey 超级马里奥：奥德赛,0,已有条目·内容一致,2017-11-24-live-01,节目单内容与条目一致（或只多聊天、砒霜、邮件等非游戏段落）,,2017-11-24-live-01
2017-11-25,六,Super Mario Odyssey 超级马里奥：奥德赛,0,已有条目·内容一致,2017-11-25-live-01,节目单内容与条目一致（或只多聊天、砒霜、邮件等非游戏段落）,,2017-11-25-live-01
2017-11-26,日,心灵砒霜 | 邮件18 | 66说书,0,已有条目·内容一致,2017-11-26-live-01,节目单内容与条目一致（或只多聊天、砒霜、邮件等非游戏段落）,,2017-11-26-live-01
2017-11-27,一,电影客串,6,非直播／活动／休息,,节目单：电影客串,,
2017-11-28,二,大周,6,非直播／活动／休息,,节目单：大周,,
2017-11-29,三,放,6,非直播／活动／休息,,节目单：放,,
2017-11-30,四,长假,6,非直播／活动／休息,,节目单：长假,,
2017-12-01,五,啊,6,非直播／活动／休息,,节目单：啊,,
2017-12-02,六,冰湖 Ice Lakes,0,已有条目·内容一致,2017-12-02-live-01,节目单内容与条目一致（或只多聊天、砒霜、邮件等非游戏段落）,,2017-12-02-live-01
2017-12-03,日,心灵砒霜 | 邮件26,0,已有条目·内容一致,2017-12-03-live-01,节目单内容与条目一致（或只多聊天、砒霜、邮件等非游戏段落）,,2017-12-03-live-01
2017-12-04,一,冰湖 Ice Lakes,0,已有条目·内容一致,2017-12-04-live-01,节目单内容与条目一致（或只多聊天、砒霜、邮件等非游戏段落）,,2017-12-04-live-01
2017-12-05,二,圣殿春秋之死灰复燃 Ken Follett's The Pillars of the Earth,0,已有条目·内容一致,2017-12-05-live-01,节目单内容与条目一致（或只多聊天、砒霜、邮件等非游戏段落）,,2017-12-05-live-01
2017-12-06,三,绝地求生,0,已有条目·内容一致,2017-12-06-live-01,节目单内容与条目一致（或只多聊天、砒霜、邮件等非游戏段落）,,2017-12-06-live-01
2017-12-07,四,微博V影响力峰会,6,非直播／活动／休息,,节目单：微博V影响力峰会,,
2017-12-08,五,Tracks - The Train Set | 绝地求生 | 66说书,0,已有条目·内容一致,2017-12-08-live-01,节目单内容与条目一致（或只多聊天、砒霜、邮件等非游戏段落）,,2017-12-08-live-01
2017-12-09,六,王权2：女王陛下 Reigns: Her Majesty | 谋杀之谜,0,已有条目·内容一致,2017-12-09-live-01,节目单内容与条目一致（或只多聊天、砒霜、邮件等非游戏段落）,,2017-12-09-live-01
2017-12-10,日,心灵砒霜 | 邮件10 | 66说书,0,已有条目·内容一致,2017-12-10-live-01,节目单内容与条目一致（或只多聊天、砒霜、邮件等非游戏段落）,,2017-12-10-live-01
2017-12-11,一,桌游：卡坦岛、大富翁,2,已有条目·缺内容,2017-12-11-live-01,节目单另记「桌游：卡坦岛、大富翁」，条目未收；只有节目单一处，未改条目,,2017-12-11-live-01
2017-12-12,二,200W关注唱歌,0,已有条目·内容一致,2017-12-12-live-01,节目单内容与条目一致（或只多聊天、砒霜、邮件等非游戏段落）,,2017-12-12-live-01
2017-12-13,三,漫漫长夜 The Long Dark | 绝地求生,0,已有条目·内容一致,2017-12-13-live-01,节目单内容与条目一致（或只多聊天、砒霜、邮件等非游戏段落）,,2017-12-13-live-01
2017-12-14,四,内蒙,6,非直播／活动／休息,,节目单：内蒙,,
2017-12-15,五,画中世界 Gorogoa | 绝地求生,0,已有条目·内容一致,2017-12-15-live-01 | 2017-12-15-live-02,节目单内容与条目一致（或只多聊天、砒霜、邮件等非游戏段落）,,2017-12-15-live-01 | 2017-12-15-live-02
2017-12-16,六,吃饭聊天唱歌 | 寻找天堂（去月球续作）  Finding Paradise,0,已有条目·内容一致,2017-12-16-live-01,节目单内容与条目一致（或只多聊天、砒霜、邮件等非游戏段落）,,2017-12-16-live-01
2017-12-17,日,66说书,0,已有条目·内容一致,2017-12-17-live-01,节目单内容与条目一致（或只多聊天、砒霜、邮件等非游戏段落）,,2017-12-17-live-01
2017-12-18,一,死神来了 Death Coming,0,已有条目·内容一致,2017-12-18-live-01,节目单内容与条目一致（或只多聊天、砒霜、邮件等非游戏段落）,,2017-12-18-live-01
2017-12-19,二,休息 | 斗鱼关注丢失,6,非直播／活动／休息,,节目单记「休息、斗鱼关注丢失」,不建条目,
2017-12-20,三,MONOPOLY PLUS 大富翁,0,已有条目·内容一致,2017-12-20-live-01,节目单内容与条目一致（或只多聊天、砒霜、邮件等非游戏段落）,,2017-12-20-live-01
2017-12-21,四,大周桌面展,0,已有条目·内容一致,2017-12-21-live-01,节目单内容与条目一致（或只多聊天、砒霜、邮件等非游戏段落）,,2017-12-21-live-01
2017-12-22,五,请假,6,非直播／活动／休息,,节目单：请假,,
2017-12-23,六,绝地求生,0,已有条目·内容一致,2017-12-23-live-01,节目单内容与条目一致（或只多聊天、砒霜、邮件等非游戏段落）,,2017-12-23-live-01
2017-12-24,日,心灵砒霜 | 邮件19,0,已有条目·内容一致,2017-12-24-live-01,节目单内容与条目一致（或只多聊天、砒霜、邮件等非游戏段落）,,2017-12-24-live-01
2017-12-25,一,MC圣诞建筑大赛,0,已有条目·内容一致,2017-12-25-live-01,节目单内容与条目一致（或只多聊天、砒霜、邮件等非游戏段落）,,2017-12-25-live-01
2017-12-26,二,青蛙爆破者 Kero Blaster,0,已有条目·内容一致,2017-12-26-live-01,节目单内容与条目一致（或只多聊天、砒霜、邮件等非游戏段落）,,2017-12-26-live-01
2017-12-27,三,青蛙爆破者 Kero Blaster,0,已有条目·内容一致,2017-12-27-live-01,节目单内容与条目一致（或只多聊天、砒霜、邮件等非游戏段落）,,2017-12-27-live-01
2017-12-28,四,休息,6,非直播／活动／休息,,节目单：休息,,
2017-12-29,五,聊天拼积木讲动画,0,已有条目·内容一致,2017-12-29-live-01,节目单内容与条目一致（或只多聊天、砒霜、邮件等非游戏段落）,,2017-12-29-live-01
2017-12-30,六,绝地求生,0,已有条目·内容一致,2017-12-30-live-01,节目单内容与条目一致（或只多聊天、砒霜、邮件等非游戏段落）,,2017-12-30-live-01
2017-12-31,日,心灵砒霜 | 邮件14,0,已有条目·内容一致,2017-12-31-live-01 | 2017-12-31-live-02 | 2017-12-31-live-03,节目单内容与条目一致（或只多聊天、砒霜、邮件等非游戏段落）,,2017-12-31-live-01 | 2017-12-31-live-02 | 2017-12-31-live-03
2018-01-01,一,跨年颜值,3,相邻日错位,,「跨年颜值」即 2017-12-31 跨年直播（录像小屋《女流-12.31-2017感谢有你》，已在档 2017-12-31-live-03），跨过零点,不改（task-048 已定案）,
2018-01-02,二,传送门:桥梁构造者 Bridge Constructor Portal,0,已有条目·内容一致,2018-01-02-live-01,节目单内容与条目一致（或只多聊天、砒霜、邮件等非游戏段落）,,2018-01-02-live-01
2018-01-03,三,传送门:桥梁构造者 Bridge Constructor Portal,0,已有条目·内容一致,2018-01-03-live-01,节目单内容与条目一致（或只多聊天、砒霜、邮件等非游戏段落）,,2018-01-03-live-01
2018-01-04,四,休息,6,非直播／活动／休息,,节目单：休息,,
2018-01-05,五,传送门:桥梁构造者 Bridge Constructor Portal,0,已有条目·内容一致,2018-01-05-live-01,节目单内容与条目一致（或只多聊天、砒霜、邮件等非游戏段落）,,2018-01-05-live-01
2018-01-06,六,女流开年Party约战SHIELD马力欧 | 英伟达主机宣传,2,已有条目·缺内容,2018-01-06-live-01,节目单另记「女流开年Party约战SHIELD马力欧、英伟达主机宣传」，条目未收；只有节目单一处，未改条目,,2018-01-06-live-01
2018-01-07,日,心灵砒霜 | 邮件12,0,已有条目·内容一致,2018-01-07-live-01,节目单内容与条目一致（或只多聊天、砒霜、邮件等非游戏段落）,,2018-01-07-live-01
2018-01-08,一,人类:一败涂地 Human: Fall Flat,0,已有条目·内容一致,2018-01-08-live-01,节目单内容与条目一致（或只多聊天、砒霜、邮件等非游戏段落）,,2018-01-08-live-01
2018-01-09,二,人类:一败涂地 Human: Fall Flat,0,已有条目·内容一致,2018-01-09-live-01,节目单内容与条目一致（或只多聊天、砒霜、邮件等非游戏段落）,,2018-01-09-live-01
2018-01-10,三,传送门:桥梁构造者 Bridge Constructor Portal,0,已有条目·内容一致,2018-01-10-live-01,节目单内容与条目一致（或只多聊天、砒霜、邮件等非游戏段落）,,2018-01-10-live-01
2018-01-11,四,休息,6,非直播／活动／休息,,节目单：休息,,
2018-01-12,五,生锈小湖：天堂岛 Rusty Lake：Paradise Island,0,已有条目·内容一致,2018-01-12-live-01,节目单内容与条目一致（或只多聊天、砒霜、邮件等非游戏段落）,,2018-01-12-live-01
2018-01-13,六,娱乐盛典,2,已有条目·缺内容,2018-01-13-live-01,节目单另记「娱乐盛典」，条目未收；只有节目单一处，未改条目,,2018-01-13-live-01
2018-01-14,日,虎扑活动 | 回答发帖问题,2,已有条目·缺内容,2018-01-14-live-01,节目单另记「回答发帖问题」，条目未收；只有节目单一处，未改条目,,2018-01-14-live-01
2018-01-15,一,生锈小湖：天堂岛 Rusty Lake：Paradise Island,0,已有条目·内容一致,2018-01-15-live-02,节目单内容与条目一致（或只多聊天、砒霜、邮件等非游戏段落）,,2018-01-15-live-02
2018-01-16,二,绝地求生,0,已有条目·内容一致,2018-01-16-live-01,节目单内容与条目一致（或只多聊天、砒霜、邮件等非游戏段落）,,2018-01-16-live-01
2018-01-17,三,赛博朋克酒保行动：VA-11HALL-A,0,已有条目·内容一致,2018-01-17-live-02,节目单内容与条目一致（或只多聊天、砒霜、邮件等非游戏段落）,,2018-01-17-live-02
2018-01-18,四,休息,6,非直播／活动／休息,,节目单：休息,,
2018-01-19,五,赛博朋克酒保行动：VA-11HALL-A,0,已有条目·内容一致,2018-01-19-live-01,节目单内容与条目一致（或只多聊天、砒霜、邮件等非游戏段落）,,2018-01-19-live-01
2018-01-20,六,乞丐模拟器Hobo:Tough Life,0,已有条目·内容一致,2018-01-20-live-01,节目单内容与条目一致（或只多聊天、砒霜、邮件等非游戏段落）,,2018-01-20-live-01
2018-01-21,日,直播三周年,0,已有条目·内容一致,2018-01-21-live-03,节目单内容与条目一致（或只多聊天、砒霜、邮件等非游戏段落）,,2018-01-21-live-03
2018-01-22,一,乞丐模拟器Hobo:Tough Life,0,已有条目·内容一致,2018-01-22-live-01,节目单内容与条目一致（或只多聊天、砒霜、邮件等非游戏段落）,,2018-01-22-live-01
2018-01-23,二,渣哥肾结石,6,非直播／活动／休息,,节目单：渣哥肾结石,,
2018-01-24,三,渣哥碎石记 | 坚持战斗:游戏 Stick Fight: The Game,2,已有条目·缺内容,2018-01-24-live-02 | 2018-01-24-video-01,节目单另记「渣哥碎石记」，条目未收；只有节目单一处，未改条目,,2018-01-24-live-02 | 2018-01-24-video-01
2018-01-25,四,魅力主播奖,2,已有条目·缺内容,2018-01-25-live-01,节目单另记「魅力主播奖」，条目未收；只有节目单一处，未改条目,,2018-01-25-live-01
2018-01-26,五,怪物猎人世界/MONSTER HUNTER WORLD,0,已有条目·内容一致,2018-01-26-live-01,节目单内容与条目一致（或只多聊天、砒霜、邮件等非游戏段落）,,2018-01-26-live-01
2018-01-27,六,绝地求生节目录制,6,非直播／活动／休息,,节目单：绝地求生节目录制,,
2018-01-28,日,心灵砒霜 | 邮件22,0,已有条目·内容一致,2018-01-28-live-01,节目单内容与条目一致（或只多聊天、砒霜、邮件等非游戏段落）,,2018-01-28-live-01
2018-01-29,一,真三国无双8 体验会,0,已有条目·内容一致,2018-01-29-live-01,节目单内容与条目一致（或只多聊天、砒霜、邮件等非游戏段落）,,2018-01-29-live-01
2018-01-30,二,怪物猎人世界/MONSTER HUNTER WORLD,0,已有条目·内容一致,2018-01-30-live-02,节目单记《怪物猎人：世界》，与 2018-01-30-live-02 一致,删除 2018-01-30-live-01：它的录像（BV1eb411y7b9、ac4909237）实为 2019-01-30，已并入 2019-01-30-live-01,2018-01-30-live-02
2018-01-31,三,怪物猎人世界/MONSTER HUNTER WORLD,0,已有条目·内容一致,2018-01-31-live-01,节目单内容与条目一致（或只多聊天、砒霜、邮件等非游戏段落）,,2018-01-31-live-01
2018-02-01,四,怪物猎人世界/MONSTER HUNTER WORLD,0,已有条目·内容一致,2018-02-01-live-01,节目单内容与条目一致（或只多聊天、砒霜、邮件等非游戏段落）,,2018-02-01-live-01
2018-02-02,五,怪物猎人世界/MONSTER HUNTER WORLD,0,已有条目·内容一致,2018-02-02-live-01,节目单内容与条目一致（或只多聊天、砒霜、邮件等非游戏段落）,,2018-02-02-live-01
2018-02-03,六,怪物猎人世界/MONSTER HUNTER WORLD,0,已有条目·内容一致,2018-02-03-live-01,节目单内容与条目一致（或只多聊天、砒霜、邮件等非游戏段落）,,2018-02-03-live-01
2018-02-04,日,心灵砒霜 | 邮件17,0,已有条目·内容一致,2018-02-04-live-01,节目单内容与条目一致（或只多聊天、砒霜、邮件等非游戏段落）,,2018-02-04-live-01
2018-02-05,一,怪物猎人世界/MONSTER HUNTER WORLD,0,已有条目·内容一致,2018-02-05-live-01,节目单内容与条目一致（或只多聊天、砒霜、邮件等非游戏段落）,,2018-02-05-live-01
2018-02-06,二,旺达与巨像重制,0,已有条目·内容一致,2018-02-06-live-01,节目单内容与条目一致（或只多聊天、砒霜、邮件等非游戏段落）,,2018-02-06-live-01
2018-02-07,三,旺达与巨像重制,0,已有条目·内容一致,2018-02-07-live-01,节目单内容与条目一致（或只多聊天、砒霜、邮件等非游戏段落）,,2018-02-07-live-01
2018-02-08,四,休息,6,非直播／活动／休息,,节目单：休息,,
2018-02-09,五,蜡烛人/Candle Man,0,已有条目·内容一致,2018-02-09-live-01,节目单内容与条目一致（或只多聊天、砒霜、邮件等非游戏段落）,,2018-02-09-live-01
2018-02-10,六,杀戮尖塔/Slay the Spire,0,已有条目·内容一致,2018-02-10-live-01,节目单内容与条目一致（或只多聊天、砒霜、邮件等非游戏段落）,,2018-02-10-live-01
2018-02-11,日,请假,6,非直播／活动／休息,,节目单：请假,,
2018-02-12,一,心灵砒霜 | 邮件9,0,已有条目·内容一致,2018-02-12-live-01,节目单内容与条目一致（或只多聊天、砒霜、邮件等非游戏段落）,,2018-02-12-live-01
2018-02-13,二,,6,非直播／活动／休息,,节目单：空白,,
2018-02-14,三,,6,非直播／活动／休息,,节目单：空白,,
2018-02-15,四,年前放风筝69 | 年前聊天52,2,已有条目·缺内容,2018-02-15-live-01 | 2018-02-15-live-02,节目单另记「年前放风筝69」，条目未收；只有节目单一处，未改条目,,2018-02-15-live-01 | 2018-02-15-live-02
2018-02-16,五,,6,非直播／活动／休息,,节目单：空白,,
2018-02-17,六,,6,非直播／活动／休息,,节目单：空白,,
2018-02-18,日,绝地求生190 | 拼乐高206,2,已有条目·缺内容,2018-02-18-live-01,节目单另记「拼乐高206」，条目未收；只有节目单一处，未改条目,,2018-02-18-live-01
2018-02-19,一,橙光游戏亲爱的小鲜肉,0,已有条目·内容一致,2018-02-19-live-01,节目单内容与条目一致（或只多聊天、砒霜、邮件等非游戏段落）,,2018-02-19-live-01
2018-02-20,二,,6,非直播／活动／休息,,节目单：空白,,
2018-02-21,三,,6,非直播／活动／休息,,节目单：空白,,
2018-02-22,四,骑马溜冰 | 壮壮落马,2,已有条目·缺内容,2018-02-22-live-01,节目单另记「壮壮落马」，条目未收；只有节目单一处，未改条目,,2018-02-22-live-01
2018-02-23,五,拼乐高,2,已有条目·缺内容,2018-02-23-live-01,节目单另记「拼乐高」，条目未收；只有节目单一处，未改条目,,2018-02-23-live-01
2018-02-24,六,橙光游戏亲爱的小鲜肉,0,已有条目·内容一致,2018-02-24-live-01,节目单内容与条目一致（或只多聊天、砒霜、邮件等非游戏段落）,,2018-02-24-live-01
2018-02-25,日,心灵砒霜 | 邮件19,0,已有条目·内容一致,2018-02-25-live-01,节目单内容与条目一致（或只多聊天、砒霜、邮件等非游戏段落）,,2018-02-25-live-01
2018-02-26,一,橙光游戏亲爱的小鲜肉,0,已有条目·内容一致,2018-02-26-live-01,节目单内容与条目一致（或只多聊天、砒霜、邮件等非游戏段落）,,2018-02-26-live-01
2018-02-27,二,橙光游戏亲爱的小鲜肉,0,已有条目·内容一致,2018-02-27-live-01,节目单内容与条目一致（或只多聊天、砒霜、邮件等非游戏段落）,,2018-02-27-live-01
2018-02-28,三,绝地救生/PLAYERUNKNOWN’S BATTLEGROUNDS,0,已有条目·内容一致,2018-02-28-live-01,节目单内容与条目一致（或只多聊天、砒霜、邮件等非游戏段落）,,2018-02-28-live-01
2018-03-01,四,休息,6,非直播／活动／休息,,节目单：休息,,
2018-03-02,五,戏说红楼,2,已有条目·缺内容,2018-03-02-live-01,节目单另记「戏说红楼」，条目未收；只有节目单一处，未改条目,条目只有节目单及其 2024 年贴吧转贴为据，confidence 由 medium 降为 low,2018-03-02-live-01
2018-03-03,六,弹丸论破 | 程序员升职记/7 Billion Humans,0,已有条目·内容一致,2018-03-03-live-01 | 2018-03-03-live-02,节目单内容与条目一致（或只多聊天、砒霜、邮件等非游戏段落）,,2018-03-03-live-01 | 2018-03-03-live-02
2018-03-04,日,心灵砒霜 | 邮件20,0,已有条目·内容一致,2018-03-04-live-01,节目单内容与条目一致（或只多聊天、砒霜、邮件等非游戏段落）,,2018-03-04-live-01
2018-03-05,一,弹丸论破,0,已有条目·内容一致,2018-03-05-live-01,节目单内容与条目一致（或只多聊天、砒霜、邮件等非游戏段落）,,2018-03-05-live-01
2018-03-06,二,弹丸论破,0,已有条目·内容一致,2018-03-06-live-01,节目单内容与条目一致（或只多聊天、砒霜、邮件等非游戏段落）,,2018-03-06-live-01
2018-03-07,三,弹丸论破,0,已有条目·内容一致,2018-03-07-live-01,节目单内容与条目一致（或只多聊天、砒霜、邮件等非游戏段落）,,2018-03-07-live-01
2018-03-08,四,弹丸论破,0,已有条目·内容一致,2018-03-08-live-01,节目单内容与条目一致（或只多聊天、砒霜、邮件等非游戏段落）,,2018-03-08-live-01
2018-03-09,五,弹丸论破,0,已有条目·内容一致,2018-03-09-live-01,节目单内容与条目一致（或只多聊天、砒霜、邮件等非游戏段落）,,2018-03-09-live-01
2018-03-10,六,休息,6,非直播／活动／休息,,节目单：休息,,
2018-03-11,日,心灵砒霜 | 邮件12,0,已有条目·内容一致,2018-03-11-live-01,节目单内容与条目一致（或只多聊天、砒霜、邮件等非游戏段落）,,2018-03-11-live-01
2018-03-12,一,休息,6,非直播／活动／休息,,节目单：休息,,
2018-03-13,二,休息,6,非直播／活动／休息,,节目单：休息,,
2018-03-14,三,蔚蓝/Celeste | 光遇/Sky,0,已有条目·内容一致,2018-03-14-live-02 | 2018-03-14-live-03,节目单内容与条目一致（或只多聊天、砒霜、邮件等非游戏段落）,,2018-03-14-live-02 | 2018-03-14-live-03
2018-03-15,四,休息,6,非直播／活动／休息,,节目单：休息,,
2018-03-16,五,蔚蓝/Celeste,0,已有条目·内容一致,2018-03-16-live-01,节目单内容与条目一致（或只多聊天、砒霜、邮件等非游戏段落）,,2018-03-16-live-01
2018-03-17,六,蔚蓝/Celeste,0,已有条目·内容一致,2018-03-17-live-01,节目单内容与条目一致（或只多聊天、砒霜、邮件等非游戏段落）,,2018-03-17-live-01
2018-03-18,日,心灵砒霜 | 邮件12,0,已有条目·内容一致,2018-03-18-live-01,节目单内容与条目一致（或只多聊天、砒霜、邮件等非游戏段落）,,2018-03-18-live-01
2018-03-19,一,超级情圣/Super Seducer,0,已有条目·内容一致,2018-03-19-live-01,节目单内容与条目一致（或只多聊天、砒霜、邮件等非游戏段落）,,2018-03-19-live-01
2018-03-20,二,蔚蓝/Celeste | 废都物语,2,已有条目·缺内容,2018-03-20-live-01,节目单另记「蔚蓝/Celeste」，条目未收；只有节目单一处，未改条目,,2018-03-20-live-01
2018-03-21,三,盗贼之海/Sea of Theives,0,已有条目·内容一致,2018-03-21-live-01,节目单内容与条目一致（或只多聊天、砒霜、邮件等非游戏段落）,,2018-03-21-live-01
2018-03-22,四,盗贼之海/Sea of Theives | 绝地救生/PLAYERUNKNOWN’S BATTLEGROUNDS,0,已有条目·内容一致,2018-03-22-live-01,节目单内容与条目一致（或只多聊天、砒霜、邮件等非游戏段落）,,2018-03-22-live-01
2018-03-23,五,休息,6,非直播／活动／休息,,节目单：休息,,
2018-03-24,六,没人会被炸掉/Keep Talking and Nobody Explodes,0,已有条目·内容一致,2018-03-24-live-01,节目单内容与条目一致（或只多聊天、砒霜、邮件等非游戏段落）,,2018-03-24-live-01
2018-03-25,日,66说书：聊斋志异 | 超级兔子人/Super Bunny Man,0,已有条目·内容一致,2018-03-25-live-01,节目单内容与条目一致（或只多聊天、砒霜、邮件等非游戏段落）,,2018-03-25-live-01
2018-03-26,一,没人会被炸掉/Keep Talking and Nobody Explodes,0,已有条目·内容一致,2018-03-26-live-01 | 2018-03-26-live-02,节目单内容与条目一致（或只多聊天、砒霜、邮件等非游戏段落）,,2018-03-26-live-01 | 2018-03-26-live-02
2018-03-27,二,没人会被炸掉/Keep Talking and Nobody Explodes,0,已有条目·内容一致,2018-03-27-live-01,节目单内容与条目一致（或只多聊天、砒霜、邮件等非游戏段落）,,2018-03-27-live-01
2018-03-28,三,UNO牌,0,已有条目·内容一致,2018-03-28-live-01,节目单内容与条目一致（或只多聊天、砒霜、邮件等非游戏段落）,,2018-03-28-live-01
2018-03-29,四,休息,6,非直播／活动／休息,,节目单：休息,,
2018-03-30,五,星之卡比 | 游戏机被妈妈藏起来了,2,已有条目·缺内容,2018-03-30-live-01,节目单另记「游戏机被妈妈藏起来了」，条目未收；只有节目单一处，未改条目,,2018-03-30-live-01
2018-03-31,六,脸黑先生/Chuchel | 游戏机被妈妈藏起来了,0,已有条目·内容一致,2018-03-31-live-01,节目单内容与条目一致（或只多聊天、砒霜、邮件等非游戏段落）,,2018-03-31-live-01
2018-04-01,日,聊斋两则 | 心灵砒霜 | 邮件13,2,已有条目·缺内容,2018-04-01-live-01,节目单另记「聊斋两则」，条目未收；只有节目单一处，未改条目,,2018-04-01-live-01
2018-04-02,一,PuyoPuyo Tetris,0,已有条目·内容一致,2018-04-02-live-01,节目单内容与条目一致（或只多聊天、砒霜、邮件等非游戏段落）,,2018-04-02-live-01
2018-04-03,二,PuyoPuyo Tetris | 洞窟物语,0,已有条目·内容一致,2018-04-03-live-01,节目单内容与条目一致（或只多聊天、砒霜、邮件等非游戏段落）,,2018-04-03-live-01
2018-04-04,三,动漫音乐赏析,2,已有条目·缺内容,2018-04-04-live-01,节目单另记「动漫音乐赏析」，条目未收；只有节目单一处，未改条目,,2018-04-04-live-01
2018-04-05,四,休息,6,非直播／活动／休息,,节目单：休息,,
2018-04-06,五,第五人格 | 豆豆来唱歌74,2,已有条目·缺内容,2018-04-06-live-01 | 2018-04-06-live-02,节目单另记「第五人格」，条目未收；只有节目单一处，未改条目,,2018-04-06-live-01 | 2018-04-06-live-02
2018-04-07,六,卡丁车,0,已有条目·内容一致,2018-04-07-live-01,节目单内容与条目一致（或只多聊天、砒霜、邮件等非游戏段落）,,2018-04-07-live-01
2018-04-08,日,聊天,0,已有条目·内容一致,2018-04-08-live-01,节目单内容与条目一致（或只多聊天、砒霜、邮件等非游戏段落）,,2018-04-08-live-01
2018-04-09,一,休息,6,非直播／活动／休息,,节目单：休息,,
2018-04-10,二,休息,6,非直播／活动／休息,,节目单：休息,,
2018-04-11,三,节奏天国,0,已有条目·内容一致,2018-04-11-live-01,节目单内容与条目一致（或只多聊天、砒霜、邮件等非游戏段落）,,2018-04-11-live-01
2018-04-12,四,节目展示 | 心灵砒霜 | 超级兔子人/Super Bunny Man | 邮件4,2,已有条目·缺内容,2018-04-12-live-01,节目单另记「节目展示」，条目未收；只有节目单一处，未改条目,,2018-04-12-live-01
2018-04-13,五,老人之旅/ Old Man's Journey | 众生/ The Lives,0,已有条目·内容一致,2018-04-13-live-01,节目单内容与条目一致（或只多聊天、砒霜、邮件等非游戏段落）,,2018-04-13-live-01
2018-04-14,六,逃出生天/ A Way Out,0,已有条目·内容一致,2018-04-14-live-01,节目单内容与条目一致（或只多聊天、砒霜、邮件等非游戏段落）,,2018-04-14-live-01
2018-04-15,日,心灵砒霜 | 邮件13,0,已有条目·内容一致,2018-04-15-live-01,节目单内容与条目一致（或只多聊天、砒霜、邮件等非游戏段落）,,2018-04-15-live-01
2018-04-16,一,逃出生天/ A Way Out | 冒险岛Online,2,已有条目·缺内容,2018-04-16-live-01,节目单另记「逃出生天/ A Way Out」，条目未收；只有节目单一处，未改条目,,2018-04-16-live-01
2018-04-17,二,聊斋 | 堡垒之夜,0,已有条目·内容一致,2018-04-17-live-01 | 2018-04-17-live-02,节目单内容与条目一致（或只多聊天、砒霜、邮件等非游戏段落）,,2018-04-17-live-01 | 2018-04-17-live-02
2018-04-18,三,休息,6,非直播／活动／休息,,节目单：休息,,
2018-04-19,四,休息,6,非直播／活动／休息,,节目单：休息,,
2018-04-20,五,战神God of War,0,已有条目·内容一致,2018-04-20-live-01,节目单内容与条目一致（或只多聊天、砒霜、邮件等非游戏段落）,,2018-04-20-live-01
2018-04-21,六,战神God of War,0,已有条目·内容一致,2018-04-21-live-01,节目单内容与条目一致（或只多聊天、砒霜、邮件等非游戏段落）,,2018-04-21-live-01
2018-04-22,日,心灵砒霜 | 邮件9 | 冒险岛Online,0,已有条目·内容一致,2018-04-22-live-01 | 2018-04-22-live-02,节目单内容与条目一致（或只多聊天、砒霜、邮件等非游戏段落）,,2018-04-22-live-01 | 2018-04-22-live-02
2018-04-23,一,战神God of War | 堡垒之夜,0,已有条目·内容一致,2018-04-23-live-01 | 2018-04-23-live-02 | 2018-04-23-live-03,节目单内容与条目一致（或只多聊天、砒霜、邮件等非游戏段落）,,2018-04-23-live-01 | 2018-04-23-live-02 | 2018-04-23-live-03
2018-04-24,二,发布会彩排 | 搜狐视频发布,6,非直播／活动／休息,,节目单：发布会彩排 | 搜狐视频发布,,
2018-04-25,三,Playstation 媒体体验会 | 堡垒之夜,0,已有条目·内容一致,2018-04-25-live-01 | 2018-04-25-live-02,节目单内容与条目一致（或只多聊天、砒霜、邮件等非游戏段落）,,2018-04-25-live-01 | 2018-04-25-live-02
2018-04-26,四,堡垒之夜,0,已有条目·内容一致,2018-04-26-live-01,节目单内容与条目一致（或只多聊天、砒霜、邮件等非游戏段落）,,2018-04-26-live-01
2018-04-27,五,战神God of War,0,已有条目·内容一致,2018-04-27-live-01,节目单内容与条目一致（或只多聊天、砒霜、邮件等非游戏段落）,,2018-04-27-live-01
2018-04-28,六,嘉年华红毯,6,非直播／活动／休息,,节目单：嘉年华红毯,,
2018-04-29,日,嘉年华第一天,6,非直播／活动／休息,,节目单：嘉年华第一天,,
2018-04-30,一,嘉年华主机区活动 | 粉丝见面会,2,已有条目·缺内容,2018-04-30-live-01,节目单另记「粉丝见面会」，条目未收；只有节目单一处，未改条目,,2018-04-30-live-01
2018-05-01,二,长安福特翼博 | 主机区逛逛,2,已有条目·缺内容,2018-05-01-live-01,节目单另记「长安福特翼博」，条目未收；只有节目单一处，未改条目,,2018-05-01-live-01
2018-05-02,三,休息,6,非直播／活动／休息,,节目单：休息,,
2018-05-03,四,任天堂labo,0,已有条目·内容一致,2018-05-03-live-01,节目单内容与条目一致（或只多聊天、砒霜、邮件等非游戏段落）,,2018-05-03-live-01
2018-05-04,五,任天堂labo,0,已有条目·内容一致,2018-05-04-live-01,节目单内容与条目一致（或只多聊天、砒霜、邮件等非游戏段落）,,2018-05-04-live-01
2018-05-05,六,2018核聚变,0,已有条目·内容一致,2018-05-05-live-01,节目单内容与条目一致（或只多聊天、砒霜、邮件等非游戏段落）,,2018-05-05-live-01
2018-05-06,日,心灵砒霜 | 邮件9,0,已有条目·内容一致,2018-05-06-live-01,节目单内容与条目一致（或只多聊天、砒霜、邮件等非游戏段落）,,2018-05-06-live-01
2018-05-07,一,休息,6,非直播／活动／休息,,节目单：休息,,
2018-05-08,二,杀戮尖塔/Slay the Spire,0,已有条目·内容一致,2018-05-08-live-01,节目单内容与条目一致（或只多聊天、砒霜、邮件等非游戏段落）,,2018-05-08-live-01
2018-05-09,三,艾兰岛/ Ylands,0,已有条目·内容一致,2018-05-09-live-01,节目单内容与条目一致（或只多聊天、砒霜、邮件等非游戏段落）,,2018-05-09-live-01
2018-05-10,四,VR游戏 | 节奏光剑、拆弹、冰湖钓鱼、Rec Room,2,已有条目·缺内容,2018-05-10-live-01,节目单另记「VR游戏」，条目未收；只有节目单一处，未改条目,,2018-05-10-live-01
2018-05-11,五,Unity Beijing 2018 开发者大会,0,已有条目·内容一致,2018-05-11-live-01,节目单内容与条目一致（或只多聊天、砒霜、邮件等非游戏段落）,,2018-05-11-live-01
2018-05-12,六,VR游戏 | 节奏光剑 | Tilt Brush,2,已有条目·缺内容,2018-05-12-live-01,节目单另记「VR游戏、节奏光剑」，条目未收；只有节目单一处，未改条目,,2018-05-12-live-01
2018-05-13,日,心灵砒霜 | 邮件15,0,已有条目·内容一致,2018-05-13-live-01,节目单内容与条目一致（或只多聊天、砒霜、邮件等非游戏段落）,,2018-05-13-live-01
2018-05-14,一,聊斋 | 唱歌,0,已有条目·内容一致,2018-05-14-live-01,节目单内容与条目一致（或只多聊天、砒霜、邮件等非游戏段落）,,2018-05-14-live-01
2018-05-15,二,,6,非直播／活动／休息,,节目单：空白,,
2018-05-16,三,我们也在这里/ We Were Here Too+DLC,0,已有条目·内容一致,2018-05-16-live-01,节目单内容与条目一致（或只多聊天、砒霜、邮件等非游戏段落）,,2018-05-16-live-01
2018-05-17,四,,6,非直播／活动／休息,,节目单：空白,,
2018-05-18,五,传奇法师/ Wizard of Legend,0,已有条目·内容一致,2018-05-18-live-01,节目单内容与条目一致（或只多聊天、砒霜、邮件等非游戏段落）,,2018-05-18-live-01
2018-05-19,六,急性肠胃炎，请假,6,非直播／活动／休息,,节目单：急性肠胃炎，请假,,
2018-05-20,日,生病卧床闲聊,2,已有条目·缺内容,2018-05-20-live-01,节目单另记「生病卧床闲聊」，条目未收；只有节目单一处，未改条目,,2018-05-20-live-01
2018-05-21,一,传奇法师/ Wizard of Legend,0,已有条目·内容一致,2018-05-21-live-01,节目单内容与条目一致（或只多聊天、砒霜、邮件等非游戏段落）,,2018-05-21-live-01
2018-05-22,二,房产达人/ House Flipper,0,已有条目·内容一致,2018-05-22-live-01,节目单内容与条目一致（或只多聊天、砒霜、邮件等非游戏段落）,,2018-05-22-live-01
2018-05-23,三,探望依依,6,非直播／活动／休息,,节目单：探望依依,,
2018-05-24,四,黑暗之魂重制/ Dark Souls Remastered,0,已有条目·内容一致,2018-05-24-live-01,节目单内容与条目一致（或只多聊天、砒霜、邮件等非游戏段落）,,2018-05-24-live-01
2018-05-25,五,黑暗之魂重制/ Dark Souls Remastered,0,已有条目·内容一致,2018-05-25-live-01,节目单内容与条目一致（或只多聊天、砒霜、邮件等非游戏段落）,,2018-05-25-live-01
2018-05-26,六,黑暗之魂重制/ Dark Souls Remastered,0,已有条目·内容一致,2018-05-26-live-01,节目单内容与条目一致（或只多聊天、砒霜、邮件等非游戏段落）,条目只有节目单及其 2024 年贴吧转贴为据，confidence 由 medium 降为 low,2018-05-26-live-01
2018-05-27,日,聊斋 | 心灵砒霜 | 邮件10,0,已有条目·内容一致,2018-05-27-live-01 | 2018-05-27-live-02,节目单内容与条目一致（或只多聊天、砒霜、邮件等非游戏段落）,,2018-05-27-live-01 | 2018-05-27-live-02
2018-05-28,一,黑暗之魂重制/ Dark Souls Remastered,0,已有条目·内容一致,2018-05-28-live-01,节目单内容与条目一致（或只多聊天、砒霜、邮件等非游戏段落）,,2018-05-28-live-01
2018-05-29,二,黑暗之魂重制/ Dark Souls Remastered,0,已有条目·内容一致,2018-05-29-live-01,节目单内容与条目一致（或只多聊天、砒霜、邮件等非游戏段落）,,2018-05-29-live-01
2018-05-30,三,女巫来了/Witch It,0,已有条目·内容一致,2018-05-30-live-01,节目单内容与条目一致（或只多聊天、砒霜、邮件等非游戏段落）,,2018-05-30-live-01
2018-05-31,四,木筏求生/ Raft,0,已有条目·内容一致,2018-05-31-live-01,节目单内容与条目一致（或只多聊天、砒霜、邮件等非游戏段落）,,2018-05-31-live-01
2018-06-01,五,木筏求生/ Raft,0,已有条目·内容一致,2018-06-01-live-01,节目单内容与条目一致（或只多聊天、砒霜、邮件等非游戏段落）,,2018-06-01-live-01
2018-06-02,六,观影：巴霍巴利王,2,已有条目·缺内容,2018-06-02-live-01,节目单另记「观影：巴霍巴利王」，条目未收；只有节目单一处，未改条目,条目只有节目单及其 2024 年贴吧转贴为据，confidence 由 medium 降为 low,2018-06-02-live-01
2018-06-03,日,聊斋 | 心灵砒霜 | 邮件26,0,已有条目·内容一致,2018-06-03-live-01 | 2018-06-03-live-02,节目单内容与条目一致（或只多聊天、砒霜、邮件等非游戏段落）,,2018-06-03-live-01 | 2018-06-03-live-02
2018-06-04,一,休息,6,非直播／活动／休息,,节目单：休息,,
2018-06-05,二,孤帆远航/ FAR：Lone Sails,0,已有条目·内容一致,2018-06-05-live-01,节目单内容与条目一致（或只多聊天、砒霜、邮件等非游戏段落）,,2018-06-05-live-01
2018-06-06,三,大周庆典 | 跳舞弹钢琴,2,已有条目·缺内容,2018-06-06-live-01,节目单另记「跳舞弹钢琴」，条目未收；只有节目单一处，未改条目,,2018-06-06-live-01
2018-06-07,四,战斗厨师旅团/ Battle Chef Brigade,0,已有条目·内容一致,2018-06-07-live-01,节目单内容与条目一致（或只多聊天、砒霜、邮件等非游戏段落）,,2018-06-07-live-01
2018-06-08,五,间谍派对/ Spy Party,0,已有条目·内容一致,2018-06-08-live-01,节目单内容与条目一致（或只多聊天、砒霜、邮件等非游戏段落）,,2018-06-08-live-01
2018-06-09,六,Just Shapes & Beats,0,已有条目·内容一致,2018-06-09-live-01,节目单内容与条目一致（或只多聊天、砒霜、邮件等非游戏段落）,,2018-06-09-live-01
2018-06-10,日,E3前准备,6,非直播／活动／休息,,节目单：E3前准备,,
2018-06-11,一,酒店闲聊,2,已有条目·缺内容,2018-06-11-live-01,节目单另记「酒店闲聊」，条目未收；只有节目单一处，未改条目,,2018-06-11-live-01
2018-06-12,二,索尼展前发布会,0,已有条目·内容一致,2018-06-12-live-01 | 2018-06-12-live-02,节目单内容与条目一致（或只多聊天、砒霜、邮件等非游戏段落）,,2018-06-12-live-01 | 2018-06-12-live-02
2018-06-13,三,E3,0,已有条目·内容一致,2018-06-13-live-01,节目单内容与条目一致（或只多聊天、砒霜、邮件等非游戏段落）,,2018-06-13-live-01
2018-06-14,四,休息,6,非直播／活动／休息,,节目单：休息,,
2018-06-15,五,回程,6,非直播／活动／休息,,节目单：回程,,
2018-06-16,六,Golf With Your Friends,0,已有条目·内容一致,2018-06-16-live-01,节目单内容与条目一致（或只多聊天、砒霜、邮件等非游戏段落）,,2018-06-16-live-01
2018-06-17,日,聊斋 | 心灵砒霜 | 邮件10,0,已有条目·内容一致,2018-06-17-live-01 | 2018-06-17-live-02,节目单内容与条目一致（或只多聊天、砒霜、邮件等非游戏段落）,,2018-06-17-live-01 | 2018-06-17-live-02
2018-06-18,一,回家过节,6,非直播／活动／休息,,节目单：回家过节,,
2018-06-19,二,休息,6,非直播／活动／休息,,节目单：休息,,
2018-06-20,三,郡主上线,2,已有条目·缺内容,2018-06-20-live-01,节目单另记「郡主上线」，条目未收；只有节目单一处，未改条目,,2018-06-20-live-01
2018-06-21,四,看日记,2,已有条目·缺内容,2018-06-21-live-01,节目单另记「看日记」，条目未收；只有节目单一处，未改条目,,2018-06-21-live-01
2018-06-22,五,喜剧之夜/ Comedy Night | 手部模拟器/ Hand Simulator,0,已有条目·内容一致,2018-06-22-live-01,节目单内容与条目一致（或只多聊天、砒霜、邮件等非游戏段落）,,2018-06-22-live-01
2018-06-23,六,VR游戏 | 节奏光剑 | Accounting | Job Simulator,2,已有条目·缺内容,2018-06-23-live-01,节目单另记「VR游戏、节奏光剑、Accounting、Job Simulator」，条目未收；只有节目单一处，未改条目,,2018-06-23-live-01
2018-06-24,日,聊斋 | 心灵砒霜 | 邮件14,0,已有条目·内容一致,2018-06-24-live-01 | 2018-06-24-live-02,节目单内容与条目一致（或只多聊天、砒霜、邮件等非游戏段落）,,2018-06-24-live-01 | 2018-06-24-live-02
2018-06-25,一,一起玩农场/Farm Together,0,已有条目·内容一致,2018-06-25-live-01,节目单内容与条目一致（或只多聊天、砒霜、邮件等非游戏段落）,,2018-06-25-live-01
2018-06-26,二,一起玩农场/Farm Together,0,已有条目·内容一致,2018-06-26-live-01,节目单内容与条目一致（或只多聊天、砒霜、邮件等非游戏段落）,,2018-06-26-live-01
2018-06-27,三,一起玩农场/Farm Together | 唱歌,0,已有条目·内容一致,2018-06-27-live-01,节目单内容与条目一致（或只多聊天、砒霜、邮件等非游戏段落）,,2018-06-27-live-01
2018-06-28,四,聊天,0,已有条目·内容一致,2018-06-28-live-01,节目单内容与条目一致（或只多聊天、砒霜、邮件等非游戏段落）,,2018-06-28-live-01
2018-06-29,五,一起玩农场/Farm Together,0,已有条目·内容一致,2018-06-29-live-01,节目单内容与条目一致（或只多聊天、砒霜、邮件等非游戏段落）,,2018-06-29-live-01
2018-06-30,六,一起玩农场/Farm Together | 逆水寒,0,已有条目·内容一致,2018-06-30-live-01,节目单内容与条目一致（或只多聊天、砒霜、邮件等非游戏段落）,,2018-06-30-live-01
2018-07-01,日,聊斋 | 心灵砒霜 | 邮件13,0,已有条目·内容一致,2018-07-01-live-01 | 2018-07-01-live-02,节目单内容与条目一致（或只多聊天、砒霜、邮件等非游戏段落）,,2018-07-01-live-01 | 2018-07-01-live-02
2018-07-02,一,VR游戏 | 乒乓球 | 聊天,2,已有条目·缺内容,2018-07-02-live-01,节目单另记「VR游戏、乒乓球」，条目未收；只有节目单一处，未改条目,,2018-07-02-live-01
2018-07-03,二,休息,6,非直播／活动／休息,,节目单：休息,,
2018-07-04,三,休息,6,非直播／活动／休息,,节目单：休息,,
2018-07-05,四,休息,6,非直播／活动／休息,,节目单：休息,,
2018-07-06,五,蒸汽世界/ SteamWorld Dig,0,已有条目·内容一致,2018-07-06-live-01,节目单内容与条目一致（或只多聊天、砒霜、邮件等非游戏段落）,,2018-07-06-live-01
2018-07-07,六,蒸汽世界/ SteamWorld Dig | 极限巅峰/ Steep | 逆水寒,0,已有条目·内容一致,2018-07-07-live-01,节目单内容与条目一致（或只多聊天、砒霜、邮件等非游戏段落）,,2018-07-07-live-01
2018-07-08,日,聊斋 | 心灵砒霜 | 邮件12,0,已有条目·内容一致,2018-07-08-live-01,节目单内容与条目一致（或只多聊天、砒霜、邮件等非游戏段落）,,2018-07-08-live-01
2018-07-09,一,休息,6,非直播／活动／休息,,节目单：休息,,
2018-07-10,二,极限巅峰/ Steep,0,已有条目·内容一致,2018-07-10-live-01,节目单内容与条目一致（或只多聊天、砒霜、邮件等非游戏段落）,,2018-07-10-live-01
2018-07-11,三,我被男神捅死了,0,已有条目·内容一致,2018-07-11-live-01,节目单内容与条目一致（或只多聊天、砒霜、邮件等非游戏段落）,,2018-07-11-live-01
2018-07-12,四,休息,6,非直播／活动／休息,,节目单：休息,,
2018-07-13,五,我被男神捅死了,0,已有条目·内容一致,2018-07-13-live-01,节目单内容与条目一致（或只多聊天、砒霜、邮件等非游戏段落）,,2018-07-13-live-01
2018-07-14,六,来访者/ Visitor,0,已有条目·内容一致,2018-07-14-live-01,节目单内容与条目一致（或只多聊天、砒霜、邮件等非游戏段落）,,2018-07-14-live-01
2018-07-15,日,聊斋 | 心灵砒霜 | 邮件19,0,已有条目·内容一致,2018-07-15-live-01,节目单内容与条目一致（或只多聊天、砒霜、邮件等非游戏段落）,,2018-07-15-live-01
2018-07-16,一,休息,6,非直播／活动／休息,,节目单：休息,,
2018-07-17,二,八方旅人/ Octopath Traveler,0,已有条目·内容一致,2018-07-17-live-01,节目单内容与条目一致（或只多聊天、砒霜、邮件等非游戏段落）,,2018-07-17-live-01
2018-07-18,三,八方旅人/ Octopath Traveler,0,已有条目·内容一致,2018-07-18-live-01,节目单内容与条目一致（或只多聊天、砒霜、邮件等非游戏段落）,,2018-07-18-live-01
2018-07-19,四,八方旅人/ Octopath Traveler,0,已有条目·内容一致,2018-07-19-live-01,节目单内容与条目一致（或只多聊天、砒霜、邮件等非游戏段落）,,2018-07-19-live-01
2018-07-20,五,八方旅人/ Octopath Traveler,0,已有条目·内容一致,2018-07-20-live-01,节目单内容与条目一致（或只多聊天、砒霜、邮件等非游戏段落）,,2018-07-20-live-01
2018-07-21,六,八方旅人/ Octopath Traveler | 绝地救生/PLAYERUNKNOWN’S BATTLEGROUNDS,0,已有条目·内容一致,2018-07-21-live-01,节目单内容与条目一致（或只多聊天、砒霜、邮件等非游戏段落）,,2018-07-21-live-01
2018-07-22,日,聊斋 | 心灵砒霜 | 邮件13,0,已有条目·内容一致,2018-07-22-live-01,节目单内容与条目一致（或只多聊天、砒霜、邮件等非游戏段落）,,2018-07-22-live-01
2018-07-23,一,八方旅人/ Octopath Traveler,0,已有条目·内容一致,2018-07-23-live-01,节目单内容与条目一致（或只多聊天、砒霜、邮件等非游戏段落）,,2018-07-23-live-01
2018-07-24,二,八方旅人/ Octopath Traveler,0,已有条目·内容一致,2018-07-24-live-01,节目单内容与条目一致（或只多聊天、砒霜、邮件等非游戏段落）,,2018-07-24-live-01
2018-07-25,三,八方旅人/ Octopath Traveler,0,已有条目·内容一致,2018-07-25-live-01,节目单内容与条目一致（或只多聊天、砒霜、邮件等非游戏段落）,,2018-07-25-live-01
2018-07-26,四,八方旅人/ Octopath Traveler,0,已有条目·内容一致,2018-07-26-live-01,节目单内容与条目一致（或只多聊天、砒霜、邮件等非游戏段落）,,2018-07-26-live-01
2018-07-27,五,太鼓达人NS,0,已有条目·内容一致,2018-07-27-live-01,节目单内容与条目一致（或只多聊天、砒霜、邮件等非游戏段落）,,2018-07-27-live-01
2018-07-28,六,炸弹鸡/Bomb Chicken,0,已有条目·内容一致,2018-07-28-live-01,节目单内容与条目一致（或只多聊天、砒霜、邮件等非游戏段落）,,2018-07-28-live-01
2018-07-29,日,聊斋 | 心灵砒霜 | 邮件12,0,已有条目·内容一致,2018-07-29-live-01,节目单内容与条目一致（或只多聊天、砒霜、邮件等非游戏段落）,,2018-07-29-live-01
2018-07-30,一,波西亚时光,0,已有条目·内容一致,2018-07-30-live-01,节目单内容与条目一致（或只多聊天、砒霜、邮件等非游戏段落）,,2018-07-30-live-01
2018-07-31,二,炸弹鸡/Bomb Chicken | 逆水寒,0,已有条目·内容一致,2018-07-31-live-01,节目单内容与条目一致（或只多聊天、砒霜、邮件等非游戏段落）,,2018-07-31-live-01
2018-08-01,三,,6,非直播／活动／休息,,节目单：空白,,
2018-08-02,四,CJ展前索尼发布会,0,已有条目·内容一致,2018-08-02-live-01,节目单内容与条目一致（或只多聊天、砒霜、邮件等非游戏段落）,,2018-08-02-live-01
2018-08-03,五,CJ索尼行,6,非直播／活动／休息,,节目单：CJ索尼行,,
2018-08-04,六,,6,非直播／活动／休息,,节目单：空白,,
2018-08-05,日,,6,非直播／活动／休息,,节目单：空白,,
2018-08-06,一,无人深空/ No Man's Sky,0,已有条目·内容一致,2018-08-06-live-01,节目单内容与条目一致（或只多聊天、砒霜、邮件等非游戏段落）,,2018-08-06-live-01
2018-08-07,二,休息,6,非直播／活动／休息,,节目单：休息,,
2018-08-08,三,煮糊了2 /Overcooked 2,0,已有条目·内容一致,2018-08-08-live-01,节目单内容与条目一致（或只多聊天、砒霜、邮件等非游戏段落）,,2018-08-08-live-01
2018-08-09,四,煮糊了2 /Overcooked 2 | 声控大师/ One Hand Clapping,0,已有条目·内容一致,2018-08-09-live-01,节目单内容与条目一致（或只多聊天、砒霜、邮件等非游戏段落）,,2018-08-09-live-01
2018-08-10,五,我的世界/MC 第一天,0,已有条目·内容一致,2018-08-10-live-01,节目单内容与条目一致（或只多聊天、砒霜、邮件等非游戏段落）,,2018-08-10-live-01
2018-08-11,六,怪物猎人世界/MONSTER HUNTER WORLD 腾讯WG | 我的世界/MC 第二天,2,已有条目·缺内容,2018-08-11-live-01,节目单另记「我的世界/MC 第二天」，条目未收；只有节目单一处，未改条目,,2018-08-11-live-01
2018-08-12,日,聊斋 | 心灵砒霜 | 邮件14,0,已有条目·内容一致,2018-08-12-live-01,节目单内容与条目一致（或只多聊天、砒霜、邮件等非游戏段落）,,2018-08-12-live-01
2018-08-13,一,我的世界/MC 第三天,0,已有条目·内容一致,2018-08-13-live-01,节目单内容与条目一致（或只多聊天、砒霜、邮件等非游戏段落）,,2018-08-13-live-01
2018-08-14,二,我的世界/MC 第四天,0,已有条目·内容一致,2018-08-14-live-01,节目单内容与条目一致（或只多聊天、砒霜、邮件等非游戏段落）,,2018-08-14-live-01
2018-08-15,三,我的世界/MC 第五天 | 幸福列车关注留守儿童,0,已有条目·内容一致,2018-08-15-live-01 | 2018-08-15-live-02,节目单内容与条目一致（或只多聊天、砒霜、邮件等非游戏段落）,,2018-08-15-live-01 | 2018-08-15-live-02
2018-08-16,四,休息,6,非直播／活动／休息,,节目单：休息,,
2018-08-17,五,我的世界/MC 第六天 建筑比赛 | 无人深空/ No Man's Sky,0,已有条目·内容一致,2018-08-17-live-01,节目单内容与条目一致（或只多聊天、砒霜、邮件等非游戏段落）,,2018-08-17-live-01
2018-08-18,六,我的世界/MC 第七天 MC歌会,0,已有条目·内容一致,2018-08-18-live-01,节目单内容与条目一致（或只多聊天、砒霜、邮件等非游戏段落）,,2018-08-18-live-01
2018-08-19,日,聊斋 | 心灵砒霜 | 邮件21,0,已有条目·内容一致,2018-08-19-live-01,节目单内容与条目一致（或只多聊天、砒霜、邮件等非游戏段落）,,2018-08-19-live-01
2018-08-20,一,星界边境/ Starbound,0,已有条目·内容一致,2018-08-20-live-01,节目单内容与条目一致（或只多聊天、砒霜、邮件等非游戏段落）,,2018-08-20-live-01
2018-08-21,二,我的世界/MC 第八天,0,已有条目·内容一致,2018-08-21-live-01,节目单内容与条目一致（或只多聊天、砒霜、邮件等非游戏段落）,,2018-08-21-live-01
2018-08-22,三,过山车之星/ Planet Coaster,0,已有条目·内容一致,2018-08-22-live-01,节目单内容与条目一致（或只多聊天、砒霜、邮件等非游戏段落）,,2018-08-22-live-01
2018-08-23,四,休息,6,非直播／活动／休息,,节目单：休息,,
2018-08-24,五,流星蝴蝶剑 | 我的世界/MC 第九天,0,已有条目·内容一致,2018-08-24-live-01 | 2018-08-24-live-02,节目单内容与条目一致（或只多聊天、砒霜、邮件等非游戏段落）,,2018-08-24-live-01 | 2018-08-24-live-02
2018-08-25,六,我的世界/MC 第十天,0,已有条目·内容一致,2018-08-25-live-01,节目单内容与条目一致（或只多聊天、砒霜、邮件等非游戏段落）,,2018-08-25-live-01
2018-08-26,日,心灵砒霜 | 邮件33,0,已有条目·内容一致,2018-08-26-live-01,节目单内容与条目一致（或只多聊天、砒霜、邮件等非游戏段落）,,2018-08-26-live-01
2018-08-27,一,PS4 PRO 限定版开箱,0,已有条目·内容一致,2018-08-27-live-01,节目单内容与条目一致（或只多聊天、砒霜、邮件等非游戏段落）,,2018-08-27-live-01
2018-08-28,二,休息,6,非直播／活动／休息,,节目单：休息,,
2018-08-29,三,休息,6,非直播／活动／休息,,节目单：休息,,
2018-08-30,四,休息,6,非直播／活动／休息,,节目单：休息,,
2018-08-31,五,休息,6,非直播／活动／休息,,节目单：休息,,
2018-09-01,六,休息,6,非直播／活动／休息,,节目单：休息,,
2018-09-02,日,休息,6,非直播／活动／休息,,节目单：休息,,
2018-09-03,一,休息,6,非直播／活动／休息,,节目单：休息,,
2018-09-04,二,过山车之星/ Planet Coaster,0,已有条目·内容一致,2018-09-04-live-01,节目单内容与条目一致（或只多聊天、砒霜、邮件等非游戏段落）,,2018-09-04-live-01
2018-09-05,三,双点医院/ Two Point Hospital,0,已有条目·内容一致,2018-09-05-live-01,节目单内容与条目一致（或只多聊天、砒霜、邮件等非游戏段落）,,2018-09-05-live-01
2018-09-06,四,Dota 2,0,已有条目·内容一致,2018-09-06-live-01,节目单内容与条目一致（或只多聊天、砒霜、邮件等非游戏段落）,,2018-09-06-live-01
2018-09-07,五,休息,6,非直播／活动／休息,,节目单：休息,,
2018-09-08,六,甜甜圈都市/ DonutCounty | 双点医院/ Two Point Hospital,2,已有条目·缺内容,2018-09-08-live-01,节目单另记「双点医院/ Two Point Hospital」，条目未收；只有节目单一处，未改条目,,2018-09-08-live-01
2018-09-09,日,聊斋 | 心灵砒霜 | 邮件16,0,已有条目·内容一致,2018-09-09-live-01,节目单内容与条目一致（或只多聊天、砒霜、邮件等非游戏段落）,,2018-09-09-live-01
2018-09-10,一,眩晕症,6,非直播／活动／休息,,节目单：眩晕症,,
2018-09-11,二,过山车之星/ Planet Coaster,0,已有条目·内容一致,2018-09-11-live-01,节目单内容与条目一致（或只多聊天、砒霜、邮件等非游戏段落）,,2018-09-11-live-01
2018-09-12,三,极限巅峰/ Steep,0,已有条目·内容一致,2018-09-12-live-01,节目单内容与条目一致（或只多聊天、砒霜、邮件等非游戏段落）,,2018-09-12-live-01
2018-09-13,四,奇异小队/ Strange Brigade,0,已有条目·内容一致,2018-09-13-live-01,节目单内容与条目一致（或只多聊天、砒霜、邮件等非游戏段落）,,2018-09-13-live-01
2018-09-14,五,奇异小队/ Strange Brigade,0,已有条目·内容一致,2018-09-14-live-01,节目单内容与条目一致（或只多聊天、砒霜、邮件等非游戏段落）,,2018-09-14-live-01
2018-09-15,六,奇异小队/ Strange Brigade | 超级情圣2 / Super Seducer 2,2,已有条目·缺内容,2018-09-15-live-01,节目单另记「超级情圣2 / Super Seducer 2」，条目未收；只有节目单一处，未改条目,,2018-09-15-live-01
2018-09-16,日,心灵砒霜 | 邮件30,0,已有条目·内容一致,2018-09-16-live-02,节目单内容与条目一致（或只多聊天、砒霜、邮件等非游戏段落）,,2018-09-16-live-02
2018-09-17,一,女巫来了/ Witch It | 39天到火星/ 39 Days to Mars,0,已有条目·内容一致,2018-09-17-live-01,节目单内容与条目一致（或只多聊天、砒霜、邮件等非游戏段落）,,2018-09-17-live-01
2018-09-18,二,武汉理工大学宣讲,0,已有条目·内容一致,2018-09-18-live-01,节目单内容与条目一致（或只多聊天、砒霜、邮件等非游戏段落）,,2018-09-18-live-01
2018-09-19,三,,6,非直播／活动／休息,,节目单：空白,,
2018-09-20,四,武汉大学宣讲,6,非直播／活动／休息,,节目单：武汉大学宣讲,,
2018-09-21,五,锈湖新章：悖论/ Rusty lake:Paradox,0,已有条目·内容一致,2018-09-21-live-01,节目单内容与条目一致（或只多聊天、砒霜、邮件等非游戏段落）,,2018-09-21-live-01
2018-09-22,六,钓鱼模拟器/ Ultimate Fishing Simulator,0,已有条目·内容一致,2018-09-22-live-01,节目单内容与条目一致（或只多聊天、砒霜、邮件等非游戏段落）,,2018-09-22-live-01
2018-09-23,日,心灵砒霜 | 邮件16,0,已有条目·内容一致,2018-09-23-live-01,节目单内容与条目一致（或只多聊天、砒霜、邮件等非游戏段落）,,2018-09-23-live-01
2018-09-24,一,在家过中秋 | 晚上语音76,2,已有条目·缺内容,2018-09-24-live-01,节目单另记「在家过中秋」，条目未收；只有节目单一处，未改条目,,2018-09-24-live-01
2018-09-25,二,,6,非直播／活动／休息,,节目单：空白,,
2018-09-26,三,钓鱼模拟器/ Ultimate Fishing Simulator,0,已有条目·内容一致,2018-09-26-live-01,节目单内容与条目一致（或只多聊天、砒霜、邮件等非游戏段落）,,2018-09-26-live-01
2018-09-27,四,恐龙公园/ Parkasaurus,0,已有条目·内容一致,2018-09-27-live-01,节目单内容与条目一致（或只多聊天、砒霜、邮件等非游戏段落）,,2018-09-27-live-01
2018-09-28,五,中国式家长,0,已有条目·内容一致,2018-09-28-live-01,节目单内容与条目一致（或只多聊天、砒霜、邮件等非游戏段落）,,2018-09-28-live-01
2018-09-29,六,中国式家长,0,已有条目·内容一致,2018-09-29-live-01,节目单内容与条目一致（或只多聊天、砒霜、邮件等非游戏段落）,,2018-09-29-live-01
2018-09-30,日,聊斋 | 心灵砒霜 | 邮件15,0,已有条目·内容一致,2018-09-30-live-01,节目单内容与条目一致（或只多聊天、砒霜、邮件等非游戏段落）,,2018-09-30-live-01
2018-10-01,一,,6,非直播／活动／休息,,节目单：空白,,
2018-10-02,二,老爷车/ Jalopy,0,已有条目·内容一致,2018-10-02-live-01,节目单内容与条目一致（或只多聊天、砒霜、邮件等非游戏段落）,,2018-10-02-live-01
2018-10-03,三,生日Patty,2,已有条目·缺内容,2018-10-03-live-01,节目单另记「生日Patty」，条目未收；只有节目单一处，未改条目,,2018-10-03-live-01
2018-10-04,四,,6,非直播／活动／休息,,节目单：空白,,
2018-10-05,五,老爷车/ Jalopy,0,已有条目·内容一致,2018-10-05-live-01,节目单内容与条目一致（或只多聊天、砒霜、邮件等非游戏段落）,,2018-10-05-live-01
2018-10-06,六,HUE,0,已有条目·内容一致,2018-10-06-live-01,节目单内容与条目一致（或只多聊天、砒霜、邮件等非游戏段落）,,2018-10-06-live-01
2018-10-07,日,心灵砒霜 | 邮件19,0,已有条目·内容一致,2018-10-07-live-01,节目单内容与条目一致（或只多聊天、砒霜、邮件等非游戏段落）,,2018-10-07-live-01
2018-10-08,一,拣·爱 | 老式音乐剧/ OldSchoolMusical,0,已有条目·内容一致,2018-10-08-live-01,节目单内容与条目一致（或只多聊天、砒霜、邮件等非游戏段落）,,2018-10-08-live-01
2018-10-09,二,语音直播,0,已有条目·内容一致,2018-10-09-live-01,节目单内容与条目一致（或只多聊天、砒霜、邮件等非游戏段落）,条目只有节目单及其 2024 年贴吧转贴为据，confidence 由 medium 降为 low,2018-10-09-live-01
2018-10-10,三,超级马里奥派对/ SUPER MARIO PARTY,0,已有条目·内容一致,2018-10-10-live-01,节目单内容与条目一致（或只多聊天、砒霜、邮件等非游戏段落）,,2018-10-10-live-01
2018-10-11,四,阳光路，关爱自闭儿童,2,已有条目·缺内容,2018-10-11-live-01,节目单另记「阳光路，关爱自闭儿童」，条目未收；只有节目单一处，未改条目,,2018-10-11-live-01
2018-10-12,五,超级马里奥派对/ SUPER MARIO PARTY,0,已有条目·内容一致,2018-10-12-live-01,节目单内容与条目一致（或只多聊天、砒霜、邮件等非游戏段落）,,2018-10-12-live-01
2018-10-13,六,,6,非直播／活动／休息,,节目单：空白,,
2018-10-14,日,心灵砒霜 | 邮件18,0,已有条目·内容一致,2018-10-14-live-01,节目单内容与条目一致（或只多聊天、砒霜、邮件等非游戏段落）,,2018-10-14-live-01
2018-10-15,一,语音直播,0,已有条目·内容一致,2018-10-15-live-01,节目单内容与条目一致（或只多聊天、砒霜、邮件等非游戏段落）,条目只有节目单及其 2024 年贴吧转贴为据，confidence 由 medium 降为 low,2018-10-15-live-01
2018-10-16,二,超级马里奥派对/ SUPER MARIO PARTY,0,已有条目·内容一致,2018-10-16-live-01,节目单内容与条目一致（或只多聊天、砒霜、邮件等非游戏段落）,,2018-10-16-live-01
2018-10-17,三,,6,非直播／活动／休息,,节目单：空白,,
2018-10-18,四,,6,非直播／活动／休息,,节目单：空白,,
2018-10-19,五,庇护所/ Sheltered,0,已有条目·内容一致,2018-10-19-live-01,节目单内容与条目一致（或只多聊天、砒霜、邮件等非游戏段落）,,2018-10-19-live-01
2018-10-20,六,庇护所/ Sheltered,0,已有条目·内容一致,2018-10-20-live-01,节目单内容与条目一致（或只多聊天、砒霜、邮件等非游戏段落）,,2018-10-20-live-01
2018-10-21,日,心灵砒霜 | 邮件17,0,已有条目·内容一致,2018-10-21-live-01,节目单内容与条目一致（或只多聊天、砒霜、邮件等非游戏段落）,,2018-10-21-live-01
2018-10-22,一,请假,6,非直播／活动／休息,,节目单：请假,,
2018-10-23,二,呼吸边缘/ Breathedge,0,已有条目·内容一致,2018-10-23-live-01,节目单内容与条目一致（或只多聊天、砒霜、邮件等非游戏段落）,,2018-10-23-live-01
2018-10-24,三,冰火王权/ Regins,0,已有条目·内容一致,2018-10-24-live-01,节目单内容与条目一致（或只多聊天、砒霜、邮件等非游戏段落）,,2018-10-24-live-01
2018-10-25,四,休息,6,非直播／活动／休息,,节目单：休息,,
2018-10-26,五,荒野大镖客：救赎2/ Red Dead: RedemptionⅡ,0,已有条目·内容一致,2018-10-26-live-01,节目单内容与条目一致（或只多聊天、砒霜、邮件等非游戏段落）,,2018-10-26-live-01
2018-10-27,六,荒野大镖客：救赎2/ Red Dead: RedemptionⅡ,0,已有条目·内容一致,2018-10-27-live-01,节目单内容与条目一致（或只多聊天、砒霜、邮件等非游戏段落）,,2018-10-27-live-01
2018-10-28,日,荒野大镖客：救赎2/ Red Dead: RedemptionⅡ,0,已有条目·内容一致,2018-10-28-live-01,节目单内容与条目一致（或只多聊天、砒霜、邮件等非游戏段落）,,2018-10-28-live-01
2018-10-29,一,荒野大镖客：救赎2/ Red Dead: RedemptionⅡ,0,已有条目·内容一致,2018-10-29-live-01,节目单内容与条目一致（或只多聊天、砒霜、邮件等非游戏段落）,,2018-10-29-live-01
2018-10-30,二,荒野大镖客：救赎2/ Red Dead: RedemptionⅡ,0,已有条目·内容一致,2018-10-30-live-01,节目单内容与条目一致（或只多聊天、砒霜、邮件等非游戏段落）,,2018-10-30-live-01
2018-10-31,三,荒野大镖客：救赎2/ Red Dead: RedemptionⅡ,0,已有条目·内容一致,2018-10-31-live-01,节目单内容与条目一致（或只多聊天、砒霜、邮件等非游戏段落）,,2018-10-31-live-01
2018-11-01,四,,6,非直播／活动／休息,,节目单：空白,,
2018-11-02,五,明日之后 | 荒野大镖客：救赎2/ Red Dead: RedemptionⅡ,0,已有条目·内容一致,2018-11-02-live-01,节目单内容与条目一致（或只多聊天、砒霜、邮件等非游戏段落）,,2018-11-02-live-01
2018-11-03,六,,6,非直播／活动／休息,,节目单：空白,,
2018-11-04,日,心灵砒霜 | 邮件20,0,已有条目·内容一致,2018-11-04-live-01,节目单内容与条目一致（或只多聊天、砒霜、邮件等非游戏段落）,,2018-11-04-live-01
2018-11-05,一,荒野大镖客：救赎2/ Red Dead: RedemptionⅡ,0,已有条目·内容一致,2018-11-05-live-01,节目单内容与条目一致（或只多聊天、砒霜、邮件等非游戏段落）,,2018-11-05-live-01
2018-11-06,二,荒野大镖客：救赎2/ Red Dead: RedemptionⅡ,0,已有条目·内容一致,2018-11-06-live-01,节目单内容与条目一致（或只多聊天、砒霜、邮件等非游戏段落）,,2018-11-06-live-01
2018-11-07,三,,6,非直播／活动／休息,,节目单：空白,,
2018-11-08,四,荒野大镖客：救赎2/ Red Dead: RedemptionⅡ | 唱个歌,2,已有条目·缺内容,2018-11-08-live-01,节目单另记「唱个歌」，条目未收；只有节目单一处，未改条目,,2018-11-08-live-01
2018-11-09,五,荒野大镖客：救赎2/ Red Dead: RedemptionⅡ,0,已有条目·内容一致,2018-11-09-live-01,节目单内容与条目一致（或只多聊天、砒霜、邮件等非游戏段落）,,2018-11-09-live-01
2018-11-10,六,半夜语音直播185 | 荒野大镖客：救赎2/ Red Dead: RedemptionⅡ | 224.0,0,已有条目·内容一致,2018-11-10-live-01,节目单内容与条目一致（或只多聊天、砒霜、邮件等非游戏段落）,,2018-11-10-live-01
2018-11-11,日,广州核聚变,6,非直播／活动／休息,,节目单：广州核聚变,,
2018-11-12,一,荒野大镖客：救赎2/ Red Dead: RedemptionⅡ | 新家首播,2,已有条目·缺内容,2018-11-12-live-01,节目单另记「新家首播」，条目未收；只有节目单一处，未改条目,,2018-11-12-live-01
2018-11-13,二,荒野大镖客：救赎2/ Red Dead: RedemptionⅡ,0,已有条目·内容一致,2018-11-13-live-01,节目单内容与条目一致（或只多聊天、砒霜、邮件等非游戏段落）,,2018-11-13-live-01
2018-11-14,三,BBC采访 | 荒野大镖客：救赎2/ Red Dead: RedemptionⅡ,0,已有条目·内容一致,2018-11-14-live-01 | 2018-11-14-live-02,节目单内容与条目一致（或只多聊天、砒霜、邮件等非游戏段落）,,2018-11-14-live-01 | 2018-11-14-live-02
2018-11-15,四,,6,非直播／活动／休息,,节目单：空白,,
2018-11-16,五,超级马里奥派对/ SUPER MARIO PARTY | 荒野大镖客：救赎2/ Red Dead: RedemptionⅡ,0,已有条目·内容一致,2018-11-16-live-01,节目单内容与条目一致（或只多聊天、砒霜、邮件等非游戏段落）,,2018-11-16-live-01
2018-11-17,六,蚯蚓/ Earthworms,0,已有条目·内容一致,2018-11-17-live-01,节目单内容与条目一致（或只多聊天、砒霜、邮件等非游戏段落）,,2018-11-17-live-01
2018-11-18,日,心灵砒霜 | 邮件12,0,已有条目·内容一致,2018-11-18-live-01,节目单内容与条目一致（或只多聊天、砒霜、邮件等非游戏段落）,,2018-11-18-live-01
2018-11-19,一,,6,非直播／活动／休息,,节目单：空白,,
2018-11-20,二,不要喂养猴子/ Do Not Feed the Monkeys,0,已有条目·内容一致,2018-11-20-live-01,节目单内容与条目一致（或只多聊天、砒霜、邮件等非游戏段落）,,2018-11-20-live-01
2018-11-21,三,不要喂养猴子/ Do Not Feed the Monkeys,0,已有条目·内容一致,2018-11-21-live-01,节目单内容与条目一致（或只多聊天、砒霜、邮件等非游戏段落）,,2018-11-21-live-01
2018-11-22,四,半夜语音,0,已有条目·内容一致,2018-11-22-live-01,节目单内容与条目一致（或只多聊天、砒霜、邮件等非游戏段落）,条目只有节目单及其 2024 年贴吧转贴为据，confidence 由 medium 降为 low,2018-11-22-live-01
2018-11-23,五,中国青年好网民巡回演讲-贵阳站 | 斗鱼音乐盛典,2,已有条目·缺内容,2018-11-23-live-01,节目单另记「中国青年好网民巡回演讲-贵阳站、斗鱼音乐盛典」，条目未收；只有节目单一处，未改条目,,2018-11-23-live-01
2018-11-24,六,沉默星球,4,仅节目单（候选）,,节目单：沉默星球。无快照、无同期帖、无录像，不建条目（沉默星球）,,
2018-11-25,日,心灵砒霜 | 邮件23,0,已有条目·内容一致,2018-11-25-live-01,节目单内容与条目一致（或只多聊天、砒霜、邮件等非游戏段落）,,2018-11-25-live-01
2018-11-26,一,聊天 | 唱歌 | 古剑奇谭3,0,已有条目·内容一致,2018-11-26-live-01,节目单内容与条目一致（或只多聊天、砒霜、邮件等非游戏段落）,,2018-11-26-live-01
2018-11-27,二,去配音路上,2,已有条目·缺内容,2018-11-27-live-01,节目单另记「去配音路上」，条目未收；只有节目单一处，未改条目,,2018-11-27-live-01
2018-11-28,三,古剑奇谭3,0,已有条目·内容一致,2018-11-28-live-01,节目单内容与条目一致（或只多聊天、砒霜、邮件等非游戏段落）,,2018-11-28-live-01
2018-11-29,四,古剑奇谭3 | 梦蝶101 | 古剑奇谭3 | 直播至1:04,2,已有条目·缺内容,2018-11-29-live-01 | 2018-11-29-live-02,节目单另记「直播至1:04」，条目未收；只有节目单一处，未改条目,,2018-11-29-live-01 | 2018-11-29-live-02
2018-11-30,五,,6,非直播／活动／休息,,节目单：空白,,
2018-12-01,六,斗地主 | 古剑奇谭3,0,已有条目·内容一致,2018-12-01-live-01,节目单内容与条目一致（或只多聊天、砒霜、邮件等非游戏段落）,,2018-12-01-live-01
2018-12-02,日,古剑奇谭3 | 心灵砒霜 | 邮件22,2,已有条目·缺内容,2018-12-02-live-01,节目单另记「古剑奇谭3」，条目未收；只有节目单一处，未改条目,,2018-12-02-live-01
2018-12-03,一,斗地主 | 古剑奇谭3,2,已有条目·缺内容,2018-12-03-live-01,节目单另记「斗地主」，条目未收；只有节目单一处，未改条目,,2018-12-03-live-01
2018-12-04,二,古剑奇谭3,0,已有条目·内容一致,2018-12-04-live-01,节目单内容与条目一致（或只多聊天、砒霜、邮件等非游戏段落）,,2018-12-04-live-01
2018-12-05,三,,6,非直播／活动／休息,,节目单：空白,,
2018-12-06,四,斗地主 | 古剑奇谭3,2,已有条目·缺内容,2018-12-06-live-01,节目单另记「斗地主」，条目未收；只有节目单一处，未改条目,,2018-12-06-live-01
2018-12-07,五,斗地主 | 古剑奇谭3,0,已有条目·内容一致,2018-12-07-live-01,节目单内容与条目一致（或只多聊天、砒霜、邮件等非游戏段落）,,2018-12-07-live-01
2018-12-08,六,古剑奇谭3 | 任天堂大乱斗,0,已有条目·内容一致,2018-12-08-live-01 | 2018-12-08-live-02,节目单内容与条目一致（或只多聊天、砒霜、邮件等非游戏段落）,,2018-12-08-live-01 | 2018-12-08-live-02
2018-12-09,日,心灵砒霜 | 邮件22,0,已有条目·内容一致,2018-12-09-live-01,节目单内容与条目一致（或只多聊天、砒霜、邮件等非游戏段落）,,2018-12-09-live-01
2018-12-10,一,彩虹坠入/ Iris Fall,0,已有条目·内容一致,2018-12-10-live-01,节目单内容与条目一致（或只多聊天、砒霜、邮件等非游戏段落）,,2018-12-10-live-01
2018-12-11,二,斗地主 | 任天堂大乱斗,0,已有条目·内容一致,2018-12-11-live-01,节目单内容与条目一致（或只多聊天、砒霜、邮件等非游戏段落）,,2018-12-11-live-01
2018-12-12,三,休息,6,非直播／活动／休息,,节目单：休息,,
2018-12-13,四,休息,6,非直播／活动／休息,,节目单：休息,,
2018-12-14,五,模拟农场19 Farming Simulator 19 | 斗地主,0,已有条目·内容一致,2018-12-14-live-01 | 2018-12-14-live-02,节目单内容与条目一致（或只多聊天、砒霜、邮件等非游戏段落）,,2018-12-14-live-01 | 2018-12-14-live-02
2018-12-15,六,模拟农场19 Farming Simulator 19,0,已有条目·内容一致,2018-12-15-live-01,节目单内容与条目一致（或只多聊天、砒霜、邮件等非游戏段落）,,2018-12-15-live-01
2018-12-16,日,心灵砒霜 | 邮件27,0,已有条目·内容一致,2018-12-16-live-01,节目单内容与条目一致（或只多聊天、砒霜、邮件等非游戏段落）,,2018-12-16-live-01
2018-12-17,一,斗地主 | 模拟农场19 Farming Simulator 19,0,已有条目·内容一致,2018-12-17-live-01,节目单内容与条目一致（或只多聊天、砒霜、邮件等非游戏段落）,,2018-12-17-live-01
2018-12-18,二,节目：有请制作人96 | 幽林怪谈333,2,已有条目·缺内容,2018-12-18-live-01,节目单另记「节目：有请制作人96」，条目未收；只有节目单一处，未改条目,,2018-12-18-live-01
2018-12-19,三,Gris,0,已有条目·内容一致,2018-12-19-live-01,节目单内容与条目一致（或只多聊天、砒霜、邮件等非游戏段落）,,2018-12-19-live-01
2018-12-20,四,休息,6,非直播／活动／休息,,节目单：休息,,
2018-12-21,五,宝藏猎人模拟器/Treasure Hunter Simulator,0,已有条目·内容一致,2018-12-21-live-01,节目单内容与条目一致（或只多聊天、砒霜、邮件等非游戏段落）,,2018-12-21-live-01
2018-12-22,六,奥伯拉丁的回归/Return of the Obra Dinn,0,已有条目·内容一致,2018-12-22-live-01,节目单内容与条目一致（或只多聊天、砒霜、邮件等非游戏段落）,,2018-12-22-live-01
2018-12-23,日,心灵砒霜 | 邮件22,0,已有条目·内容一致,2018-12-23-live-01,节目单内容与条目一致（或只多聊天、砒霜、邮件等非游戏段落）,,2018-12-23-live-01
2018-12-24,一,奥伯拉丁的回归/Return of the Obra Dinn,0,已有条目·内容一致,2018-12-24-live-01,节目单内容与条目一致（或只多聊天、砒霜、邮件等非游戏段落）,,2018-12-24-live-01
2018-12-25,二,王国保卫战起源/Kingdom Rush Origins,0,已有条目·内容一致,2018-12-25-live-01,节目单内容与条目一致（或只多聊天、砒霜、邮件等非游戏段落）,,2018-12-25-live-01
2018-12-26,三,揍击派对/Pummel Party,0,已有条目·内容一致,2018-12-26-live-01,节目单内容与条目一致（或只多聊天、砒霜、邮件等非游戏段落）,,2018-12-26-live-01
2018-12-27,四,休息,6,非直播／活动／休息,,节目单：休息,,
2018-12-28,五,游乐园建造师/ Parkitect,0,已有条目·内容一致,2018-12-28-live-01,节目单内容与条目一致（或只多聊天、砒霜、邮件等非游戏段落）,,2018-12-28-live-01
2018-12-29,六,生病请假,6,非直播／活动／休息,,节目单：生病请假,,
2018-12-30,日,生病请假,6,非直播／活动／休息,,节目单：生病请假,,
2018-12-31,一,跨年直播,0,已有条目·内容一致,2018-12-31-live-01,节目单内容与条目一致（或只多聊天、砒霜、邮件等非游戏段落）,,2018-12-31-live-01
2019-01-01,二,跨年直播13 | 生生不息/Life Goes On,0,已有条目·内容一致,2019-01-01-live-01,节目单内容与条目一致（或只多聊天、砒霜、邮件等非游戏段落）,,2019-01-01-live-01
2019-01-02,三,未上锁的房间3/ The Room Three,0,已有条目·内容一致,2019-01-02-live-01,节目单内容与条目一致（或只多聊天、砒霜、邮件等非游戏段落）,,2019-01-02-live-01
2019-01-03,四,未上锁的房间3/ The Room Three,0,已有条目·内容一致,2019-01-03-live-01,节目单内容与条目一致（或只多聊天、砒霜、邮件等非游戏段落）,,2019-01-03-live-01
2019-01-04,五,自然生态/ Equilinox,0,已有条目·内容一致,2019-01-04-live-01,节目单内容与条目一致（或只多聊天、砒霜、邮件等非游戏段落）,,2019-01-04-live-01
2019-01-05,六,年度盛典,6,非直播／活动／休息,,节目单：年度盛典,,
2019-01-06,日,心灵砒霜 | 邮件19,0,已有条目·内容一致,2019-01-06-live-01,节目单内容与条目一致（或只多聊天、砒霜、邮件等非游戏段落）,,2019-01-06-live-01
2019-01-07,一,人类:一败涂地/ Human: Fall Flat | 自然生态/ Equilinox,0,已有条目·内容一致,2019-01-07-live-01,节目单内容与条目一致（或只多聊天、砒霜、邮件等非游戏段落）,,2019-01-07-live-01
2019-01-08,二,奇妙探险队/ The Curious Expedition,0,已有条目·内容一致,2019-01-08-live-01,节目单内容与条目一致（或只多聊天、砒霜、邮件等非游戏段落）,,2019-01-08-live-01
2019-01-09,三,奇妙探险队/ The Curious Expedition,0,已有条目·内容一致,2019-01-09-live-01,节目单内容与条目一致（或只多聊天、砒霜、邮件等非游戏段落）,,2019-01-09-live-01
2019-01-10,四,,6,非直播／活动／休息,,节目单：空白,,
2019-01-11,五,了不起的修仙模拟器,0,已有条目·内容一致,2019-01-11-live-01,节目单内容与条目一致（或只多聊天、砒霜、邮件等非游戏段落）,,2019-01-11-live-01
2019-01-12,六,了不起的修仙模拟器,0,已有条目·内容一致,2019-01-12-live-01,节目单内容与条目一致（或只多聊天、砒霜、邮件等非游戏段落）,,2019-01-12-live-01
2019-01-13,日,心灵砒霜 | 邮件19,0,已有条目·内容一致,2019-01-13-live-01,节目单内容与条目一致（或只多聊天、砒霜、邮件等非游戏段落）,,2019-01-13-live-01
2019-01-14,一,了不起的修仙模拟器,0,已有条目·内容一致,2019-01-14-live-01,节目单内容与条目一致（或只多聊天、砒霜、邮件等非游戏段落）,,2019-01-14-live-01
2019-01-15,二,尤库的小岛速递/ Yoku’s Island Express,0,已有条目·内容一致,2019-01-15-live-01,节目单内容与条目一致（或只多聊天、砒霜、邮件等非游戏段落）,,2019-01-15-live-01
2019-01-16,三,波西亚时光,0,已有条目·内容一致,2019-01-16-live-01,节目单内容与条目一致（或只多聊天、砒霜、邮件等非游戏段落）,,2019-01-16-live-01
2019-01-17,四,休息,6,非直播／活动／休息,,节目单：休息,,
2019-01-18,五,乐园/Rakuen,0,已有条目·内容一致,2019-01-18-live-01,节目单内容与条目一致（或只多聊天、砒霜、邮件等非游戏段落）,,2019-01-18-live-01
2019-01-19,六,乐园/Rakuen,0,已有条目·内容一致,2019-01-19-live-01,节目单内容与条目一致（或只多聊天、砒霜、邮件等非游戏段落）,,2019-01-19-live-01
2019-01-20,日,乐园/Rakuen | 心灵砒霜 | 邮件16,0,已有条目·内容一致,2019-01-20-live-01,节目单内容与条目一致（或只多聊天、砒霜、邮件等非游戏段落）,,2019-01-20-live-01
2019-01-21,一,4周年庆 | 唱歌,0,已有条目·内容一致,2019-01-21-live-02,节目单内容与条目一致（或只多聊天、砒霜、邮件等非游戏段落）,,2019-01-21-live-02
2019-01-22,二,请假,6,非直播／活动／休息,,节目单：请假,,
2019-01-23,三,挖或死/ Dig or Die,0,已有条目·内容一致,2019-01-23-live-01,节目单内容与条目一致（或只多聊天、砒霜、邮件等非游戏段落）,,2019-01-23-live-01
2019-01-24,四,DQ建造者2,0,已有条目·内容一致,2019-01-24-live-01,节目单内容与条目一致（或只多聊天、砒霜、邮件等非游戏段落）,,2019-01-24-live-01
2019-01-25,五,勇者斗恶龙:创世小玩家2,0,已有条目·内容一致,2019-01-25-live-01,节目单内容与条目一致（或只多聊天、砒霜、邮件等非游戏段落）,,2019-01-25-live-01
2019-01-26,六,勇者斗恶龙:创世小玩家2,0,已有条目·内容一致,2019-01-26-live-01,节目单内容与条目一致（或只多聊天、砒霜、邮件等非游戏段落）,,2019-01-26-live-01
2019-01-27,日,The Invisible Guardian/隐形守护者 | 心灵砒霜 | 邮件24,2,已有条目·缺内容,2019-01-27-live-01,节目单另记「The Invisible Guardian/隐形守护者」，条目未收；只有节目单一处，未改条目,,2019-01-27-live-01
2019-01-28,一,,6,非直播／活动／休息,,节目单：空白,,
2019-01-29,二,,6,非直播／活动／休息,,节目单：空白,,
2019-01-30,三,勇者斗恶龙:创世小玩家2,0,已有条目·内容一致,2019-01-30-live-01,节目单记创世小玩家2，与合并后的条目一致,合并：2018-01-30-live-01 的两份录像并入 2019-01-30-live-01，游戏改为 dragon-quest-builders-2、标题改为「勇者斗恶龙创世小玩家2」,2019-01-30-live-01
2019-01-31,四,勇者斗恶龙:创世小玩家2,0,已有条目·内容一致,2019-01-31-live-01,节目单内容与条目一致（或只多聊天、砒霜、邮件等非游戏段落）,,2019-01-31-live-01
2019-02-01,五,DQ建造者2,0,已有条目·内容一致,2019-02-01-live-01,节目单内容与条目一致（或只多聊天、砒霜、邮件等非游戏段落）,,2019-02-01-live-01
2019-02-02,六,DQ建造者2,0,已有条目·内容一致,2019-02-02-live-01,节目单内容与条目一致（或只多聊天、砒霜、邮件等非游戏段落）,,2019-02-02-live-01
2019-02-03,日,DQ建造者2,0,已有条目·内容一致,2019-02-03-live-01,节目单内容与条目一致（或只多聊天、砒霜、邮件等非游戏段落）,,2019-02-03-live-01
2019-02-04,一,除夕家庭,2,已有条目·缺内容,2019-02-04-live-01,节目单另记「除夕家庭」，条目未收；只有节目单一处，未改条目,,2019-02-04-live-01
2019-02-05,二,,6,非直播／活动／休息,,节目单：空白,,
2019-02-06,三,,6,非直播／活动／休息,,节目单：空白,,
2019-02-07,四,,6,非直播／活动／休息,,节目单：空白,,
2019-02-08,五,,6,非直播／活动／休息,,节目单：空白,,
2019-02-09,六,,6,非直播／活动／休息,,节目单：空白,,
2019-02-10,日,,6,非直播／活动／休息,,节目单：空白,,
2019-02-11,一,,6,非直播／活动／休息,,节目单：空白,,
2019-02-12,二,勇者斗恶龙:创世小玩家2,0,已有条目·内容一致,2019-02-12-live-01,节目单内容与条目一致（或只多聊天、砒霜、邮件等非游戏段落）,,2019-02-12-live-01
2019-02-13,三,勇者斗恶龙:创世小玩家2,0,已有条目·内容一致,2019-02-13-live-01,节目单内容与条目一致（或只多聊天、砒霜、邮件等非游戏段落）,,2019-02-13-live-01
2019-02-14,四,勇者斗恶龙:创世小玩家2,0,已有条目·内容一致,2019-02-14-live-01,节目单内容与条目一致（或只多聊天、砒霜、邮件等非游戏段落）,,2019-02-14-live-01
2019-02-15,五,勇者斗恶龙:创世小玩家2,0,已有条目·内容一致,2019-02-15-live-01,节目单内容与条目一致（或只多聊天、砒霜、邮件等非游戏段落）,,2019-02-15-live-01
2019-02-16,六,勇者斗恶龙:创世小玩家2,0,已有条目·内容一致,2019-02-16-live-01,节目单内容与条目一致（或只多聊天、砒霜、邮件等非游戏段落）,,2019-02-16-live-01
2019-02-17,日,心灵砒霜 | 邮件33,0,已有条目·内容一致,2019-02-17-live-01,节目单内容与条目一致（或只多聊天、砒霜、邮件等非游戏段落）,,2019-02-17-live-01
2019-02-18,一,DQ建造者2,0,已有条目·内容一致,2019-02-18-live-01,节目单内容与条目一致（或只多聊天、砒霜、邮件等非游戏段落）,,2019-02-18-live-01
2019-02-19,二,,6,非直播／活动／休息,,节目单：空白,,
2019-02-20,三,还愿,4,仅节目单（候选）,,节目单：还愿。无快照、无同期帖、无录像，不建条目（还愿（Devotion，2019-02-19 发售））,,
2019-02-21,四,DQ建造者2,0,已有条目·内容一致,2019-02-21-live-01,节目单内容与条目一致（或只多聊天、砒霜、邮件等非游戏段落）,,2019-02-21-live-01
2019-02-22,五,,6,非直播／活动／休息,,节目单：空白,,
2019-02-23,六,DQ建造者2,0,已有条目·内容一致,2019-02-23-live-01,节目单内容与条目一致（或只多聊天、砒霜、邮件等非游戏段落）,,2019-02-23-live-01
2019-02-24,日,心灵砒霜147期 | 邮件24,0,已有条目·内容一致,2019-02-24-live-01,节目单内容与条目一致（或只多聊天、砒霜、邮件等非游戏段落）,,2019-02-24-live-01
2019-02-25,一,唱歌,0,已有条目·内容一致,2019-02-25-live-01,节目单内容与条目一致（或只多聊天、砒霜、邮件等非游戏段落）,,2019-02-25-live-01
2019-02-26,二,,6,非直播／活动／休息,,节目单：空白,,
2019-02-27,三,奥秘法师/ Mages Of Mystralia,0,已有条目·内容一致,2019-02-27-live-01,节目单内容与条目一致（或只多聊天、砒霜、邮件等非游戏段落）,,2019-02-27-live-01
2019-02-28,四,特技摩托:崛起/ Trials Rising,0,已有条目·内容一致,2019-02-28-live-01,节目单内容与条目一致（或只多聊天、砒霜、邮件等非游戏段落）,,2019-02-28-live-01
2019-03-01,五,特技摩托:崛起/ Trials Rising | 奥秘法师/ Mages Of Mystralia,0,已有条目·内容一致,2019-03-01-live-01,节目单内容与条目一致（或只多聊天、砒霜、邮件等非游戏段落）,,2019-03-01-live-01
2019-03-02,六,奥秘法师/ Mages Of Mystralia | 特技摩托:崛起/ Trials Rising,0,已有条目·内容一致,2019-03-02-live-01,节目单内容与条目一致（或只多聊天、砒霜、邮件等非游戏段落）,,2019-03-02-live-01
2019-03-03,日,心灵砒霜148期 | 邮件25 | 特技摩托:崛起/ Trials Rising,0,已有条目·内容一致,2019-03-03-live-01,节目单内容与条目一致（或只多聊天、砒霜、邮件等非游戏段落）,,2019-03-03-live-01
2019-03-04,一,嗜血印/Bloody Spell | 特技摩托:崛起/ Trials Rising,0,已有条目·内容一致,2019-03-04-live-01,节目单内容与条目一致（或只多聊天、砒霜、邮件等非游戏段落）,,2019-03-04-live-01
2019-03-05,二,,6,非直播／活动／休息,,节目单：空白,,
2019-03-06,三,只狼东京探班,0,已有条目·内容一致,2019-03-06-live-01,节目单内容与条目一致（或只多聊天、砒霜、邮件等非游戏段落）,,2019-03-06-live-01
2019-03-07,四,鬼泣5发布会,0,已有条目·内容一致,2019-03-07-live-01,节目单内容与条目一致（或只多聊天、砒霜、邮件等非游戏段落）,,2019-03-07-live-01
2019-03-08,五,,6,非直播／活动／休息,,节目单：空白,,
2019-03-09,六,鬼泣5,0,已有条目·内容一致,2019-03-09-live-01,节目单内容与条目一致（或只多聊天、砒霜、邮件等非游戏段落）,,2019-03-09-live-01
2019-03-10,日,心灵砒霜149期 | 邮件24,0,已有条目·内容一致,2019-03-10-live-01,节目单内容与条目一致（或只多聊天、砒霜、邮件等非游戏段落）,,2019-03-10-live-01
2019-03-11,一,,6,非直播／活动／休息,,节目单：空白,,
2019-03-12,二,鬼泣5,0,已有条目·内容一致,2019-03-12-live-01,节目单内容与条目一致（或只多聊天、砒霜、邮件等非游戏段落）,,2019-03-12-live-01
2019-03-13,三,鬼泣5,0,已有条目·内容一致,2019-03-13-live-01,节目单内容与条目一致（或只多聊天、砒霜、邮件等非游戏段落）,,2019-03-13-live-01
2019-03-14,四,特技摩托:崛起/ Trials Rising,0,已有条目·内容一致,2019-03-14-live-01,节目单内容与条目一致（或只多聊天、砒霜、邮件等非游戏段落）,,2019-03-14-live-01
2019-03-15,五,爸爸是你/Baba Is You,0,已有条目·内容一致,2019-03-15-live-01,节目单内容与条目一致（或只多聊天、砒霜、邮件等非游戏段落）,,2019-03-15-live-01
2019-03-16,六,只狼试玩 | 特技摩托:崛起/ Trials Rising,0,已有条目·内容一致,2019-03-16-live-01,节目单内容与条目一致（或只多聊天、砒霜、邮件等非游戏段落）,,2019-03-16-live-01
2019-03-17,日,心灵砒霜150期 | 邮件23,0,已有条目·内容一致,2019-03-17-live-01,节目单内容与条目一致（或只多聊天、砒霜、邮件等非游戏段落）,,2019-03-17-live-01
2019-03-18,一,特技摩托:崛起/ Trials Rising,0,已有条目·内容一致,2019-03-18-live-02,节目单内容与条目一致（或只多聊天、砒霜、邮件等非游戏段落）,,2019-03-18-live-02
2019-03-19,二,猫里奥,0,已有条目·内容一致,2019-03-19-live-01,节目单内容与条目一致（或只多聊天、砒霜、邮件等非游戏段落）,,2019-03-19-live-01
2019-03-20,三,,6,非直播／活动／休息,,节目单：空白,,
2019-03-21,四,,6,非直播／活动／休息,,节目单：空白,,
2019-03-22,五,只狼:影逝二度/ Sekiro:Shadows Die Twice,0,已有条目·内容一致,2019-03-22-live-01,节目单内容与条目一致（或只多聊天、砒霜、邮件等非游戏段落）,,2019-03-22-live-01
2019-03-23,六,只狼:影逝二度/ Sekiro:Shadows Die Twice,0,已有条目·内容一致,2019-03-23-live-01,节目单内容与条目一致（或只多聊天、砒霜、邮件等非游戏段落）,,2019-03-23-live-01
2019-03-24,日,只狼:影逝二度/ Sekiro:Shadows Die Twice,0,已有条目·内容一致,2019-03-24-live-01,节目单内容与条目一致（或只多聊天、砒霜、邮件等非游戏段落）,,2019-03-24-live-01
2019-03-25,一,只狼:影逝二度/ Sekiro:Shadows Die Twice,0,已有条目·内容一致,2019-03-25-live-01,节目单内容与条目一致（或只多聊天、砒霜、邮件等非游戏段落）,,2019-03-25-live-01
2019-03-26,二,索尼中国只狼媒体体验会,0,已有条目·内容一致,2019-03-26-live-01,节目单内容与条目一致（或只多聊天、砒霜、邮件等非游戏段落）,,2019-03-26-live-01
2019-03-27,三,只狼:影逝二度/ Sekiro:Shadows Die Twice,0,已有条目·内容一致,2019-03-27-live-01,节目单内容与条目一致（或只多聊天、砒霜、邮件等非游戏段落）,,2019-03-27-live-01
2019-03-28,四,只狼:影逝二度/ Sekiro:Shadows Die Twice,0,已有条目·内容一致,2019-03-28-live-01,节目单内容与条目一致（或只多聊天、砒霜、邮件等非游戏段落）,,2019-03-28-live-01
2019-03-29,五,只狼:影逝二度/ Sekiro:Shadows Die Twice | 疑案追声/ Unheard,0,已有条目·内容一致,2019-03-29-live-01,节目单内容与条目一致（或只多聊天、砒霜、邮件等非游戏段落）,,2019-03-29-live-01
2019-03-30,六,猫里奥,0,已有条目·内容一致,2019-03-30-live-01,节目单内容与条目一致（或只多聊天、砒霜、邮件等非游戏段落）,,2019-03-30-live-01
2019-03-31,日,看电影：超体、雨中曲,0,已有条目·内容一致,2019-03-31-live-01,节目单内容与条目一致（或只多聊天、砒霜、邮件等非游戏段落）,,2019-03-31-live-01
2019-04-01,一,,6,非直播／活动／休息,,节目单：空白,,
2019-04-02,二,2018新浪游戏年度盛典,0,已有条目·内容一致,2019-04-02-live-01,节目单内容与条目一致（或只多聊天、砒霜、邮件等非游戏段落）,,2019-04-02-live-01
2019-04-03,三,游请制作人,0,已有条目·内容一致,2019-04-03-live-01,节目单内容与条目一致（或只多聊天、砒霜、邮件等非游戏段落）,,2019-04-03-live-01
2019-04-04,四,,6,非直播／活动／休息,,节目单：空白,,
2019-04-05,五,雨中冒险2 /Risk of Rain 2,0,已有条目·内容一致,2019-04-05-live-01,节目单内容与条目一致（或只多聊天、砒霜、邮件等非游戏段落）,,2019-04-05-live-01
2019-04-06,六,疑案追声/ Unheard | 雨中冒险2/ Risk of Rain 2,0,已有条目·内容一致,2019-04-06-live-01,节目单内容与条目一致（或只多聊天、砒霜、邮件等非游戏段落）,,2019-04-06-live-01
2019-04-07,日,心灵砒霜151期 | 邮件26,0,已有条目·内容一致,2019-04-07-live-01,节目单内容与条目一致（或只多聊天、砒霜、邮件等非游戏段落）,,2019-04-07-live-01
2019-04-08,一,,6,非直播／活动／休息,,节目单：空白,,
2019-04-09,二,我恨这个游戏/ I hate this game,0,已有条目·内容一致,2019-04-09-live-01,节目单内容与条目一致（或只多聊天、砒霜、邮件等非游戏段落）,,2019-04-09-live-01
2019-04-10,三,度假模拟器/ Vacation Simulator | 列车模拟/ Derail Valley | 节奏空间/ Beat Saber,0,已有条目·内容一致,2019-04-10-live-01,节目单内容与条目一致（或只多聊天、砒霜、邮件等非游戏段落）,,2019-04-10-live-01
2019-04-11,四,休息,6,非直播／活动／休息,,节目单：休息,,
2019-04-12,五,Supra land | 唱歌,0,已有条目·内容一致,2019-04-12-live-01,节目单内容与条目一致（或只多聊天、砒霜、邮件等非游戏段落）,,2019-04-12-live-01
2019-04-13,六,Supra land,0,已有条目·内容一致,2019-04-13-live-01,节目单内容与条目一致（或只多聊天、砒霜、邮件等非游戏段落）,,2019-04-13-live-01
2019-04-14,日,心灵砒霜152期 | 邮件18,0,已有条目·内容一致,2019-04-14-live-01,节目单内容与条目一致（或只多聊天、砒霜、邮件等非游戏段落）,,2019-04-14-live-01
2019-04-15,一,请假,6,非直播／活动／休息,,节目单记「请假」。原 2019-04-15-live-01 据贴吧 114 楼「4.15 跟七号玩LOL」新建，该楼 2019-05-16 00:21 紧跟「5.14」发出，是 5.15 的笔误（05-15 节目单记跟七号连线LOL，档案 2019-05-15-live-01 有录像）,删除 2019-04-15-live-01,
2019-04-16,二,Supra land,0,已有条目·内容一致,2019-04-16-live-01,节目单内容与条目一致（或只多聊天、砒霜、邮件等非游戏段落）,,2019-04-16-live-01
2019-04-17,三,狩猎模拟器/ Hunting Simulator,2,已有条目·缺内容,2019-04-17-live-01,节目单另记「狩猎模拟器/ Hunting Simulator」，条目未收；只有节目单一处，未改条目,,2019-04-17-live-01
2019-04-18,四,休息,6,非直播／活动／休息,,节目单：休息,,
2019-04-19,五,浮岛物语/ Forager | 唱歌,0,已有条目·内容一致,2019-04-19-live-01,节目单内容与条目一致（或只多聊天、砒霜、邮件等非游戏段落）,,2019-04-19-live-01
2019-04-20,六,浮岛物语/ Forager,0,已有条目·内容一致,2019-04-20-live-01,节目单内容与条目一致（或只多聊天、砒霜、邮件等非游戏段落）,,2019-04-20-live-01
2019-04-21,日,封神演义Day1 | 心灵砒霜153期 | 邮件24,0,已有条目·内容一致,2019-04-21-live-01 | 2019-04-21-live-02,节目单内容与条目一致（或只多聊天、砒霜、邮件等非游戏段落）,,2019-04-21-live-01 | 2019-04-21-live-02
2019-04-22,一,浮岛物语/ Forager,0,已有条目·内容一致,2019-04-22-live-01,节目单内容与条目一致（或只多聊天、砒霜、邮件等非游戏段落）,,2019-04-22-live-01
2019-04-23,二,封神演义Day2 | 武士零/ Katana ZERO,0,已有条目·内容一致,2019-04-23-live-01 | 2019-04-23-live-03,节目单内容与条目一致（或只多聊天、砒霜、邮件等非游戏段落）,,2019-04-23-live-01 | 2019-04-23-live-03
2019-04-24,三,火车山谷2/ Train Valley 2 | 红蓝,2,已有条目·缺内容,2019-04-24-live-01,节目单另记「红蓝」，条目未收；只有节目单一处，未改条目,,2019-04-24-live-01
2019-04-25,四,休息,6,非直播／活动／休息,,节目单：休息,,
2019-04-26,五,封神演义Day3 | 硬件工程师/ HardwareEngineers,0,已有条目·内容一致,2019-04-26-live-01 | 2019-04-26-live-02,节目单内容与条目一致（或只多聊天、砒霜、邮件等非游戏段落）,,2019-04-26-live-01 | 2019-04-26-live-02
2019-04-27,六,封神演义Day4 | 看电影：蝴蝶效应,2,已有条目·缺内容,2019-04-27-live-01 | 2019-04-27-live-02,节目单另记「看电影：蝴蝶效应」，条目未收；只有节目单一处，未改条目,,2019-04-27-live-01 | 2019-04-27-live-02
2019-04-28,日,心灵砒霜154期 | 邮件19,0,已有条目·内容一致,2019-04-28-live-01,节目单内容与条目一致（或只多聊天、砒霜、邮件等非游戏段落）,,2019-04-28-live-01
2019-04-29,一,封神演义Day5 | Biped先行试玩,0,已有条目·内容一致,2019-04-29-live-01 | 2019-04-29-live-02,节目单内容与条目一致（或只多聊天、砒霜、邮件等非游戏段落）,,2019-04-29-live-01 | 2019-04-29-live-02
2019-04-30,二,封神演义Day6 | 僵尸世界大战/ World War Z: Outlive the Dead,2,已有条目·缺内容,2019-04-30-live-01,节目单另记「僵尸世界大战/ World War Z: Outlive the Dead」，条目未收；只有节目单一处，未改条目,,2019-04-30-live-01
2019-05-01,三,封神演义Day7 | 迷雾侦探/ Tales of the Neon Sea,0,已有条目·内容一致,2019-05-01-live-01 | 2019-05-01-live-02,节目单内容与条目一致（或只多聊天、砒霜、邮件等非游戏段落）,,2019-05-01-live-01 | 2019-05-01-live-02
2019-05-02,四,休息,6,非直播／活动／休息,,节目单：休息,,
2019-05-03,五,封神演义Day8 | 迷雾侦探/ Tales of the Neon Sea,0,已有条目·内容一致,2019-05-03-live-01 | 2019-05-03-live-02,节目单内容与条目一致（或只多聊天、砒霜、邮件等非游戏段落）,,2019-05-03-live-01 | 2019-05-03-live-02
2019-05-04,六,封神演义Day9 | 迷雾侦探/ Tales of the Neon Sea,0,已有条目·内容一致,2019-05-04-live-01 | 2019-05-04-live-02,节目单内容与条目一致（或只多聊天、砒霜、邮件等非游戏段落）,,2019-05-04-live-01 | 2019-05-04-live-02
2019-05-05,日,心灵砒霜155期 | 邮件24,0,已有条目·内容一致,2019-05-05-live-01,节目单内容与条目一致（或只多聊天、砒霜、邮件等非游戏段落）,,2019-05-05-live-01
2019-05-06,一,封神演义Day10,0,已有条目·内容一致,2019-05-06-live-01,节目单内容与条目一致（或只多聊天、砒霜、邮件等非游戏段落）,,2019-05-06-live-01
2019-05-07,二,录节目,6,非直播／活动／休息,,节目单：录节目,,
2019-05-08,三,封神演义Day11 | 迷雾侦探/ Tales of the Neon Sea | 大富翁,2,已有条目·缺内容,2019-05-08-live-01,节目单另记「迷雾侦探/ Tales of the Neon Sea、大富翁」，条目未收；只有节目单一处，未改条目,,2019-05-08-live-01
2019-05-09,四,休息,6,非直播／活动／休息,,节目单：休息,,
2019-05-10,五,封神演义Day12 | 迷雾侦探/ Tales of the Neon Sea | 地产巨头/ Rento Fortune | 看电影：一个叫欧维的男人,2,已有条目·缺内容,2019-05-10-live-01 | 2019-05-10-live-02,节目单另记「地产巨头/ Rento Fortune、看电影：一个叫欧维的男人」，条目未收；只有节目单一处，未改条目,,2019-05-10-live-01 | 2019-05-10-live-02
2019-05-11,六,北京核聚变现场,0,已有条目·内容一致,2019-05-11-live-01,节目单内容与条目一致（或只多聊天、砒霜、邮件等非游戏段落）,,2019-05-11-live-01
2019-05-12,日,封神演义Day12 | 心灵砒霜156期 | 邮件19,0,已有条目·内容一致,2019-05-12-live-01 | 2019-05-12-live-02,节目单内容与条目一致（或只多聊天、砒霜、邮件等非游戏段落）,,2019-05-12-live-01 | 2019-05-12-live-02
2019-05-13,一,温克尔特:那家小店/ Winkeltje: The Little Shop,0,已有条目·内容一致,2019-05-13-live-01,节目单内容与条目一致（或只多聊天、砒霜、邮件等非游戏段落）,,2019-05-13-live-01
2019-05-14,二,温克尔特:那家小店/ Winkeltje: The Little Shop | 唱歌,0,已有条目·内容一致,2019-05-14-live-01,节目单内容与条目一致（或只多聊天、砒霜、邮件等非游戏段落）,,2019-05-14-live-01
2019-05-15,三,封神演义Day13 | 跟七号连线LOL,0,已有条目·内容一致,2019-05-15-live-01 | 2019-05-15-live-02,节目单内容与条目一致（或只多聊天、砒霜、邮件等非游戏段落）,,2019-05-15-live-01 | 2019-05-15-live-02
2019-05-16,四,休息,6,非直播／活动／休息,,节目单：休息,,
2019-05-17,五,封神演义Day14 | 瘟疫传说：无罪/ A Plague Tale: Innocence,0,已有条目·内容一致,2019-05-17-live-01,节目单内容与条目一致（或只多聊天、砒霜、邮件等非游戏段落）,,2019-05-17-live-01
2019-05-18,六,语音连麦,4,仅节目单（候选）,,节目单：语音连麦。无快照、无同期帖、无录像，不建条目（语音连麦（可能是连麦别人的直播间））,,
2019-05-19,日,心灵砒霜157期 | 邮件15,0,已有条目·内容一致,2019-05-19-live-01,节目单内容与条目一致（或只多聊天、砒霜、邮件等非游戏段落）,,2019-05-19-live-01
2019-05-20,一,封神演义Day15 | 瘟疫传说：无罪/ A Plague Tale: Innocence,0,已有条目·内容一致,2019-05-20-live-01 | 2019-05-20-live-02,节目单内容与条目一致（或只多聊天、砒霜、邮件等非游戏段落）,,2019-05-20-live-01 | 2019-05-20-live-02
2019-05-21,二,瘟疫传说：无罪/ A Plague Tale: Innocence,0,已有条目·内容一致,2019-05-21-live-01,节目单内容与条目一致（或只多聊天、砒霜、邮件等非游戏段落）,,2019-05-21-live-01
2019-05-22,三,封神演义Day16 | 瘟疫传说：无罪/ A Plague Tale: Innocence,0,已有条目·内容一致,2019-05-22-live-01 | 2019-05-22-live-02,节目单内容与条目一致（或只多聊天、砒霜、邮件等非游戏段落）,,2019-05-22-live-01 | 2019-05-22-live-02
2019-05-23,四,休息,6,非直播／活动／休息,,节目单：休息,,
2019-05-24,五,童画车票，让爱回家 | 王国之心3/ Kingdom Hearts 3,2,已有条目·缺内容,2019-05-24-live-01,节目单另记「童画车票，让爱回家」，条目未收；只有节目单一处，未改条目,,2019-05-24-live-01
2019-05-25,六,请假,6,非直播／活动／休息,,节目单：请假,,
2019-05-26,日,封神演义Day17 | 心灵砒霜158期 | 邮件18,0,已有条目·内容一致,2019-05-26-live-01 | 2019-05-26-live-02,节目单内容与条目一致（或只多聊天、砒霜、邮件等非游戏段落）,,2019-05-26-live-01 | 2019-05-26-live-02
2019-05-27,一,盗贼之海/ Sea of Thieves,0,已有条目·内容一致,2019-05-27-live-01,节目单内容与条目一致（或只多聊天、砒霜、邮件等非游戏段落）,,2019-05-27-live-01
2019-05-28,二,封神演义Day18 | 盗贼之海/ Sea of Thieves,0,已有条目·内容一致,2019-05-28-live-01 | 2019-05-28-live-02,节目单内容与条目一致（或只多聊天、砒霜、邮件等非游戏段落）,,2019-05-28-live-01 | 2019-05-28-live-02
2019-05-29,三,盗贼之海/ Sea of Thieves,0,已有条目·内容一致,2019-05-29-live-01,节目单内容与条目一致（或只多聊天、砒霜、邮件等非游戏段落）,,2019-05-29-live-01
2019-05-30,四,全面战争模拟器 / Totally Accurate Battle Simulator,0,已有条目·内容一致,2019-05-30-live-01,节目单内容与条目一致（或只多聊天、砒霜、邮件等非游戏段落）,,2019-05-30-live-01
2019-05-31,五,聚餐,6,非直播／活动／休息,,节目单记「聚餐」；贴吧 05-31 记的全面战争模拟器已由录像小屋定为 05-30（task-048）,不改,
2019-06-01,六,猫和老鼠,0,已有条目·内容一致,2019-06-01-live-01,节目单内容与条目一致（或只多聊天、砒霜、邮件等非游戏段落）,,2019-06-01-live-01
2019-06-02,日,心灵砒霜159期 | 邮件17,0,已有条目·内容一致,2019-06-02-live-01,节目单内容与条目一致（或只多聊天、砒霜、邮件等非游戏段落）,,2019-06-02-live-01
2019-06-03,一,盗贼之海/ Sea of Thieves,0,已有条目·内容一致,2019-06-03-live-01,节目单内容与条目一致（或只多聊天、砒霜、邮件等非游戏段落）,,2019-06-03-live-01
2019-06-04,二,回家,6,非直播／活动／休息,,节目单：回家,,
2019-06-05,三,,6,非直播／活动／休息,,节目单：空白,,
2019-06-06,四,客厅户外,0,已有条目·内容一致,2019-06-06-live-01,节目单内容与条目一致（或只多聊天、砒霜、邮件等非游戏段落）,,2019-06-06-live-01
2019-06-07,五,放假,6,非直播／活动／休息,,节目单：放假,,
2019-06-08,六,料理模拟器/ Cooking Simulator,0,已有条目·内容一致,2019-06-08-live-01,节目单内容与条目一致（或只多聊天、砒霜、邮件等非游戏段落）,,2019-06-08-live-01
2019-06-09,日,心灵砒霜160期 | 邮件11 | 料理模拟器/ Cooking Simulator,2,已有条目·缺内容,2019-06-09-live-01,节目单另记「料理模拟器/ Cooking Simulator」，条目未收；只有节目单一处，未改条目,,2019-06-09-live-01
2019-06-10,一,料理模拟器/ Cooking Simulator | 全面战争模拟器 / Totally Accurate Battle Simulator,0,已有条目·内容一致,2019-06-10-live-01,节目单内容与条目一致（或只多聊天、砒霜、邮件等非游戏段落）,,2019-06-10-live-01
2019-06-11,二,E3,6,非直播／活动／休息,,节目单：E3,,
2019-06-12,三,E3,6,非直播／活动／休息,,节目单：E3,,
2019-06-13,四,E3,0,已有条目·内容一致,2019-06-13-live-01,节目单内容与条目一致（或只多聊天、砒霜、邮件等非游戏段落）,,2019-06-13-live-01
2019-06-14,五,试玩怪物猎人世界DLC冰原 | 试玩无主之地3,2,已有条目·缺内容,2019-06-14-live-01,节目单另记「试玩怪物猎人世界DLC冰原、试玩无主之地3」，条目未收；只有节目单一处，未改条目,,2019-06-14-live-01
2019-06-15,六,,6,非直播／活动／休息,,节目单：空白,,
2019-06-16,日,心灵砒霜161期 | 邮件17,0,已有条目·内容一致,2019-06-16-live-01,节目单内容与条目一致（或只多聊天、砒霜、邮件等非游戏段落）,,2019-06-16-live-01
2019-06-17,一,作业疯了,0,已有条目·内容一致,2019-06-17-live-01,节目单内容与条目一致（或只多聊天、砒霜、邮件等非游戏段落）,,2019-06-17-live-01
2019-06-18,二,封神演义Day19 | 疑案追声DLC/ Unheard DLC,0,已有条目·内容一致,2019-06-18-live-01,节目单内容与条目一致（或只多聊天、砒霜、邮件等非游戏段落）,,2019-06-18-live-01
2019-06-19,三,揍击派对/ PummelParty,0,已有条目·内容一致,2019-06-19-live-01,节目单内容与条目一致（或只多聊天、砒霜、邮件等非游戏段落）,,2019-06-19-live-01
2019-06-20,四,全面战争模拟器 / Totally Accurate Battle Simulator,0,已有条目·内容一致,2019-06-20-live-01,节目单内容与条目一致（或只多聊天、砒霜、邮件等非游戏段落）,,2019-06-20-live-01
2019-06-21,五,东方驾考模拟器/ Chinese Driving License Test,0,已有条目·内容一致,2019-06-21-live-01,节目单内容与条目一致（或只多聊天、砒霜、邮件等非游戏段落）,,2019-06-21-live-01
2019-06-22,六,光遇/Sky | 节奏海拉鲁/Cadence of Hyrule,0,已有条目·内容一致,2019-06-22-live-01,节目单内容与条目一致（或只多聊天、砒霜、邮件等非游戏段落）,,2019-06-22-live-01
2019-06-23,日,心灵砒霜162期 | 邮件17,0,已有条目·内容一致,2019-06-23-live-01,节目单内容与条目一致（或只多聊天、砒霜、邮件等非游戏段落）,,2019-06-23-live-01
2019-06-24,一,节奏海拉鲁/Cadence of Hyrule,0,已有条目·内容一致,2019-06-24-live-01,节目单内容与条目一致（或只多聊天、砒霜、邮件等非游戏段落）,,2019-06-24-live-01
2019-06-25,二,唱歌 | 圣书物语/ Ray Bibbia,0,已有条目·内容一致,2019-06-25-live-01,节目单内容与条目一致（或只多聊天、砒霜、邮件等非游戏段落）,,2019-06-25-live-01
2019-06-26,三,我的朋友佩德罗/ My Friend Pedro,0,已有条目·内容一致,2019-06-26-live-01,节目单内容与条目一致（或只多聊天、砒霜、邮件等非游戏段落）,,2019-06-26-live-01
2019-06-27,四,,6,非直播／活动／休息,,节目单：空白,,
2019-06-28,五,硬核机甲/ HARDCORE MECHA,0,已有条目·内容一致,2019-06-28-live-01,节目单内容与条目一致（或只多聊天、砒霜、邮件等非游戏段落）,,2019-06-28-live-01
2019-06-29,六,非常英雄/ UnrulyHeroes,0,已有条目·内容一致,2019-06-29-live-01,节目单内容与条目一致（或只多聊天、砒霜、邮件等非游戏段落）,,2019-06-29-live-01
2019-06-30,日,唱歌 | 心灵砒霜163期 | 邮件14,0,已有条目·内容一致,2019-06-30-live-01,节目单内容与条目一致（或只多聊天、砒霜、邮件等非游戏段落）,,2019-06-30-live-01
2019-07-01,一,请假,6,非直播／活动／休息,,节目单：请假,,
2019-07-02,二,BOSSGARD,0,已有条目·内容一致,2019-07-02-live-01,节目单内容与条目一致（或只多聊天、砒霜、邮件等非游戏段落）,,2019-07-02-live-01
2019-07-03,三,我的朋友佩德罗/ My Friend Pedro | 风暴追逐者/ Storm Chasers | 节奏乒乓/ Lofi Ping Pong,0,已有条目·内容一致,2019-07-03-live-01,节目单内容与条目一致（或只多聊天、砒霜、邮件等非游戏段落）,,2019-07-03-live-01
2019-07-04,四,唱歌 | 人类:一败涂地 MOD / Human: Fall Flat | 辐射:避难所Online,2,已有条目·缺内容,2019-07-04-live-01,节目单与条目自身标题都记这款游戏，条目原先没登记,补登 fallout-shelter,2019-07-04-live-01
2019-07-05,五,荒野潜伏者/ Stay Silent VR | 百战天虫W.M.D,0,已有条目·内容一致,2019-07-05-live-01,节目单内容与条目一致（或只多聊天、砒霜、邮件等非游戏段落）,,2019-07-05-live-01
2019-07-06,六,请假,6,非直播／活动／休息,,节目单：请假,,
2019-07-07,日,封神演义Day20 | 心灵砒霜164期 | 邮件20,0,已有条目·内容一致,2019-07-07-live-01 | 2019-07-07-live-02,节目单内容与条目一致（或只多聊天、砒霜、邮件等非游戏段落）,,2019-07-07-live-01 | 2019-07-07-live-02
2019-07-08,一,看动画 | 游戏：拣爱 | 小林正雪复仇之密室,0,已有条目·内容一致,2019-07-08-live-01,节目单内容与条目一致（或只多聊天、砒霜、邮件等非游戏段落）,,2019-07-08-live-01
2019-07-09,二,八面体/ Octahedron | 斗歌大会,2,已有条目·缺内容,2019-07-09-live-01,节目单另记「八面体/ Octahedron」，条目未收；只有节目单一处，未改条目,,2019-07-09-live-01
2019-07-10,三,中午的天空/ Sky Noon | 人类:一败涂地 MOD / Human: Fall Flat | 权利的游戏-凛冬将至,2,已有条目·缺内容,2019-07-10-live-01,节目单另记「权利的游戏-凛冬将至」，条目未收；只有节目单一处，未改条目,,2019-07-10-live-01
2019-07-11,四,,6,非直播／活动／休息,,节目单：空白,,
2019-07-12,五,北境之地/ Northgard,0,已有条目·内容一致,2019-07-12-live-01,节目单内容与条目一致（或只多聊天、砒霜、邮件等非游戏段落）,,2019-07-12-live-01
2019-07-13,六,请假,6,非直播／活动／休息,,节目单：请假,,
2019-07-14,日,心灵砒霜165期 | 邮件28,0,已有条目·内容一致,2019-07-14-live-01,节目单内容与条目一致（或只多聊天、砒霜、邮件等非游戏段落）,,2019-07-14-live-01
2019-07-15,一,请假,6,非直播／活动／休息,,节目单：请假,,
2019-07-16,二,请假,6,非直播／活动／休息,,节目单：请假,,
2019-07-17,三,斗鱼上市,6,非直播／活动／休息,,节目单：斗鱼上市,,
2019-07-18,四,请假,6,非直播／活动／休息,,节目单：请假,,
2019-07-19,五,请假,6,非直播／活动／休息,,节目单：请假,,
2019-07-20,六,斗歌大会,0,已有条目·内容一致,2019-07-20-live-01,节目单内容与条目一致（或只多聊天、砒霜、邮件等非游戏段落）,,2019-07-20-live-01
2019-07-21,日,斗歌大会,0,已有条目·内容一致,2019-07-21-live-01,节目单内容与条目一致（或只多聊天、砒霜、邮件等非游戏段落）,,2019-07-21-live-01
2019-07-22,一,心灵砒霜166期 | 邮件21,0,已有条目·内容一致,2019-07-22-live-01,节目单内容与条目一致（或只多聊天、砒霜、邮件等非游戏段落）,,2019-07-22-live-01
2019-07-23,二,地痞街区/ Streets of Rogue,0,已有条目·内容一致,2019-07-23-live-01,节目单内容与条目一致（或只多聊天、砒霜、邮件等非游戏段落）,,2019-07-23-live-01
2019-07-24,三,2020东京奥运会/ Olympic Games Tokyo 2020 The Official Video Game,0,已有条目·内容一致,2019-07-24-live-01,节目单内容与条目一致（或只多聊天、砒霜、邮件等非游戏段落）,,2019-07-24-live-01
2019-07-25,四,休息,6,非直播／活动／休息,,节目单：休息,,
2019-07-26,五,2020东京奥运会/ Olympic Games Tokyo 2020 The Official Video Game,0,已有条目·内容一致,2019-07-26-live-01,节目单内容与条目一致（或只多聊天、砒霜、邮件等非游戏段落）,,2019-07-26-live-01
2019-07-27,六,唱歌 | 月圆之夜/ Night of Full Moon | 哆啦A梦：大雄的牧场物语/ Doraemon Nobita no Bokujou Monogatari,2,已有条目·缺内容,2019-07-27-live-01,节目单另记「哆啦A梦：大雄的牧场物语/ Doraemon Nobita no Bokujou Monogatari」，条目未收；只有节目单一处，未改条目,,2019-07-27-live-01
2019-07-28,日,心灵砒霜167期 | 邮件24,0,已有条目·内容一致,2019-07-28-live-01,节目单内容与条目一致（或只多聊天、砒霜、邮件等非游戏段落）,,2019-07-28-live-01
2019-07-29,一,斗歌大会,0,已有条目·内容一致,2019-07-29-live-01,节目单内容与条目一致（或只多聊天、砒霜、邮件等非游戏段落）,,2019-07-29-live-01
2019-07-30,二,哆啦A梦：大雄的牧场物语/ Doraemon Nobita no Bokujou Monogatari,0,已有条目·内容一致,2019-07-30-live-01,节目单内容与条目一致（或只多聊天、砒霜、邮件等非游戏段落）,,2019-07-30-live-01
2019-07-31,三,,6,非直播／活动／休息,,节目单：空白,,
2019-08-01,四,ChinaJoy索尼展前发布会-转播,0,已有条目·内容一致,2019-08-01-live-01,节目单内容与条目一致（或只多聊天、砒霜、邮件等非游戏段落）,,2019-08-01-live-01
2019-08-02,五,ChinaJoy展,2,已有条目·缺内容,2019-08-02-live-01,节目单另记「ChinaJoy展」，条目未收；只有节目单一处，未改条目,,2019-08-02-live-01
2019-08-03,六,,6,非直播／活动／休息,,节目单：空白,,
2019-08-04,日,心灵砒霜168期 | 邮件23,0,已有条目·内容一致,2019-08-04-live-01,节目单内容与条目一致（或只多聊天、砒霜、邮件等非游戏段落）,,2019-08-04-live-01
2019-08-05,一,哆啦A梦：大雄的牧场物语/ Doraemon Nobita no Bokujou Monogatari,0,已有条目·内容一致,2019-08-05-live-01,节目单内容与条目一致（或只多聊天、砒霜、邮件等非游戏段落）,,2019-08-05-live-01
2019-08-06,二,哆啦A梦：大雄的牧场物语/ Doraemon Nobita no Bokujou Monogatari,0,已有条目·内容一致,2019-08-06-live-01,节目单内容与条目一致（或只多聊天、砒霜、邮件等非游戏段落）,,2019-08-06-live-01
2019-08-07,三,跳跃之王/ Jump King,0,已有条目·内容一致,2019-08-07-live-01,节目单内容与条目一致（或只多聊天、砒霜、邮件等非游戏段落）,,2019-08-07-live-01
2019-08-08,四,游敦煌,2,已有条目·缺内容,2019-08-08-live-01,节目单另记「游敦煌」，条目未收；只有节目单一处，未改条目,,2019-08-08-live-01
2019-08-09,五,,6,非直播／活动／休息,,节目单：空白,,
2019-08-10,六,观看回收火箭发射,2,已有条目·缺内容,2019-08-10-live-01,节目单另记「观看回收火箭发射」，条目未收；只有节目单一处，未改条目,,2019-08-10-live-01
2019-08-11,日,,6,非直播／活动／休息,,节目单：空白,,
2019-08-12,一,挑战麦迪篮球活动,0,已有条目·内容一致,2019-08-12-live-01,节目单内容与条目一致（或只多聊天、砒霜、邮件等非游戏段落）,,2019-08-12-live-01
2019-08-13,二,哆啦A梦：大雄的牧场物语/ Doraemon Nobita no Bokujou Monogatari | 斗歌大会,3,相邻日错位,2019-08-13-live-01,节目单 08-13 记哆啦A梦牧场物语，但斗鱼官方回看证实牧场物语是 08-14 那场（封面是游戏画面，开播 08-14 15:09）；08-13 档案是斗歌大赛。节目单这两天的内容疑错位一天,不改,2019-08-13-live-01
2019-08-14,三,跳跃之王/ Jump King,5,与更强的一手证据矛盾,2019-08-14-live-01,斗鱼官方回看《牧场物语 P1 2019.8.14》开播 08-14 15:09，封面是哆啦A梦牧场物语的游戏画面；节目单记 Jump King,以回看为准；Jump King 这一天无证据,2019-08-14-live-01
2019-08-15,四,疑案追声中元节特别篇/ Unheard DLC 2 | 哆啦A梦：大雄的牧场物语/ Doraemon Nobita no Bokujou Monogatari,0,已有条目·内容一致,2019-08-15-live-01,节目单内容与条目一致（或只多聊天、砒霜、邮件等非游戏段落）,,2019-08-15-live-01
2019-08-16,五,唱歌 | 跳跃之王/ Jump King,0,已有条目·内容一致,2019-08-16-live-01,节目单内容与条目一致（或只多聊天、砒霜、邮件等非游戏段落）,,2019-08-16-live-01
2019-08-17,六,DARQ | 哆啦A梦：大雄的牧场物语/ Doraemon Nobita no Bokujou Monogatari,2,已有条目·缺内容,2019-08-17-live-01,节目单另记「DARQ」，条目未收；只有节目单一处，未改条目,,2019-08-17-live-01
2019-08-18,日,心灵砒霜169期 | 邮件31,0,已有条目·内容一致,2019-08-18-live-01,节目单内容与条目一致（或只多聊天、砒霜、邮件等非游戏段落）,,2019-08-18-live-01
2019-08-19,一,哆啦A梦：大雄的牧场物语/ Doraemon Nobita no Bokujou Monogatari,0,已有条目·内容一致,2019-08-19-live-01,节目单内容与条目一致（或只多聊天、砒霜、邮件等非游戏段落）,,2019-08-19-live-01
2019-08-20,二,哆啦A梦：大雄的牧场物语/ Doraemon Nobita no Bokujou Monogatari,0,已有条目·内容一致,2019-08-20-live-01,节目单内容与条目一致（或只多聊天、砒霜、邮件等非游戏段落）,,2019-08-20-live-01
2019-08-21,三,遗迹:灰烬重生/ Remnant: From the Ashes,0,已有条目·内容一致,2019-08-21-live-01,节目单内容与条目一致（或只多聊天、砒霜、邮件等非游戏段落）,,2019-08-21-live-01
2019-08-22,四,休息,6,非直播／活动／休息,,节目单：休息,,
2019-08-23,五,遗迹:灰烬重生/ Remnant: From the Ashes,0,已有条目·内容一致,2019-08-23-live-01,节目单内容与条目一致（或只多聊天、砒霜、邮件等非游戏段落）,,2019-08-23-live-01
2019-08-24,六,遗迹:灰烬重生/ Remnant: From the Ashes,0,已有条目·内容一致,2019-08-24-live-01,节目单内容与条目一致（或只多聊天、砒霜、邮件等非游戏段落）,,2019-08-24-live-01
2019-08-25,日,心灵砒霜170期 | 邮件17,0,已有条目·内容一致,2019-08-25-live-01,节目单内容与条目一致（或只多聊天、砒霜、邮件等非游戏段落）,,2019-08-25-live-01
2019-08-26,一,控制/ Control,0,已有条目·内容一致,2019-08-26-live-01,节目单内容与条目一致（或只多聊天、砒霜、邮件等非游戏段落）,,2019-08-26-live-01
2019-08-27,二,控制/ Control,0,已有条目·内容一致,2019-08-27-live-01,节目单内容与条目一致（或只多聊天、砒霜、邮件等非游戏段落）,,2019-08-27-live-01
2019-08-28,三,遗迹:灰烬重生/ Remnant: From the Ashes,0,已有条目·内容一致,2019-08-28-live-01,节目单内容与条目一致（或只多聊天、砒霜、邮件等非游戏段落）,,2019-08-28-live-01
2019-08-29,四,Heave Ho | 境界灵压对决,0,已有条目·内容一致,2019-08-29-live-01,节目单记 Heave Ho、境界灵压对决，与合并后的条目一致,合并：2019-08-30-live-01（录像小屋与斗鱼回看时长同为 19120 秒）并入本日；死神对决／境界灵压对决两个游戏 id 待维护者确认是否同一款,2019-08-29-live-01
2019-08-30,五,休假,6,非直播／活动／休息,,节目单记「休假」；原 2019-08-30-live-01 是 08-29 那场的重复,删除 2019-08-30-live-01（并入 08-29）,
2019-08-31,六,休假,6,非直播／活动／休息,,节目单：休假,,
2019-09-01,日,休假,6,非直播／活动／休息,,节目单：休假,,
2019-09-02,一,休假,6,非直播／活动／休息,,节目单：休假,,
2019-09-03,二,Heave Ho,0,已有条目·内容一致,2019-09-03-live-01,节目单内容与条目一致（或只多聊天、砒霜、邮件等非游戏段落）,,2019-09-03-live-01
2019-09-04,三,哆啦A梦：大雄的牧场物语/ Doraemon Nobita no Bokujou Monogatari,0,已有条目·内容一致,2019-09-04-live-01,节目单内容与条目一致（或只多聊天、砒霜、邮件等非游戏段落）,,2019-09-04-live-01
2019-09-05,四,哆啦A梦：大雄的牧场物语/ Doraemon Nobita no Bokujou Monogatari,0,已有条目·内容一致,2019-09-05-live-01,节目单内容与条目一致（或只多聊天、砒霜、邮件等非游戏段落）,,2019-09-05-live-01
2019-09-06,五,魔兽世界怀旧服156 | 骰子地下城/ dicey dungeon | 口袋服装店/ Pocket Clothier,2,已有条目·缺内容,2019-09-06-live-01,节目单：魔兽世界怀旧服156 | 骰子地下城/ dicey dungeon | 口袋服装店/ Pocket Clothier,更正游戏 id：「挤进服务器」即魔兽世界怀旧服开服排队，游戏由 world-of-warcraft 改为 wow-classic,2019-09-06-live-01
2019-09-07,六,,6,非直播／活动／休息,,节目单：空白,,
2019-09-08,日,,6,非直播／活动／休息,,节目单：空白,,
2019-09-09,一,心灵砒霜171期 | 邮件21,0,已有条目·内容一致,2019-09-09-live-01,节目单内容与条目一致（或只多聊天、砒霜、邮件等非游戏段落）,,2019-09-09-live-01
2019-09-10,二,怪物猎人世界DLC冰原,0,已有条目·内容一致,2019-09-10-live-01,节目单内容与条目一致（或只多聊天、砒霜、邮件等非游戏段落）,,2019-09-10-live-01
2019-09-11,三,怪物猎人世界DLC冰原,0,已有条目·内容一致,2019-09-11-live-01,节目单内容与条目一致（或只多聊天、砒霜、邮件等非游戏段落）,,2019-09-11-live-01
2019-09-12,四,怪物猎人世界DLC冰原,0,已有条目·内容一致,2019-09-12-live-01,节目单内容与条目一致（或只多聊天、砒霜、邮件等非游戏段落）,,2019-09-12-live-01
2019-09-13,五,怪物猎人世界DLC冰原,0,已有条目·内容一致,2019-09-13-live-01,节目单内容与条目一致（或只多聊天、砒霜、邮件等非游戏段落）,,2019-09-13-live-01
2019-09-14,六,怪物猎人世界DLC冰原,0,已有条目·内容一致,2019-09-14-live-01,节目单内容与条目一致（或只多聊天、砒霜、邮件等非游戏段落）,,2019-09-14-live-01
2019-09-15,日,心灵砒霜172期 | 邮件22,0,已有条目·内容一致,2019-09-15-live-01,节目单内容与条目一致（或只多聊天、砒霜、邮件等非游戏段落）,,2019-09-15-live-01
2019-09-16,一,怪物猎人世界DLC冰原,0,已有条目·内容一致,2019-09-16-live-01,节目单内容与条目一致（或只多聊天、砒霜、邮件等非游戏段落）,,2019-09-16-live-01
2019-09-17,二,怪物猎人世界DLC冰原,0,已有条目·内容一致,2019-09-17-live-01,节目单内容与条目一致（或只多聊天、砒霜、邮件等非游戏段落）,,2019-09-17-live-01
2019-09-18,三,怪物猎人世界DLC冰原 | 被囚禁的掌心,2,已有条目·缺内容,2019-09-18-live-01,节目单另记「怪物猎人世界DLC冰原」，条目未收；只有节目单一处，未改条目,,2019-09-18-live-01
2019-09-19,四,休息,6,非直播／活动／休息,,节目单：休息,,
2019-09-20,五,塞尔达传说：织梦岛/ The Legend of Zelda: Link's Awakening | ゼルダの伝说 梦をみる岛,0,已有条目·内容一致,2019-09-20-live-01,节目单内容与条目一致（或只多聊天、砒霜、邮件等非游戏段落）,,2019-09-20-live-01
2019-09-21,六,塞尔达传说：织梦岛/ The Legend of Zelda: Link's Awakening,0,已有条目·内容一致,2019-09-21-live-01,节目单内容与条目一致（或只多聊天、砒霜、邮件等非游戏段落）,,2019-09-21-live-01
2019-09-22,日,心灵砒霜173期 | 邮件21,0,已有条目·内容一致,2019-09-22-live-01,节目单内容与条目一致（或只多聊天、砒霜、邮件等非游戏段落）,,2019-09-22-live-01
2019-09-23,一,塞尔达传说：织梦岛/ The Legend of Zelda: Link's Awakening,0,已有条目·内容一致,2019-09-23-live-01,节目单内容与条目一致（或只多聊天、砒霜、邮件等非游戏段落）,,2019-09-23-live-01
2019-09-24,二,唱歌 | 塞尔达传说：织梦岛/ The Legend of Zelda: Link's Awakening,0,已有条目·内容一致,2019-09-24-live-01,节目单内容与条目一致（或只多聊天、砒霜、邮件等非游戏段落）,,2019-09-24-live-01
2019-09-25,三,短途徒步旅行/ A Short Hike,0,已有条目·内容一致,2019-09-25-live-01,节目单内容与条目一致（或只多聊天、砒霜、邮件等非游戏段落）,,2019-09-25-live-01
2019-09-26,四,休息,6,非直播／活动／休息,,节目单：休息,,
2019-09-27,五,动物园之星/ Planet Zoo,5,与更强的一手证据矛盾,2019-09-27-live-01,斗鱼官方回看开播 09-27 15:08，封面是 A Short Hike 标题画面；节目单记动物园之星,以回看为准,2019-09-27-live-01
2019-09-28,六,丛林地狱/ Green Hell,0,已有条目·内容一致,2019-09-28-live-01,节目单内容与条目一致（或只多聊天、砒霜、邮件等非游戏段落）,,2019-09-28-live-01
2019-09-29,日,丛林地狱/ Green Hell,0,已有条目·内容一致,2019-09-29-live-01,节目单内容与条目一致（或只多聊天、砒霜、邮件等非游戏段落）,,2019-09-29-live-01
2019-09-30,一,丛林地狱/ Green Hell,0,已有条目·内容一致,2019-09-30-live-01,节目单内容与条目一致（或只多聊天、砒霜、邮件等非游戏段落）,,2019-09-30-live-01
2019-10-01,二,丛林地狱/ Green Hell,0,已有条目·内容一致,2019-10-01-live-01,节目单内容与条目一致（或只多聊天、砒霜、邮件等非游戏段落）,,2019-10-01-live-01
2019-10-02,三,休息,6,非直播／活动／休息,,节目单：休息,,
2019-10-03,四,动物园之星/ Planet Zoo,5,与更强的一手证据矛盾,2019-10-03-live-01,录像小屋《女流-2019.10.3-过山车之星》；节目单记动物园之星。10-04 回看封面证实这几天玩的就是过山车之星（游戏自带菜单 logo），动物园之星 2019-11-05 才发售。另：这份录像 10-05 00:54 才投稿，时长与 10-04 回看相近，可能是 10-04 那场标错日，证据不足，未合并,不改；两条都保留,2019-10-03-live-01
2019-10-04,五,动物园之星/ Planet Zoo,5,与更强的一手证据矛盾,2019-10-04-live-01,斗鱼官方回看封面是《过山车之星》菜单；节目单记动物园之星,以回看为准,2019-10-04-live-01
2019-10-05,六,休息,6,非直播／活动／休息,,节目单：休息,,
2019-10-06,日,心灵砒霜174期 | 邮件25,0,已有条目·内容一致,2019-10-06-live-01,节目单内容与条目一致（或只多聊天、砒霜、邮件等非游戏段落）,,2019-10-06-live-01
2019-10-07,一,动物园之星/ Planet Zoo,0,已有条目·内容一致,2019-10-07-live-01,节目单内容与条目一致（或只多聊天、砒霜、邮件等非游戏段落）,,2019-10-07-live-01
2019-10-08,二,,6,非直播／活动／休息,,节目单：空白,,
2019-10-09,三,三位一体 4:梦魇王子/ Trine 4: The Nightmare Prince | 朝圣者/ Pilgrims,2,已有条目·缺内容,2019-10-09-live-01,节目单另记「朝圣者/ Pilgrims」，条目未收；只有节目单一处，未改条目,,2019-10-09-live-01
2019-10-10,四,三位一体 4:梦魇王子/ Trine 4: The Nightmare Prince,0,已有条目·内容一致,2019-10-10-live-01,节目单内容与条目一致（或只多聊天、砒霜、邮件等非游戏段落）,,2019-10-10-live-01
2019-10-11,五,三位一体 4:梦魇王子/ Trine 4: The Nightmare Prince,0,已有条目·内容一致,2019-10-11-live-01,节目单内容与条目一致（或只多聊天、砒霜、邮件等非游戏段落）,,2019-10-11-live-01
2019-10-12,六,第三只眼/ 3rdeye,0,已有条目·内容一致,2019-10-12-live-01,节目单内容与条目一致（或只多聊天、砒霜、邮件等非游戏段落）,,2019-10-12-live-01
2019-10-13,日,心灵砒霜175期 | 邮件20,0,已有条目·内容一致,2019-10-13-live-01,节目单内容与条目一致（或只多聊天、砒霜、邮件等非游戏段落）,,2019-10-13-live-01
2019-10-14,一,,6,非直播／活动／休息,,节目单：空白,,
2019-10-15,二,骑士之旅/ A Knight’s Quest | 时光之帽/ A Hat in Time,2,已有条目·缺内容,2019-10-15-live-01,节目单另记「时光之帽/ A Hat in Time」，条目未收；只有节目单一处，未改条目,,2019-10-15-live-01
2019-10-16,三,大圣归来首发,0,已有条目·内容一致,2019-10-16-live-01,节目单内容与条目一致（或只多聊天、砒霜、邮件等非游戏段落）,,2019-10-16-live-01
2019-10-17,四,牧场物语-重聚矿石镇,0,已有条目·内容一致,2019-10-17-live-01,节目单内容与条目一致（或只多聊天、砒霜、邮件等非游戏段落）,,2019-10-17-live-01
2019-10-18,五,健身环大冒险/ Ring Fit Adventure | 牧场物语-重聚矿石镇 | 魔法门英雄无敌：王朝,2,已有条目·缺内容,2019-10-18-live-01,节目单另记「魔法门英雄无敌：王朝」，条目未收；只有节目单一处，未改条目,,2019-10-18-live-01
2019-10-19,六,牧场物语-重聚矿石镇,0,已有条目·内容一致,2019-10-19-live-01,节目单内容与条目一致（或只多聊天、砒霜、邮件等非游戏段落）,,2019-10-19-live-01
2019-10-20,日,牧场物语-重聚矿石镇,0,已有条目·内容一致,2019-10-20-live-01,节目单内容与条目一致（或只多聊天、砒霜、邮件等非游戏段落）,,2019-10-20-live-01
2019-10-21,一,牧场物语-重聚矿石镇,0,已有条目·内容一致,2019-10-21-live-01,节目单内容与条目一致（或只多聊天、砒霜、邮件等非游戏段落）,,2019-10-21-live-01
2019-10-22,二,牧场物语-重聚矿石镇,0,已有条目·内容一致,2019-10-22-live-01,节目单内容与条目一致（或只多聊天、砒霜、邮件等非游戏段落）,,2019-10-22-live-01
2019-10-23,三,牧场物语-重聚矿石镇 | 第二银河,2,已有条目·缺内容,2019-10-23-live-01,节目单另记「第二银河」，条目未收；只有节目单一处，未改条目,,2019-10-23-live-01
2019-10-24,四,休息,6,非直播／活动／休息,,节目单：休息,,
2019-10-25,五,牧场物语-重聚矿石镇,0,已有条目·内容一致,2019-10-25-live-01,节目单内容与条目一致（或只多聊天、砒霜、邮件等非游戏段落）,,2019-10-25-live-01
2019-10-26,六,大富翁10,5,与更强的一手证据矛盾,2019-10-26-live-01,斗鱼官方回看开播 10-26 15:09，封面是《牧场物语 重聚矿石镇》标题画面；节目单记大富翁10,以回看为准,2019-10-26-live-01
2019-10-27,日,心灵砒霜176期 | 邮件15,0,已有条目·内容一致,2019-10-27-live-01,节目单内容与条目一致（或只多聊天、砒霜、邮件等非游戏段落）,,2019-10-27-live-01
2019-10-28,一,请假,6,非直播／活动／休息,,节目单：请假,,
2019-10-29,二,请假,6,非直播／活动／休息,,节目单：请假,,
2019-10-30,三,请假,6,非直播／活动／休息,,节目单：请假,,
2019-10-31,四,路易吉洋馆3/ Luigi’s Mansion 3,0,已有条目·内容一致,2019-10-31-live-01,节目单内容与条目一致（或只多聊天、砒霜、邮件等非游戏段落）,,2019-10-31-live-01
2019-11-01,五,马里奥和索尼克在东京奥运会 | 多多自走棋,2,已有条目·缺内容,2019-11-01-live-01,节目单另记「多多自走棋」，条目未收；只有节目单一处，未改条目,,2019-11-01-live-01
2019-11-02,六,搬家,6,非直播／活动／休息,,节目单：搬家,,
2019-11-03,日,心灵砒霜177期 | 邮件13,0,已有条目·内容一致,2019-11-03-live-01,节目单内容与条目一致（或只多聊天、砒霜、邮件等非游戏段落）,,2019-11-03-live-01
2019-11-04,一,路易吉洋馆3/ Luigi’s Mansion 3,0,已有条目·内容一致,2019-11-04-live-01,节目单内容与条目一致（或只多聊天、砒霜、邮件等非游戏段落）,,2019-11-04-live-01
2019-11-05,二,路易吉洋馆3/ Luigi’s Mansion 3,0,已有条目·内容一致,2019-11-05-live-01,节目单内容与条目一致（或只多聊天、砒霜、邮件等非游戏段落）,,2019-11-05-live-01
2019-11-06,三,路易吉洋馆3/ Luigi’s Mansion 3,0,已有条目·内容一致,2019-11-06-live-01,节目单内容与条目一致（或只多聊天、砒霜、邮件等非游戏段落）,,2019-11-06-live-01
2019-11-07,四,明日之后第二季 | 左边,2,已有条目·缺内容,2019-11-07-live-01,节目单另记「明日之后第二季、左边」，条目未收；只有节目单一处，未改条目,,2019-11-07-live-01
2019-11-08,五,死亡搁浅/ Death Stranding | 失落城堡,2,已有条目·缺内容,2019-11-08-live-01,节目单另记「死亡搁浅/ Death Stranding」，条目未收；只有节目单一处，未改条目,,2019-11-08-live-01
2019-11-09,六,明日之后第二季122 | 死亡搁浅/ Death Stranding,2,已有条目·缺内容,2019-11-09-live-01,节目单另记「明日之后第二季122」，条目未收；只有节目单一处，未改条目,,2019-11-09-live-01
2019-11-10,日,心灵砒霜178期 | 邮件14 | 魔兽世界,2,已有条目·缺内容,2019-11-10-live-01,节目单另记「魔兽世界」，条目未收；只有节目单一处，未改条目,,2019-11-10-live-01
2019-11-11,一,死亡搁浅/ Death Stranding,0,已有条目·内容一致,2019-11-11-live-01,节目单内容与条目一致（或只多聊天、砒霜、邮件等非游戏段落）,,2019-11-11-live-01
2019-11-12,二,死亡搁浅/ Death Stranding,0,已有条目·内容一致,2019-11-12-live-01,节目单内容与条目一致（或只多聊天、砒霜、邮件等非游戏段落）,,2019-11-12-live-01
2019-11-13,三,死亡搁浅/ Death Stranding,0,已有条目·内容一致,2019-11-13-live-01,节目单内容与条目一致（或只多聊天、砒霜、邮件等非游戏段落）,,2019-11-13-live-01
2019-11-14,四,,6,非直播／活动／休息,,节目单：空白,,
2019-11-15,五,死亡搁浅/ Death Stranding,0,已有条目·内容一致,2019-11-15-live-01,节目单内容与条目一致（或只多聊天、砒霜、邮件等非游戏段落）,,2019-11-15-live-01
2019-11-16,六,回家喝喜酒,6,非直播／活动／休息,,节目单：回家喝喜酒,,
2019-11-17,日,心灵砒霜179期 | 邮件19,0,已有条目·内容一致,2019-11-17-live-01,节目单内容与条目一致（或只多聊天、砒霜、邮件等非游戏段落）,,2019-11-17-live-01
2019-11-18,一,,6,非直播／活动／休息,,节目单：空白,,
2019-11-19,二,死亡搁浅/ Death Stranding,0,已有条目·内容一致,2019-11-19-live-01,节目单内容与条目一致（或只多聊天、砒霜、邮件等非游戏段落）,,2019-11-19-live-01
2019-11-20,三,我们一起来过/ We Were Here Together,0,已有条目·内容一致,2019-11-20-live-01,节目单内容与条目一致（或只多聊天、砒霜、邮件等非游戏段落）,,2019-11-20-live-01
2019-11-21,四,我们一起来过/ We Were Here Together | 人类:一败涂地/ Human: Fall Flat | 魔兽RPG地图：面包罐头,2,已有条目·缺内容,2019-11-21-live-01,节目单另记「人类:一败涂地/ Human: Fall Flat、魔兽RPG地图：面包罐头」，条目未收；只有节目单一处，未改条目,,2019-11-21-live-01
2019-11-22,五,缠结塔/ Tangle Tower,0,已有条目·内容一致,2019-11-22-live-01,节目单内容与条目一致（或只多聊天、砒霜、邮件等非游戏段落）,,2019-11-22-live-01
2019-11-23,六,,6,非直播／活动／休息,,节目单：空白,,
2019-11-24,日,怪物猎人狩猎季比赛,0,已有条目·内容一致,2019-11-24-live-01,节目单内容与条目一致（或只多聊天、砒霜、邮件等非游戏段落）,,2019-11-24-live-01
2019-11-25,一,,6,非直播／活动／休息,,节目单：空白,,
2019-11-26,二,缠结塔/ Tangle Tower,0,已有条目·内容一致,2019-11-26-live-01,节目单内容与条目一致（或只多聊天、砒霜、邮件等非游戏段落）,,2019-11-26-live-01
2019-11-27,三,,6,非直播／活动／休息,,节目单：空白,,
2019-11-28,四,,6,非直播／活动／休息,,节目单：空白,,
2019-11-29,五,农夫王朝/ Farmer's Dynasty,0,已有条目·内容一致,2019-11-29-live-01,节目单内容与条目一致（或只多聊天、砒霜、邮件等非游戏段落）,,2019-11-29-live-01
2019-11-30,六,壁中精灵/ Concrete Genie,0,已有条目·内容一致,2019-11-30-live-01,节目单内容与条目一致（或只多聊天、砒霜、邮件等非游戏段落）,,2019-11-30-live-01
2019-12-01,日,心灵砒霜180期 | 邮件24,0,已有条目·内容一致,2019-12-01-live-01,节目单内容与条目一致（或只多聊天、砒霜、邮件等非游戏段落）,,2019-12-01-live-01
2019-12-02,一,担架拍档/ The Stretchers,0,已有条目·内容一致,2019-12-02-live-01,节目单内容与条目一致（或只多聊天、砒霜、邮件等非游戏段落）,,2019-12-02-live-01
2019-12-03,二,姐弟聊天,0,已有条目·内容一致,2019-12-03-live-01,节目单内容与条目一致（或只多聊天、砒霜、邮件等非游戏段落）,,2019-12-03-live-01
2019-12-04,三,任天堂NS国行发布会,6,非直播／活动／休息,,节目单：任天堂NS国行发布会,,
2019-12-05,四,莫塔之子/ Children of Morta,0,已有条目·内容一致,2019-12-05-live-01,节目单内容与条目一致（或只多聊天、砒霜、邮件等非游戏段落）,,2019-12-05-live-01
2019-12-06,五,莫塔之子/ Children of Morta,0,已有条目·内容一致,2019-12-06-live-01,节目单内容与条目一致（或只多聊天、砒霜、邮件等非游戏段落）,,2019-12-06-live-01
2019-12-07,六,,6,非直播／活动／休息,,节目单：空白,,
2019-12-08,日,心灵砒霜181期 | 邮件19,0,已有条目·内容一致,2019-12-08-live-01,节目单内容与条目一致（或只多聊天、砒霜、邮件等非游戏段落）,,2019-12-08-live-01
2019-12-09,一,唱歌 | 最长的电影,2,已有条目·缺内容,2019-12-09-live-01,节目单另记「最长的电影」，条目未收；只有节目单一处，未改条目,,2019-12-09-live-01
2019-12-10,二,飞向月球:财富/ Deliver Us The Moon: Fortuna | 安静,2,已有条目·缺内容,2019-12-10-live-01,节目单另记「安静」，条目未收；只有节目单一处，未改条目,,2019-12-10-live-01
2019-12-11,三,木筏/ Raft | 梦一场,2,已有条目·缺内容,2019-12-11-live-01,节目单另记「梦一场」，条目未收；只有节目单一处，未改条目,,2019-12-11-live-01
2019-12-12,四,流星,4,仅节目单（候选）,,节目单：流星。无快照、无同期帖、无录像，不建条目（流星）,,
2019-12-13,五,木筏/ Raft,0,已有条目·内容一致,2019-12-13-live-01,节目单内容与条目一致（或只多聊天、砒霜、邮件等非游戏段落）,,2019-12-13-live-01
2019-12-14,六,,6,非直播／活动／休息,,节目单：空白,,
2019-12-15,日,心灵砒霜182期 | 邮件15,0,已有条目·内容一致,2019-12-15-live-01,节目单内容与条目一致（或只多聊天、砒霜、邮件等非游戏段落）,,2019-12-15-live-01
2019-12-16,一,跳跃之王番外/Jump King DLC,0,已有条目·内容一致,2019-12-16-live-01,节目单内容与条目一致（或只多聊天、砒霜、邮件等非游戏段落）,,2019-12-16-live-01
2019-12-17,二,跳跃之王番外/Jump King DLC,0,已有条目·内容一致,2019-12-17-live-01,节目单内容与条目一致（或只多聊天、砒霜、邮件等非游戏段落）,,2019-12-17-live-01
2019-12-18,三,木筏/ Raft,0,已有条目·内容一致,2019-12-18-live-01,节目单内容与条目一致（或只多聊天、砒霜、邮件等非游戏段落）,,2019-12-18-live-01
2019-12-19,四,,6,非直播／活动／休息,,节目单：空白,,
2019-12-20,五,感受冬季/ FeelTheSnow | Ashen,0,已有条目·内容一致,2019-12-20-live-01,节目单内容与条目一致（或只多聊天、砒霜、邮件等非游戏段落）,,2019-12-20-live-01
2019-12-21,六,Ashen,0,已有条目·内容一致,2019-12-21-live-01,节目单内容与条目一致（或只多聊天、砒霜、邮件等非游戏段落）,,2019-12-21-live-01
2019-12-22,日,心灵砒霜183期 | 邮件22 | 梦幻西游三维版,0,已有条目·内容一致,2019-12-22-live-01,节目单记心灵砒霜；梦幻西游三维版只有节目单,合并 2019-12-23-live-01 的 A站弹幕版来源,2019-12-22-live-01
2019-12-23,一,,6,非直播／活动／休息,,节目单空白；原 2019-12-23-live-01 是 12-22 心灵砒霜的次日弹幕版,删除 2019-12-23-live-01（并入 2019-12-22-live-01）,
2019-12-24,二,Ashen,0,已有条目·内容一致,2019-12-24-live-01,节目单内容与条目一致（或只多聊天、砒霜、邮件等非游戏段落）,,2019-12-24-live-01
2019-12-25,三,动物园之星/ Planet Zoo,0,已有条目·内容一致,2019-12-25-live-01,节目单内容与条目一致（或只多聊天、砒霜、邮件等非游戏段落）,,2019-12-25-live-01
2019-12-26,四,,6,非直播／活动／休息,,节目单：空白,,
2019-12-27,五,脑锻炼Switch,0,已有条目·内容一致,2019-12-27-live-01,节目单内容与条目一致（或只多聊天、砒霜、邮件等非游戏段落）,,2019-12-27-live-01
2019-12-28,六,《魔兽争霸3》RPG：矿洞生存,0,已有条目·内容一致,2019-12-28-live-01,节目单内容与条目一致（或只多聊天、砒霜、邮件等非游戏段落）,,2019-12-28-live-01
2019-12-29,日,心灵砒霜184期 | 邮件14,0,已有条目·内容一致,2019-12-29-live-01,节目单内容与条目一致（或只多聊天、砒霜、邮件等非游戏段落）,,2019-12-29-live-01
2019-12-30,一,,6,非直播／活动／休息,,节目单：空白,,
2019-12-31,二,跨年,0,已有条目·内容一致,2019-12-31-live-01,节目单内容与条目一致（或只多聊天、砒霜、邮件等非游戏段落）,,2019-12-31-live-01
