logged_live_date,content,source_url,floor,archive_match,archive_entries,near_date_candidates
2016-01-03,直播 nidhogg,https://tieba.baidu.com/p/4363790737,2,一致,2016-01-03-live-01,
2016-01-04,橙光游戏：命运交叉的客店  & banished放逐之城,https://tieba.baidu.com/p/4363790737,2,一致,2016-01-04-live-02,
2016-01-05,who‘s your Daddy （谁是你爸爸）   & 星之契约,https://tieba.baidu.com/p/4363790737,2,一致,2016-01-05-live-01,
2016-01-07,besiege 12月更新版,https://tieba.baidu.com/p/4363790737,2,一致,2016-01-07-live-01,
2016-01-08,逆转裁判,https://tieba.baidu.com/p/4363790737,2,一致,2016-01-08-live-01,
2016-01-11,Poly bridge11月更新,https://tieba.baidu.com/p/4363790737,2,一致,2016-01-11-live-01,
2016-01-19,poly bridge最终关,https://tieba.baidu.com/p/4363790737,2,一致,2016-01-19-live-01,
2016-01-22,slime racher,https://tieba.baidu.com/p/4363790737,2,一致,2016-01-22-live-01,
2016-01-24,MC,https://tieba.baidu.com/p/4363790737,2,同日·内容待核,2016-01-24-live-01,
2016-01-26,poly bridge,https://tieba.baidu.com/p/4363790737,2,一致,2016-01-26-live-01,
2016-01-27,boxboy,https://tieba.baidu.com/p/4363790737,2,一致,2016-01-27-live-01,
2016-01-28,潜伏之赤途 （橙光游戏）,https://tieba.baidu.com/p/4363790737,2,一致,2016-01-28-live-01 | 2016-01-28-live-02,
2016-02-01,塞达尔三角力量,https://tieba.baidu.com/p/4363790737,3,一致,2016-02-01-live-01,
2016-02-02,勇者斗恶龙builders,https://tieba.baidu.com/p/4363790737,3,一致,2016-02-02-live-01,
2016-02-17,火影忍者究极风暴4,https://tieba.baidu.com/p/4363790737,3,一致,2016-02-17-live-01,
2016-02-18,火影忍者究极风暴4,https://tieba.baidu.com/p/4363790737,3,一致,2016-02-18-live-01,
2016-02-19,unravel（毛线小精灵）,https://tieba.baidu.com/p/4363790737,3,一致,2016-02-19-live-01,
2016-02-20,rusty lake 新章birthday,https://tieba.baidu.com/p/4363790737,4,一致,2016-02-20-live-01,
2016-02-23,minecraft ; 地图：水星生存日记,https://tieba.baidu.com/p/4363790737,7,一致,2016-02-23-live-01,
2016-02-24,逆袭之星途闪耀（橙光游戏）,https://tieba.baidu.com/p/4363790737,9,一致,2016-02-24-live-01,
2016-02-25,极地战嚎：野蛮纪源,https://tieba.baidu.com/p/4363790737,10,一致,2016-02-25-live-01,
2016-03-02,逆袭之星途闪耀 3月1号更新章（橙光游戏）,https://tieba.baidu.com/p/4363790737,11,一致,2016-03-02-live-01,
2016-03-03,传说之下undertale,https://tieba.baidu.com/p/4363790737,13,一致,2016-03-03-live-01,
2016-03-04,minecraft1.8.8（b站MC主题建筑擂台赛）,https://tieba.baidu.com/p/4363790737,14,一致,2016-03-04-live-01,
2016-03-07,传说之下undertale,https://tieba.baidu.com/p/4363790737,15,一致,2016-03-07-live-01,
2016-03-09,逆袭之星途闪耀,https://tieba.baidu.com/p/4363790737,17,同日·内容待核,2016-03-09-live-01,
2016-03-10,星露谷物语,https://tieba.baidu.com/p/4363790737,18,一致,2016-03-10-live-01,
2016-03-11,星露谷物语,https://tieba.baidu.com/p/4363790737,19,一致,2016-03-11-live-01,
2016-03-12,星露谷物语（网瘾少女深陷物语无法自拔）,https://tieba.baidu.com/p/4363790737,20,一致,2016-03-12-live-01,
2016-03-13,星露谷物语（我也下载了，才开始玩，英语不懂是硬伤啊！）,https://tieba.baidu.com/p/4363790737,21,同日·内容待核,2016-03-13-live-01,2016-03-09-live-01(-4) 2016-03-16-live-01(+3)
2016-03-15,星露谷物语,https://tieba.baidu.com/p/4363790737,23,一致,2016-03-15-live-01,
2016-03-17,星露谷物语（已经7combo～）,https://tieba.baidu.com/p/4363790737,24,一致,2016-03-17-live-01,
2016-03-21,星露谷物语 ; （俨然已经成为继MC、节奏天国之后最长的且连续的直播游戏了）,https://tieba.baidu.com/p/4363790737,25,一致,2016-03-21-live-01,
2016-03-22,星露谷物语,https://tieba.baidu.com/p/4363790737,26,一致,2016-03-22-live-01,
2016-03-25,geometry dash 几何冲刺 ; 星露谷,https://tieba.baidu.com/p/4363790737,29,一致,2016-03-25-live-01,
2016-03-28,geometry dash 几何冲刺 ; 星露谷,https://tieba.baidu.com/p/4363790737,31,一致,2016-03-28-live-01,
2016-04-04,1游戏名：factorio异星工厂 ; 2游戏名：SuperHot,https://tieba.baidu.com/p/4363790737,33,一致,2016-04-04-live-01,
2016-04-05,hunie cam studio,https://tieba.baidu.com/p/4363790737,34,一致,2016-04-05-live-01,
2016-04-06,逆转裁判5,https://tieba.baidu.com/p/4363790737,35,一致,2016-04-06-live-01,
2016-04-07,逆转裁判5,https://tieba.baidu.com/p/4363790737,36,一致,2016-04-07-live-01,
2016-04-08,逆转裁判5,https://tieba.baidu.com/p/4363790737,38,一致,2016-04-08-live-01,
2016-04-11,传送门2,https://tieba.baidu.com/p/4363790737,39,一致,2016-04-11-live-01,
2016-04-12,生锈小湖解密新章theatre,https://tieba.baidu.com/p/4363790737,40,一致,2016-04-12-live-01,
2016-04-13,星露谷物语,https://tieba.baidu.com/p/4363790737,41,一致,2016-04-13-live-01,
2016-04-14,星露谷物语,https://tieba.baidu.com/p/4363790737,42,一致,2016-04-14-live-01,
2016-04-15,星露谷物语,https://tieba.baidu.com/p/4363790737,43,一致,2016-04-15-live-01,
2016-04-18,逆转裁判5（3ds）,https://tieba.baidu.com/p/4363790737,44,一致,2016-04-18-live-01,
2016-04-19,逆转裁判5,https://tieba.baidu.com/p/4363790737,45,一致,2016-04-19-live-01,
2016-04-20,星露谷物语,https://tieba.baidu.com/p/4363790737,45,一致,2016-04-20-live-01,
2016-04-22,星露谷物语,https://tieba.baidu.com/p/4363790737,46,一致,2016-04-22-live-01,
2016-04-25,星露谷物语,https://tieba.baidu.com/p/4363790737,48,一致,2016-04-25-live-01,
2016-04-26,星露谷物语,https://tieba.baidu.com/p/4363790737,49,一致,2016-04-26-live-01,
2016-04-27,星露谷物语,https://tieba.baidu.com/p/4363790737,51,一致,2016-04-27-live-01,
2016-05-02,黑暗之魂3 （PS4）,https://tieba.baidu.com/p/4363790737,54,一致,2016-05-02-live-01,
2016-05-03,黑暗之魂3 （PS4）,https://tieba.baidu.com/p/4363790737,55,一致,2016-05-03-live-01,
2016-05-06,黑暗之魂3,https://tieba.baidu.com/p/4363790737,58,一致,2016-05-06-live-01,
2016-05-07,黑暗之魂3,https://tieba.baidu.com/p/4363790737,60,贴吧有·档案缺日,,2016-05-04-live-01(-3) 2016-05-05-live-01(-2) 2016-05-08-live-02(+1) 2016-05-09-live-01(+2)
2016-05-10,勇者斗恶龙建造者（DQ建造者）,https://tieba.baidu.com/p/4363790737,62,一致,2016-05-10-live-01,
2016-05-11,勇者斗恶龙建造者（DQ builder）,https://tieba.baidu.com/p/4363790737,63,一致,2016-05-11-live-01,
2016-05-16,勇者斗恶龙建造者（DQ builder）,https://tieba.baidu.com/p/4363790737,64,一致,2016-05-16-live-01,
2016-05-17,勇者斗恶龙建造者（DQ builder）,https://tieba.baidu.com/p/4363790737,66,一致,2016-05-17-live-01,
2016-05-19,勇者斗恶龙建造者（DQ builder）,https://tieba.baidu.com/p/4363790737,67,一致,2016-05-19-live-01,
2016-05-20,勇者斗恶龙建造者（DQ builder）,https://tieba.baidu.com/p/4363790737,68,一致,2016-05-20-live-01,
2016-05-23,勇者斗恶龙建造者（DQ builder）,https://tieba.baidu.com/p/4363790737,69,一致,2016-05-23-live-01,
2016-05-24,勇者斗恶龙建造者（DQ builder）,https://tieba.baidu.com/p/4363790737,73,一致,2016-05-24-live-01,
2016-05-26,勇者斗恶龙建造者——史学生肉,https://tieba.baidu.com/p/4363790737,75,一致,2016-05-26-live-01,
2016-05-27,勇者斗恶龙建造者（完结撒花） ; 一拳超人 第4集,https://tieba.baidu.com/p/4363790737,77,一致,2016-05-27-live-01,
2016-05-31,逆袭之星途闪耀（橙光游戏）,https://tieba.baidu.com/p/4363790737,79,一致,2016-05-31-live-01,
2016-06-01,逆袭子星途闪耀 ＆ 极限脱出,https://tieba.baidu.com/p/4363790737,80,一致,2016-06-01-live-01 | 2016-06-01-live-02,
2016-06-02,怒海求生,https://tieba.baidu.com/p/4363790737,81,一致,2016-06-02-live-01 | 2016-06-02-live-02 | 2016-06-02-live-03,
2016-06-03,little inferno,https://tieba.baidu.com/p/4363790737,82,一致,2016-06-03-live-01,
2016-06-05,几何冲刺+盐和避难所,https://tieba.baidu.com/p/4363790737,83,同日·内容待核,2016-06-05-live-01,2016-06-04-live-01(-1) 2016-06-04-live-02(-1) 2016-06-08-live-01(+3) 2016-06-09-live-02(+4)
2016-06-06,几何冲刺,https://tieba.baidu.com/p/4363790737,84,一致,2016-06-06-live-01,
2016-06-07,poly bridge,https://tieba.baidu.com/p/4363790737,86,一致,2016-06-07-live-01,
2016-06-09,模拟人生4,https://tieba.baidu.com/p/4363790737,88,一致,2016-06-09-live-01 | 2016-06-09-live-02,
2016-06-24,幽灵诡计,https://tieba.baidu.com/p/4363790737,90,一致,2016-06-24-live-01,
2016-06-25,幽灵诡计,https://tieba.baidu.com/p/4363790737,91,一致,2016-06-25-live-01,
2016-06-27,幽灵诡计,https://tieba.baidu.com/p/4363790737,92,一致,2016-06-27-live-01,
2016-06-28,幽灵诡计 NDS,https://tieba.baidu.com/p/4363790737,92,一致,2016-06-28-live-01,
2016-06-29,我的世界/minecraft 1.9.4,https://tieba.baidu.com/p/4363790737,93,一致,2016-06-29-live-01,
2016-06-30,我的世界/minecraft 1.9.4,https://tieba.baidu.com/p/4363790737,94,一致,2016-06-30-live-01,
2016-07-06,初音未来Project DIVA Future Tone,https://tieba.baidu.com/p/4363790737,97,一致,2016-07-06-live-01,
2016-07-07,初音未来Project DIVA Future Tone,https://tieba.baidu.com/p/4363790737,98,一致,2016-07-07-live-01,
2016-07-08,我的世界/minecraft 1.9.4,https://tieba.baidu.com/p/4363790737,99,一致,2016-07-08-live-01,
2016-07-11,黎明杀机,https://tieba.baidu.com/p/4363790737,100,一致,2016-07-11-live-01,
2016-07-21,兄弟：双子传说,https://tieba.baidu.com/p/4363790737,101,一致,2016-07-21-live-01,
2016-07-23,Starbound,https://tieba.baidu.com/p/4363790737,104,一致,2016-07-23-live-01,
2016-08-10,逆转裁判6,https://tieba.baidu.com/p/4363790737,112,一致,2016-08-10-live-01,
2016-08-12,逆转裁判6 ; （忘截图了）,https://tieba.baidu.com/p/4363790737,113,一致,2016-08-12-live-01,
2016-08-19,Turmoil,https://tieba.baidu.com/p/4363790737,118,一致,2016-08-19-live-01,
2016-08-24,百战天虫WMD,https://tieba.baidu.com/p/4363790737,121,一致,2016-08-24-live-01,
2016-08-25,百战天虫WMD,https://tieba.baidu.com/p/4363790737,122,一致,2016-08-25-live-01,
2016-08-26,逆转裁判6,https://tieba.baidu.com/p/4363790737,123,一致,2016-08-26-live-01,
2016-08-29,逆转裁判6,https://tieba.baidu.com/p/4363790737,124,一致,2016-08-29-live-01,
2016-09-14,逆转裁判6,https://tieba.baidu.com/p/4363790737,127,一致,2016-09-14-live-01,
2016-09-15,MC,https://tieba.baidu.com/p/4363790737,127,一致,2016-09-15-live-01,
2016-09-16,逆转裁判6,https://tieba.baidu.com/p/4363790737,128,一致,2016-09-16-live-01 | 2016-09-16-live-02,
2016-09-19,百战天虫WMD,https://tieba.baidu.com/p/4363790737,129,一致,2016-09-19-live-01,
2016-09-22,逆转裁判6,https://tieba.baidu.com/p/4363790737,132,一致,2016-09-22-live-01,
2016-10-03,正或误（66生日快乐！！）,https://tieba.baidu.com/p/4363790737,134,一致,2016-10-03-live-01,
2016-10-05,猫狗大战 ; overcooked,https://tieba.baidu.com/p/4363790737,137,一致,2016-10-05-live-01,
2016-10-06,overcooked ; 我的英雄学院,https://tieba.baidu.com/p/4363790737,138,一致,2016-10-06-live-01,
2016-10-09,jojo的奇妙冒险 不灭钻石,https://tieba.baidu.com/p/4363790737,141,同日·内容待核,2016-10-09-live-01,
2016-10-10,LISA,https://tieba.baidu.com/p/4363790737,142,一致,2016-10-10-live-01,
2016-10-11,lisa,https://tieba.baidu.com/p/4363790737,144,一致,2016-10-11-live-01,
2016-10-14,仙剑奇侠传3D回合,https://tieba.baidu.com/p/4363790737,147,一致,2016-10-14-live-01,
2016-10-16,JOJO的奇妙冒险,https://tieba.baidu.com/p/4363790737,148,同日·内容待核,2016-10-16-live-01,
2016-10-23,JOJO的奇妙冒险,https://tieba.baidu.com/p/4363790737,151,同日·内容待核,2016-10-23-live-01,
2016-10-24,橙光文字游戏：后宫三千人,https://tieba.baidu.com/p/4363790737,152,一致,2016-10-24-live-01,
2016-10-26,直播了几款vr游戏，并不认识。 ; 记得有部《夏日课堂》,https://tieba.baidu.com/p/4363790737,154,一致,2016-10-26-live-01,
2016-10-27,橙光文字游戏：后宫三千人,https://tieba.baidu.com/p/4363790737,153,一致,2016-10-27-live-01,
2016-10-28,橙光文字游戏：后宫三千人,https://tieba.baidu.com/p/4363790737,155,一致,2016-10-28-live-01,
2016-11-07,Manual Samuel,https://tieba.baidu.com/p/4363790737,157,同日·内容待核,2016-11-07-live-01,
2016-11-08,inside my radio,https://tieba.baidu.com/p/4363790737,158,一致,2016-11-08-live-01,
2016-11-09,松鼠大战  （平台：游聚平台）,https://tieba.baidu.com/p/4363790737,159,一致,2016-11-09-live-01,
2016-11-12,lisa,https://tieba.baidu.com/p/4363790737,145,同日·内容待核,2016-11-12-live-01,
2016-11-15,百战天虫,https://tieba.baidu.com/p/4363790737,161,一致,2016-11-15-live-01,
2016-11-16,大厦管理者,https://tieba.baidu.com/p/4363790737,162,一致,2016-11-16-live-01,
2016-11-18,我是警察👮,https://tieba.baidu.com/p/4363790737,163,一致,2016-11-18-live-01,
2016-11-19,极限竞速地平线3,https://tieba.baidu.com/p/4363790737,164,一致,2016-11-19-live-01,
2016-11-22,黑魂3dlc ; 影之刃2,https://tieba.baidu.com/p/4363790737,166,一致,2016-11-22-live-01,
2016-11-23,黑魂3DLC ; HEX集换英雄,https://tieba.baidu.com/p/4363790737,167,一致,2016-11-23-live-01,
2016-11-24,黑魂3dlc,https://tieba.baidu.com/p/4363790737,168,一致,2016-11-24-live-01,
2016-11-25,黑魂3dlc,https://tieba.baidu.com/p/4363790737,169,一致,2016-11-25-live-01,
2016-12-05,最终幻想15,https://tieba.baidu.com/p/4363790737,171,一致,2016-12-05-live-01,
2016-12-07,最后的守护者,https://tieba.baidu.com/p/4363790737,172,一致,2016-12-07-live-01 | 2016-12-07-live-02,
2016-12-08,最后的守护者,https://tieba.baidu.com/p/4363790737,173,一致,2016-12-08-live-01,
2016-12-12,Event0 STEAM平台,https://tieba.baidu.com/p/4363790737,174,一致,2016-12-12-live-02,
2016-12-15,lisa第三部the joyful,https://tieba.baidu.com/p/4363790737,175,一致,2016-12-15-live-01,
2016-12-17,战斗砖块剧场,https://tieba.baidu.com/p/4363790737,176,一致,2016-12-17-live-01 | 2016-12-17-live-02,
2016-12-21,魔兽RPG，地图：金字塔大逃亡、痛苦的聚会,https://tieba.baidu.com/p/4363790737,177,一致,2016-12-21-live-01,
2016-12-23,像素冒险owl boy,https://tieba.baidu.com/p/4363790737,178,一致,2016-12-23-live-01,
2016-12-27,owl boy猫头鹰男孩,https://tieba.baidu.com/p/4363790737,180,一致,2016-12-27-live-01,
2016-12-28,owlboy 猫头鹰男孩,https://tieba.baidu.com/p/4363790737,181,一致,2016-12-28-live-02,
2016-12-30,owlboy 猫头鹰男孩,https://tieba.baidu.com/p/4363790737,182,一致,2016-12-30-live-01,
2017-01-01,英雄联盟,https://tieba.baidu.com/p/4923399696,3,一致,2017-01-01-live-01,
2017-01-03,盛世天下,https://tieba.baidu.com/p/4923399696,17,一致,2017-01-03-live-01,
2017-01-04,盛世天下,https://tieba.baidu.com/p/4923399696,19,一致,2017-01-04-live-01,
2017-01-07,英雄联盟,https://tieba.baidu.com/p/4923399696,23,一致,2017-01-07-live-01,
2017-01-11,黑魂3,https://tieba.baidu.com/p/4923399696,24,同日·内容待核,2017-01-11-live-01,2017-01-10-live-02(-1)
2017-01-12,英雄联盟 ; 黑魂3,https://tieba.baidu.com/p/4923399696,25,一致,2017-01-12-live-01 | 2017-01-12-live-02,
2017-01-14,返校,https://tieba.baidu.com/p/4923399696,26,一致,2017-01-14-live-01,
2017-01-16,move or die,https://tieba.baidu.com/p/4923399696,27,一致,2017-01-16-live-01,
2017-01-17,战斗方块剧场,https://tieba.baidu.com/p/4923399696,28,一致,2017-01-17-live-01,
2017-01-18,reigns 王权,https://tieba.baidu.com/p/4923399696,29,一致,2017-01-18-live-01,
2017-01-21,英雄联盟   （直播两周年！！！！！！！）,https://tieba.baidu.com/p/4923399696,30,一致,2017-01-21-live-01,
2017-02-06,二重奏 duet,https://tieba.baidu.com/p/4923399696,31,同日·内容待核,2017-02-06-live-01,
2017-02-08,黑暗之魂3 （pvp） ; Cat Goes Fishing 小猫钓鱼,https://tieba.baidu.com/p/4923399696,32,一致,2017-02-08-live-01 | 2017-02-08-live-02,
2017-02-09,Cat Goes Fishing 小猫钓鱼,https://tieba.baidu.com/p/4923399696,33,一致,2017-02-09-live-01 | 2017-02-09-live-02,
2017-02-10,Cat Goes Fishing 小猫钓鱼,https://tieba.baidu.com/p/4923399696,34,一致,2017-02-10-live-01,
2017-02-11,Cat Goes Fishing 小猫钓鱼,https://tieba.baidu.com/p/4923399696,35,一致,2017-02-11-live-01,
2017-02-16,几何冲刺,https://tieba.baidu.com/p/4923399696,37,一致,2017-02-16-live-01,
2017-02-17,（凌晨）  KALIMBA,https://tieba.baidu.com/p/4923399696,38,一致,2017-02-17-live-01,
2017-02-17,几何冲刺,https://tieba.baidu.com/p/4923399696,39,一致,2017-02-17-live-01,
2017-02-18,KALIMBA,https://tieba.baidu.com/p/4923399696,41,一致,2017-02-18-live-01,
2017-02-20,别停，八分音符君,https://tieba.baidu.com/p/4923399696,42,同日·内容待核,2017-02-20-live-01,
2017-03-01,伊森卡特的消失,https://tieba.baidu.com/p/4923399696,43,一致,2017-03-01-live-01,
2017-03-03,hidden folks,https://tieba.baidu.com/p/4923399696,44,一致,2017-03-03-live-01,
2017-03-04,新热血高校,https://tieba.baidu.com/p/4923399696,45,一致,2017-03-04-live-01,
2017-03-07,塞尔达传说 荒野之息,https://tieba.baidu.com/p/4923399696,46,一致,2017-03-07-live-01,
2017-03-13,塞达尔传说 荒野之息,https://tieba.baidu.com/p/4923399696,47,一致,2017-03-13-live-01,
2017-03-14,塞达尔传说 荒野之息,https://tieba.baidu.com/p/4923399696,48,一致,2017-03-14-live-01,
2017-03-15,塞尔达传说 荒野之息,https://tieba.baidu.com/p/4923399696,49,一致,2017-03-15-live-01 | 2017-03-15-live-02,
2017-03-16,塞尔达传说 荒野之息 ; （有可能有英雄联盟）,https://tieba.baidu.com/p/4923399696,50,一致,2017-03-16-live-01,
2017-03-17,塞尔达传说 荒野之息,https://tieba.baidu.com/p/4923399696,51,一致,2017-03-17-live-01,
2017-03-18,塞尔达传说 荒野之息,https://tieba.baidu.com/p/4923399696,52,一致,2017-03-18-live-01,
2017-03-19,1-2-Switch,https://tieba.baidu.com/p/4923399696,53,一致,2017-03-19-live-01,
2017-03-24,rusty lake新章cave ; 塞尔达传说 荒野之息,https://tieba.baidu.com/p/4923399696,54,一致,2017-03-24-live-01,
2017-03-25,塞尔达传说 荒野之息,https://tieba.baidu.com/p/4923399696,56,一致,2017-03-25-live-01,
2017-03-29,黑暗之魂3 DLC：THE RINGED CITY,https://tieba.baidu.com/p/4923399696,57,一致,2017-03-29-live-01,
2017-03-30,黑暗之魂3 DLC：THE RINGED CITY,https://tieba.baidu.com/p/4923399696,58,一致,2017-03-30-live-01,
2017-04-01,SnipperClip（剪剪世界),https://tieba.baidu.com/p/4923399696,59,一致,2017-04-01-live-01,
2017-04-02,Puyo Puyo Tetris（噗哟噗哟俄罗斯方块） ; 1-2switch,https://tieba.baidu.com/p/4923399696,60,一致,2017-04-02-live-01 | 2017-04-02-live-02 | 2017-04-02-live-03,
2017-04-03,塞尔达传说 荒野之息,https://tieba.baidu.com/p/4923399696,62,一致,2017-04-03-live-01,
2017-04-04,1-2 switch ; 超级炸弹人R ; 塞尔达传说 荒野之息,https://tieba.baidu.com/p/4923399696,63,一致,2017-04-04-live-01,
2017-04-05,塞尔达传说 荒野之息,https://tieba.baidu.com/p/4923399696,64,一致,2017-04-05-live-01,
2017-04-06,冒险岛2,https://tieba.baidu.com/p/4923399696,65,一致,2017-04-06-live-01 | 2017-04-06-live-02,
2017-04-10,塞尔达传说 荒野之息,https://tieba.baidu.com/p/4923399696,66,一致,2017-04-10-live-01,
2017-04-11,塞尔达传说 荒野之息,https://tieba.baidu.com/p/4923399696,68,一致,2017-04-11-live-01,
2017-04-12,血源诅咒,https://tieba.baidu.com/p/4923399696,69,一致,2017-04-12-live-01,
2017-04-14,【橙光】盛世天下DLC 狄仁杰篇,https://tieba.baidu.com/p/4923399696,70,一致,2017-04-14-live-01,
2017-04-15,【橙光】盛世天下 女帝篇,https://tieba.baidu.com/p/4923399696,71,一致,2017-04-15-live-01,
2017-04-16,【橙光】盛世天下 女帝篇,https://tieba.baidu.com/p/4923399696,72,一致,2017-04-16-live-01 | 2017-04-16-live-02,
2017-04-17,星露谷物语 （TGP版）,https://tieba.baidu.com/p/4923399696,73,一致,2017-04-17-live-01,
2017-04-18,噗哟噗哟vs俄罗斯方块S  --switch,https://tieba.baidu.com/p/4923399696,74,一致,2017-04-18-live-01,
2017-04-19,Wonder Boy : The Dragon’s Trap,https://tieba.baidu.com/p/4923399696,75,一致,2017-04-19-live-01,
2017-04-21,Wonder Boy : The Dragon’s Trap（神奇男孩3：龙之陷阱）,https://tieba.baidu.com/p/4923399696,76,一致,2017-04-21-live-01,
2017-04-24,噗哟噗哟vs俄罗斯方块S,https://tieba.baidu.com/p/4923399696,77,同日·内容待核,2017-04-24-live-01,
2017-05-05,马里奥赛车8豪华版,https://tieba.baidu.com/p/4923399696,78,一致,2017-05-05-live-01,
2017-05-06,小小噩梦,https://tieba.baidu.com/p/4923399696,79,一致,2017-05-06-live-01,
2017-05-09,汐,https://tieba.baidu.com/p/4923399696,80,同日·内容待核,2017-05-09-live-01,
2017-05-12,艾迪芬奇的记忆(What Remains of Edith Finch),https://tieba.baidu.com/p/4923399696,81,一致,2017-05-12-live-02,
2017-05-13,Final Station,https://tieba.baidu.com/p/4923399696,82,一致,2017-05-13-live-01,
2017-05-15,Final Station,https://tieba.baidu.com/p/4923399696,83,一致,2017-05-15-live-01,
2017-05-16,Final Station,https://tieba.baidu.com/p/4923399696,85,一致,2017-05-16-live-01,
2017-05-17,死亡细胞,https://tieba.baidu.com/p/4923399696,86,一致,2017-05-17-live-01,
2017-05-19,死亡细胞,https://tieba.baidu.com/p/4923399696,87,一致,2017-05-19-live-01,
2017-05-22,Oxygen not included（缺氧）,https://tieba.baidu.com/p/4923399696,88,一致,2017-05-22-live-01 | 2017-05-22-live-02,
2017-05-23,Oxygen not included（缺氧）,https://tieba.baidu.com/p/4923399696,89,一致,2017-05-23-live-01,
2017-05-24,The Witness 见证者,https://tieba.baidu.com/p/4923399696,90,一致,2017-05-24-live-01,
2017-06-01,The Witness 见证者,https://tieba.baidu.com/p/4923399696,91,一致,2017-06-01-live-01,
2017-06-02,The Witness 见证者,https://tieba.baidu.com/p/4923399696,92,一致,2017-06-02-live-01,
2017-06-03,The Witness,https://tieba.baidu.com/p/4923399696,93,一致,2017-06-03-live-01,
2017-06-05,,https://tieba.baidu.com/p/4923399696,97,同日·内容待核,2017-06-05-live-01,
2017-06-08,守望先锋,https://tieba.baidu.com/p/4923399696,98,一致,2017-06-08-live-01,
2017-06-10,英雄联盟,https://tieba.baidu.com/p/4923399696,99,一致,2017-06-10-live-01,
2017-06-21,arms,https://tieba.baidu.com/p/4923399696,100,一致,2017-06-21-live-01,
2017-06-21,RIME,https://tieba.baidu.com/p/4923399696,101,一致,2017-06-21-live-01,
2017-06-23,Rime,https://tieba.baidu.com/p/4923399696,102,一致,2017-06-23-live-01 | 2017-06-23-live-02,
2017-06-24,克林巴(Kalimba),https://tieba.baidu.com/p/4923399696,103,一致,2017-06-24-live-01,
2017-07-01,空洞骑士,https://tieba.baidu.com/p/4923399696,105,一致,2017-07-01-live-01 | 2017-07-01-live-02,
2017-07-04,ibb obb,https://tieba.baidu.com/p/4923399696,104,一致,2017-07-04-live-01,
2017-07-06,move or die,https://tieba.baidu.com/p/4923399696,106,一致,2017-07-06-live-01,
2017-07-07,小小噩梦 dlc,https://tieba.baidu.com/p/4923399696,107,一致,2017-07-07-live-01,
2017-07-11,Night in the Woods,https://tieba.baidu.com/p/4923399696,123,一致,2017-07-11-live-01,
2017-07-12,幼儿园(Kindergarten),https://tieba.baidu.com/p/4923399696,124,同日·内容待核,2017-07-12-live-01,
2017-07-14,幼儿园(Kindergarten),https://tieba.baidu.com/p/4923399696,125,一致,2017-07-14-live-01,
2017-07-18,我的世界,https://tieba.baidu.com/p/4923399696,126,一致,2017-07-18-live-01,
2017-07-19,我的世界,https://tieba.baidu.com/p/4923399696,127,一致,2017-07-19-live-01,
2017-07-21,我的世界,https://tieba.baidu.com/p/4923399696,129,一致,2017-07-21-live-01,
2017-07-22,我的世界,https://tieba.baidu.com/p/4923399696,130,一致,2017-07-22-live-01,
2017-07-25,我的世界,https://tieba.baidu.com/p/4923399696,131,一致,2017-07-25-live-01,
2017-07-25,我的世界 minecraft 1.12,https://tieba.baidu.com/p/4923399696,132,一致,2017-07-25-live-01,
2017-08-02,我的世界 minecraft 1.12,https://tieba.baidu.com/p/4923399696,133,一致,2017-08-02-live-01,
2017-08-04,我的世界 minecraft 1.12,https://tieba.baidu.com/p/4923399696,134,一致,2017-08-04-live-01,
2017-08-06,绝地求生,https://tieba.baidu.com/p/4923399696,136,贴吧有·档案缺日,,2017-08-05-live-01(-1)
2017-08-07,我的世界 minecraft 1.12,https://tieba.baidu.com/p/4923399696,135,一致,2017-08-07-live-01,
2017-08-08,我的世界 minecraft 1.12,https://tieba.baidu.com/p/4923399696,138,一致,2017-08-08-live-01 | 2017-08-08-live-02,
2017-08-09,守望先锋 ibb&obb  绝地求生,https://tieba.baidu.com/p/4923399696,138,一致,2017-08-09-live-01,
2017-08-11,我的世界 网易中国版,https://tieba.baidu.com/p/4923399696,138,一致,2017-08-11-live-01,
2017-08-12,我的世界 minecraft 1.12,https://tieba.baidu.com/p/4923399696,138,一致,2017-08-12-live-01,
2017-08-14,我的世界 minecraft 1.12（大周好声音）,https://tieba.baidu.com/p/4923399696,138,一致,2017-08-14-live-01,
2017-08-18,我的世界 minecraft 1.12,https://tieba.baidu.com/p/4923399696,138,一致,2017-08-18-live-01,
2017-08-19,尼德霍格+绝地求生,https://tieba.baidu.com/p/4923399696,138,一致,2017-08-19-live-01,
2017-08-21,spacechem / 人力资源机器,https://tieba.baidu.com/p/4923399696,138,一致,2017-08-21-live-01,
2017-08-22,绝地求生,https://tieba.baidu.com/p/4923399696,138,一致,2017-08-22-live-01,
2017-08-23,百战天虫W.M.D,https://tieba.baidu.com/p/4923399696,138,一致,2017-08-23-live-01,
2017-08-25,缺氧,https://tieba.baidu.com/p/4923399696,138,一致,2017-08-25-live-01,
2017-08-26,缺氧,https://tieba.baidu.com/p/4923399696,138,一致,2017-08-26-live-01,
2017-08-29,我的世界 minecraft 1.12,https://tieba.baidu.com/p/4923399696,138,一致,2017-08-29-live-01,
2017-08-30,spacechem / 相扑人（Sumoman）,https://tieba.baidu.com/p/4923399696,138,一致,2017-08-30-live-01,
2017-09-01,Comedy Night /  相扑人Sumoman,https://tieba.baidu.com/p/4923399696,138,一致,2017-09-01-live-01,
2017-09-02,啪嗒砰,https://tieba.baidu.com/p/4923399696,138,一致,2017-09-02-live-01,
2017-09-04,地平线零之曙光体验会(PS4国际影院派对),https://tieba.baidu.com/p/4923399696,138,一致,2017-09-04-live-01,
2017-09-06,啪嗒砰,https://tieba.baidu.com/p/4923399696,138,一致,2017-09-06-live-01,
2017-09-07,绝地求生,https://tieba.baidu.com/p/4923399696,138,一致,2017-09-07-live-01,
2017-09-08,啪嗒砰,https://tieba.baidu.com/p/4923399696,138,一致,2017-09-08-live-01,
2017-09-09,绝地求生,https://tieba.baidu.com/p/4923399696,138,同日·内容待核,2017-09-09-live-01,
2017-09-11,马里奥疯兔,https://tieba.baidu.com/p/4923399696,138,一致,2017-09-11-live-01,
2017-09-13,马里奥疯兔,https://tieba.baidu.com/p/4923399696,138,一致,2017-09-13-live-01,
2017-09-15,我的世界国服手机版,https://tieba.baidu.com/p/4923399696,138,一致,2017-09-15-live-01,
2017-09-16,绝地求生,https://tieba.baidu.com/p/4923399696,138,一致,2017-09-16-live-01,
2017-09-18,cook serve delicious,https://tieba.baidu.com/p/4923399696,138,一致,2017-09-18-live-01,
2017-09-19,cook serve delicious,https://tieba.baidu.com/p/4923399696,139,一致,2017-09-19-live-01,
2017-09-20,欧洲卡车模拟2,https://tieba.baidu.com/p/4923399696,139,一致,2017-09-20-live-01,
2017-09-22,欧洲卡车模拟2,https://tieba.baidu.com/p/4923399696,139,一致,2017-09-22-live-01,
2017-09-27,欧洲卡车模拟2 Euro Truck Simulator 2,https://tieba.baidu.com/p/4923399696,144,一致,2017-09-27-live-01,
2017-09-28,绝地求生,https://tieba.baidu.com/p/4923399696,144,一致,2017-09-28-live-01,
2017-09-29,休息,https://tieba.baidu.com/p/4923399696,144,贴吧记休息,,
2017-09-30,茶杯头 Cuphead,https://tieba.baidu.com/p/4923399696,144,一致,2017-09-30-live-01,
2017-10-01,心灵砒霜197,https://tieba.baidu.com/p/4923399696,144,一致,2017-10-01-live-01 | 2017-10-01-live-02,
2017-10-02,茶杯头 Cuphead,https://tieba.baidu.com/p/4923399696,144,一致,2017-10-02-live-01,
2017-10-03,生日,https://tieba.baidu.com/p/4923399696,144,同日·内容待核,2017-10-03-live-01,
2017-10-04,中秋休息,https://tieba.baidu.com/p/4923399696,144,贴吧记休息,,
2017-10-05,跟豆豆逛街吃串,https://tieba.baidu.com/p/4923399696,144,一致,2017-10-05-live-01,
2017-10-06,跟豆豆逛街唱K,https://tieba.baidu.com/p/4923399696,144,同日·内容待核,2017-10-06-live-01,
2017-10-07,在家cosplay,https://tieba.baidu.com/p/4923399696,144,一致,2017-10-07-live-01,
2017-10-08,蒙古包吃饭,https://tieba.baidu.com/p/4923399696,144,同日·内容待核,2017-10-08-live-01,
2017-10-09,回京,https://tieba.baidu.com/p/4923399696,144,贴吧记休息,,
2017-10-10,神奇的青蛙 Amazing Frog,https://tieba.baidu.com/p/4923399696,144,一致,2017-10-10-live-01,
2017-10-11,不要切到手 Don't cut your hand,https://tieba.baidu.com/p/4923399696,144,一致,2017-10-11-live-01,
2017-10-12,休息,https://tieba.baidu.com/p/4923399696,144,贴吧记休息,,
2017-10-13,绝地求生,https://tieba.baidu.com/p/4923399696,144,一致,2017-10-13-live-01,
2017-10-14,油管主播 Youtuer Life,https://tieba.baidu.com/p/4923399696,144,一致,2017-10-14-live-01,
2017-10-15,心灵砒霜,https://tieba.baidu.com/p/4923399696,144,一致,2017-10-15-live-01,
2017-10-16,贴壁纸,https://tieba.baidu.com/p/4923399696,144,贴吧有·档案缺日,,
2017-10-17,光线Linelinght,https://tieba.baidu.com/p/4923399696,144,一致,2017-10-17-live-01,
2017-10-18,GT sport线下活动,https://tieba.baidu.com/p/4923399696,144,一致,2017-10-18-live-01 | 2017-10-18-live-02,
2017-10-19,休息,https://tieba.baidu.com/p/4923399696,144,贴吧记休息,,
2017-10-20,坚持战斗 Stick Fight,https://tieba.baidu.com/p/4923399696,144,一致,2017-10-20-live-01 | 2017-10-20-live-02,
2017-10-21,坚持战斗 Stick Fight,https://tieba.baidu.com/p/4923399696,144,一致,2017-10-21-live-01,
2017-10-22,心灵砒霜,https://tieba.baidu.com/p/4923399696,144,一致,2017-10-22-live-01,
2017-10-23,生锈小湖Rusty Lake 1-6章,https://tieba.baidu.com/p/4923399696,144,一致,2017-10-23-live-01,
2017-10-24,生锈小湖Rusty Lake 连播,https://tieba.baidu.com/p/4923399696,144,一致,2017-10-24-live-01,
2017-10-25,生锈小湖：根源 Rusty Lake：Roots 上,https://tieba.baidu.com/p/4923399696,144,一致,2017-10-25-live-01,
2017-10-26,生锈小湖：根源 Rusty Lake：Roots 下,https://tieba.baidu.com/p/4923399696,144,一致,2017-10-26-live-01,
2017-10-27,绝地求生,https://tieba.baidu.com/p/4923399696,144,一致,2017-10-27-live-01,
2017-10-28,宝藏世界,https://tieba.baidu.com/p/4923399696,144,一致,2017-10-28-live-01,
2017-10-29,绝地求生,https://tieba.baidu.com/p/4923399696,144,同日·内容待核,2017-10-29-live-01,
2017-10-30,聊天,https://tieba.baidu.com/p/4923399696,144,同日·内容待核,2017-10-30-live-01,
2017-10-31,休息,https://tieba.baidu.com/p/4923399696,144,贴吧记休息,,
2017-11-01,休息,https://tieba.baidu.com/p/4923399696,144,贴吧记休息,,
2017-11-02,休息,https://tieba.baidu.com/p/4923399696,144,贴吧记休息,,
2017-11-03,小猫钓鱼 Cat Goes Fishing,https://tieba.baidu.com/p/4923399696,144,一致,2017-11-03-live-01,
2017-11-04,小猫钓鱼 Cat Goes Fishing,https://tieba.baidu.com/p/4923399696,144,一致,2017-11-04-live-01,
2017-11-05,心灵砒霜,https://tieba.baidu.com/p/4923399696,144,一致,2017-11-05-live-01 | 2017-11-05-live-02,
2017-11-06,绝地求生,https://tieba.baidu.com/p/4923399696,144,一致,2017-11-06-live-01,
2017-11-07,Super Mario Odyssey 超级马里奥：奥德赛,https://tieba.baidu.com/p/4923399696,144,一致,2017-11-07-live-01,
2017-11-08,Sonic Forces 索尼克：力量,https://tieba.baidu.com/p/4923399696,144,同日·内容待核,2017-11-08-live-01,
2017-11-09,休息,https://tieba.baidu.com/p/4923399696,144,贴吧记休息,,
2017-11-10,绝地求生,https://tieba.baidu.com/p/4923399696,144,一致,2017-11-10-live-01,
2017-11-11,绝地求生,https://tieba.baidu.com/p/4923399696,144,一致,2017-11-11-live-01,
2017-11-12,心灵砒霜,https://tieba.baidu.com/p/4923399696,144,一致,2017-11-12-live-01,
2017-11-13,Super Mario Odyssey 超级马里奥：奥德赛,https://tieba.baidu.com/p/4923399696,144,一致,2017-11-13-live-01,
2017-11-14,和班尼特福迪一起攻克难关 Getting Over It with Bennett Foddy,https://tieba.baidu.com/p/4923399696,144,一致,2017-11-14-live-01,
2017-11-15,Super Mario Odyssey 超级马里奥：奥德赛,https://tieba.baidu.com/p/4923399696,144,一致,2017-11-15-live-01,
2017-11-16,休息,https://tieba.baidu.com/p/4923399696,144,贴吧记休息,,
2017-11-17,和班尼特福迪一起攻克难关 Getting Over It with Bennett Foddy,https://tieba.baidu.com/p/4923399696,144,一致,2017-11-17-live-01,
2017-11-18,Super Mario Odyssey 超级马里奥：奥德赛,https://tieba.baidu.com/p/4923399696,144,一致,2017-11-18-live-01,
2017-11-19,心灵砒霜,https://tieba.baidu.com/p/4923399696,144,一致,2017-11-19-live-01,
2017-11-20,休息,https://tieba.baidu.com/p/4923399696,144,贴吧记休息,,
2017-11-21,Super Mario Odyssey 超级马里奥：奥德赛,https://tieba.baidu.com/p/4923399696,144,一致,2017-11-21-live-01,
2017-11-22,兔宝宝 Tiny Toon,https://tieba.baidu.com/p/4923399696,144,一致,2017-11-22-live-01,
2017-11-23,Super Mario Odyssey 超级马里奥：奥德赛,https://tieba.baidu.com/p/4923399696,144,一致,2017-11-23-live-01,
2017-11-24,Super Mario Odyssey 超级马里奥：奥德赛,https://tieba.baidu.com/p/4923399696,144,一致,2017-11-24-live-01,
2017-11-25,Super Mario Odyssey 超级马里奥：奥德赛,https://tieba.baidu.com/p/4923399696,144,一致,2017-11-25-live-01,
2017-11-26,心灵砒霜,https://tieba.baidu.com/p/4923399696,144,一致,2017-11-26-live-01,
2017-11-27,电影客串,https://tieba.baidu.com/p/4923399696,144,贴吧有·档案缺日,,
2017-11-28,大周,https://tieba.baidu.com/p/4923399696,144,贴吧记休息,,
2017-11-29,放,https://tieba.baidu.com/p/4923399696,144,贴吧记休息,,
2017-11-30,长假,https://tieba.baidu.com/p/4923399696,144,贴吧记休息,,
2017-12-01,啊,https://tieba.baidu.com/p/4923399696,144,贴吧记休息,,
2017-12-02,冰湖 Ice Lakes,https://tieba.baidu.com/p/4923399696,144,一致,2017-12-02-live-01,
2017-12-03,心灵砒霜,https://tieba.baidu.com/p/4923399696,144,一致,2017-12-03-live-01,
2017-12-04,冰湖 Ice Lakes,https://tieba.baidu.com/p/4923399696,144,一致,2017-12-04-live-01,
2017-12-05,圣殿春秋之死灰复燃 Ken Follett's The Pillars of the Earth,https://tieba.baidu.com/p/4923399696,144,一致,2017-12-05-live-01,
2017-12-06,绝地求生,https://tieba.baidu.com/p/4923399696,144,一致,2017-12-06-live-01,
2017-12-07,微博V影响力峰会,https://tieba.baidu.com/p/4923399696,144,贴吧有·档案缺日,,
2017-12-08,Tracks - The Train Set,https://tieba.baidu.com/p/4923399696,144,一致,2017-12-08-live-01,
2017-12-09,王权2：女王陛下 Reigns: Her Majesty,https://tieba.baidu.com/p/4923399696,144,一致,2017-12-09-live-01,
2017-12-10,心灵砒霜,https://tieba.baidu.com/p/4923399696,144,一致,2017-12-10-live-01,
2017-12-11,桌游：卡坦岛、大富翁,https://tieba.baidu.com/p/4923399696,144,同日·内容待核,2017-12-11-live-01,
2017-12-12,200W关注唱歌,https://tieba.baidu.com/p/4923399696,144,同日·内容待核,2017-12-12-live-01,
2017-12-13,漫漫长夜 The Long Dark,https://tieba.baidu.com/p/4923399696,144,一致,2017-12-13-live-01,
2017-12-14,内蒙,https://tieba.baidu.com/p/4923399696,144,贴吧有·档案缺日,,
2017-12-15,画中世界 Gorogoa,https://tieba.baidu.com/p/4923399696,144,一致,2017-12-15-live-01 | 2017-12-15-live-02,
2017-12-16,吃饭聊天唱歌,https://tieba.baidu.com/p/4923399696,144,同日·内容待核,2017-12-16-live-01,2017-12-12-live-01(-4) 2017-12-17-live-01(+1)
2017-12-17,66说书,https://tieba.baidu.com/p/4923399696,144,同日·内容待核,2017-12-17-live-01,
2017-12-18,死神来了 Death Coming,https://tieba.baidu.com/p/4923399696,144,一致,2017-12-18-live-01,
2017-12-19,休息,https://tieba.baidu.com/p/4923399696,144,贴吧记休息,,
2017-12-20,MONOPOLY PLUS 大富翁,https://tieba.baidu.com/p/4923399696,144,一致,2017-12-20-live-01,
2017-12-21,大周桌面展,https://tieba.baidu.com/p/4923399696,144,一致,2017-12-21-live-01,
2017-12-22,请假,https://tieba.baidu.com/p/4923399696,144,贴吧记休息,,
2017-12-23,绝地求生,https://tieba.baidu.com/p/4923399696,144,一致,2017-12-23-live-01,
2017-12-24,心灵砒霜,https://tieba.baidu.com/p/4923399696,144,一致,2017-12-24-live-01,
2017-12-25,MC圣诞建筑大赛,https://tieba.baidu.com/p/4923399696,144,一致,2017-12-25-live-01,
2017-12-26,青蛙爆破者 Kero Blaster,https://tieba.baidu.com/p/4923399696,144,一致,2017-12-26-live-01,
2017-12-27,青蛙爆破者 Kero Blaster,https://tieba.baidu.com/p/4923399696,144,一致,2017-12-27-live-01,
2017-12-28,休息,https://tieba.baidu.com/p/4923399696,144,贴吧记休息,,
2017-12-29,聊天拼积木讲动画,https://tieba.baidu.com/p/4923399696,144,同日·内容待核,2017-12-29-live-01,
2017-12-30,绝地求生,https://tieba.baidu.com/p/4923399696,144,一致,2017-12-30-live-01,
2017-12-31,心灵砒霜,https://tieba.baidu.com/p/4923399696,144,一致,2017-12-31-live-01 | 2017-12-31-live-02,
2018-01-01,跨年直播,https://tieba.baidu.com/p/9079048376,1,贴吧有·档案缺日,,
2018-01-02,游戏：传送门:桥梁构造者/ Bridge Constructor Portal,https://tieba.baidu.com/p/9079048376,2,一致,2018-01-02-live-01,
2018-01-03,游戏：传送门:桥梁构造者/ Bridge Constructor Portal,https://tieba.baidu.com/p/9079048376,3,一致,2018-01-03-live-01,
2018-01-05,游戏：传送门:桥梁构造者/ Bridge Constructor Portal,https://tieba.baidu.com/p/9079048376,4,一致,2018-01-05-live-01,
2018-01-06,游戏：超级马力欧兄弟/ Super Mario Bros,https://tieba.baidu.com/p/9079048376,5,一致,2018-01-06-live-01,
2018-01-07,心灵砒霜,https://tieba.baidu.com/p/9079048376,6,一致,2018-01-07-live-01,
2018-01-08,游戏：人类:一败涂地/ Human: Fall Flat,https://tieba.baidu.com/p/9079048376,7,一致,2018-01-08-live-01,
2018-01-09,游戏：人类:一败涂地/ Human: Fall Flat,https://tieba.baidu.com/p/9079048376,8,一致,2018-01-09-live-01,
2018-01-10,游戏：传送门:桥梁构造者/ Bridge Constructor Portal,https://tieba.baidu.com/p/9079048376,9,一致,2018-01-10-live-01,
2018-01-12,游戏：生锈小湖：天堂岛/ Rusty Lake：Paradise Island,https://tieba.baidu.com/p/9079048376,10,一致,2018-01-12-live-01,
2018-01-14,游览虎扑,https://tieba.baidu.com/p/9079048376,12,同日·内容待核,2018-01-14-live-01,
2018-01-15,游戏：生锈小湖：天堂岛/ Rusty Lake：Paradise Island,https://tieba.baidu.com/p/9079048376,13,一致,2018-01-15-live-02,
2018-01-16,游戏：绝地求生/ PLAYERUNKNOWN’S BATTLEGROUNDS,https://tieba.baidu.com/p/9079048376,14,一致,2018-01-16-live-01,
2018-01-17,游戏：赛博朋克酒保行动：瓦尔哈拉/ Cyberpunk Bartender Action:VA-11HALL-A,https://tieba.baidu.com/p/9079048376,15,一致,2018-01-17-live-02,
2018-01-19,游戏：赛博朋克酒保行动：瓦尔哈拉/ Cyberpunk Bartender Action:VA-11HALL-A,https://tieba.baidu.com/p/9079048376,18,一致,2018-01-19-live-01,
2018-01-20,游戏：乞丐模拟器/ Hobo:Tough Life,https://tieba.baidu.com/p/9079048376,19,一致,2018-01-20-live-01,
2018-01-21,直播三周年,https://tieba.baidu.com/p/9079048376,20,一致,2018-01-21-live-03,
2018-01-22,游戏：乞丐模拟器/ Hobo:Tough Life,https://tieba.baidu.com/p/9079048376,21,一致,2018-01-22-live-01,
2018-01-24,游戏：坚持战斗：游戏/ Stick Fight: The Game,https://tieba.baidu.com/p/9079048376,22,一致,2018-01-24-live-02 | 2018-01-24-video-01,
2018-01-25,活动直播,https://tieba.baidu.com/p/9079048376,23,同日·内容待核,2018-01-25-live-01,
2018-01-26,游戏：怪物猎人：世界/ MONSTER HUNTER:WORLD,https://tieba.baidu.com/p/9079048376,24,一致,2018-01-26-live-01,
2018-01-28,心灵砒霜,https://tieba.baidu.com/p/9079048376,25,一致,2018-01-28-live-01,
2018-01-29,活动直播,https://tieba.baidu.com/p/9079048376,26,同日·内容待核,2018-01-29-live-01,
2018-01-30,游戏：怪物猎人：世界/ MONSTER HUNTER:WORLD,https://tieba.baidu.com/p/9079048376,27,一致,2018-01-30-live-01 | 2018-01-30-live-02,
2018-01-31,游戏：怪物猎人：世界/ MONSTER HUNTER:WORLD,https://tieba.baidu.com/p/9079048376,28,一致,2018-01-31-live-01,
2018-02-01,游戏：怪物猎人：世界/ MONSTER HUNTER:WORLD,https://tieba.baidu.com/p/9079048376,29,一致,2018-02-01-live-01,
2018-02-02,游戏：怪物猎人：世界/ MONSTER HUNTER:WORLD,https://tieba.baidu.com/p/9079048376,32,一致,2018-02-02-live-01,
2018-02-03,游戏：怪物猎人：世界/ MONSTER HUNTER:WORLD,https://tieba.baidu.com/p/9079048376,33,一致,2018-02-03-live-01,
2018-02-04,心灵砒霜,https://tieba.baidu.com/p/9079048376,34,一致,2018-02-04-live-01,
2018-02-05,游戏：怪物猎人：世界/ MONSTER HUNTER:WORLD,https://tieba.baidu.com/p/9079048376,35,一致,2018-02-05-live-01,
2018-02-06,游戏：旺达与巨像重制/ Shadow of the Colossus,https://tieba.baidu.com/p/9079048376,36,一致,2018-02-06-live-01,
2018-02-07,游戏：旺达与巨像重制/ Shadow of the Colossus,https://tieba.baidu.com/p/9079048376,37,一致,2018-02-07-live-01,
2018-02-09,游戏：蜡烛人/ Candle Man,https://tieba.baidu.com/p/9079048376,38,一致,2018-02-09-live-01,
2018-02-10,游戏：杀戮尖塔/ Slay the Spire,https://tieba.baidu.com/p/9079048376,39,一致,2018-02-10-live-01,
2018-02-12,心灵砒霜,https://tieba.baidu.com/p/9079048376,40,一致,2018-02-12-live-01,
2018-02-15,户外直播,https://tieba.baidu.com/p/9079048376,41,一致,2018-02-15-live-01 | 2018-02-15-live-02,
2018-02-18,游戏：绝地求生/ PLAYERUNKNOWN’S BATTLEGROUNDS,https://tieba.baidu.com/p/9079048376,42,一致,2018-02-18-live-01,
2018-02-19,游戏：橙光游戏-亲爱的小鲜肉,https://tieba.baidu.com/p/9079048376,43,一致,2018-02-19-live-01,
2018-02-22,户外直播,https://tieba.baidu.com/p/9079048376,44,一致,2018-02-22-live-01,
2018-02-23,居家直播,https://tieba.baidu.com/p/9079048376,45,同日·内容待核,2018-02-23-live-01,
2018-02-24,游戏：橙光游戏-亲爱的小鲜肉,https://tieba.baidu.com/p/9079048376,46,一致,2018-02-24-live-01,
2018-02-25,心灵砒霜,https://tieba.baidu.com/p/9079048376,47,一致,2018-02-25-live-01,
2018-02-26,游戏：橙光游戏-亲爱的小鲜肉,https://tieba.baidu.com/p/9079048376,48,一致,2018-02-26-live-01,
2018-02-27,游戏：橙光游戏-亲爱的小鲜肉,https://tieba.baidu.com/p/9079048376,49,一致,2018-02-27-live-01,
2018-02-28,游戏：绝地求生/ PLAYERUNKNOWN’S BATTLEGROUNDS,https://tieba.baidu.com/p/9079048376,50,一致,2018-02-28-live-01,
2018-03-02,聊天,https://tieba.baidu.com/p/9079048376,51,一致,2018-03-02-live-01,
2018-03-03,游戏：弹丸论破：希望学园与绝望高中生/ Danganronpa: Trigger Happy Havoc ; 游戏：程序员升职记/7 Billion Humans,https://tieba.baidu.com/p/9079048376,52,一致,2018-03-03-live-01 | 2018-03-03-live-02,
2018-03-03,游戏：弹丸论破：希望学园与绝望高中生/ Danganronpa: Trigger Happy Havoc,https://tieba.baidu.com/p/9079048376,54,一致,2018-03-03-live-01 | 2018-03-03-live-02,
2018-03-04,心灵砒霜,https://tieba.baidu.com/p/9079048376,53,一致,2018-03-04-live-01,
2018-03-06,游戏：弹丸论破：希望学园与绝望高中生/ Danganronpa: Trigger Happy Havoc,https://tieba.baidu.com/p/9079048376,55,一致,2018-03-06-live-01,
2018-03-07,游戏：弹丸论破：希望学园与绝望高中生/ Danganronpa: Trigger Happy Havoc,https://tieba.baidu.com/p/9079048376,56,一致,2018-03-07-live-01,
2018-03-08,游戏：弹丸论破：希望学园与绝望高中生/ Danganronpa: Trigger Happy Havoc,https://tieba.baidu.com/p/9079048376,57,一致,2018-03-08-live-01,
2018-03-09,游戏：弹丸论破：希望学园与绝望高中生/ Danganronpa: Trigger Happy Havoc,https://tieba.baidu.com/p/9079048376,58,一致,2018-03-09-live-01,
2018-03-11,心灵砒霜,https://tieba.baidu.com/p/9079048376,59,一致,2018-03-11-live-01,
2018-03-14,游戏：蔚蓝/ Celeste ; 游戏：光遇/Sky,https://tieba.baidu.com/p/9079048376,60,一致,2018-03-14-live-02 | 2018-03-14-live-03,
2018-03-16,游戏：蔚蓝/ Celeste,https://tieba.baidu.com/p/9079048376,61,一致,2018-03-16-live-01,
2018-03-17,游戏：蔚蓝/ Celeste,https://tieba.baidu.com/p/9079048376,62,一致,2018-03-17-live-01,
2018-03-18,心灵砒霜,https://tieba.baidu.com/p/9079048376,63,一致,2018-03-18-live-01,
2018-03-19,游戏：超级情圣/ Super Seducer,https://tieba.baidu.com/p/9079048376,65,一致,2018-03-19-live-01,
2018-03-20,游戏：超级情圣/ Super Seducer ; 游戏：废都物语/ Ruina,https://tieba.baidu.com/p/9079048376,66,一致,2018-03-20-live-01,
2018-03-21,游戏：盗贼之海/ Sea of Theives,https://tieba.baidu.com/p/9079048376,67,一致,2018-03-21-live-01,
2018-03-22,游戏：盗贼之海/ Sea of Theives,https://tieba.baidu.com/p/9079048376,68,一致,2018-03-22-live-01,
2018-03-22,游戏：盗贼之海/ Sea of Theives ; 游戏：绝地求生/ PLAYERUNKNOWN’S BATTLEGROUNDS,https://tieba.baidu.com/p/9079048376,69,一致,2018-03-22-live-01,
2018-03-24,游戏：没人会被炸掉/ Keep Talking and Nobody Explodes,https://tieba.baidu.com/p/9079048376,70,一致,2018-03-24-live-01,
2018-03-25,游戏：超级兔子人/ Super Bunny Man,https://tieba.baidu.com/p/9079048376,71,同日·内容待核,2018-03-25-live-01,
2018-03-26,游戏：没人会被炸掉/ Keep Talking and Nobody Explodes,https://tieba.baidu.com/p/9079048376,72,一致,2018-03-26-live-01 | 2018-03-26-live-02,
2018-03-27,游戏：没人会被炸掉/ Keep Talking and Nobody Explodes,https://tieba.baidu.com/p/9079048376,73,一致,2018-03-27-live-01,
2018-03-28,游戏：UNO牌,https://tieba.baidu.com/p/9079048376,74,一致,2018-03-28-live-01,
2018-03-30,游戏：星之卡比:新星同盟/ Kirby Star Allies,https://tieba.baidu.com/p/9079048376,75,一致,2018-03-30-live-01,
2018-03-30,游戏：妈妈把我的游戏机藏起来了,https://tieba.baidu.com/p/9079048376,76,一致,2018-03-30-live-01,
2018-03-31,游戏：脸黑先生/ Chuchel ; 游戏：妈妈把我的游戏机藏起来了,https://tieba.baidu.com/p/9079048376,77,一致,2018-03-31-live-01,
2018-04-01,心灵砒霜,https://tieba.baidu.com/p/9079048376,78,一致,2018-04-01-live-01,
2018-04-02,游戏：噗哟噗哟俄罗斯方块/ PuyoPuyo Tetris,https://tieba.baidu.com/p/9079048376,79,一致,2018-04-02-live-01,
2018-04-02,游戏：噗哟噗哟俄罗斯方块/ PuyoPuyo Tetris ; 游戏：洞窟物语/ Cave Story,https://tieba.baidu.com/p/9079048376,81,一致,2018-04-02-live-01,
2018-04-04,聊天,https://tieba.baidu.com/p/9079048376,82,一致,2018-04-04-live-01,
2018-04-07,户外,https://tieba.baidu.com/p/9079048376,84,一致,2018-04-07-live-01,
2018-04-08,聊天,https://tieba.baidu.com/p/9079048376,85,一致,2018-04-08-live-01,
2018-04-11,游戏：节奏天国,https://tieba.baidu.com/p/9079048376,86,一致,2018-04-11-live-01,
2018-04-12,心灵砒霜,https://tieba.baidu.com/p/9079048376,87,一致,2018-04-12-live-01,
2018-04-13,游戏：老人之旅/ Old Man's Journey ; 游戏：众生/ The Lives,https://tieba.baidu.com/p/9079048376,88,一致,2018-04-13-live-01,
2018-04-14,游戏：逃出生天/ A Way Out,https://tieba.baidu.com/p/9079048376,89,一致,2018-04-14-live-01,
2018-04-15,心灵砒霜,https://tieba.baidu.com/p/9079048376,90,一致,2018-04-15-live-01,
2018-04-16,游戏：逃出生天/ A Way Out ; 游戏：冒险岛Online,https://tieba.baidu.com/p/9079048376,91,一致,2018-04-16-live-01,
2018-04-17,游戏：堡垒之夜/ Fortnite,https://tieba.baidu.com/p/9079048376,93,一致,2018-04-17-live-01 | 2018-04-17-live-02,
2018-04-20,游戏：战神/ God of War,https://tieba.baidu.com/p/9079048376,94,一致,2018-04-20-live-01,
2018-04-21,游戏战神/ God of War,https://tieba.baidu.com/p/9079048376,95,一致,2018-04-21-live-01,
2018-04-22,心灵砒霜,https://tieba.baidu.com/p/9079048376,96,一致,2018-04-22-live-01 | 2018-04-22-live-02,
2018-04-23,游戏战神/ God of War,https://tieba.baidu.com/p/9079048376,97,一致,2018-04-23-live-01 | 2018-04-23-live-02 | 2018-04-23-live-03,
2018-04-25,PS活动,https://tieba.baidu.com/p/9079048376,98,同日·内容待核,2018-04-25-live-01 | 2018-04-25-live-02,
2018-04-26,游戏：堡垒之夜/ Fortnite,https://tieba.baidu.com/p/9079048376,99,一致,2018-04-26-live-01,
2018-04-27,游戏战神/ God of War,https://tieba.baidu.com/p/9079048376,100,一致,2018-04-27-live-01,
2018-04-30,嘉年华,https://tieba.baidu.com/p/9079048376,101,同日·内容待核,2018-04-30-live-01,
2018-05-01,嘉年华Day2,https://tieba.baidu.com/p/9079048376,102,一致,2018-05-01-live-01,
2018-05-03,任天堂labo  Day1,https://tieba.baidu.com/p/9079048376,103,一致,2018-05-03-live-01,
2018-05-04,任天堂labo  Day2,https://tieba.baidu.com/p/9079048376,104,一致,2018-05-04-live-01,
2018-05-05,核聚变,https://tieba.baidu.com/p/9079048376,105,一致,2018-05-05-live-01,
2018-05-06,心灵砒霜,https://tieba.baidu.com/p/9079048376,106,一致,2018-05-06-live-01,
2018-05-08,游戏：杀戮尖塔/ Slay the Spire,https://tieba.baidu.com/p/9079048376,108,一致,2018-05-08-live-01,
2018-05-09,游戏：艾兰岛/ Ylands,https://tieba.baidu.com/p/9079048376,109,一致,2018-05-09-live-01,
2018-05-10,VR游戏试玩,https://tieba.baidu.com/p/9079048376,110,一致,2018-05-10-live-01,
2018-05-11,Unity Beijing 2018 开发者大会,https://tieba.baidu.com/p/9079048376,111,一致,2018-05-11-live-01,
2018-05-12,VR游戏试玩,https://tieba.baidu.com/p/9079048376,112,同日·内容待核,2018-05-12-live-01,
2018-05-13,心灵砒霜,https://tieba.baidu.com/p/9079048376,113,一致,2018-05-13-live-01,
2018-05-14,聊天唱歌,https://tieba.baidu.com/p/9079048376,114,同日·内容待核,2018-05-14-live-01,
2018-05-16,游戏： 我们也在这里/ We Were Here Too,https://tieba.baidu.com/p/9079048376,115,一致,2018-05-16-live-01,
2018-05-18,游戏：传奇法师/ Wizard of Legend,https://tieba.baidu.com/p/9079048376,116,一致,2018-05-18-live-01,
2018-05-20,聊天,https://tieba.baidu.com/p/9079048376,117,一致,2018-05-20-live-01,
2018-05-21,游戏：传奇法师/ Wizard of Legend,https://tieba.baidu.com/p/9079048376,118,一致,2018-05-21-live-01,
2018-05-22,游戏：房产达人/ House Flipper,https://tieba.baidu.com/p/9079048376,119,一致,2018-05-22-live-01,
2018-05-24,游戏：黑暗之魂重制/ Dark Souls Remastered,https://tieba.baidu.com/p/9079048376,120,一致,2018-05-24-live-01,
2018-05-25,游戏：黑暗之魂重制/ Dark Souls Remastered,https://tieba.baidu.com/p/9079048376,121,一致,2018-05-25-live-01,
2018-05-26,游戏：黑暗之魂重制/ Dark Souls Remastered,https://tieba.baidu.com/p/9079048376,122,一致,2018-05-26-live-01,
2018-05-27,心灵砒霜,https://tieba.baidu.com/p/9079048376,123,一致,2018-05-27-live-01 | 2018-05-27-live-02,
2018-05-28,游戏：黑暗之魂重制/ Dark Souls Remastered,https://tieba.baidu.com/p/9079048376,124,一致,2018-05-28-live-01,
2018-05-29,游戏：黑暗之魂重制/ Dark Souls Remastered,https://tieba.baidu.com/p/9079048376,125,一致,2018-05-29-live-01,
2018-05-30,游戏：女巫来了/Witch It,https://tieba.baidu.com/p/9079048376,126,一致,2018-05-30-live-01,
2018-05-31,游戏：船长漂流记/ Raft,https://tieba.baidu.com/p/9079048376,127,一致,2018-05-31-live-01,
2018-06-01,游戏：船长漂流记/ Raft,https://tieba.baidu.com/p/9079048376,128,一致,2018-06-01-live-01,
2018-06-02,看电影,https://tieba.baidu.com/p/9079048376,129,一致,2018-06-02-live-01,
2018-06-03,心灵砒霜,https://tieba.baidu.com/p/9079048376,130,一致,2018-06-03-live-01 | 2018-06-03-live-02,
2018-06-05,游戏：孤帆远航/ FAR：Lone Sails,https://tieba.baidu.com/p/9079048376,131,一致,2018-06-05-live-01,
2018-06-06,聊天,https://tieba.baidu.com/p/9079048376,132,一致,2018-06-06-live-01,
2018-06-07,游戏：战斗厨师旅团/ Battle Chef Brigade,https://tieba.baidu.com/p/9079048376,133,一致,2018-06-07-live-01,
2018-06-08,游戏：间谍派对/ Spy Party,https://tieba.baidu.com/p/9079048376,134,一致,2018-06-08-live-01,
2018-06-09,游戏：只有形状和节奏/ Just Shapes & Beats,https://tieba.baidu.com/p/9079048376,139,一致,2018-06-09-live-01,
2018-06-11,聊天,https://tieba.baidu.com/p/9079048376,140,一致,2018-06-11-live-01,
2018-06-12,索尼展前发布会,https://tieba.baidu.com/p/9079048376,142,一致,2018-06-12-live-01 | 2018-06-12-live-02,
2018-06-13,逛E3,https://tieba.baidu.com/p/9079048376,143,一致,2018-06-13-live-01,
2018-06-16,游戏：Golf With Your Friends,https://tieba.baidu.com/p/9079048376,144,一致,2018-06-16-live-01,
2018-06-17,心灵砒霜,https://tieba.baidu.com/p/9079048376,145,一致,2018-06-17-live-01 | 2018-06-17-live-02,
2018-06-20,聊天,https://tieba.baidu.com/p/9079048376,146,同日·内容待核,2018-06-20-live-01,
2018-06-21,聊天,https://tieba.baidu.com/p/9079048376,147,一致,2018-06-21-live-01,
2018-06-22,游戏：喜剧之夜/ Comedy Night,https://tieba.baidu.com/p/9079048376,148,一致,2018-06-22-live-01,
2018-06-22,游戏：手部模拟器/ Hand Simulator,https://tieba.baidu.com/p/9079048376,151,一致,2018-06-22-live-01,
2018-06-23,VR游戏,https://tieba.baidu.com/p/9079048376,152,同日·内容待核,2018-06-23-live-01,
2018-06-24,心灵砒霜,https://tieba.baidu.com/p/9079048376,153,一致,2018-06-24-live-01 | 2018-06-24-live-02,
2018-06-25,游戏：一起玩农场/Farm Together,https://tieba.baidu.com/p/9079048376,154,一致,2018-06-25-live-01,
2018-06-26,游戏：一起玩农场/Farm Together,https://tieba.baidu.com/p/9079048376,155,一致,2018-06-26-live-01,
2018-06-27,游戏：一起玩农场/Farm Together,https://tieba.baidu.com/p/9079048376,157,一致,2018-06-27-live-01,
2018-06-29,游戏：一起玩农场/Farm Together,https://tieba.baidu.com/p/9079048376,158,一致,2018-06-29-live-01,
2018-06-30,游戏：一起玩农场/Farm Together,https://tieba.baidu.com/p/9079048376,159,一致,2018-06-30-live-01,
2018-07-01,心灵砒霜,https://tieba.baidu.com/p/9079048376,160,一致,2018-07-01-live-01 | 2018-07-01-live-02,
2018-07-02,VR游戏,https://tieba.baidu.com/p/9079048376,161,一致,2018-07-02-live-01,
2018-07-06,游戏蒸汽世界/ SteamWorld Dig,https://tieba.baidu.com/p/9079048376,162,一致,2018-07-06-live-01,
2018-07-07,游戏蒸汽世界/ SteamWorld Dig,https://tieba.baidu.com/p/9079048376,163,一致,2018-07-07-live-01,
2018-07-07,游戏：极限巅峰/ Steep ; 游戏：逆水寒,https://tieba.baidu.com/p/9079048376,165,一致,2018-07-07-live-01,
2018-07-08,心灵砒霜,https://tieba.baidu.com/p/9079048376,166,一致,2018-07-08-live-01,
2018-07-10,游戏：极限巅峰/ Steep,https://tieba.baidu.com/p/9079048376,167,一致,2018-07-10-live-01,
2018-07-11,游戏：我被男神捅死了,https://tieba.baidu.com/p/9079048376,168,一致,2018-07-11-live-01,
2018-07-13,游戏：我被男神捅死了,https://tieba.baidu.com/p/9079048376,169,一致,2018-07-13-live-01,
2018-07-14,游戏：来访者/ Visitor,https://tieba.baidu.com/p/9079048376,170,一致,2018-07-14-live-01,
2018-07-15,心灵砒霜,https://tieba.baidu.com/p/9079048376,171,一致,2018-07-15-live-01,
2018-07-17,游戏：八方旅人/ Octopath Traveler,https://tieba.baidu.com/p/9079048376,172,一致,2018-07-17-live-01,
2018-07-18,游戏：八方旅人/ Octopath Traveler,https://tieba.baidu.com/p/9079048376,173,一致,2018-07-18-live-01,
2018-07-19,游戏：八方旅人/ Octopath Traveler,https://tieba.baidu.com/p/9079048376,174,一致,2018-07-19-live-01,
2018-07-20,游戏：八方旅人/ Octopath Traveler,https://tieba.baidu.com/p/9079048376,175,一致,2018-07-20-live-01,
2018-07-22,心灵砒霜,https://tieba.baidu.com/p/9079048376,177,一致,2018-07-22-live-01,
2018-07-23,游戏：八方旅人/ Octopath Traveler,https://tieba.baidu.com/p/9079048376,178,一致,2018-07-23-live-01,
2018-07-24,游戏：八方旅人/ Octopath Traveler,https://tieba.baidu.com/p/9079048376,181,一致,2018-07-24-live-01,
2018-07-25,游戏：八方旅人/ Octopath Traveler,https://tieba.baidu.com/p/9079048376,182,一致,2018-07-25-live-01,
2018-07-26,游戏：八方旅人/ Octopath Traveler,https://tieba.baidu.com/p/9079048376,183,一致,2018-07-26-live-01,
2018-07-27,游戏：太鼓达人NS,https://tieba.baidu.com/p/9079048376,184,一致,2018-07-27-live-01,
2018-07-28,游戏：炸弹鸡/Bomb Chicken,https://tieba.baidu.com/p/9079048376,185,一致,2018-07-28-live-01,
2018-07-29,心灵砒霜,https://tieba.baidu.com/p/9079048376,186,一致,2018-07-29-live-01,
2018-07-30,游戏：波西亚时光,https://tieba.baidu.com/p/9079048376,187,一致,2018-07-30-live-01,
2018-07-31,游戏：炸弹鸡/Bomb Chicken ; 游戏：逆水寒,https://tieba.baidu.com/p/9079048376,188,一致,2018-07-31-live-01,
2018-08-02,CJ展前索尼发布会,https://tieba.baidu.com/p/9079048376,190,一致,2018-08-02-live-01,
2018-08-06,游戏：无人深空/ No Man's Sky,https://tieba.baidu.com/p/9079048376,191,一致,2018-08-06-live-01,
2018-08-08,游戏：煮糊了2 /Overcooked 2,https://tieba.baidu.com/p/9079048376,192,一致,2018-08-08-live-01,
2018-08-09,游戏：煮糊了2 /Overcooked 2 ; 游戏：声控大师/ One Hand Clapping,https://tieba.baidu.com/p/9079048376,193,一致,2018-08-09-live-01,
2018-08-10,游戏：我的世界/Minecraft 第一天,https://tieba.baidu.com/p/9079048376,194,一致,2018-08-10-live-01,
2018-08-11,游戏：怪物猎人世界/MONSTER HUNTER WORLD ; 游戏：我的世界/Minecraft 第二天,https://tieba.baidu.com/p/9079048376,196,一致,2018-08-11-live-01,
2018-08-12,心灵砒霜,https://tieba.baidu.com/p/9079048376,197,一致,2018-08-12-live-01,
2018-08-13,游戏：我的世界/Minecraft 第三天,https://tieba.baidu.com/p/9079048376,198,一致,2018-08-13-live-01,
2018-08-14,游戏：我的世界/Minecraft 第四天,https://tieba.baidu.com/p/9079048376,199,一致,2018-08-14-live-01,
2018-08-15,游戏：我的世界/Minecraft 第五天,https://tieba.baidu.com/p/9079048376,200,一致,2018-08-15-live-01 | 2018-08-15-live-02,
2018-08-16,游戏：我的世界/Minecraft 第六天 ; 游戏：无人深空/ No Man's Sky,https://tieba.baidu.com/p/9079048376,201,贴吧有·档案缺日,,2018-08-17-live-01(+1)
2018-08-18,游戏：我的世界/Minecraft 第七天,https://tieba.baidu.com/p/9079048376,202,一致,2018-08-18-live-01,
2018-08-19,心灵砒霜,https://tieba.baidu.com/p/9079048376,203,一致,2018-08-19-live-01,
2018-08-20,游戏：星界边境/ Starbound,https://tieba.baidu.com/p/9079048376,204,一致,2018-08-20-live-01,
2018-08-21,游戏：我的世界/Minecraft 第八天,https://tieba.baidu.com/p/9079048376,205,一致,2018-08-21-live-01,
2018-08-22,游戏：过山车之星/ Planet Coaster,https://tieba.baidu.com/p/9079048376,206,一致,2018-08-22-live-01,
2018-08-24,游戏：流星蝴蝶剑 ; 游戏：我的世界/Minecraft 第九天,https://tieba.baidu.com/p/9079048376,208,一致,2018-08-24-live-01 | 2018-08-24-live-02,
2018-08-25,游戏：我的世界/Minecraft 第十天,https://tieba.baidu.com/p/9079048376,209,一致,2018-08-25-live-01,
2018-08-26,心灵砒霜,https://tieba.baidu.com/p/9079048376,210,一致,2018-08-26-live-01,
2018-08-27,PS4 PRO 限定版开箱,https://tieba.baidu.com/p/5683659950,35,一致,2018-08-27-live-01,
2018-08-27,聊天,https://tieba.baidu.com/p/9079048376,211,一致,2018-08-27-live-01,
2018-09-04,游戏：过山车之星/ Planet Coaster,https://tieba.baidu.com/p/9079048376,214,一致,2018-09-04-live-01,
2018-09-05,游戏：双点医院/ Two Point Hospital,https://tieba.baidu.com/p/9079048376,215,一致,2018-09-05-live-01,
2018-09-06,游戏：Dota2,https://tieba.baidu.com/p/9079048376,216,一致,2018-09-06-live-01,
2018-09-08,游戏：甜甜圈都市/ DonutCounty ; 游戏：双点医院/ Two Point Hospital,https://tieba.baidu.com/p/9079048376,217,一致,2018-09-08-live-01,
2018-09-09,心灵砒霜,https://tieba.baidu.com/p/9079048376,218,一致,2018-09-09-live-01,
2018-09-11,游戏：过山车之星/ Planet Coaster,https://tieba.baidu.com/p/9079048376,219,一致,2018-09-11-live-01,
2018-09-12,游戏：极限巅峰/ Steep,https://tieba.baidu.com/p/9079048376,220,一致,2018-09-12-live-01,
2018-09-13,游戏：奇异小队/ Strange Brigade,https://tieba.baidu.com/p/9079048376,221,一致,2018-09-13-live-01,
2018-09-14,游戏：奇异小队/ Strange Brigade,https://tieba.baidu.com/p/9079048376,222,一致,2018-09-14-live-01,
2018-09-15,游戏：奇异小队/ Strange Brigade ; 游戏：超级情圣2 / Super Seducer 2,https://tieba.baidu.com/p/9079048376,223,一致,2018-09-15-live-01,
2018-09-16,心灵砒霜,https://tieba.baidu.com/p/9079048376,224,一致,2018-09-16-live-02,
2018-09-17,游戏：女巫来了/ Witch It ; 游戏：39天到火星/ 39 Days to Mars,https://tieba.baidu.com/p/9079048376,225,一致,2018-09-17-live-01,
2018-09-21,游戏：锈湖新章：悖论/ Rusty lake:Paradox,https://tieba.baidu.com/p/9079048376,226,一致,2018-09-21-live-01,
2018-09-22,游戏：钓鱼模拟器/ Ultimate Fishing Simulator,https://tieba.baidu.com/p/9079048376,227,一致,2018-09-22-live-01,
2018-09-23,心灵砒霜,https://tieba.baidu.com/p/9079048376,228,一致,2018-09-23-live-01,
2018-09-24,手机直播,https://tieba.baidu.com/p/9079048376,229,同日·内容待核,2018-09-24-live-01,
2018-09-26,游戏：钓鱼模拟器/ Ultimate Fishing Simulator,https://tieba.baidu.com/p/9079048376,230,一致,2018-09-26-live-01,
2018-09-27,游戏：恐龙公园/ Parkasaurus,https://tieba.baidu.com/p/9079048376,231,一致,2018-09-27-live-01,
2018-09-28,游戏：中国式家长,https://tieba.baidu.com/p/9079048376,232,一致,2018-09-28-live-01,
2018-09-30,心灵砒霜,https://tieba.baidu.com/p/9079048376,234,一致,2018-09-30-live-01,
2018-10-02,游戏：老爷车/ Jalopy,https://tieba.baidu.com/p/9079048376,236,一致,2018-10-02-live-01,
2018-10-03,生日会,https://tieba.baidu.com/p/9079048376,237,一致,2018-10-03-live-01,
2018-10-05,游戏：老爷车/ Jalopy,https://tieba.baidu.com/p/9079048376,238,一致,2018-10-05-live-01,
2018-10-06,游戏：HUE,https://tieba.baidu.com/p/9079048376,239,一致,2018-10-06-live-01,
2018-10-07,心灵砒霜,https://tieba.baidu.com/p/9079048376,240,一致,2018-10-07-live-01,
2018-10-08,游戏：拣·爱 ; 游戏：老式音乐剧/ Old School Musical,https://tieba.baidu.com/p/9079048376,241,一致,2018-10-08-live-01,
2018-10-09,语音直播,https://tieba.baidu.com/p/9079048376,242,一致,2018-10-09-live-01,
2018-10-10,游戏：超级马里奥派对/ SUPER MARIO PARTY,https://tieba.baidu.com/p/9079048376,243,一致,2018-10-10-live-01,
2018-10-11,活动直播,https://tieba.baidu.com/p/9079048376,244,同日·内容待核,2018-10-11-live-01,
2018-10-12,游戏：超级马里奥派对/ SUPER MARIO PARTY,https://tieba.baidu.com/p/9079048376,245,一致,2018-10-12-live-01,
2018-10-14,心灵砒霜,https://tieba.baidu.com/p/9079048376,246,一致,2018-10-14-live-01,
2018-10-15,语音直播,https://tieba.baidu.com/p/9079048376,247,一致,2018-10-15-live-01,
2018-10-16,游戏：超级马里奥派对/ SUPER MARIO PARTY,https://tieba.baidu.com/p/9079048376,248,一致,2018-10-16-live-01,
2018-10-19,游戏：庇护所/ Sheltered,https://tieba.baidu.com/p/9079048376,249,一致,2018-10-19-live-01,
2018-10-20,游戏：庇护所/ Sheltered,https://tieba.baidu.com/p/9079048376,250,一致,2018-10-20-live-01,
2018-10-21,心灵砒霜,https://tieba.baidu.com/p/9079048376,251,一致,2018-10-21-live-01,
2018-10-23,游戏：呼吸边缘/ Breathedge,https://tieba.baidu.com/p/9079048376,252,一致,2018-10-23-live-01,
2018-10-24,游戏：王权：权力的游戏/ Reigns: Game of Thrones,https://tieba.baidu.com/p/9079048376,253,一致,2018-10-24-live-01,
2018-10-26,游戏：荒野大镖客：救赎2/ Red Dead: RedemptionⅡ,https://tieba.baidu.com/p/9079048376,254,一致,2018-10-26-live-01,
2018-10-27,游戏：荒野大镖客：救赎2/ Red Dead: RedemptionⅡ,https://tieba.baidu.com/p/9079048376,255,一致,2018-10-27-live-01,
2018-10-28,游戏：荒野大镖客：救赎2/ Red Dead: RedemptionⅡ,https://tieba.baidu.com/p/9079048376,256,一致,2018-10-28-live-01,
2018-10-29,游戏：荒野大镖客：救赎2/ Red Dead: RedemptionⅡ,https://tieba.baidu.com/p/9079048376,257,一致,2018-10-29-live-01,
2018-10-30,游戏：荒野大镖客：救赎2/ Red Dead: RedemptionⅡ,https://tieba.baidu.com/p/9079048376,258,一致,2018-10-30-live-01,
2018-10-31,游戏：荒野大镖客：救赎2/ Red Dead: RedemptionⅡ,https://tieba.baidu.com/p/9079048376,259,一致,2018-10-31-live-01,
2018-11-02,游戏：明日之后 ; 游戏：荒野大镖客：救赎2/ Red Dead: RedemptionⅡ,https://tieba.baidu.com/p/9079048376,260,一致,2018-11-02-live-01,
2018-11-04,心灵砒霜,https://tieba.baidu.com/p/9079048376,261,一致,2018-11-04-live-01,
2018-11-05,游戏：荒野大镖客：救赎2/ Red Dead: RedemptionⅡ,https://tieba.baidu.com/p/9079048376,262,一致,2018-11-05-live-01,
2018-11-06,游戏：荒野大镖客：救赎2/ Red Dead: RedemptionⅡ,https://tieba.baidu.com/p/9079048376,263,一致,2018-11-06-live-01,
2018-11-08,游戏：荒野大镖客：救赎2/ Red Dead: RedemptionⅡ,https://tieba.baidu.com/p/9079048376,264,一致,2018-11-08-live-01,
2018-11-09,游戏：荒野大镖客：救赎2/ Red Dead: RedemptionⅡ,https://tieba.baidu.com/p/9079048376,265,一致,2018-11-09-live-01,
2018-11-10,游戏：荒野大镖客：救赎2/ Red Dead: RedemptionⅡ,https://tieba.baidu.com/p/9079048376,266,一致,2018-11-10-live-01,
2018-11-12,游戏：荒野大镖客：救赎2/ Red Dead: RedemptionⅡ,https://tieba.baidu.com/p/9079048376,267,一致,2018-11-12-live-01,
2018-11-13,游戏：荒野大镖客：救赎2/ Red Dead: RedemptionⅡ,https://tieba.baidu.com/p/9079048376,268,一致,2018-11-13-live-01,
2018-11-14,游戏：荒野大镖客：救赎2/ Red Dead: RedemptionⅡ,https://tieba.baidu.com/p/9079048376,269,一致,2018-11-14-live-01 | 2018-11-14-live-02,
2018-11-16,游戏：超级马里奥派对/ SUPER MARIO PARTY ; 游戏：荒野大镖客：救赎2/ Red Dead: RedemptionⅡ,https://tieba.baidu.com/p/9079048376,270,一致,2018-11-16-live-01,
2018-11-17,游戏：蚯蚓/ Earthworms,https://tieba.baidu.com/p/9079048376,271,一致,2018-11-17-live-01,
2018-11-18,心灵砒霜,https://tieba.baidu.com/p/9079048376,272,一致,2018-11-18-live-01,
2018-11-20,游戏：不要喂养猴子/ Do Not Feed the Monkeys,https://tieba.baidu.com/p/9079048376,273,一致,2018-11-20-live-01,
2018-11-21,游戏：不要喂养猴子/ Do Not Feed the Monkeys,https://tieba.baidu.com/p/9079048376,274,一致,2018-11-21-live-01,
2018-11-22,语音直播,https://tieba.baidu.com/p/9079048376,275,一致,2018-11-22-live-01,
2018-11-25,心灵砒霜,https://tieba.baidu.com/p/9079048376,276,一致,2018-11-25-live-01,
2018-11-26,游戏：古剑奇谭3,https://tieba.baidu.com/p/9079048376,277,一致,2018-11-26-live-01,
2018-11-28,游戏：古剑奇谭3,https://tieba.baidu.com/p/9079048376,278,一致,2018-11-28-live-01,
2018-11-29,游戏：古剑奇谭3,https://tieba.baidu.com/p/9079048376,279,一致,2018-11-29-live-01 | 2018-11-29-live-02,
2018-12-01,游戏：斗地主 ; 游戏：古剑奇谭3,https://tieba.baidu.com/p/9079048376,280,一致,2018-12-01-live-01,
2018-12-02,游戏：斗地主,https://tieba.baidu.com/p/9079048376,281,同日·内容待核,2018-12-02-live-01,
2018-12-03,游戏：斗地主 ; 游戏：古剑奇谭3,https://tieba.baidu.com/p/9079048376,282,一致,2018-12-03-live-01,
2018-12-04,游戏：古剑奇谭3,https://tieba.baidu.com/p/9079048376,283,一致,2018-12-04-live-01,
2018-12-06,游戏：古剑奇谭3 ; 游戏：斗地主,https://tieba.baidu.com/p/9079048376,284,一致,2018-12-06-live-01,
2018-12-07,游戏：斗地主 ; 游戏：古剑奇谭3,https://tieba.baidu.com/p/9079048376,285,一致,2018-12-07-live-01,
2018-12-08,游戏：古剑奇谭3 ; 游戏：任天堂明星大乱斗：特别版/ Super Smash Bros. Ultimate,https://tieba.baidu.com/p/9079048376,286,一致,2018-12-08-live-01 | 2018-12-08-live-02,
2018-12-09,心灵砒霜,https://tieba.baidu.com/p/9079048376,287,一致,2018-12-09-live-01,
2018-12-10,游戏：彩虹坠入/ Iris Fall,https://tieba.baidu.com/p/9079048376,288,一致,2018-12-10-live-01,
2018-12-11,游戏：斗地主 ; 游戏：任天堂明星大乱斗：特别版/ Super Smash Bros. Ultimate,https://tieba.baidu.com/p/9079048376,289,一致,2018-12-11-live-01,
2018-12-14,游戏：模拟农场19/ Farming Simulator 19 ; 游戏：斗地主,https://tieba.baidu.com/p/9079048376,290,一致,2018-12-14-live-01 | 2018-12-14-live-02,
2018-12-15,游戏：模拟农场19/ Farming Simulator 19,https://tieba.baidu.com/p/9079048376,291,一致,2018-12-15-live-01,
2018-12-16,心灵砒霜,https://tieba.baidu.com/p/9079048376,292,一致,2018-12-16-live-01,
2018-12-17,游戏：模拟农场19/ Farming Simulator 19 ; 游戏：斗地主,https://tieba.baidu.com/p/9079048376,293,一致,2018-12-17-live-01,
2018-12-18,游戏：幽林怪谈/ Bladed fury,https://tieba.baidu.com/p/9079048376,294,一致,2018-12-18-live-01,
2018-12-19,游戏：格莉斯的旅程/ Gris,https://tieba.baidu.com/p/9079048376,295,一致,2018-12-19-live-01,
2018-12-21,游戏：宝藏猎人模拟器/ Treasure Hunter Simulator,https://tieba.baidu.com/p/9079048376,296,一致,2018-12-21-live-01,
2018-12-22,游戏：奥伯拉丁的回归/ Return of the Obra Dinn,https://tieba.baidu.com/p/9079048376,297,一致,2018-12-22-live-01,
2018-12-23,心灵砒霜,https://tieba.baidu.com/p/9079048376,298,一致,2018-12-23-live-01,
2018-12-24,游戏：奥伯拉丁的回归/ Return of the Obra Dinn,https://tieba.baidu.com/p/9079048376,299,一致,2018-12-24-live-01,
2018-12-25,游戏：王国保卫战起源/ Kingdom Rush Origins,https://tieba.baidu.com/p/9079048376,300,一致,2018-12-25-live-01,
2018-12-26,游戏：揍击派对/ Pummel Party,https://tieba.baidu.com/p/9079048376,301,一致,2018-12-26-live-01,
2018-12-28,游戏：游乐园建造师/ Parkitect,https://tieba.baidu.com/p/9079048376,302,一致,2018-12-28-live-01,
2018-12-31,跨年直播,https://tieba.baidu.com/p/9079048376,304,同日·内容待核,2018-12-31-live-01,
2019-01-01,游戏：生生不息/Life Goes On,https://tieba.baidu.com/p/5995167560,1,一致,2019-01-01-live-01,
2019-01-02,未上锁的房间3   The Room Three,https://tieba.baidu.com/p/5995167560,5,一致,2019-01-02-live-01,
2019-01-03,未上锁的房间3 The Room Three ; 还是这个游戏,https://tieba.baidu.com/p/5995167560,6,一致,2019-01-03-live-01,
2019-01-04,游戏：自然生态/ Equilinox,https://tieba.baidu.com/p/5995167560,7,一致,2019-01-04-live-01,
2019-01-06,邮件环节,https://tieba.baidu.com/p/5995167560,8,同日·内容待核,2019-01-06-live-01,
2019-01-07,游戏：人类:一败涂地/ Human: Fall Flat ; 游戏：自然生态/ Equilinox,https://tieba.baidu.com/p/5995167560,9,一致,2019-01-07-live-01,
2019-01-09,游戏：奇妙探险队/ The Curious Expedition,https://tieba.baidu.com/p/5995167560,11,一致,2019-01-09-live-01,
2019-01-11,游戏：了不起的修仙模拟器,https://tieba.baidu.com/p/5995167560,12,一致,2019-01-11-live-01,
2019-01-12,游戏：了不起的修仙模拟器,https://tieba.baidu.com/p/5995167560,13,一致,2019-01-12-live-01,
2019-01-13,砒霜,https://tieba.baidu.com/p/5995167560,14,一致,2019-01-13-live-01,
2019-01-14,游戏：了不起的修仙模拟器 ; 恭喜壮壮成为新任掌门！,https://tieba.baidu.com/p/5995167560,15,一致,2019-01-14-live-01,
2019-01-15,游戏：尤库的小岛速递/ Yoku’s Island Express,https://tieba.baidu.com/p/5995167560,16,一致,2019-01-15-live-01,
2019-01-16,游戏：波西亚时光,https://tieba.baidu.com/p/5995167560,17,一致,2019-01-16-live-01,
2019-01-18,游戏：乐园/Rakuen,https://tieba.baidu.com/p/5995167560,18,一致,2019-01-18-live-01,
2019-01-19,游戏：乐园/Rakuen,https://tieba.baidu.com/p/5995167560,19,一致,2019-01-19-live-01,
2019-01-20,游戏：乐园/Rakuen ; 邮件,https://tieba.baidu.com/p/5995167560,22,一致,2019-01-20-live-01,
2019-01-22,周年庆 ; 唱歌看视频弹钢琴,https://tieba.baidu.com/p/5995167560,23,贴吧有·档案缺日,,
2019-01-23,游戏：挖或死/ Dig or Die,https://tieba.baidu.com/p/5995167560,24,一致,2019-01-23-live-01,
2019-01-24,游戏：勇者斗恶龙：建造者2,https://tieba.baidu.com/p/5995167560,25,一致,2019-01-24-live-01,
2019-01-25,游戏：勇者斗恶龙:创世小玩家2,https://tieba.baidu.com/p/5995167560,27,一致,2019-01-25-live-01,
2019-01-26,游戏：勇者斗恶龙:创世小玩家2,https://tieba.baidu.com/p/5995167560,28,一致,2019-01-26-live-01,
2019-01-27,游戏：The Invisible Guardian/隐形守护者 ; 邮件：心灵砒霜,https://tieba.baidu.com/p/5995167560,29,一致,2019-01-27-live-01,
2019-01-30,游戏：勇者斗恶龙：建造者2,https://tieba.baidu.com/p/5995167560,30,一致,2019-01-30-live-01,
2019-01-31,游戏：勇者斗恶龙：建造者2,https://tieba.baidu.com/p/5995167560,31,一致,2019-01-31-live-01,
2019-02-01,/02/03  游戏：DQ建造者2,https://tieba.baidu.com/p/5995167560,33,一致,2019-02-01-live-01,
2019-02-12,游戏：DQ建造者2,https://tieba.baidu.com/p/5995167560,34,一致,2019-02-12-live-01,
2019-02-13,游戏：DQ建造者2,https://tieba.baidu.com/p/5995167560,35,一致,2019-02-13-live-01,
2019-02-14,游戏：DQ建造者2,https://tieba.baidu.com/p/5995167560,36,一致,2019-02-14-live-01,
2019-02-15,游戏：DQ建造者2,https://tieba.baidu.com/p/5995167560,37,一致,2019-02-15-live-01,
2019-02-16,游戏：DQ建造者2,https://tieba.baidu.com/p/5995167560,38,一致,2019-02-16-live-01,
2019-02-17,心灵砒霜,https://tieba.baidu.com/p/5995167560,39,一致,2019-02-17-live-01,
2019-02-21,游戏：勇者斗恶龙：建造者2,https://tieba.baidu.com/p/5995167560,43,一致,2019-02-21-live-01,
2019-02-23,游戏：勇者斗恶龙：建造者2,https://tieba.baidu.com/p/5995167560,44,一致,2019-02-23-live-01,
2019-02-25,砒霜,https://tieba.baidu.com/p/5995167560,46,同日·内容待核,2019-02-25-live-01,2019-02-24-live-01(-1)
2019-02-26,唱歌,https://tieba.baidu.com/p/5995167560,47,贴吧有·档案缺日,,2019-02-25-live-01(-1)
2019-02-27,游戏：Mages Of Mystralia,https://tieba.baidu.com/p/5995167560,48,一致,2019-02-27-live-01,
2019-02-28,游戏：特技摩托:崛起/ Trials Rising,https://tieba.baidu.com/p/5995167560,49,一致,2019-02-28-live-01,
2019-03-01,特技摩托:崛起/ Trials Rising ; 奥秘法师/ Mages Of Mystralia,https://tieba.baidu.com/p/5995167560,50,一致,2019-03-01-live-01,
2019-03-02,奥秘法师/ Mages Of Mystralia ; 特技摩托:崛起/ Trials Rising,https://tieba.baidu.com/p/5995167560,51,一致,2019-03-02-live-01,
2019-03-03,游戏：特技摩托:崛起/ Trials Rising ; 邮件,https://tieba.baidu.com/p/5995167560,52,一致,2019-03-03-live-01,
2019-03-04,游戏：嗜血印/Bloody Spell ; 游戏：特技摩托:崛起/ Trials Rising,https://tieba.baidu.com/p/5995167560,53,一致,2019-03-04-live-01,
2019-03-06,只狼东京探班,https://tieba.baidu.com/p/5995167560,54,一致,2019-03-06-live-01,
2019-03-07,模糊成浆糊的鬼泣5发布会,https://tieba.baidu.com/p/5995167560,55,一致,2019-03-07-live-01,
2019-03-09,游戏：鬼泣5,https://tieba.baidu.com/p/5995167560,56,一致,2019-03-09-live-01,
2019-03-10,游戏：鬼泣5 ; 砒霜,https://tieba.baidu.com/p/5995167560,57,一致,2019-03-10-live-01,
2019-03-12,游戏：鬼泣5,https://tieba.baidu.com/p/5995167560,58,一致,2019-03-12-live-01,
2019-03-13,游戏：鬼泣5,https://tieba.baidu.com/p/5995167560,59,一致,2019-03-13-live-01,
2019-03-14,聊天+游戏 特技摩托:崛起/ Trials  Rising,https://tieba.baidu.com/p/5995167560,60,一致,2019-03-14-live-01,
2019-03-15,游戏：baba is you,https://tieba.baidu.com/p/5995167560,62,一致,2019-03-15-live-01,
2019-03-16,游戏 只狼试玩 ; 游戏 特技摩托:崛起/ Trials Rising,https://tieba.baidu.com/p/5995167560,63,一致,2019-03-16-live-01,
2019-03-18,游戏 特技摩托:崛起/ Trials Rising,https://tieba.baidu.com/p/5995167560,65,一致,2019-03-18-live-02,
2019-03-19,游戏： 猫里奥,https://tieba.baidu.com/p/5995167560,66,一致,2019-03-19-live-01,
2019-03-22,只狼:影逝二度/Sekiro:Shadows Die Twice,https://tieba.baidu.com/p/5995167560,67,一致,2019-03-22-live-01,
2019-03-23,只狼:影逝二度/Sekiro:Shadows Die Twice,https://tieba.baidu.com/p/5995167560,68,一致,2019-03-23-live-01,
2019-03-24,游戏： 只狼:影逝二度/Sekiro:Shadows Die Twice,https://tieba.baidu.com/p/5995167560,69,一致,2019-03-24-live-01,
2019-03-25,游戏： 只狼:影逝二度/Sekiro:Shadows Die Twice,https://tieba.baidu.com/p/5995167560,70,一致,2019-03-25-live-01,
2019-03-26,活动：只狼媒体体验会,https://tieba.baidu.com/p/5995167560,71,一致,2019-03-26-live-01,
2019-03-27,游戏： 只狼:影逝二度/Sekiro:Shadows Die Twice,https://tieba.baidu.com/p/5995167560,72,一致,2019-03-27-live-01,
2019-03-28,游戏： 只狼:影逝二度/Sekiro:Shadows Die Twice,https://tieba.baidu.com/p/5995167560,73,一致,2019-03-28-live-01,
2019-03-29,游戏： 只狼:影逝二度/Sekiro:Shadows Die Twice ; 游戏： 疑案追声/Unheard,https://tieba.baidu.com/p/5995167560,74,一致,2019-03-29-live-01,
2019-03-30,游戏：猫里奥,https://tieba.baidu.com/p/5995167560,75,一致,2019-03-30-live-01,
2019-03-31,看电影：超体、雨中曲,https://tieba.baidu.com/p/5995167560,76,一致,2019-03-31-live-01,
2019-04-02,活动：2018新浪游戏年度盛典,https://tieba.baidu.com/p/5995167560,78,一致,2019-04-02-live-01,
2019-04-03,节目：游请制作人,https://tieba.baidu.com/p/5995167560,79,一致,2019-04-03-live-01,
2019-04-05,游戏 雨中冒险2 /Risk of Rain 2,https://tieba.baidu.com/p/5995167560,80,一致,2019-04-05-live-01,
2019-04-06,游戏：疑案追声/Unheard ; 游戏：雨中冒险2 /Risk of Rain 2,https://tieba.baidu.com/p/5995167560,81,一致,2019-04-06-live-01,
2019-04-07,心灵砒霜,https://tieba.baidu.com/p/5995167560,82,一致,2019-04-07-live-01,
2019-04-09,游戏：我恨这个游戏/ I hate this game,https://tieba.baidu.com/p/5995167560,84,一致,2019-04-09-live-01,
2019-04-10,VR游戏合集 ; 度假模拟器/ Vacation Simulator ; 列车模拟/ Derail Valley ; 节奏空间/ Beat Saber,https://tieba.baidu.com/p/5995167560,85,一致,2019-04-10-live-01,
2019-04-15,跟七号玩LOL,https://tieba.baidu.com/p/5995167560,114,一致,2019-04-15-live-01,
2019-04-16,游戏：Supra land,https://tieba.baidu.com/p/5995167560,90,一致,2019-04-16-live-01,
2019-04-17,游戏：狩猎模拟器/ Hunting Simulator,https://tieba.baidu.com/p/5995167560,91,一致,2019-04-17-live-01,
2019-04-19,游戏：浮岛物语/ Forager,https://tieba.baidu.com/p/5995167560,92,一致,2019-04-19-live-01,
2019-04-20,游戏：人类一败涂地,https://tieba.baidu.com/p/5995167560,93,一致,2019-04-20-live-01,
2019-04-20,游戏：浮岛物语/ Forager,https://tieba.baidu.com/p/5995167560,93,一致,2019-04-20-live-01,
2019-04-22,游戏：浮岛物语/ Forager,https://tieba.baidu.com/p/5995167560,95,一致,2019-04-22-live-01,
2019-04-23,游戏：武士零/ Katana ZERO,https://tieba.baidu.com/p/5995167560,96,一致,2019-04-23-live-01 | 2019-04-23-live-03,
2019-04-24,游戏：火车山谷2/ Train Valley 2,https://tieba.baidu.com/p/5995167560,97,一致,2019-04-24-live-01,
2019-04-26,游戏：硬件工程师/ HardwareEngineers,https://tieba.baidu.com/p/5995167560,98,一致,2019-04-26-live-01 | 2019-04-26-live-02,
2019-04-27,看电影：蝴蝶效应,https://tieba.baidu.com/p/5995167560,99,一致,2019-04-27-live-01 | 2019-04-27-live-02,
2019-04-29,游戏：Biped试玩,https://tieba.baidu.com/p/5995167560,101,一致,2019-04-29-live-01 | 2019-04-29-live-02,
2019-04-30,游戏：僵尸世界大战/ World War Z: Outlive the Dead,https://tieba.baidu.com/p/5995167560,102,同日·内容待核,2019-04-30-live-01,
2019-05-01,游戏：迷雾侦探/ Tales of the Neon Sea,https://tieba.baidu.com/p/5995167560,103,一致,2019-05-01-live-01 | 2019-05-01-live-02,
2019-05-03,游戏：迷雾侦探/ Tales of the Neon Sea,https://tieba.baidu.com/p/5995167560,104,一致,2019-05-03-live-01 | 2019-05-03-live-02,
2019-05-04,游戏：迷雾侦探/ Tales of the Neon Sea,https://tieba.baidu.com/p/5995167560,105,一致,2019-05-04-live-01 | 2019-05-04-live-02,
2019-05-06,说书：封神演绎,https://tieba.baidu.com/p/5995167560,106,一致,2019-05-06-live-01,
2019-05-08,说书：封神演义 ; 游戏：迷雾侦探/ Tales of the Neon Sea ; 游戏：大富翁,https://tieba.baidu.com/p/5995167560,108,一致,2019-05-08-live-01,
2019-05-10,说书：封神演义 ; 游戏：迷雾侦探/ Tales of the Neon Sea ; 看电影 ; 游戏大富翁：地产巨头/ Rento Fortune,https://tieba.baidu.com/p/5995167560,109,一致,2019-05-10-live-01 | 2019-05-10-live-02,
2019-05-11,核聚变活动,https://tieba.baidu.com/p/5995167560,110,一致,2019-05-11-live-01,
2019-05-13,游戏：温克尔特:那家小店/ Winkeltje: The Little Shop,https://tieba.baidu.com/p/5995167560,112,一致,2019-05-13-live-01,
2019-05-14,游戏：温克尔特:那家小店/ Winkeltje: The Little Shop ; 唱歌：左手指月,https://tieba.baidu.com/p/5995167560,113,一致,2019-05-14-live-01,
2019-05-17,游戏：瘟疫传说：无罪/ A Plague Tale: Innocence,https://tieba.baidu.com/p/5995167560,115,一致,2019-05-17-live-01,
2019-05-18,语音连麦,https://tieba.baidu.com/p/5995167560,116,贴吧有·档案缺日,,
2019-05-19,心灵砒霜,https://tieba.baidu.com/p/5995167560,117,一致,2019-05-19-live-01,
2019-05-20,游戏：瘟疫传说：无罪/ A Plague Tale: Innocence,https://tieba.baidu.com/p/5995167560,118,一致,2019-05-20-live-01 | 2019-05-20-live-02,
2019-05-21,游戏：瘟疫传说：无罪/ A Plague Tale: Innocence,https://tieba.baidu.com/p/5995167560,121,一致,2019-05-21-live-01,
2019-05-22,游戏：瘟疫传说：无罪/ A Plague Tale: Innocence,https://tieba.baidu.com/p/5995167560,122,一致,2019-05-22-live-01 | 2019-05-22-live-02,
2019-05-24,游戏：王国之心3/ Kingdom Hearts 3,https://tieba.baidu.com/p/5995167560,123,一致,2019-05-24-live-01,
2019-05-26,心灵砒霜,https://tieba.baidu.com/p/5995167560,124,一致,2019-05-26-live-01 | 2019-05-26-live-02,
2019-05-27,盗贼之海/ Sea of Thieves,https://tieba.baidu.com/p/5995167560,125,一致,2019-05-27-live-01,
2019-05-28,盗贼之海/ Sea of Thieves,https://tieba.baidu.com/p/5995167560,126,一致,2019-05-28-live-01 | 2019-05-28-live-02,
2019-05-29,盗贼之海/ Sea of Thieves,https://tieba.baidu.com/p/5995167560,127,一致,2019-05-29-live-01,
2019-05-31,游戏：全面战争模拟器 / Totally Accurate Battle Simulator,https://tieba.baidu.com/p/5995167560,128,贴吧有·档案缺日,,2019-05-30-live-01(-1) 2019-06-01-live-01(+1)
2019-06-03,游戏：盗贼之海/ Sea of Thieves,https://tieba.baidu.com/p/5995167560,131,一致,2019-06-03-live-01,
2019-06-06,客厅户外,https://tieba.baidu.com/p/5995167560,132,一致,2019-06-06-live-01,
2019-06-08,游戏：料理模拟器/ CookingSimulator,https://tieba.baidu.com/p/5995167560,133,一致,2019-06-08-live-01,
2019-06-09,心灵砒霜 ; 游戏：料理模拟器/ CookingSimulator,https://tieba.baidu.com/p/5995167560,134,一致,2019-06-09-live-01,
2019-06-10,游戏：料理模拟器/ CookingSimulator ; 全面战争模拟器 / Totally Accurate Battle Simulator,https://tieba.baidu.com/p/5995167560,135,一致,2019-06-10-live-01,
2019-06-14,试玩怪物猎人：世界-DLC冰原 ; 试玩无主之地3,https://tieba.baidu.com/p/5995167560,136,同日·内容待核,2019-06-14-live-01,
2019-06-16,心灵砒霜,https://tieba.baidu.com/p/5995167560,137,一致,2019-06-16-live-01,
2019-06-17,游戏：作业疯了,https://tieba.baidu.com/p/5995167560,138,一致,2019-06-17-live-01,
2019-06-18,游戏：疑案追声-资料片/ Unheard DLC,https://tieba.baidu.com/p/5995167560,139,一致,2019-06-18-live-01,
2019-06-19,游戏：揍击派对/ PummelParty,https://tieba.baidu.com/p/5995167560,140,一致,2019-06-19-live-01,
2019-06-20,游戏：全面战争模拟器 / Totally Accurate Battle Simulator,https://tieba.baidu.com/p/5995167560,141,一致,2019-06-20-live-01,
2019-06-21,游戏：东方驾考模拟器|Chinese Driving License Test,https://tieba.baidu.com/p/5995167560,142,一致,2019-06-21-live-01,
2019-06-22,游戏：光遇/Sky ; 游戏：节奏海拉鲁(Cadence of Hyrule),https://tieba.baidu.com/p/5995167560,143,一致,2019-06-22-live-01,
2019-06-25,唱歌 ; 游戏：圣书物语/ Ray Bibbia,https://tieba.baidu.com/p/5995167560,144,一致,2019-06-25-live-01,
2019-06-26,游戏：香蕉杀手佩德罗/ My Friend Pedro,https://tieba.baidu.com/p/5995167560,145,一致,2019-06-26-live-01,
2019-06-28,游戏：硬核机甲/ HARDCORE MECHA,https://tieba.baidu.com/p/5995167560,146,一致,2019-06-28-live-01,
2019-06-29,游戏：非常英雄/ UnrulyHeroes,https://tieba.baidu.com/p/5995167560,147,一致,2019-06-29-live-01,
2019-06-30,唱歌 ; 心灵砒霜,https://tieba.baidu.com/p/5995167560,148,一致,2019-06-30-live-01,
2019-07-02,游戏：BOSSGARD,https://tieba.baidu.com/p/5995167560,149,一致,2019-07-02-live-01,
2019-07-03,游戏：我的朋友佩德罗/ My Friend Pedro ; 游戏：风暴追逐者/ Storm Chasers ; 游戏：节奏乒乓/ Lofi Ping Pong,https://tieba.baidu.com/p/5995167560,150,一致,2019-07-03-live-01,
2019-07-04,唱歌 ; 游戏：人类:一败涂地 MOD / Human: Fall Flat ; 游戏：辐射:避难所Online,https://tieba.baidu.com/p/5995167560,151,一致,2019-07-04-live-01,
2019-07-05,游戏：荒野潜伏者/ Stay Silent VR ; 游戏：百战天虫,https://tieba.baidu.com/p/5995167560,152,一致,2019-07-05-live-01,
2019-07-07,心灵砒霜,https://tieba.baidu.com/p/5995167560,153,一致,2019-07-07-live-01 | 2019-07-07-live-02,
2019-07-08,游戏：拣爱 ; 小林正雪复仇之密室,https://tieba.baidu.com/p/5995167560,154,一致,2019-07-08-live-01,
2019-07-10,游戏：中午的天空/ Sky Noon ; 人类:一败涂地 MOD / Human: Fall Flat ; 权利的游戏-凛冬将至,https://tieba.baidu.com/p/5995167560,155,一致,2019-07-10-live-01,
2019-07-12,游戏：北境之地/ Northgard,https://tieba.baidu.com/p/5995167560,156,一致,2019-07-12-live-01,
2019-07-14,心灵砒霜,https://tieba.baidu.com/p/5995167560,157,一致,2019-07-14-live-01,
2019-07-20,斗歌大会,https://tieba.baidu.com/p/5995167560,158,一致,2019-07-20-live-01,
2019-07-21,斗歌大会,https://tieba.baidu.com/p/5995167560,159,一致,2019-07-21-live-01,
2019-07-22,心灵砒霜,https://tieba.baidu.com/p/5995167560,160,一致,2019-07-22-live-01,
2019-07-23,地痞街区/ Streets of Rogue,https://tieba.baidu.com/p/5995167560,161,一致,2019-07-23-live-01,
2019-07-24,2020东京奥运会/ Olympic Games Tokyo 2020 The Official Video Game,https://tieba.baidu.com/p/5995167560,162,一致,2019-07-24-live-01,
2019-07-26,2020东京奥运会/ Olympic Games Tokyo 2020 The Official Video Game,https://tieba.baidu.com/p/5995167560,163,一致,2019-07-26-live-01,
2019-07-27,游戏：月圆之夜/ Night of Full Moon ; 哆啦A梦：大雄的牧场物语/ Doraemon Nobita no Bokujou Monogatari,https://tieba.baidu.com/p/5995167560,164,一致,2019-07-27-live-01,
2019-07-28,心灵砒霜,https://tieba.baidu.com/p/5995167560,165,一致,2019-07-28-live-01,
2019-07-29,斗歌大会,https://tieba.baidu.com/p/5995167560,166,一致,2019-07-29-live-01,
2019-07-30,游戏：哆啦A梦：大雄的牧场物语/ Doraemon Nobita no Bokujou Monogatari,https://tieba.baidu.com/p/5995167560,167,一致,2019-07-30-live-01,
2019-08-02,ChinaJoy展索尼展台,https://tieba.baidu.com/p/5995167560,168,一致,2019-08-02-live-01,
2019-08-05,游戏：哆啦A梦：大雄的牧场物语/ Doraemon Nobita no Bokujou Monogatari,https://tieba.baidu.com/p/5995167560,170,一致,2019-08-05-live-01,
2019-08-06,游戏：哆啦A梦：大雄的牧场物语/ Doraemon Nobita no Bokujou Monogatari,https://tieba.baidu.com/p/5995167560,171,一致,2019-08-06-live-01,
2019-08-07,游戏：跳跃之王/ Jump King,https://tieba.baidu.com/p/5995167560,172,一致,2019-08-07-live-01,
2019-08-08,游敦煌,https://tieba.baidu.com/p/5995167560,173,一致,2019-08-08-live-01,
2019-08-10,冷湖看火箭发射,https://tieba.baidu.com/p/5995167560,174,贴吧有·档案缺日,,2019-08-11-live-01(+1)
2019-08-12,挑战麦迪,https://tieba.baidu.com/p/5995167560,175,一致,2019-08-12-live-01,
2019-08-13,游戏：哆啦A梦：大雄的牧场物语/ Doraemon Nobita no Bokujou Monogatari ; 斗歌大会,https://tieba.baidu.com/p/5995167560,176,一致,2019-08-13-live-01,
2019-08-14,游戏：跳跃之王/ Jump King,https://tieba.baidu.com/p/5995167560,177,一致,2019-08-14-live-01,
2019-08-15,游戏：疑案追声中元节特别篇/ Unheard DLC 2 ; 游戏：哆啦A梦：大雄的牧场物语/ Doraemon Nobita no Bokujou Monogatari,https://tieba.baidu.com/p/5995167560,178,一致,2019-08-15-live-01,
2019-08-16,游戏：跳跃之王/ Jump King,https://tieba.baidu.com/p/5995167560,179,一致,2019-08-16-live-01,
2019-08-17,游戏：DARQ ; 游戏：哆啦A梦：大雄的牧场物语/ Doraemon Nobita no Bokujou Monogatari,https://tieba.baidu.com/p/5995167560,180,一致,2019-08-17-live-01,
2019-08-18,心灵砒霜,https://tieba.baidu.com/p/5995167560,181,一致,2019-08-18-live-01,
2019-08-19,游戏：哆啦A梦：大雄的牧场物语/ Doraemon Nobita no Bokujou Monogatari,https://tieba.baidu.com/p/5995167560,182,一致,2019-08-19-live-01,
2019-08-20,游戏：哆啦A梦：大雄的牧场物语/ Doraemon Nobita no Bokujou Monogatari,https://tieba.baidu.com/p/5995167560,183,一致,2019-08-20-live-01,
2019-08-21,游戏：遗迹:灰烬重生/ Remnant: From the Ashes,https://tieba.baidu.com/p/5995167560,184,一致,2019-08-21-live-01,
2019-08-23,游戏：遗迹:灰烬重生/ Remnant: From the Ashes,https://tieba.baidu.com/p/5995167560,185,一致,2019-08-23-live-01,
2019-08-24,游戏：遗迹:灰烬重生/ Remnant: From the Ashes,https://tieba.baidu.com/p/5995167560,187,一致,2019-08-24-live-01,
2019-08-25,心灵砒霜,https://tieba.baidu.com/p/5995167560,188,一致,2019-08-25-live-01,
2019-08-26,控制/ Control,https://tieba.baidu.com/p/5995167560,189,一致,2019-08-26-live-01,
2019-08-27,游戏：控制/ Control,https://tieba.baidu.com/p/5995167560,190,一致,2019-08-27-live-01,
2019-08-28,游戏：遗迹:灰烬重生/ Remnant: From the Ashes,https://tieba.baidu.com/p/5995167560,191,一致,2019-08-28-live-01,
2019-08-29,游戏：Heave Ho； ; 游戏：境界灵压对决,https://tieba.baidu.com/p/5995167560,192,一致,2019-08-29-live-01,
2019-09-03,游戏：Heave Ho；,https://tieba.baidu.com/p/5995167560,193,一致,2019-09-03-live-01,
2019-09-04,游戏：哆啦A梦：大雄的牧场物语/ Doraemon Nobita no Bokujou Monogatari,https://tieba.baidu.com/p/5995167560,194,一致,2019-09-04-live-01,
2019-09-05,游戏：哆啦A梦：大雄的牧场物语/ Doraemon Nobita no Bokujou Monogatari,https://tieba.baidu.com/p/5995167560,195,一致,2019-09-05-live-01,
2019-09-06,游戏：魔兽世界怀旧服 ; 游戏：骰子地下城/ dicey dungeon ; 游戏：口袋服装店/ Pocket Clothier,https://tieba.baidu.com/p/5995167560,198,一致,2019-09-06-live-01,
2019-09-09,心灵砒霜,https://tieba.baidu.com/p/5995167560,199,一致,2019-09-09-live-01,
2019-09-10,游戏：怪物猎人世界DLC冰原,https://tieba.baidu.com/p/5995167560,200,一致,2019-09-10-live-01,
2019-09-11,游戏：怪物猎人世界DLC冰原,https://tieba.baidu.com/p/5995167560,201,一致,2019-09-11-live-01,
2019-09-12,游戏：Supra land,https://tieba.baidu.com/p/5995167560,87,一致,2019-09-12-live-01,
2019-09-12,游戏：怪物猎人世界DLC冰原,https://tieba.baidu.com/p/5995167560,202,一致,2019-09-12-live-01,
2019-09-13,游戏：Supra land,https://tieba.baidu.com/p/5995167560,88,一致,2019-09-13-live-01,
2019-09-13,游戏：怪物猎人世界DLC冰原,https://tieba.baidu.com/p/5995167560,203,一致,2019-09-13-live-01,
2019-09-15,心灵砒霜,https://tieba.baidu.com/p/5995167560,204,一致,2019-09-15-live-01,
2019-09-17,游戏：怪物猎人世界DLC冰原,https://tieba.baidu.com/p/5995167560,205,一致,2019-09-17-live-01,
2019-09-18,游戏：怪物猎人世界DLC冰原,https://tieba.baidu.com/p/5995167560,206,一致,2019-09-18-live-01,
2019-09-18,游戏：被囚禁的掌心,https://tieba.baidu.com/p/5995167560,206,一致,2019-09-18-live-01,
2019-09-20,游戏：塞尔达传说：织梦岛/ The Legend of Zelda: Link's Awakening,https://tieba.baidu.com/p/5995167560,207,一致,2019-09-20-live-01,
2019-09-21,游戏：塞尔达传说：织梦岛/ The Legend of Zelda: Link's Awakening,https://tieba.baidu.com/p/5995167560,208,一致,2019-09-21-live-01,
2019-09-22,心灵砒霜,https://tieba.baidu.com/p/5995167560,209,一致,2019-09-22-live-01,
2019-09-23,游戏：塞尔达传说：织梦岛/ The Legend of Zelda: Link's Awakening,https://tieba.baidu.com/p/5995167560,210,一致,2019-09-23-live-01,
2019-09-24,游戏：塞尔达传说：织梦岛/ The Legend of Zelda: Link's Awakening,https://tieba.baidu.com/p/5995167560,211,一致,2019-09-24-live-01,
2019-09-25,游戏：短途徒步旅行/ A Short Hike,https://tieba.baidu.com/p/5995167560,212,一致,2019-09-25-live-01,
2019-09-27,游戏：动物园之星/ Planet Zoo,https://tieba.baidu.com/p/5995167560,213,同日·内容待核,2019-09-27-live-01,
2019-09-28,游戏：丛林地狱/ Green Hell,https://tieba.baidu.com/p/5995167560,214,一致,2019-09-28-live-01,
2019-09-29,游戏：丛林地狱/ Green Hell,https://tieba.baidu.com/p/5995167560,215,一致,2019-09-29-live-01,
2019-09-30,游戏：丛林地狱/ Green Hell,https://tieba.baidu.com/p/5995167560,216,一致,2019-09-30-live-01,
2019-10-01,游戏：丛林地狱/ Green Hell,https://tieba.baidu.com/p/5995167560,217,一致,2019-10-01-live-01,
2019-10-03,游戏：动物园之星/ Planet Zoo,https://tieba.baidu.com/p/5995167560,218,一致,2019-10-03-live-01,
2019-10-04,游戏：动物园之星/ Planet Zoo,https://tieba.baidu.com/p/5995167560,219,一致,2019-10-04-live-01,
2019-10-06,心灵砒霜,https://tieba.baidu.com/p/5995167560,220,一致,2019-10-06-live-01,
2019-10-07,游戏：动物园之星/ Planet Zoo,https://tieba.baidu.com/p/5995167560,221,一致,2019-10-07-live-01,
2019-10-09,游戏：三位一体 4:梦魇王子/ Trine 4: The Nightmare Prince ; 朝圣者/ Pilgrims,https://tieba.baidu.com/p/5995167560,222,一致,2019-10-09-live-01,
2019-10-10,游戏：三位一体 4:梦魇王子/ Trine 4: The Nightmare Prince,https://tieba.baidu.com/p/5995167560,223,一致,2019-10-10-live-01,
2019-10-11,游戏：三位一体 4:梦魇王子/ Trine 4: The Nightmare Prince,https://tieba.baidu.com/p/5995167560,224,一致,2019-10-11-live-01,
2019-10-12,游戏：第三只眼/ 3rdeye,https://tieba.baidu.com/p/5995167560,225,一致,2019-10-12-live-01,
2019-10-12,游戏：三位一体 4:梦魇王子/ Trine 4: The Nightmare Prince,https://tieba.baidu.com/p/5995167560,226,一致,2019-10-12-live-01,
2019-10-13,心灵砒霜,https://tieba.baidu.com/p/5995167560,227,一致,2019-10-13-live-01,
2019-10-15,游戏：骑士之旅/ A Knight’s Quest ; 时光之帽/ A Hat in Time,https://tieba.baidu.com/p/5995167560,228,一致,2019-10-15-live-01,
2019-10-16,大圣归来全球首发展示会,https://tieba.baidu.com/p/5995167560,229,一致,2019-10-16-live-01,
2019-10-17,游戏：牧场物语-重聚矿石镇,https://tieba.baidu.com/p/5995167560,230,一致,2019-10-17-live-01,
2019-10-18,游戏：健身环大冒险/ Ring Fit Adventure ; 牧场物语-重聚矿石镇 ; 魔法门英雄无敌王朝,https://tieba.baidu.com/p/5995167560,231,一致,2019-10-18-live-01,
2019-10-19,游戏：牧场物语-重聚矿石镇,https://tieba.baidu.com/p/5995167560,232,一致,2019-10-19-live-01,
2019-10-20,游戏：牧场物语-重聚矿石镇,https://tieba.baidu.com/p/5995167560,233,一致,2019-10-20-live-01,
2019-10-21,游戏：牧场物语-重聚矿石镇,https://tieba.baidu.com/p/5995167560,234,一致,2019-10-21-live-01,
2019-10-22,游戏：牧场物语-重聚矿石镇,https://tieba.baidu.com/p/5995167560,235,一致,2019-10-22-live-01,
2019-10-23,游戏：牧场物语-重聚矿石镇 ; 游戏：第二银河,https://tieba.baidu.com/p/5995167560,236,一致,2019-10-23-live-01,
2019-10-25,游戏：牧场物语-重聚矿石镇,https://tieba.baidu.com/p/5995167560,237,一致,2019-10-25-live-01,
2019-10-26,游戏：大富翁10,https://tieba.baidu.com/p/5995167560,238,一致,2019-10-26-live-01,
2019-10-31,游戏：路易吉洋馆3/ Luigi’s Mansion 3,https://tieba.baidu.com/p/5995167560,239,一致,2019-10-31-live-01,
2019-11-01,游戏：马里奥和索尼克在东京奥运会 ; 多多自走棋,https://tieba.baidu.com/p/5995167560,240,一致,2019-11-01-live-01,
2019-11-03,心灵砒霜,https://tieba.baidu.com/p/5995167560,241,一致,2019-11-03-live-01,
2019-11-04,游戏：路易吉洋馆3/ Luigi’s Mansion 3,https://tieba.baidu.com/p/5995167560,242,一致,2019-11-04-live-01,
2019-11-05,游戏：路易吉洋馆3/ Luigi’s Mansion 3,https://tieba.baidu.com/p/5995167560,243,一致,2019-11-05-live-01,
2019-11-06,游戏：路易吉洋馆3/ Luigi’s Mansion 3,https://tieba.baidu.com/p/5995167560,244,一致,2019-11-06-live-01,
2019-11-07,游戏：明日之后,https://tieba.baidu.com/p/5995167560,245,同日·内容待核,2019-11-07-live-01,
2019-11-08,游戏：死亡搁浅/ Death Stranding ; 游戏：失落城堡,https://tieba.baidu.com/p/5995167560,246,一致,2019-11-08-live-01,
2019-11-09,游戏：明日之后 ; 游戏：死亡搁浅/ Death Stranding,https://tieba.baidu.com/p/5995167560,248,一致,2019-11-09-live-01,
2019-11-10,心灵砒霜,https://tieba.baidu.com/p/5995167560,249,一致,2019-11-10-live-01,
2019-11-11,游戏：死亡搁浅/ Death Stranding,https://tieba.baidu.com/p/5995167560,250,一致,2019-11-11-live-01,
2019-11-12,游戏：死亡搁浅/ Death Stranding,https://tieba.baidu.com/p/5995167560,251,一致,2019-11-12-live-01,
2019-11-13,游戏：死亡搁浅/ Death Stranding,https://tieba.baidu.com/p/5995167560,252,一致,2019-11-13-live-01,
2019-11-15,游戏：死亡搁浅/ Death Stranding,https://tieba.baidu.com/p/5995167560,253,一致,2019-11-15-live-01,
2019-11-17,心灵砒霜,https://tieba.baidu.com/p/5995167560,254,一致,2019-11-17-live-01,
2019-11-19,游戏：死亡搁浅/ Death Stranding  结局,https://tieba.baidu.com/p/5995167560,255,一致,2019-11-19-live-01,
2019-11-20,游戏：我们一起来过/ We Were Here Together,https://tieba.baidu.com/p/5995167560,256,一致,2019-11-20-live-01,
2019-11-21,游戏：我们一起来过/ We Were Here Together ; 人类:一败涂地/ Human: Fall Flat ; 魔兽RPG地图：面包罐头,https://tieba.baidu.com/p/5995167560,257,一致,2019-11-21-live-01,
2019-11-22,游戏：缠结塔/ Tangle Tower,https://tieba.baidu.com/p/5995167560,258,一致,2019-11-22-live-01,
2019-11-24,怪物猎人狩猎季东京现场比赛,https://tieba.baidu.com/p/5995167560,259,一致,2019-11-24-live-01,
2019-11-26,游戏：缠结塔/ Tangle Tower,https://tieba.baidu.com/p/5995167560,261,一致,2019-11-26-live-01,
2019-11-29,游戏：农夫王朝Farmer's Dynasty,https://tieba.baidu.com/p/5995167560,262,一致,2019-11-29-live-01,
2019-11-30,游戏：壁中精灵/ Concrete Genie,https://tieba.baidu.com/p/5995167560,263,一致,2019-11-30-live-01,
2019-12-01,心灵砒霜,https://tieba.baidu.com/p/5995167560,264,一致,2019-12-01-live-01,
2019-12-02,游戏：担架拍档/ The Stretchers,https://tieba.baidu.com/p/5995167560,265,一致,2019-12-02-live-01,
2019-12-03,姐弟聊天,https://tieba.baidu.com/p/5995167560,266,同日·内容待核,2019-12-03-live-01,
2019-12-05,游戏：莫塔之子/ Children of Morta,https://tieba.baidu.com/p/5995167560,268,一致,2019-12-05-live-01,
2019-12-06,游戏：莫塔之子/ Children of Morta,https://tieba.baidu.com/p/5995167560,269,一致,2019-12-06-live-01,
2019-12-08,心灵砒霜,https://tieba.baidu.com/p/5995167560,270,一致,2019-12-08-live-01,
2019-12-09,新人主播唱歌,https://tieba.baidu.com/p/5995167560,271,一致,2019-12-09-live-01,
2019-12-10,游戏：飞向月球:财富/ Deliver Us The Moon: Fortuna,https://tieba.baidu.com/p/5995167560,272,一致,2019-12-10-live-01,
2019-12-11,游戏：木筏/ Raft,https://tieba.baidu.com/p/5995167560,273,一致,2019-12-11-live-01,
2019-12-13,游戏：木筏/ Raft,https://tieba.baidu.com/p/5995167560,274,一致,2019-12-13-live-01,
2019-12-16,心灵砒霜,https://tieba.baidu.com/p/5995167560,275,一致,2019-12-16-live-01,
2019-12-16,游戏：Jump King,https://tieba.baidu.com/p/5995167560,276,一致,2019-12-16-live-01,
2019-12-17,游戏：跳跃之王番外/Jump King DLC,https://tieba.baidu.com/p/5995167560,277,一致,2019-12-17-live-01,
2019-12-18,游戏：木筏/ Raft,https://tieba.baidu.com/p/5995167560,278,一致,2019-12-18-live-01,
2019-12-20,游戏：感受冬季FeelTheSnow ; 游戏：Ashen,https://tieba.baidu.com/p/5995167560,279,一致,2019-12-20-live-01,
2019-12-21,游戏：Ashen,https://tieba.baidu.com/p/5995167560,280,一致,2019-12-21-live-01,
2019-12-22,心灵砒霜,https://tieba.baidu.com/p/5995167560,281,一致,2019-12-22-live-01,
2019-12-24,游戏：Ashen,https://tieba.baidu.com/p/5995167560,282,一致,2019-12-24-live-01,
2019-12-26,游戏：动物园之星/ Planet Zoo,https://tieba.baidu.com/p/5995167560,283,贴吧有·档案缺日,,2019-12-25-live-01(-1)
2019-12-27,游戏：脑锻炼Switch,https://tieba.baidu.com/p/5995167560,284,一致,2019-12-27-live-01,
2019-12-28,游戏：《魔兽争霸3》RPG：矿洞生存,https://tieba.baidu.com/p/5995167560,285,一致,2019-12-28-live-01,
2019-12-29,心灵砒霜,https://tieba.baidu.com/p/5995167560,286,一致,2019-12-29-live-01,
2019-12-31,跨年,https://tieba.baidu.com/p/5995167560,288,贴吧有·档案缺日,,
2020-01-01,游戏：莎木3,https://tieba.baidu.com/p/6423273786,1,一致,2020-01-01-live-01 | 2020-01-01-live-02,
2020-01-02,游戏：莎木3,https://tieba.baidu.com/p/6423273786,2,一致,2020-01-02-live-01,
2020-01-03,游戏：莎木3,https://tieba.baidu.com/p/6423273786,3,一致,2020-01-03-live-01,
2020-01-04,1001互动阅读-成都活动,https://tieba.baidu.com/p/6423273786,4,一致,2020-01-04-live-01 | 2020-01-04-live-02,
2020-01-05,心灵砒霜,https://tieba.baidu.com/p/6423273786,5,一致,2020-01-05-live-01,
2020-01-06,游戏：莎木3,https://tieba.baidu.com/p/6423273786,6,一致,2020-01-06-live-01,
2020-01-07,游戏：莎木3,https://tieba.baidu.com/p/6423273786,7,一致,2020-01-07-live-01,
2020-01-08,游戏：莎木3,https://tieba.baidu.com/p/6423273786,8,一致,2020-01-08-live-01,
2020-01-09,游戏：脑锻炼Switch,https://tieba.baidu.com/p/6423273786,9,一致,2020-01-09-live-01,
2020-01-10,游戏：生锈小湖：白门/ Rusty Lake:The White Door,https://tieba.baidu.com/p/6423273786,10,一致,2020-01-10-live-01,
2020-01-11,游戏：时光之帽/A Hat in Time,https://tieba.baidu.com/p/6423273786,11,一致,2020-01-11-live-01,
2020-01-12,心灵砒霜,https://tieba.baidu.com/p/6423273786,12,一致,2020-01-12-live-01,
2020-01-13,唱歌,https://tieba.baidu.com/p/6423273786,13,一致,2020-01-13-live-01,
2020-01-14,游戏：手模拟器:生存/ HandSimulator:Survival,https://tieba.baidu.com/p/6423273786,14,一致,2020-01-14-live-01,
2020-01-16,游戏：时光之帽/A Hat in Time,https://tieba.baidu.com/p/6423273786,15,一致,2020-01-16-live-01,
2020-01-17,游戏：疑案追声-黑面观音/ Unheard DLC,https://tieba.baidu.com/p/6423273786,16,一致,2020-01-17-live-01,
2020-01-18,游戏：疑案追声-黑面观音/ Unheard DLC,https://tieba.baidu.com/p/6423273786,17,一致,2020-01-18-live-01,
2020-01-19,心灵砒霜,https://tieba.baidu.com/p/6423273786,19,一致,2020-01-19-live-01,
2020-01-21,回家：宁城吃对夹唱K,https://tieba.baidu.com/p/6423273786,20,一致,2020-01-21-live-01,
2020-01-24,除夕直播,https://tieba.baidu.com/p/6423273786,21,一致,2020-01-24-live-01,
2020-02-04,游戏：符文工房4,https://tieba.baidu.com/p/6423273786,22,一致,2020-02-04-live-01,
2020-02-05,游戏：符文工房4,https://tieba.baidu.com/p/6423273786,23,一致,2020-02-05-live-01,
2020-02-06,游戏：符文工房4,https://tieba.baidu.com/p/6423273786,24,一致,2020-02-06-live-01,
2020-02-07,游戏：符文工房4,https://tieba.baidu.com/p/6423273786,25,一致,2020-02-07-live-01,
2020-02-08,游戏：符文工房4,https://tieba.baidu.com/p/6423273786,26,一致,2020-02-08-live-02,
2020-02-09,游戏：符文工房4,https://tieba.baidu.com/p/6423273786,27,一致,2020-02-09-live-01,
2020-02-10,游戏：符文工房4,https://tieba.baidu.com/p/6423273786,28,一致,2020-02-10-live-01,
2020-02-11,游戏：符文工房4,https://tieba.baidu.com/p/6423273786,29,一致,2020-02-11-live-01,
2020-02-13,游戏：符文工房4,https://tieba.baidu.com/p/6423273786,31,一致,2020-02-13-live-01,
2020-02-14,游戏：雀魂,https://tieba.baidu.com/p/6423273786,32,一致,2020-02-14-live-01,
2020-02-15,游戏：符文工房4,https://tieba.baidu.com/p/6423273786,33,一致,2020-02-15-live-01,
2020-02-16,游戏：符文工房4,https://tieba.baidu.com/p/6423273786,34,一致,2020-02-16-live-01,
2020-02-17,游戏：符文工房4,https://tieba.baidu.com/p/6423273786,35,一致,2020-02-17-live-01,
2020-02-18,聊天,https://tieba.baidu.com/p/6423273786,36,一致,2020-02-18-live-01,
2020-02-19,游戏：符文工房4,https://tieba.baidu.com/p/6423273786,37,一致,2020-02-19-live-01,
2020-02-20,游戏：符文工房4,https://tieba.baidu.com/p/6423273786,38,一致,2020-02-20-live-01,
2020-02-21,游戏：符文工房4,https://tieba.baidu.com/p/6423273786,39,一致,2020-02-21-live-01,
2020-02-22,游戏：符文工房4,https://tieba.baidu.com/p/6423273786,40,一致,2020-02-22-live-01,
2020-02-24,防疫知识问答,https://tieba.baidu.com/p/6423273786,42,一致,2020-02-24-live-01,
2020-02-25,聊天,https://tieba.baidu.com/p/6423273786,43,一致,2020-02-25-live-01,
2020-02-28,游戏：雀魂,https://tieba.baidu.com/p/6423273786,44,一致,2020-02-28-live-01,
2020-02-29,游戏：雀魂,https://tieba.baidu.com/p/6423273786,45,一致,2020-02-29-live-01,
2020-03-01,游戏：陶艺大师,https://tieba.baidu.com/p/6423273786,46,一致,2020-03-01-live-01,
2020-03-02,游戏：陶艺大师,https://tieba.baidu.com/p/6423273786,47,一致,2020-03-02-live-01,
2020-03-04,游戏：月影之塔/ Luna-The Shadow Dust ; 游戏：迷失岛3:宇宙的尘埃,https://tieba.baidu.com/p/6423273786,49,一致,2020-03-04-live-01,
2020-03-05,聊天,https://tieba.baidu.com/p/6423273786,50,一致,2020-03-05-live-01,
2020-03-06,游戏：吟诵者 ; 好几年过去了，忽然想起这游戏了,https://tieba.baidu.com/p/6423273786,51,一致,2020-03-06-live-01,
2020-03-07,游戏：吟诵者,https://tieba.baidu.com/p/6423273786,53,一致,2020-03-07-live-01,
2020-03-09,游戏：剧本杀,https://tieba.baidu.com/p/6423273786,54,一致,2020-03-09-live-01,
2020-03-10,游戏：吟诵者,https://tieba.baidu.com/p/6423273786,55,一致,2020-03-10-live-01,
2020-03-11,游戏：奥日与黑暗森林2,https://tieba.baidu.com/p/6423273786,56,一致,2020-03-11-live-01,
2020-03-12,游戏：奥日与黑暗森林2,https://tieba.baidu.com/p/6423273786,57,一致,2020-03-12-live-01,
2020-03-13,游戏：奥日与黑暗森林2 ; 游戏：仁王2,https://tieba.baidu.com/p/6423273786,59,一致,2020-03-13-live-01,
2020-03-14,游戏：仁王2,https://tieba.baidu.com/p/6423273786,60,一致,2020-03-14-live-01,
2020-03-15,游戏：仁王2,https://tieba.baidu.com/p/6423273786,62,一致,2020-03-15-live-01,
2020-03-16,游戏：仁王2,https://tieba.baidu.com/p/6423273786,63,一致,2020-03-16-live-01,
2020-03-17,游戏：仁王2,https://tieba.baidu.com/p/6423273786,64,一致,2020-03-17-live-01,
2020-03-18,游戏：仁王2,https://tieba.baidu.com/p/6423273786,65,一致,2020-03-18-live-01,
2020-03-19,游戏：仁王2,https://tieba.baidu.com/p/6423273786,66,一致,2020-03-19-live-01,
2020-03-20,游戏：仁王2,https://tieba.baidu.com/p/6423273786,67,一致,2020-03-20-live-01,
2020-03-21,游戏：仁王2 ; 游戏：集合啦！动物森友会,https://tieba.baidu.com/p/6423273786,68,一致,2020-03-21-live-01,
2020-03-22,游戏：集合啦！动物森友会,https://tieba.baidu.com/p/6423273786,69,一致,2020-03-22-live-01,
2020-03-23,游戏：集合啦！动物森友会,https://tieba.baidu.com/p/6423273786,70,一致,2020-03-23-live-01,
2020-03-24,游戏：集合啦！动物森友会,https://tieba.baidu.com/p/6423273786,71,一致,2020-03-24-live-01,
2020-03-25,游戏：集合啦！动物森友会,https://tieba.baidu.com/p/6423273786,72,一致,2020-03-25-live-01,
2020-03-26,游戏：集合啦！动物森友会,https://tieba.baidu.com/p/6423273786,73,一致,2020-03-26-live-01,
2020-03-27,游戏：只只大冒险/ Biped,https://tieba.baidu.com/p/6423273786,74,一致,2020-03-27-live-01,
2020-03-29,游戏：踩高跷/ Stilt Fella,https://tieba.baidu.com/p/6423273786,75,一致,2020-03-29-live-01,
2020-03-30,游戏：踩高跷/ Stilt Fella,https://tieba.baidu.com/p/6423273786,76,一致,2020-03-30-live-01,
2020-03-31,游戏：踩高跷/ Stilt Fella,https://tieba.baidu.com/p/6423273786,77,一致,2020-03-31-live-01,
2020-04-01,游戏：踩高跷/ Stilt Fella,https://tieba.baidu.com/p/6423273786,78,一致,2020-04-01-live-01,
2020-04-02,游戏：集合啦！动物森友会 ; 游戏：大家一起察言观色,https://tieba.baidu.com/p/6423273786,79,一致,2020-04-02-live-01,
2020-04-03,游戏：用心组装/ Assemble with Care,https://tieba.baidu.com/p/6423273786,80,一致,2020-04-03-live-01,
2020-04-07,游戏：半衰期:爱莉克斯/ Half-Life: Alyx,https://tieba.baidu.com/p/6423273786,81,一致,2020-04-07-live-01,
2020-04-08,游戏：逆转裁判2,https://tieba.baidu.com/p/6423273786,82,一致,2020-04-08-live-01,
2020-04-09,游戏：逆转裁判2,https://tieba.baidu.com/p/6423273786,84,一致,2020-04-09-live-01,
2020-04-10,游戏：逆转裁判2,https://tieba.baidu.com/p/6423273786,85,一致,2020-04-10-live-01,
2020-04-11,游戏：逆转裁判2,https://tieba.baidu.com/p/6423273786,86,一致,2020-04-11-live-01,
2020-04-12,游戏：逆转裁判3,https://tieba.baidu.com/p/6423273786,87,一致,2020-04-12-live-01,
2020-04-14,游戏：逆转裁判3,https://tieba.baidu.com/p/6423273786,88,一致,2020-04-14-live-01,
2020-04-15,唱歌,https://tieba.baidu.com/p/6423273786,89,同日·内容待核,2020-04-15-live-01,
2020-04-16,游戏：逆转裁判3,https://tieba.baidu.com/p/6423273786,90,一致,2020-04-16-live-01,
2020-04-17,游戏：逆转裁判3,https://tieba.baidu.com/p/6423273786,91,一致,2020-04-17-live-01,
2020-04-18,游戏：逆转裁判3,https://tieba.baidu.com/p/6423273786,92,一致,2020-04-18-live-01,
2020-04-19,游戏：逆转裁判3 完,https://tieba.baidu.com/p/6423273786,93,一致,2020-04-19-live-01,
2020-04-27,游戏：桌游模拟器：宝石商人/ Tabletop Simulator：Splendor,https://tieba.baidu.com/p/6423273786,94,一致,2020-04-27-live-01,
2020-04-28,聊天,https://tieba.baidu.com/p/6423273786,95,一致,2020-04-28-live-01,
2020-04-29,游戏：胡闹搬家/ Moving Out,https://tieba.baidu.com/p/6423273786,96,一致,2020-04-29-live-01,
2020-04-30,游戏：生锈小湖：轮回的房间/ Rusty Lake：Samsara Room,https://tieba.baidu.com/p/6423273786,97,一致,2020-04-30-live-01,
2020-05-01,游戏：捣蛋大作战 /Rascal Fight,https://tieba.baidu.com/p/6423273786,98,一致,2020-05-01-live-01,
2020-05-01,游戏：滴答滴答:双人故事/ Tick Tock:A Tale for Two,https://tieba.baidu.com/p/6423273786,99,一致,2020-05-01-live-01,
2020-05-03,聊天,https://tieba.baidu.com/p/6423273786,100,一致,2020-05-03-live-01,
2020-05-04,游戏：恶果之地/ Juicy Realm,https://tieba.baidu.com/p/6423273786,101,一致,2020-05-04-live-01,
2020-05-05,游戏：转变/ Change,https://tieba.baidu.com/p/6423273786,102,一致,2020-05-05-live-01,
2020-05-06,游戏：冰与火之舞/ A Dance of FireandIce,https://tieba.baidu.com/p/6423273786,103,一致,2020-05-06-live-01,
2020-05-07,唱歌,https://tieba.baidu.com/p/6423273786,104,同日·内容待核,2020-05-07-live-01,
2020-05-08,聊天,https://tieba.baidu.com/p/6423273786,106,一致,2020-05-08-live-01,
2020-05-09,游戏：冒险公社/Journey of Greed,https://tieba.baidu.com/p/6423273786,107,一致,2020-05-09-live-01 | 2020-05-09-live-02,
2020-05-09,游戏：冬日计划/ Project Winter,https://tieba.baidu.com/p/6423273786,108,一致,2020-05-09-live-01 | 2020-05-09-live-02,
2020-05-10,游戏：冰与火之舞/ A Dance of FireandIce,https://tieba.baidu.com/p/6423273786,109,一致,2020-05-10-live-01,
2020-05-11,游戏：冰与火之舞/ A Dance of FireandIce,https://tieba.baidu.com/p/6423273786,110,一致,2020-05-11-live-01,
2020-05-11,游戏：冬日计划/ Project Winter,https://tieba.baidu.com/p/6423273786,112,一致,2020-05-11-live-01,
2020-05-12,聊天,https://tieba.baidu.com/p/6423273786,113,一致,2020-05-12-live-01,
2020-05-13,游戏：冰与火之舞/ A Dance of FireandIce ; 战歌竞技场,https://tieba.baidu.com/p/6423273786,114,一致,2020-05-13-live-01,
2020-05-15,游戏：采矿/ Hydroneer,https://tieba.baidu.com/p/6423273786,115,一致,2020-05-15-live-01,
2020-05-16,游戏：采矿/ Hydroneer,https://tieba.baidu.com/p/6423273786,116,一致,2020-05-16-live-01,
2020-05-19,游戏：云城朋克/ Cloudpunk,https://tieba.baidu.com/p/6423273786,117,一致,2020-05-19-live-01,
2020-05-20,游戏：云城朋克/ Cloudpunk,https://tieba.baidu.com/p/6423273786,118,一致,2020-05-20-live-01,
2020-05-21,聊天,https://tieba.baidu.com/p/6423273786,119,一致,2020-05-21-live-01,
2020-05-22,游戏：公主齐奥克/ Tsioque,https://tieba.baidu.com/p/6423273786,120,一致,2020-05-22-live-01,
2020-05-23,游戏：步行者/ The Pedestrian,https://tieba.baidu.com/p/6423273786,121,一致,2020-05-23-live-01,
2020-05-24,心灵砒霜,https://tieba.baidu.com/p/6423273786,122,一致,2020-05-24-live-01,
2020-05-28,游戏：节奏快打/ RhythmFighter,https://tieba.baidu.com/p/6423273786,123,一致,2020-05-28-live-01,
2020-05-30,游戏：桥梁建造师 2/ Poly Bridge 2,https://tieba.baidu.com/p/6423273786,124,一致,2020-05-30-live-01,
2020-05-31,心灵砒霜,https://tieba.baidu.com/p/6423273786,125,一致,2020-05-31-live-01,
2020-06-01,游戏：桥梁建造师 2/ Poly Bridge 2,https://tieba.baidu.com/p/6423273786,126,一致,2020-06-01-live-01,
2020-06-02,游戏：桥梁建造师 2/ Poly Bridge 2 ; 游戏：硬核机甲,https://tieba.baidu.com/p/6423273786,127,一致,2020-06-02-live-01 | 2020-06-02-live-02,
2020-06-03,游戏：桥梁建造师 2/ Poly Bridge 2,https://tieba.baidu.com/p/6423273786,128,一致,2020-06-03-live-01,
2020-06-05,游戏：桥梁建造师 2/ Poly Bridge 2 ; 游戏：怒之铁拳4/ Streets of Rage 4,https://tieba.baidu.com/p/6423273786,129,一致,2020-06-05-live-01,
2020-06-06,活动,https://tieba.baidu.com/p/6423273786,130,一致,2020-06-06-live-01,
2020-06-07,心灵砒霜,https://tieba.baidu.com/p/6423273786,131,一致,2020-06-07-live-01,
2020-06-08,游戏：怒之铁拳4/ Streets of Rage 4,https://tieba.baidu.com/p/6423273786,132,一致,2020-06-08-live-01,
2020-06-09,看视频聊天,https://tieba.baidu.com/p/6423273786,133,一致,2020-06-09-live-01,
2020-06-12,游戏：世界游戏大全51款 ; 游戏：荒野乱斗,https://tieba.baidu.com/p/6423273786,134,一致,2020-06-12-live-01,
2020-06-13,游戏：世界游戏大全51款 ; 游戏：幻西游三维版家园模式,https://tieba.baidu.com/p/6423273786,135,一致,2020-06-13-live-01,
2020-06-14,心灵砒霜,https://tieba.baidu.com/p/6423273786,136,一致,2020-06-14-live-01,
2020-06-16,唱歌,https://tieba.baidu.com/p/6423273786,137,同日·内容待核,2020-06-16-live-01,
2020-06-19,最后生还者：第二部/ The Last of Us: Part II,https://tieba.baidu.com/p/6423273786,138,一致,2020-06-19-live-01,
2020-06-20,最后生还者：第二部/ The Last of Us: Part II,https://tieba.baidu.com/p/6423273786,139,一致,2020-06-20-live-01,
2020-06-21,最后生还者：第二部/ The Last of Us: Part II,https://tieba.baidu.com/p/6423273786,140,一致,2020-06-21-live-01,
2020-06-23,游戏：时间线/Timelie ; 游戏：最强蜗牛,https://tieba.baidu.com/p/6423273786,141,一致,2020-06-23-live-01,
2020-06-24,游戏：树林之中/ Among Trees,https://tieba.baidu.com/p/6423273786,142,一致,2020-06-24-live-01,
2020-06-26,游戏：盗贼之海/ Sea of Thieves,https://tieba.baidu.com/p/6423273786,143,一致,2020-06-26-live-01,
2020-06-27,游戏：盗贼之海/ Sea of Thieves,https://tieba.baidu.com/p/6423273786,144,一致,2020-06-27-live-01,
2020-06-28,心灵砒霜,https://tieba.baidu.com/p/6423273786,145,一致,2020-06-28-live-01,
2020-07-01,游戏：盗贼之海/ Sea of Thieves,https://tieba.baidu.com/p/6423273786,146,一致,2020-07-01-live-01,
2020-07-02,游戏：盗贼之海/ Sea of Thieves,https://tieba.baidu.com/p/6423273786,147,一致,2020-07-02-live-01,
2020-07-03,游戏：螺旋风暴/ Spiral Strom,https://tieba.baidu.com/p/6423273786,148,一致,2020-07-03-live-01,
2020-07-04,世界游戏大全51款 ; 江南百景图,https://tieba.baidu.com/p/6423273786,149,一致,2020-07-04-live-01,
2020-07-07,游戏：世界游戏大全51款,https://tieba.baidu.com/p/6423273786,150,一致,2020-07-07-live-01,
2020-07-08,游戏：世界游戏大全51款,https://tieba.baidu.com/p/6423273786,151,一致,2020-07-08-live-01,
2020-07-09,游戏：反恐精英：全球攻势/CS:GO ; 世界游戏大全51款,https://tieba.baidu.com/p/6423273786,152,一致,2020-07-09-live-01,
2020-07-10,游戏：世界游戏大全51款,https://tieba.baidu.com/p/6423273786,153,一致,2020-07-10-live-01,
2020-07-14,游戏：世界游戏大全51款,https://tieba.baidu.com/p/6423273786,154,一致,2020-07-14-live-01,
2020-07-15,游戏：世界游戏大全51款,https://tieba.baidu.com/p/6423273786,155,一致,2020-07-15-live-01,
2020-07-16,唱歌,https://tieba.baidu.com/p/6423273786,156,同日·内容待核,2020-07-16-live-01,
2020-07-17,对马岛之魂/ Ghost of Tsushima,https://tieba.baidu.com/p/6423273786,157,一致,2020-07-17-live-02,
2020-07-18,对马岛之魂/ Ghost of Tsushima,https://tieba.baidu.com/p/6423273786,158,一致,2020-07-18-live-01,
2020-07-19,对马岛之魂/ Ghost of Tsushima,https://tieba.baidu.com/p/6423273786,159,一致,2020-07-19-live-01,
2020-07-20,对马岛之魂/ Ghost of Tsushima,https://tieba.baidu.com/p/6423273786,160,一致,2020-07-20-live-01,
2020-07-21,对马岛之魂/ Ghost of Tsushima,https://tieba.baidu.com/p/6423273786,161,一致,2020-07-21-live-01,
2020-07-22,对马岛之魂/ Ghost of Tsushima,https://tieba.baidu.com/p/6423273786,162,一致,2020-07-22-live-01,
2020-07-24,对马岛之魂/ Ghost of Tsushima,https://tieba.baidu.com/p/6423273786,163,一致,2020-07-24-live-01,
2020-07-25,游戏： 超光速/ Superliminal ; 梦幻西游ONLINE,https://tieba.baidu.com/p/6423273786,164,一致,2020-07-25-live-01,
2020-07-26,剧本杀,https://tieba.baidu.com/p/6423273786,165,同日·内容待核,2020-07-26-live-01,
2020-07-27,游戏：纸片马里奥：折纸国王,https://tieba.baidu.com/p/6423273786,166,一致,2020-07-27-live-01,
2020-07-28,游戏：纸片马里奥：折纸国王 ; 龙之谷2,https://tieba.baidu.com/p/6423273786,167,一致,2020-07-28-live-01,
2020-08-01,游戏：纸片马里奥：折纸国王,https://tieba.baidu.com/p/6423273786,168,一致,2020-08-01-live-01,
2020-08-02,北京户外,https://tieba.baidu.com/p/6423273786,169,一致,2020-08-02-live-01,
2020-08-03,游戏：纸片马里奥：折纸国王,https://tieba.baidu.com/p/6423273786,170,一致,2020-08-03-live-01,
2020-08-04,游戏：纸片马里奥：折纸国王,https://tieba.baidu.com/p/6423273786,171,一致,2020-08-04-live-01,
2020-08-05,游戏：纸片马里奥：折纸国王,https://tieba.baidu.com/p/6423273786,172,一致,2020-08-05-live-01,
2020-08-06,聊天,https://tieba.baidu.com/p/6423273786,173,一致,2020-08-06-live-01,
2020-08-07,游戏：纸片马里奥：折纸国王,https://tieba.baidu.com/p/6423273786,174,一致,2020-08-07-live-01,
2020-08-08,游戏：纸片马里奥：折纸国王,https://tieba.baidu.com/p/6423273786,175,一致,2020-08-08-live-01,
2020-08-09,心灵砒霜,https://tieba.baidu.com/p/6423273786,176,一致,2020-08-09-live-01,
2020-08-11,游戏：纸片马里奥：折纸国王 ; 糖豆人：终极淘汰赛/ Fall Guys: Ultimate Knockout,https://tieba.baidu.com/p/6423273786,177,一致,2020-08-11-live-01 | 2020-08-11-live-02,
2020-08-11,糖豆人：终极淘汰赛/ Fall Guys: Ultimate Knockout ; 禁闭求生/ Grounded,https://tieba.baidu.com/p/6423273786,178,一致,2020-08-11-live-01 | 2020-08-11-live-02,
2020-08-12,糖豆人：终极淘汰赛/ Fall Guys: Ultimate Knockout,https://tieba.baidu.com/p/6423273786,179,一致,2020-08-12-live-01,
2020-08-15,游戏：漫威复仇者/ Marvel's Avengers,https://tieba.baidu.com/p/6423273786,180,一致,2020-08-15-live-01,
2020-08-16,心灵砒霜,https://tieba.baidu.com/p/6423273786,181,一致,2020-08-16-live-01,
2020-08-18,唱歌,https://tieba.baidu.com/p/6423273786,182,一致,2020-08-18-live-01,
2020-08-19,游戏：这里没有游戏:错误维度/ There Is No Game:Wrong Dimension,https://tieba.baidu.com/p/6423273786,183,一致,2020-08-19-live-01,
2020-08-20,游戏：逝者摆渡人/ Spiritfarer,https://tieba.baidu.com/p/6423273786,184,一致,2020-08-20-live-01,
2020-08-21,游戏：逝者摆渡人/ Spiritfarer,https://tieba.baidu.com/p/6423273786,185,一致,2020-08-21-live-01,
2020-08-22,游戏：逝者摆渡人/ Spiritfarer,https://tieba.baidu.com/p/6423273786,186,一致,2020-08-22-live-01,
2020-08-23,心灵砒霜,https://tieba.baidu.com/p/6423273786,187,一致,2020-08-23-live-01,
2020-08-24,游戏：逝者摆渡人/ Spiritfarer,https://tieba.baidu.com/p/6423273786,188,一致,2020-08-24-live-01,
2020-08-25,游戏：逝者摆渡人/ Spiritfarer,https://tieba.baidu.com/p/6423273786,189,一致,2020-08-25-live-01,
2020-08-26,游戏：逝者摆渡人/ Spiritfarer,https://tieba.baidu.com/p/6423273786,190,一致,2020-08-26-live-01,
2020-08-27,唱歌,https://tieba.baidu.com/p/6423273786,191,同日·内容待核,2020-08-27-live-01,
2020-08-29,游戏：极渊/ INMOST,https://tieba.baidu.com/p/6423273786,192,一致,2020-08-29-live-01,
2020-08-30,心灵砒霜,https://tieba.baidu.com/p/6423273786,193,一致,2020-08-30-live-01,
2020-08-31,游戏：高殿战记/ Gordian Quest ; 游戏：糖豆人：终极淘汰赛/ Fall Guys: Ultimate Knockout,https://tieba.baidu.com/p/6423273786,194,一致,2020-08-31-live-01 | 2020-08-31-live-02,
2020-09-02,游戏：火柴人亨利合集/ The Henry Stickmin Collection ; 游戏：魂斗罗,https://tieba.baidu.com/p/6423273786,195,一致,2020-09-02-live-01,
2020-09-04,直播修电脑,https://tieba.baidu.com/p/6423273786,196,一致,2020-09-04-live-01,
2020-09-05,游戏：糖豆人：终极淘汰赛/ Fall Guys: Ultimate Knockout,https://tieba.baidu.com/p/6423273786,198,一致,2020-09-05-live-01,
2020-09-06,游戏：人类:一败涂地/ Human: Fall Flat,https://tieba.baidu.com/p/6423273786,199,一致,2020-09-06-live-01,
2020-09-06,心灵砒霜,https://tieba.baidu.com/p/6423273786,200,一致,2020-09-06-live-01,
2020-09-07,游戏：创世理想乡/ Craftopia,https://tieba.baidu.com/p/6423273786,201,一致,2020-09-07-live-01,
2020-09-08,游戏：创世理想乡/ Craftopia,https://tieba.baidu.com/p/6423273786,202,一致,2020-09-08-live-01,
2020-09-09,游戏：创世理想乡/ Craftopia ; 游戏：魂斗罗,https://tieba.baidu.com/p/6423273786,203,一致,2020-09-09-live-01,
2020-09-11,直播化妆,https://tieba.baidu.com/p/6423273786,204,一致,2020-09-11-live-01,
2020-09-12,游戏：火烧蜘蛛/ Kill It With Fire,https://tieba.baidu.com/p/6423273786,206,一致,2020-09-12-live-01,
2020-09-13,心灵砒霜,https://tieba.baidu.com/p/6423273786,207,一致,2020-09-13-live-01,
2020-09-14,游戏：职业体操运动员/ Pro Gymnast,https://tieba.baidu.com/p/6423273786,208,一致,2020-09-14-live-01,
2020-09-15,游戏：职业体操运动员/ Pro Gymnast,https://tieba.baidu.com/p/6423273786,209,一致,2020-09-15-live-01,
2020-09-18,游戏：职业体操运动员/ Pro Gymnast,https://tieba.baidu.com/p/6423273786,210,一致,2020-09-18-live-01,
2020-09-18,游戏：糖豆人：终极淘汰赛/ Fall Guys: Ultimate Knockout,https://tieba.baidu.com/p/6423273786,211,一致,2020-09-18-live-01,
2020-09-19,游戏：糖豆人：终极淘汰赛/ Fall Guys: Ultimate Knockout,https://tieba.baidu.com/p/6423273786,212,一致,2020-09-19-live-01,
2020-09-20,剪头发,https://tieba.baidu.com/p/6423273786,213,同日·内容待核,2020-09-20-live-01,
2020-09-21,唱歌,https://tieba.baidu.com/p/6423273786,214,一致,2020-09-21-live-01,
2020-09-22,游戏：矿坑之下/ UnderMine,https://tieba.baidu.com/p/6423273786,215,一致,2020-09-22-live-01,
2020-09-23,游戏：矿坑之下/ UnderMine,https://tieba.baidu.com/p/6423273786,216,一致,2020-09-23-live-01,
2020-09-23,游戏：矿坑之下/ UnderMine,https://tieba.baidu.com/p/6423273786,217,一致,2020-09-23-live-01,
2020-09-25,游戏：矿坑之下/ UnderMine,https://tieba.baidu.com/p/6423273786,218,一致,2020-09-25-live-01,
2020-09-26,游戏：矿坑之下/ UnderMine ; 游戏：万国觉醒/ Rise of Kingdoms,https://tieba.baidu.com/p/6423273786,219,一致,2020-09-26-live-01,
2020-09-27,心灵砒霜,https://tieba.baidu.com/p/6423273786,220,一致,2020-09-27-live-01,
2020-09-28,游戏：往室/ When the Past was Around,https://tieba.baidu.com/p/6423273786,221,一致,2020-09-28-live-01,
2020-09-30,游戏：恐鬼症 / Phasmophobia,https://tieba.baidu.com/p/6423273786,222,一致,2020-09-30-live-01,
2020-10-02,游戏：恐鬼症 / Phasmophobia,https://tieba.baidu.com/p/6423273786,223,一致,2020-10-02-live-01,
2020-10-03,生日查房,https://tieba.baidu.com/p/6423273786,224,同日·内容待核,2020-10-03-live-01,
2020-10-04,心灵砒霜,https://tieba.baidu.com/p/6423273786,225,一致,2020-10-04-live-01,
2020-10-05,游戏：动物派对/ Party Animals,https://tieba.baidu.com/p/6423273786,226,一致,2020-10-05-live-01,
2020-10-06,游戏：拉力赛艺术/ Art of Rally ; 糖豆人：终极淘汰赛/ Fall Guys: Ultimate Knockout ; F1 2020,https://tieba.baidu.com/p/6423273786,227,一致,2020-10-06-live-01,
2020-10-12,游戏：中世纪王朝/ Medieval Dynasty,https://tieba.baidu.com/p/6423273786,228,一致,2020-10-12-live-01,
2020-10-13,游戏：中世纪王朝/ Medieval Dynasty ; 游戏：动物派对/ Party Animals,https://tieba.baidu.com/p/6423273786,229,一致,2020-10-13-live-01,
2020-10-14,游戏：中世纪王朝/ Medieval Dynasty,https://tieba.baidu.com/p/6423273786,230,一致,2020-10-14-live-01,
2020-10-15,游戏：舞蹈迷藏/ Hide & Dance ; 糖豆人：终极淘汰赛/ Fall Guys: Ultimate Knockout,https://tieba.baidu.com/p/6423273786,231,一致,2020-10-15-live-01,
2020-10-16,游戏：不思议的皇冠/ Crown Trick,https://tieba.baidu.com/p/6423273786,232,一致,2020-10-16-live-01,
2020-10-17,游戏：不思议的皇冠/ Crown Trick,https://tieba.baidu.com/p/6423273786,233,一致,2020-10-17-live-01,
2020-10-18,心灵砒霜,https://tieba.baidu.com/p/6423273786,234,一致,2020-10-18-live-01,
2020-10-19,游戏：小象露露历险记/ Rolo to the Rescue,https://tieba.baidu.com/p/6423273786,235,一致,2020-10-19-live-01,
2020-10-20,游戏：小象露露历险记/ Rolo to the Rescue ; 马戏团,https://tieba.baidu.com/p/6423273786,236,一致,2020-10-20-live-01,
2020-10-23,游戏：三目童子/ Mitsume Ga Tooru ; 高桥名人之冒险岛/ Adventure Island ; 兔宝宝历险记2/ Tiny Toon Adventures 2 ; 爱的小屋 ; 洛克人 ; 超级马里奥兄弟/ Super Mario Bros ; FC原人 ; 鸟人战队 ; 恶魔城/ Castlevania ; 松鼠大作战,https://tieba.baidu.com/p/6423273786,237,一致,2020-10-23-live-01,
2020-10-24,歧管花园/ ManifoldGarden,https://tieba.baidu.com/p/6423273786,238,一致,2020-10-24-live-01,
2020-10-25,心灵砒霜,https://tieba.baidu.com/p/6423273786,239,一致,2020-10-25-live-01,
2020-10-26,游戏：歧管花园/ ManifoldGarden,https://tieba.baidu.com/p/6423273786,240,一致,2020-10-26-live-01,
2020-10-28,唱歌,https://tieba.baidu.com/p/6423273786,241,同日·内容待核,2020-10-28-live-01,
2020-10-29,游戏：轩辕剑7,https://tieba.baidu.com/p/6423273786,242,一致,2020-10-29-live-01,
2020-10-30,游戏：轩辕剑7,https://tieba.baidu.com/p/6423273786,243,一致,2020-10-30-live-01,
2020-10-31,游戏：轩辕剑7,https://tieba.baidu.com/p/6423273786,244,一致,2020-10-31-live-01,
2020-11-01,心灵砒霜,https://tieba.baidu.com/p/6423273786,245,一致,2020-11-01-live-01,
2020-11-02,游戏：世界游戏大全51款,https://tieba.baidu.com/p/6423273786,246,一致,2020-11-02-live-01,
2020-11-02,游戏：皮克敏3,https://tieba.baidu.com/p/6423273786,247,一致,2020-11-02-live-01,
2020-11-03,游戏：皮克敏3,https://tieba.baidu.com/p/6423273786,248,一致,2020-11-03-live-01,
2020-11-04,游戏：皮克敏3,https://tieba.baidu.com/p/6423273786,249,一致,2020-11-04-live-01,
2020-11-06,游戏：只狼资料片,https://tieba.baidu.com/p/6423273786,250,一致,2020-11-06-live-01,
2020-11-07,转播腾讯科学周WE大会,https://tieba.baidu.com/p/6423273786,251,一致,2020-11-07-live-01,
2020-11-08,心灵砒霜,https://tieba.baidu.com/p/6423273786,252,一致,2020-11-08-live-01,
2020-11-09,游戏：拆迁/ Teardown,https://tieba.baidu.com/p/6423273786,253,一致,2020-11-09-live-01,
2020-11-10,游戏：拆迁/ Teardown,https://tieba.baidu.com/p/6423273786,254,一致,2020-11-10-live-01,
2020-11-11,游戏：天穗之咲稻姬/ Sakuna Of Rice and Ruin,https://tieba.baidu.com/p/6423273786,255,一致,2020-11-11-live-01,
2020-11-12,游戏：天穗之咲稻姬/ Sakuna Of Rice and Ruin,https://tieba.baidu.com/p/6423273786,256,一致,2020-11-12-live-01,
2020-11-13,PS5游戏演示 ; 游戏：宇宙机器人/ Astro Bot:Rescue Mission ; 麻布仔大冒险/ Sackboy A Big Adventure ; 天穗之咲稻姬/ Sakuna Of Rice and Ruin,https://tieba.baidu.com/p/6423273786,257,一致,2020-11-13-live-01,
2020-11-14,游戏：天穗之咲稻姬/ Sakuna Of Rice and Ruin,https://tieba.baidu.com/p/6423273786,258,一致,2020-11-14-live-01,
2020-11-15,心灵砒霜,https://tieba.baidu.com/p/6423273786,259,一致,2020-11-15-live-01,
2020-11-16,游戏：天穗之咲稻姬/ Sakuna Of Rice and Ruin,https://tieba.baidu.com/p/6423273786,260,一致,2020-11-16-live-01,
2020-11-17,游戏：天穗之咲稻姬/ Sakuna Of Rice and Ruin,https://tieba.baidu.com/p/6423273786,261,一致,2020-11-17-live-01,
2020-11-18,游戏：天穗之咲稻姬/ Sakuna Of Rice and Ruin,https://tieba.baidu.com/p/6423273786,262,一致,2020-11-18-live-01,
2020-11-19,游戏：天穗之咲稻姬/ Sakuna Of Rice and Ruin,https://tieba.baidu.com/p/6423273786,263,一致,2020-11-19-live-01,
2020-11-20,游戏：恶魔之魂重置版/ Demon Souls Remakes,https://tieba.baidu.com/p/6423273786,264,一致,2020-11-20-live-01,
2020-11-20,心灵砒霜,https://tieba.baidu.com/p/6423273786,289,一致,2020-11-20-live-01,
2020-11-21,游戏：恶魔之魂重置版/ Demon Souls Remakes,https://tieba.baidu.com/p/6423273786,265,一致,2020-11-21-live-01,
2020-11-22,心灵砒霜,https://tieba.baidu.com/p/6423273786,266,一致,2020-11-22-live-01,
2020-11-23,游戏：恶魔之魂重置版/ Demon Souls Remakes,https://tieba.baidu.com/p/6423273786,267,一致,2020-11-23-live-01,
2020-11-24,游戏：恶魔之魂重置版/ Demon Souls Remakes,https://tieba.baidu.com/p/6423273786,268,一致,2020-11-24-live-01,
2020-11-25,游戏：恶魔之魂重置版/ Demon Souls Remakes,https://tieba.baidu.com/p/6423273786,269,一致,2020-11-25-live-01,
2020-11-27,游戏：恶魔之魂重置版/ Demon Souls Remakes ; 魔兽世界新版本暗影国度,https://tieba.baidu.com/p/6423273786,270,一致,2020-11-27-live-01,
2020-11-28,游戏：恶魔之魂重置版/ Demon Souls Remakes,https://tieba.baidu.com/p/6423273786,271,一致,2020-11-28-live-01,
2020-11-29,心灵砒霜,https://tieba.baidu.com/p/6423273786,272,一致,2020-11-29-live-01,
2020-11-30,跨月唱歌,https://tieba.baidu.com/p/6423273786,273,同日·内容待核,2020-11-30-live-01,
2020-12-01,游戏：恶魔之魂重置版/ Demon Souls Remakes,https://tieba.baidu.com/p/6423273786,274,一致,2020-12-01-live-01,
2020-12-02,游戏：恶魔之魂重置版/ Demon Souls Remakes,https://tieba.baidu.com/p/6423273786,275,一致,2020-12-02-live-01,
2020-12-03,游戏：恶魔之魂重置版/ Demon Souls Remakes,https://tieba.baidu.com/p/6423273786,276,一致,2020-12-03-live-01,
2020-12-06,心灵砒霜,https://tieba.baidu.com/p/6423273786,277,一致,2020-12-06-live-01,
2020-12-08,游戏：谁是内鬼/ Among US,https://tieba.baidu.com/p/6423273786,278,一致,2020-12-08-live-01,
2020-12-09,游戏：赛博朋克2077/ Cyberpunk 2077,https://tieba.baidu.com/p/6423273786,279,一致,2020-12-09-live-01,
2020-12-10,游戏：赛博朋克2077/ Cyberpunk 2077,https://tieba.baidu.com/p/6423273786,280,一致,2020-12-10-live-01,
2020-12-11,游戏：赛博朋克2077/ Cyberpunk 2077,https://tieba.baidu.com/p/6423273786,281,一致,2020-12-11-live-01,
2020-12-12,游戏：赛博朋克2077/ Cyberpunk 2077,https://tieba.baidu.com/p/6423273786,282,一致,2020-12-12-live-01,
2020-12-13,心灵砒霜,https://tieba.baidu.com/p/6423273786,283,一致,2020-12-13-live-01,
2020-12-15,游戏：赛博朋克2077/ Cyberpunk 2077,https://tieba.baidu.com/p/6423273786,284,一致,2020-12-15-live-01,
2020-12-16,游戏：赛博朋克2077/ Cyberpunk 2077,https://tieba.baidu.com/p/6423273786,285,一致,2020-12-16-live-01,
2020-12-17,游戏：赛博朋克2077/ Cyberpunk 2077,https://tieba.baidu.com/p/6423273786,286,一致,2020-12-17-live-01,
2020-12-18,游戏：赛博朋克2077/ Cyberpunk 2077,https://tieba.baidu.com/p/6423273786,287,一致,2020-12-18-live-01,
2020-12-19,游戏：赛博朋克2077/ Cyberpunk 2077,https://tieba.baidu.com/p/6423273786,288,一致,2020-12-19-live-01,
2020-12-21,游戏：赛博朋克2077/ Cyberpunk 2077,https://tieba.baidu.com/p/6423273786,290,一致,2020-12-21-live-01,
2020-12-22,游戏：糖豆人：终极淘汰赛/ Fall Guys: Ultimate Knockout,https://tieba.baidu.com/p/6423273786,291,一致,2020-12-22-live-01,
2020-12-23,唱歌,https://tieba.baidu.com/p/6423273786,292,同日·内容待核,2020-12-23-live-01,
2020-12-25,游戏：英雄联盟/ LOL,https://tieba.baidu.com/p/6423273786,293,一致,2020-12-25-live-01,
2020-12-26,游戏：游聚平台-经典红白机游戏 ; 拳皇97 ; 雪人兄弟 ; 松鼠大作战 ; 三国战纪2012,https://tieba.baidu.com/p/6423273786,294,一致,2020-12-26-live-01,
2020-12-27,心灵砒霜,https://tieba.baidu.com/p/6423273786,295,一致,2020-12-27-live-01,
2020-12-28,游戏：星露谷物语/ Stardew Valleyy 联机模式,https://tieba.baidu.com/p/6423273786,296,一致,2020-12-28-live-01,
2020-12-29,游戏：星露谷物语/ Stardew Valleyy 联机模式,https://tieba.baidu.com/p/6423273786,297,一致,2020-12-29-live-01,
2020-12-30,游戏：星露谷物语/ Stardew Valleyy 联机模式,https://tieba.baidu.com/p/6423273786,298,一致,2020-12-30-live-01,
2020-12-31,跨年歌会,https://tieba.baidu.com/p/6423273786,299,一致,2020-12-31-live-01,
2021-01-01,游戏：星露谷物语/ Stardew Valleyy 联机模式,https://tieba.baidu.com/p/7179137062,1,一致,2021-01-01-live-01,
2021-01-02,游戏：星露谷物语/ Stardew Valleyy 联机模式,https://tieba.baidu.com/p/7179137062,2,一致,2021-01-02-live-01,
2021-01-03,心灵砒霜,https://tieba.baidu.com/p/7179137062,3,一致,2021-01-03-live-01,
2021-01-04,游戏：星露谷物语/ Stardew Valleyy 联机模式,https://tieba.baidu.com/p/7179137062,5,一致,2021-01-04-live-01,
2021-01-05,游戏：星露谷物语/ Stardew Valleyy 联机模式,https://tieba.baidu.com/p/7179137062,6,一致,2021-01-05-live-01,
2021-01-06,游戏：星露谷物语/ Stardew Valleyy 联机模式,https://tieba.baidu.com/p/7179137062,7,一致,2021-01-06-live-01,
2021-01-07,游戏：星露谷物语/ Stardew Valleyy 联机模式,https://tieba.baidu.com/p/7179137062,8,一致,2021-01-07-live-01,
2021-01-08,游戏：星露谷物语/ Stardew Valleyy 联机模式 ; 使命召唤手游-使命战场/ Call of Duty,https://tieba.baidu.com/p/7179137062,9,一致,2021-01-08-live-01,
2021-01-10,心灵砒霜,https://tieba.baidu.com/p/7179137062,10,一致,2021-01-10-live-01,
2021-01-11,游戏：星露谷物语/ Stardew Valleyy 联机模式,https://tieba.baidu.com/p/7179137062,11,一致,2021-01-11-live-01,
2021-01-12,游戏：星露谷物语/ Stardew Valleyy 联机模式,https://tieba.baidu.com/p/7179137062,12,一致,2021-01-12-live-01,
2021-01-13,游戏：星露谷物语/ Stardew Valleyy 联机模式,https://tieba.baidu.com/p/7179137062,13,一致,2021-01-13-live-01,
2021-01-14,游戏：星露谷物语/ Stardew Valleyy 联机模式,https://tieba.baidu.com/p/7179137062,14,一致,2021-01-14-live-02,
2021-01-15,游戏：仙剑奇侠传七 ; 游戏：星露谷物语/ Stardew Valleyy 联机模式 ; 游戏王:决斗链接/ Yu-Gi-Oh!Duel Links,https://tieba.baidu.com/p/7179137062,15,一致,2021-01-15-live-01,
2021-01-16,游戏：星露谷物语/ Stardew Valleyy 联机模式,https://tieba.baidu.com/p/7179137062,16,一致,2021-01-16-live-01,
2021-01-17,心灵砒霜,https://tieba.baidu.com/p/7179137062,17,一致,2021-01-17-live-01,
2021-01-18,游戏：星露谷物语/ Stardew Valleyy 联机模式,https://tieba.baidu.com/p/7179137062,18,一致,2021-01-18-live-01,
2021-01-19,游戏：星露谷物语/ Stardew Valleyy 联机模式,https://tieba.baidu.com/p/7179137062,19,一致,2021-01-19-live-01,
2021-01-20,游戏：星露谷物语/ Stardew Valleyy 联机模式,https://tieba.baidu.com/p/7179137062,20,一致,2021-01-20-live-01,
2021-01-21,直播六周年，唱歌,https://tieba.baidu.com/p/7179137062,21,同日·内容待核,2021-01-21-live-02,
2021-01-22,游戏：我的阴暗面/ Shady Part of Me ; 游戏：归家异途2,https://tieba.baidu.com/p/7179137062,22,一致,2021-01-22-live-01,
2021-01-24,心灵砒霜,https://tieba.baidu.com/p/7179137062,23,一致,2021-01-24-live-01,
2021-01-25,游戏：我的阴暗面/ Shady Part of Me ; 游戏：文明VI/ Sid Meier's Civilization VI,https://tieba.baidu.com/p/7179137062,24,一致,2021-01-25-live-01,
2021-01-26,游戏：文明VI/ Sid Meier's Civilization VI,https://tieba.baidu.com/p/7179137062,25,一致,2021-01-26-live-01,
2021-01-27,游戏：文明VI/ Sid Meier's Civilization VI,https://tieba.baidu.com/p/7179137062,26,一致,2021-01-27-live-01,
2021-01-28,游戏：橙光-传闻中的女帝后宫,https://tieba.baidu.com/p/7179137062,27,一致,2021-01-28-live-01,
2021-01-29,游戏：高殿战记/ Gordian Quest ; 游戏：橙光-传闻中的女帝后宫,https://tieba.baidu.com/p/7179137062,28,一致,2021-01-29-live-01,
2021-01-30,游戏：戴森球计划/ Dyson Sphere Program,https://tieba.baidu.com/p/7179137062,29,一致,2021-01-30-live-01,
2021-01-31,心灵砒霜,https://tieba.baidu.com/p/7179137062,30,一致,2021-01-31-live-01 | 2021-01-31-live-02,
2021-01-31,游戏：戴森球计划/ Dyson Sphere Program,https://tieba.baidu.com/p/7179137062,32,一致,2021-01-31-live-01 | 2021-01-31-live-02,
2021-02-01,游戏：戴森球计划/ Dyson Sphere Program,https://tieba.baidu.com/p/7179137062,33,一致,2021-02-01-live-01,
2021-02-02,游戏：戴森球计划/ Dyson Sphere Program,https://tieba.baidu.com/p/7179137062,34,一致,2021-02-02-live-01,
2021-02-03,游戏：女巫来了/Witch It ; 绝地求生/ PLAYERUNKNOWN’S BATTLEGROUNDS ; 谁是内鬼/ Among US,https://tieba.baidu.com/p/7179137062,35,一致,2021-02-03-live-01,
2021-02-04,游戏：戴森球计划/ Dyson Sphere Program,https://tieba.baidu.com/p/7179137062,36,一致,2021-02-04-live-01,
2021-02-05,游戏：戴森球计划/ Dyson Sphere Program,https://tieba.baidu.com/p/7179137062,37,一致,2021-02-05-live-01,
2021-02-07,心灵砒霜,https://tieba.baidu.com/p/7179137062,38,一致,2021-02-07-live-01,
2021-02-08,游：烟火/ Firework ; 游戏：一梦江湖,https://tieba.baidu.com/p/7179137062,39,一致,2021-02-08-live-01,
2021-02-09,手机直播,https://tieba.baidu.com/p/7179137062,40,同日·内容待核,2021-02-09-live-01,
2021-02-11,游戏：小小梦魔2/ Little Nightmares II,https://tieba.baidu.com/p/7179137062,41,一致,2021-02-11-live-01,
2021-02-12,游戏：小小梦魔2/ Little Nightmares II ; 游戏：世界游戏大全51款,https://tieba.baidu.com/p/7179137062,42,一致,2021-02-12-live-01,
2021-02-13,游戏：马里奥3D世界NS版/ Super Mario 3D World + Bowser’s Fury,https://tieba.baidu.com/p/7179137062,43,一致,2021-02-13-live-01,
2021-02-14,心灵砒霜,https://tieba.baidu.com/p/7179137062,44,一致,2021-02-14-live-01 | 2021-02-14-live-02,
2021-02-14,游戏：雀魂,https://tieba.baidu.com/p/7179137062,45,一致,2021-02-14-live-01 | 2021-02-14-live-02,
2021-02-15,游戏：绝地求生/  PLAYERUNKNOWN’S BATTLEGROUNDS ; 游戏：反恐精英：全球攻势/CS:GO,https://tieba.baidu.com/p/7179137062,46,一致,2021-02-15-live-01,
2021-02-16,游戏：马里奥3D世界NS版/ Super Mario 3D World + Bowser’s Fury ; 游戏：绝地求生/ PLAYERUNKNOWN’S BATTLEGROUNDS,https://tieba.baidu.com/p/7179137062,47,一致,2021-02-16-live-01 | 2021-02-16-live-02,
2021-02-17,游戏：马里奥3D世界NS版/ Super Mario 3D World + Bowser’s Fury,https://tieba.baidu.com/p/7179137062,48,一致,2021-02-17-live-01,
2021-02-19,游戏：鬼谷八荒/ Tale of Immortal,https://tieba.baidu.com/p/7179137062,49,一致,2021-02-19-live-01,
2021-02-20,游戏：鬼谷八荒/ Tale of Immortal,https://tieba.baidu.com/p/7179137062,50,一致,2021-02-20-live-01,
2021-02-21,心灵砒霜,https://tieba.baidu.com/p/7179137062,51,一致,2021-02-21-live-01,
2021-02-22,游戏：鬼谷八荒/ Tale of Immortal,https://tieba.baidu.com/p/7179137062,52,一致,2021-02-22-live-01,
2021-02-23,游戏：鬼谷八荒/ Tale of Immortal,https://tieba.baidu.com/p/7179137062,53,一致,2021-02-23-live-01,
2021-02-24,游戏：痞子英雄:泰索斯遗迹/ Rogue Heroes: Ruins of Tasos,https://tieba.baidu.com/p/7179137062,54,一致,2021-02-24-live-01,
2021-02-25,游戏：牧场物语：橄榄镇与希望的大地/ STORY OF SEASONS: Pioneers of Olive Town,https://tieba.baidu.com/p/7179137062,55,一致,2021-02-25-live-01,
2021-02-27,游戏：节奏医生,https://tieba.baidu.com/p/7179137062,56,一致,2021-02-27-live-01,
2021-02-28,心灵砒霜,https://tieba.baidu.com/p/7179137062,57,一致,2021-02-28-live-01,
2021-03-01,游戏：节奏医生,https://tieba.baidu.com/p/7179137062,58,一致,2021-03-01-live-01,
2021-03-02,游戏：牧场物语：橄榄镇与希望的大地/ STORY OF SEASONS: Pioneers of Olive Town ; 游戏：鬼谷八荒/ Tale of Immortal,https://tieba.baidu.com/p/7179137062,59,一致,2021-03-02-live-01,
2021-03-03,游戏：ALTF4,https://tieba.baidu.com/p/7179137062,60,一致,2021-03-03-live-01,
2021-03-04,游戏：ALTF4,https://tieba.baidu.com/p/7179137062,61,一致,2021-03-04-live-01,
2021-03-05,游戏：节奏医生,https://tieba.baidu.com/p/7179137062,62,一致,2021-03-05-live-01,
2021-03-06,游戏：ALTF4 ; 游戏：节奏医生,https://tieba.baidu.com/p/7179137062,63,一致,2021-03-06-live-01 | 2021-03-06-live-02,
2021-03-07,心灵砒霜,https://tieba.baidu.com/p/7179137062,64,一致,2021-03-07-live-01,
2021-03-08,游戏：大富翁10,https://tieba.baidu.com/p/7179137062,65,一致,2021-03-08-live-01,
2021-03-09,游戏：Tiny Lands ; 游戏：节奏医生,https://tieba.baidu.com/p/7179137062,66,一致,2021-03-09-live-01,
2021-03-11,游戏：阿尔芭与野生动物的故事/ Alba: A Wildlife Adventure,https://tieba.baidu.com/p/7179137062,67,一致,2021-03-11-live-01,
2021-03-12,游戏：反恐精英：全球攻势/CS:GO ; 游戏：魔兽争霸RPG,https://tieba.baidu.com/p/7179137062,68,一致,2021-03-12-live-01,
2021-03-13,游戏：雀魂,https://tieba.baidu.com/p/7179137062,70,一致,2021-03-13-live-01,
2021-03-14,心灵砒霜,https://tieba.baidu.com/p/7179137062,71,一致,2021-03-14-live-01,
2021-03-15,游戏：哈迪斯:地狱之战/ Hades,https://tieba.baidu.com/p/7179137062,72,一致,2021-03-15-live-01,
2021-03-16,游戏：哈迪斯:地狱之战/ Hades,https://tieba.baidu.com/p/7179137062,73,一致,2021-03-16-live-01,
2021-03-17,游戏：哈迪斯:地狱之战/ Hades,https://tieba.baidu.com/p/7179137062,74,一致,2021-03-17-live-01,
2021-03-18,游戏：哈迪斯:地狱之战/ Hades ; 游戏：The Room4,https://tieba.baidu.com/p/7179137062,75,一致,2021-03-18-live-01,
2021-03-19,游戏：The Room4,https://tieba.baidu.com/p/7179137062,76,一致,2021-03-19-live-01,
2021-03-20,游戏：绝地求生/ PLAYERUNKNOWN’S BATTLEGROUNDS ; 游戏：战意,https://tieba.baidu.com/p/7179137062,77,一致,2021-03-20-live-01 | 2021-03-20-live-02,
2021-03-21,心灵砒霜,https://tieba.baidu.com/p/7179137062,78,一致,2021-03-21-live-01,
2021-03-21,游戏：极限竞速：地平线4/ Forza Horizon 4,https://tieba.baidu.com/p/7179137062,79,一致,2021-03-21-live-01,
2021-03-22,游戏：末日准备狂：序幕篇章/ MR.PREPPER,https://tieba.baidu.com/p/7179137062,80,一致,2021-03-22-live-01,
2021-03-24,游戏：噗哟噗哟俄罗斯方块2/ Puyo Puyo Tetris 2,https://tieba.baidu.com/p/7179137062,81,一致,2021-03-24-live-01,
2021-03-25,游戏：察言观色3部曲,https://tieba.baidu.com/p/7179137062,82,一致,2021-03-25-live-01 | 2021-03-25-live-02,
2021-03-26,游戏：怪物猎人：崛起/ Monster Hunter RISE ; 游戏：坎特伯雷公主与骑士唤醒冠军之剑的奇幻冒险/ Guardian Tales,https://tieba.baidu.com/p/7179137062,83,一致,2021-03-26-live-01 | 2021-03-26-live-03,
2021-03-27,游戏：怪物猎人：崛起/ Monster Hunter RISE,https://tieba.baidu.com/p/7179137062,84,一致,2021-03-27-live-01,
2021-03-28,心灵砒霜,https://tieba.baidu.com/p/7179137062,85,一致,2021-03-28-live-01,
2021-03-29,游戏：双人成行/ It Takes Two,https://tieba.baidu.com/p/7179137062,86,一致,2021-03-29-live-01,
2021-03-30,游戏：双人成行/ It Takes Two,https://tieba.baidu.com/p/7179137062,87,一致,2021-03-30-live-01,
2021-04-06,聊天,https://tieba.baidu.com/p/7179137062,88,一致,2021-04-06-live-01,
2021-04-07,游戏：怪物猎人：崛起/ Monster Hunter RISE,https://tieba.baidu.com/p/7179137062,89,一致,2021-04-07-live-01,
2021-04-08,游戏：怪物猎人：崛起/ Monster Hunter RISE,https://tieba.baidu.com/p/7179137062,90,一致,2021-04-08-live-01,
2021-04-09,游戏：怪物猎人：崛起/ Monster Hunter RISE,https://tieba.baidu.com/p/7179137062,91,一致,2021-04-09-live-01,
2021-04-10,游戏：怪物猎人：崛起/ Monster Hunter RISE,https://tieba.baidu.com/p/7179137062,92,一致,2021-04-10-live-01,
2021-04-11,心灵砒霜,https://tieba.baidu.com/p/7179137062,93,一致,2021-04-11-live-01,
2021-04-13,游戏：创世纪/ Genesis Noir,https://tieba.baidu.com/p/7179137062,94,一致,2021-04-13-live-01,
2021-04-14,游戏：鬼谷八荒/ Tale of Immortal,https://tieba.baidu.com/p/7179137062,95,一致,2021-04-14-live-01,
2021-04-15,游戏：鬼谷八荒/ Tale of Immortal,https://tieba.baidu.com/p/7179137062,97,一致,2021-04-15-live-01,
2021-04-16,游戏：鬼谷八荒/ Tale of Immortal,https://tieba.baidu.com/p/7179137062,98,一致,2021-04-16-live-01,
2021-04-17,游戏：鬼谷八荒/ Tale of Immortal,https://tieba.baidu.com/p/7179137062,99,一致,2021-04-17-live-02,
2021-04-17,游戏：时代之下/ Hidden Through Time,https://tieba.baidu.com/p/7179137062,100,一致,2021-04-17-live-02,
2021-04-18,心灵砒霜,https://tieba.baidu.com/p/7179137062,101,一致,2021-04-18-live-01,
2021-04-19,唱歌,https://tieba.baidu.com/p/7179137062,102,同日·内容待核,2021-04-19-live-01,
2021-04-20,游戏：时代之下/ Hidden Through Time,https://tieba.baidu.com/p/7179137062,103,一致,2021-04-20-live-01,
2021-04-21,游戏：怪物男孩和诅咒王国/ Monster Boy and the Cursed Kingdom,https://tieba.baidu.com/p/7179137062,104,一致,2021-04-21-live-01,
2021-04-22,游戏：怪物男孩和诅咒王国/ Monster Boy and the Cursed Kingdom,https://tieba.baidu.com/p/7179137062,105,一致,2021-04-22-live-01 | 2021-04-22-live-02,
2021-04-25,心灵砒霜,https://tieba.baidu.com/p/7179137062,110,一致,2021-04-25-live-01,
2021-04-26,游戏：天神镇物语/God Simulator,https://tieba.baidu.com/p/7179137062,111,一致,2021-04-26-live-01,
2021-04-27,游戏：世界游戏大全51款,https://tieba.baidu.com/p/7179137062,112,一致,2021-04-27-live-01,
2021-05-01,游戏：超级马力欧派对/ Super Mario Party ; 游戏：世界游戏大全51款,https://tieba.baidu.com/p/7179137062,113,一致,2021-05-01-live-01 | 2021-05-01-live-02,
2021-05-02,心灵砒霜,https://tieba.baidu.com/p/7179137062,114,一致,2021-05-02-live-01,
2021-05-03,游戏：世界游戏大全51款,https://tieba.baidu.com/p/7179137062,115,一致,2021-05-03-live-01,
2021-05-04,游戏：世界游戏大全51款 ; 游戏：超级马力欧派对/ Super Mario Party,https://tieba.baidu.com/p/7179137062,116,一致,2021-05-04-live-01,
2021-05-05,游戏：世界游戏大全51款 ; 游戏：超级马力欧派对/ Super Mario Party,https://tieba.baidu.com/p/7179137062,117,一致,2021-05-05-live-01,
2021-05-06,游戏：神奇男孩・爱莎在怪物世界/ Wonder Boy: Asha in Monster World,https://tieba.baidu.com/p/7179137062,118,一致,2021-05-06-live-01,
2021-05-07,游戏：生化危机8：村庄/ Resident Evil Village,https://tieba.baidu.com/p/7179137062,119,一致,2021-05-07-live-01,
2021-05-08,游戏：生化危机8：村庄/ Resident Evil Village,https://tieba.baidu.com/p/7179137062,120,一致,2021-05-08-live-01,
2021-05-09,游戏：生化危机8：村庄/ Resident Evil Village,https://tieba.baidu.com/p/7179137062,121,一致,2021-05-09-live-01,
2021-05-10,唱歌,https://tieba.baidu.com/p/7179137062,123,同日·内容待核,2021-05-10-live-01,
2021-05-12,游戏：绿林侠盗：亡命之徒与传奇/ Hood: Outlaws & Legends,https://tieba.baidu.com/p/7179137062,124,一致,2021-05-12-live-01,
2021-05-13,游戏：神奇男孩・爱莎在怪物世界/ Wonder Boy: Asha in Monster World,https://tieba.baidu.com/p/7179137062,125,一致,2021-05-13-live-01,
2021-05-14,PS5国行上市庆典-上海行,https://tieba.baidu.com/p/7179137062,126,贴吧有·档案缺日,,
2021-05-16,心灵砒霜,https://tieba.baidu.com/p/7179137062,127,一致,2021-05-16-live-01,
2021-05-17,游戏：无尽旅途/ Carto,https://tieba.baidu.com/p/7179137062,128,一致,2021-05-17-live-01,
2021-05-18,游戏：深海迷航/ Subnautica,https://tieba.baidu.com/p/7179137062,129,一致,2021-05-18-live-02,
2021-05-19,游戏：深海迷航/ Subnautica,https://tieba.baidu.com/p/7179137062,130,一致,2021-05-19-live-01,
2021-05-20,游戏：深海迷航/ Subnautica,https://tieba.baidu.com/p/7179137062,131,一致,2021-05-20-live-01,
2021-05-21,游戏：深海迷航/ Subnautica,https://tieba.baidu.com/p/7179137062,132,一致,2021-05-21-live-01,
2021-05-22,游戏：深海迷航/ Subnautica,https://tieba.baidu.com/p/7179137062,133,一致,2021-05-22-live-01,
2021-05-24,游戏：深海迷航/ Subnautica,https://tieba.baidu.com/p/7179137062,134,一致,2021-05-24-live-01,
2021-05-25,游戏：大头菜小子偷税记/ Turnip Boy Commits Tax Evasion,https://tieba.baidu.com/p/7179137062,135,一致,2021-05-25-live-01,
2021-05-26,雀魂抽皮肤,https://tieba.baidu.com/p/7179137062,136,一致,2021-05-26-live-01,
2021-05-28,游戏：幸运房东/ Luck be a Landlord,https://tieba.baidu.com/p/7179137062,137,一致,2021-05-28-live-01,
2021-05-29,活动：科学家面对面；逛街,https://tieba.baidu.com/p/7179137062,138,一致,2021-05-29-live-01,
2021-06-01,听歌聊天,https://tieba.baidu.com/p/7179137062,141,一致,2021-06-01-live-01,
2021-06-02,游戏：魔兽世界怀旧服,https://tieba.baidu.com/p/7179137062,142,一致,2021-06-02-live-01,
2021-06-03,游戏：魔兽世界怀旧服,https://tieba.baidu.com/p/7179137062,143,一致,2021-06-03-live-01,
2021-06-04,游戏：空洞骑士/ Hollow Knight,https://tieba.baidu.com/p/7179137062,144,一致,2021-06-04-live-01,
2021-06-05,游戏：空洞骑士/ Hollow Knight,https://tieba.baidu.com/p/7179137062,145,一致,2021-06-05-live-01,
2021-06-06,心灵砒霜,https://tieba.baidu.com/p/7179137062,146,一致,2021-06-06-live-01,
2021-06-08,游戏：空洞骑士/ Hollow Knight,https://tieba.baidu.com/p/7179137062,147,一致,2021-06-08-live-01,
2021-06-09,游戏：空洞骑士/ Hollow Knight,https://tieba.baidu.com/p/7179137062,148,一致,2021-06-09-live-01,
2021-06-10,游戏：空洞骑士/ Hollow Knight,https://tieba.baidu.com/p/7179137062,149,一致,2021-06-10-live-01,
2021-06-11,游戏：你画我猜,https://tieba.baidu.com/p/7179137062,150,一致,2021-06-11-live-01,
2021-06-12,游戏：强力清洗模拟器/ PowerWash Simulator,https://tieba.baidu.com/p/7179137062,151,一致,2021-06-12-live-01,
2021-06-13,心灵砒霜,https://tieba.baidu.com/p/7179137062,152,一致,2021-06-13-live-01,
2021-06-15,游戏：空洞骑士/ Hollow Knight,https://tieba.baidu.com/p/7179137062,153,一致,2021-06-15-live-01,
2021-06-16,聊天,https://tieba.baidu.com/p/7179137062,154,一致,2021-06-16-live-01,
2021-06-17,游戏：永劫无间/ Naraka:Bladepoint,https://tieba.baidu.com/p/7179137062,155,一致,2021-06-17-live-01,
2021-06-18,游戏：永劫无间/ Naraka:Bladepoint,https://tieba.baidu.com/p/7179137062,156,一致,2021-06-18-live-01,
2021-06-19,游戏：永劫无间/ Naraka:Bladepoint,https://tieba.baidu.com/p/7179137062,157,一致,2021-06-19-live-01,
2021-06-20,游戏：永劫无间/ Naraka:Bladepoint,https://tieba.baidu.com/p/7179137062,158,一致,2021-06-20-live-01,
2021-06-21,游戏：永劫无间/ Naraka:Bladepoint,https://tieba.baidu.com/p/7179137062,159,一致,2021-06-21-live-01,
2021-06-22,游戏：永劫无间/ Naraka:Bladepoint,https://tieba.baidu.com/p/7179137062,160,一致,2021-06-22-live-01,
2021-06-23,游戏：永劫无间/ Naraka:Bladepoint,https://tieba.baidu.com/p/7179137062,161,贴吧有·档案缺日,,
2021-06-27,心灵砒霜,https://tieba.baidu.com/p/7179137062,162,一致,2021-06-27-live-01,
2021-06-28,游戏：迷宫大侦探/ Labyrinth City,https://tieba.baidu.com/p/7179137062,163,一致,2021-06-28-live-01,
2021-06-29,游戏：霓虹深渊/ Neon Abyss,https://tieba.baidu.com/p/7179137062,164,一致,2021-06-29-live-01,
2021-06-30,游戏：霓虹深渊/ Neon Abyss,https://tieba.baidu.com/p/7179137062,165,一致,2021-06-30-live-01,
2021-07-02,游戏：霓虹深渊/ Neon Abyss,https://tieba.baidu.com/p/7179137062,166,一致,2021-07-02-live-01,
2021-07-03,聊天,https://tieba.baidu.com/p/7179137062,167,一致,2021-07-03-live-01,
2021-07-04,心灵砒霜,https://tieba.baidu.com/p/7179137062,168,一致,2021-07-04-live-01,
2021-07-05,户外直播,https://tieba.baidu.com/p/7179137062,169,一致,2021-07-05-live-01,
2021-07-06,游戏：嘎吱作响/ Creaks,https://tieba.baidu.com/p/7179137062,170,一致,2021-07-06-live-01,
2021-07-07,游戏：空洞骑士/ Hollow Knight,https://tieba.baidu.com/p/7179137062,171,一致,2021-07-07-live-01,
2021-07-08,游戏：永劫无间/ Naraka:Bladepoint,https://tieba.baidu.com/p/7179137062,172,一致,2021-07-08-live-01,
2021-07-09,游戏：斩妖行/ Eastern Exorcist,https://tieba.baidu.com/p/7179137062,173,一致,2021-07-09-live-01,
2021-07-10,游戏：代号:探戈/ Operation: Tango,https://tieba.baidu.com/p/7179137062,174,一致,2021-07-10-live-01,
2021-07-11,心灵砒霜,https://tieba.baidu.com/p/7179137062,175,一致,2021-07-11-live-01,
2021-07-12,游戏：Pico Park,https://tieba.baidu.com/p/7179137062,176,一致,2021-07-12-live-01,
2021-07-13,唱歌,https://tieba.baidu.com/p/7179137062,177,同日·内容待核,2021-07-13-live-01,
2021-07-14,游戏：怪物猎人物语2:破灭之翼/ MONSTER HUNTER STORIES 2,https://tieba.baidu.com/p/7179137062,178,一致,2021-07-14-live-01,
2021-07-15,游戏：怪物猎人物语2:破灭之翼/ MONSTER HUNTER STORIES 2,https://tieba.baidu.com/p/7179137062,179,一致,2021-07-15-live-01,
2021-07-16,游戏：怪物猎人物语2:破灭之翼/ MONSTER HUNTER STORIES 2,https://tieba.baidu.com/p/7179137062,180,一致,2021-07-16-live-01,
2021-07-18,上海户外直播&TapTap 游戏发布会,https://tieba.baidu.com/p/7179137062,181,一致,2021-07-18-live-01 | 2021-07-18-live-02,
2021-07-20,游戏：怪物猎人物语2:破灭之翼/ MONSTER HUNTER STORIES 2,https://tieba.baidu.com/p/7179137062,182,一致,2021-07-20-live-01,
2021-07-21,游戏：怪物猎人物语2:破灭之翼/ MONSTER HUNTER STORIES 2,https://tieba.baidu.com/p/7179137062,183,一致,2021-07-21-live-01,
2021-07-22,游戏；蛊婆/ Lady in Tomb,https://tieba.baidu.com/p/7179137062,184,一致,2021-07-22-live-01,
2021-07-23,游戏：永劫无间/ Naraka:Bladepoint,https://tieba.baidu.com/p/7179137062,185,一致,2021-07-23-live-01,
2021-07-24,游戏：永劫无间/ Naraka:Bladepoint,https://tieba.baidu.com/p/7179137062,186,一致,2021-07-24-live-01,
2021-07-25,心灵砒霜,https://tieba.baidu.com/p/7179137062,187,一致,2021-07-25-live-01,
2021-07-26,游戏：永劫无间/ Naraka:Bladepoint,https://tieba.baidu.com/p/7179137062,188,一致,2021-07-26-live-01,
2021-07-27,游戏：永劫无间/ Naraka:Bladepoint,https://tieba.baidu.com/p/7179137062,189,一致,2021-07-27-live-01,
2021-07-28,游戏：永劫无间/ Naraka:Bladepoint,https://tieba.baidu.com/p/7179137062,190,一致,2021-07-28-live-01,
2021-07-29,游戏：永劫无间/ Naraka:Bladepoint,https://tieba.baidu.com/p/7179137062,191,一致,2021-07-29-live-01,
2021-07-30,游戏：永劫无间/ Naraka:Bladepoint ; 光遇/Sky,https://tieba.baidu.com/p/7179137062,192,一致,2021-07-30-live-02,
2021-07-31,游戏：一路/ One Way:The Elevator,https://tieba.baidu.com/p/7179137062,193,一致,2021-07-31-live-01,
2021-08-01,心灵砒霜,https://tieba.baidu.com/p/7179137062,194,一致,2021-08-01-live-01,
2021-08-02,游戏：永劫无间/ Naraka:Bladepoint,https://tieba.baidu.com/p/7179137062,195,一致,2021-08-02-live-01,
2021-08-03,游戏：永劫无间/ Naraka:Bladepoint,https://tieba.baidu.com/p/7179137062,196,一致,2021-08-03-live-01,
2021-08-04,游戏：永劫无间/ Naraka:Bladepoint ; 游戏：数独 ; 游戏：节奏医生/ Rhythm Doctor ; 游戏：上古之魂/ Eldest Souls,https://tieba.baidu.com/p/7179137062,197,一致,2021-08-04-live-01 | 2021-08-04-live-02,
2021-08-05,游戏：上古之魂/ Eldest Souls,https://tieba.baidu.com/p/7179137062,198,一致,2021-08-05-live-01,
2021-08-06,游戏：上古之魂/ Eldest Souls ; 游戏：永劫无间/ Naraka:Bladepoint,https://tieba.baidu.com/p/7179137062,199,一致,2021-08-06-live-01,
2021-08-07,唱歌 ; 游戏：明日之后,https://tieba.baidu.com/p/7179137062,200,一致,2021-08-07-live-02,
2021-08-08,心灵砒霜,https://tieba.baidu.com/p/7179137062,201,一致,2021-08-08-live-01,
2021-08-08,游戏：永劫无间/ Naraka:Bladepoint,https://tieba.baidu.com/p/7179137062,202,一致,2021-08-08-live-01,
2021-08-09,游戏：图迪和托蒂/ Toodee and Topdee,https://tieba.baidu.com/p/7179137062,203,一致,2021-08-09-live-01,
2021-08-10,游戏：黑暗侦探/ The Darkside Detective,https://tieba.baidu.com/p/7179137062,206,一致,2021-08-10-live-01,
2021-08-11,高铁站语音直播,https://tieba.baidu.com/p/7179137062,207,一致,2021-08-11-live-01,
2021-08-12,天义镇逛街,https://tieba.baidu.com/p/7179137062,208,同日·内容待核,2021-08-12-live-01,
2021-08-14,游戏：梦幻西游-手游 ; 游戏：永劫无间/ Naraka:Bladepoint,https://tieba.baidu.com/p/7179137062,209,一致,2021-08-14-live-01,
2021-08-15,心灵砒霜 ; 游戏：永劫无间/ Naraka:Bladepoint,https://tieba.baidu.com/p/7179137062,211,一致,2021-08-15-live-01,
2021-08-16,游戏：喋血复仇/ Back 4 Blood,https://tieba.baidu.com/p/7179137062,212,同日·内容待核,2021-08-16-live-01,
2021-08-17,游戏：九十六号公路/ Road 96,https://tieba.baidu.com/p/7179137062,213,一致,2021-08-17-live-01,
2021-08-18,游戏：九十六号公路/ Road 96 ; 游戏：尘埃异变/ GRIME,https://tieba.baidu.com/p/7179137062,214,一致,2021-08-18-live-01 | 2021-08-18-live-02,
2021-08-19,游戏：尘埃异变/ GRIME,https://tieba.baidu.com/p/7179137062,215,一致,2021-08-19-live-01,
2021-08-20,游戏：尘埃异变/ GRIME,https://tieba.baidu.com/p/7179137062,216,一致,2021-08-20-live-01,
2021-08-21,游戏：暗黑破坏神2:重制版/ Diablo II: Resurrected ; 游戏：第五人格/ Identity V,https://tieba.baidu.com/p/7179137062,217,一致,2021-08-21-live-01,
2021-08-22,游戏：永劫无间/ Naraka:Bladepoint ; 游戏：桌游模拟器：截码战/ Communicate Safely,https://tieba.baidu.com/p/7179137062,218,一致,2021-08-22-live-01,
2021-08-23,游戏：桌游模拟器：截码战/ Communicate Safely ; 游戏：桌游模拟器：德国蟑螂/ Kaker Laken Poker,https://tieba.baidu.com/p/7179137062,219,一致,2021-08-23-live-01,
2021-08-24,VR游戏：房间:黑暗物质/ The Room VR:ADarkMatter ; VR游戏-半衰期：艾利克斯/ Half-Life: Alyx,https://tieba.baidu.com/p/7179137062,220,一致,2021-08-24-live-01,
2021-08-25,游戏：花之灵/ Hoa ; 游戏：永劫无间/ Naraka:Bladepoint,https://tieba.baidu.com/p/7179137062,221,一致,2021-08-25-live-01,
2021-08-26,游戏：PS5-对马岛之魂/ Ghost of Tsushima,https://tieba.baidu.com/p/7179137062,222,一致,2021-08-26-live-01,
2021-08-27,游戏：PS5-对马岛之魂导演剪辑版/ Ghost of Tsushima: Directors Cut,https://tieba.baidu.com/p/7179137062,223,一致,2021-08-27-live-01,
2021-08-28,游戏：终极拉扯/ Fling to the Finish,https://tieba.baidu.com/p/7179137062,224,一致,2021-08-28-live-01,
2021-08-29,心灵砒霜,https://tieba.baidu.com/p/7179137062,225,一致,2021-08-29-live-01,
2021-08-31,客厅户外 ; 游戏：永劫无间/ Naraka:Bladepoint,https://tieba.baidu.com/p/7179137062,226,一致,2021-08-31-live-01,
2021-09-02,游戏：符文工厂5/ Rune Factory 5,https://tieba.baidu.com/p/7179137062,227,一致,2021-09-02-live-01,
2021-09-03,游戏：符文工厂5/ Rune Factory 5,https://tieba.baidu.com/p/7179137062,228,一致,2021-09-03-live-01,
2021-09-04,心灵砒霜,https://tieba.baidu.com/p/7179137062,229,一致,2021-09-04-live-01,
2021-09-07,天义镇户外,https://tieba.baidu.com/p/7179137062,232,一致,2021-09-07-live-01,
2021-09-09,游戏：暗影火炬城,https://tieba.baidu.com/p/7179137062,233,一致,2021-09-09-live-01,
2021-09-10,游戏：暗影火炬城,https://tieba.baidu.com/p/7179137062,234,一致,2021-09-10-live-01,
2021-09-11,游戏：暗影火炬城,https://tieba.baidu.com/p/7179137062,235,一致,2021-09-11-live-01,
2021-09-12,心灵砒霜,https://tieba.baidu.com/p/7179137062,236,一致,2021-09-12-live-01,
2021-09-14,游戏：山海旅人/ The Rewinder,https://tieba.baidu.com/p/7179137062,237,一致,2021-09-14-live-01,
2021-09-15,客厅户外 ; 游戏：瓦里奥制造/ WarioWare,https://tieba.baidu.com/p/7179137062,238,一致,2021-09-15-live-01,
2021-09-16,游戏：风来之国/ Eastward,https://tieba.baidu.com/p/7179137062,239,一致,2021-09-16-live-01,
2021-09-17,游戏：风来之国/ Eastward,https://tieba.baidu.com/p/7179137062,240,一致,2021-09-17-live-01,
2021-09-18,游戏：风来之国/ Eastward,https://tieba.baidu.com/p/7179137062,241,一致,2021-09-18-live-01,
2021-09-20,游戏：风来之国/ Eastward,https://tieba.baidu.com/p/7179137062,242,一致,2021-09-20-live-01,
2021-09-21,逛直播聊天,https://tieba.baidu.com/p/7179137062,243,同日·内容待核,2021-09-21-live-01,
2021-09-22,游戏：风来之国/ Eastward,https://tieba.baidu.com/p/7179137062,244,一致,2021-09-22-live-01,
2021-09-23,游戏：风来之国/ Eastward,https://tieba.baidu.com/p/7179137062,245,一致,2021-09-23-live-01,
2021-09-24,出差直播,https://tieba.baidu.com/p/7179137062,246,一致,2021-09-24-live-01,
2021-09-26,外地直播,https://tieba.baidu.com/p/7179137062,247,同日·内容待核,2021-09-26-live-01,
2021-09-27,外地直播,https://tieba.baidu.com/p/7179137062,248,同日·内容待核,2021-09-27-live-01,
2021-09-29,游戏：审判之眼：死神的遗言/ JUDGE EYES:Death's last words,https://tieba.baidu.com/p/7179137062,249,一致,2021-09-29-live-01,
2021-10-01,游戏：审判之眼：死神的遗言/ JUDGE EYES:Death's last words,https://tieba.baidu.com/p/7179137062,250,一致,2021-10-01-live-01,
2021-10-01,游戏：审判之眼：死神的遗言/ JUDGE EYES:Death's last words,https://tieba.baidu.com/p/7179137062,251,一致,2021-10-01-live-01,
2021-10-02,游戏：审判之眼：死神的遗言/ JUDGE EYES:Death's last words,https://tieba.baidu.com/p/7179137062,252,一致,2021-10-02-live-01,
2021-10-03,生日庆&心灵砒霜,https://tieba.baidu.com/p/7179137062,253,一致,2021-10-03-live-01,
2021-10-04,游戏：审判之眼：死神的遗言/ JUDGE EYES:Death's last words,https://tieba.baidu.com/p/7179137062,254,一致,2021-10-04-live-01,
2021-10-05,游戏：审判之眼：死神的遗言/ JUDGE EYES:Death's last words,https://tieba.baidu.com/p/7179137062,255,一致,2021-10-05-live-01,
2021-10-06,游戏：审判之眼：死神的遗言/ JUDGE EYES:Death's last words,https://tieba.baidu.com/p/7179137062,256,一致,2021-10-06-live-01,
2021-10-07,游戏：审判之眼：死神的遗言/ JUDGE EYES:Death's last words,https://tieba.baidu.com/p/7179137062,257,一致,2021-10-07-live-01,
2021-10-08,游戏：喋血复仇/ Back 4 Blood,https://tieba.baidu.com/p/7179137062,258,一致,2021-10-08-live-01,
2021-10-09,游戏：审判之眼：死神的遗言/ JUDGE EYES:Death's last words,https://tieba.baidu.com/p/7179137062,259,一致,2021-10-09-live-01,
2021-10-12,游戏：审判之眼：死神的遗言/ JUDGE EYES:Death's last words,https://tieba.baidu.com/p/7179137062,260,一致,2021-10-12-live-01,
2021-10-13,游戏：喋血复仇/ Back 4 Blood,https://tieba.baidu.com/p/7179137062,261,一致,2021-10-13-live-01,
2021-10-14,游戏：喋血复仇/ Back 4 Blood,https://tieba.baidu.com/p/7179137062,262,一致,2021-10-14-live-01,
2021-10-15,游戏：仙剑奇侠传七/ Chinese Paladin: Sword and Fairy 7,https://tieba.baidu.com/p/7179137062,263,一致,2021-10-15-live-01,
2021-10-15,游戏：互动派对,https://tieba.baidu.com/p/7179137062,264,一致,2021-10-15-live-01,
2021-10-16,游戏：仙剑奇侠传七/ Chinese Paladin: Sword and Fairy 7,https://tieba.baidu.com/p/7179137062,265,一致,2021-10-16-live-01,
2021-10-17,游戏：仙剑奇侠传七/ Chinese Paladin: Sword and Fairy 7 ; 心灵砒霜,https://tieba.baidu.com/p/7179137062,266,一致,2021-10-17-live-01 | 2021-10-17-live-02,
2021-10-18,游戏：仙剑奇侠传七/ Chinese Paladin: Sword and Fairy 7,https://tieba.baidu.com/p/7179137062,267,一致,2021-10-18-live-01,
2021-10-19,游戏：仙剑奇侠传七/ Chinese Paladin: Sword and Fairy 7,https://tieba.baidu.com/p/7179137062,268,一致,2021-10-19-live-01,
2021-10-20,游戏：仙剑奇侠传七/ Chinese Paladin: Sword and Fairy 7,https://tieba.baidu.com/p/7179137062,269,一致,2021-10-20-live-01,
2021-10-21,游戏：影子工厂/ Impostor Factory,https://tieba.baidu.com/p/7179137062,270,一致,2021-10-21-live-01,
2021-10-22,看日剧解说,https://tieba.baidu.com/p/7179137062,271,同日·内容待核,2021-10-22-live-02,
2021-10-23,看日剧解说,https://tieba.baidu.com/p/7179137062,272,同日·内容待核,2021-10-23-live-01,
2021-10-24,心灵砒霜,https://tieba.baidu.com/p/7179137062,273,一致,2021-10-24-live-01,
2021-10-25,游戏：雀魂,https://tieba.baidu.com/p/7179137062,274,一致,2021-10-25-live-01,
2021-10-27,游戏：墨影侠踪/ Mohism ; 文字游戏 ; 落日山丘/ Sunset Hills ; 洞窟探险2/ Spelunky2,https://tieba.baidu.com/p/7179137062,275,一致,2021-10-27-live-01,
2021-10-28,游戏：雀魂,https://tieba.baidu.com/p/7179137062,276,一致,2021-10-28-live-01,
2021-10-29,游戏：马里奥派对:超级巨星/ Mario Party：Superstars,https://tieba.baidu.com/p/7179137062,277,一致,2021-10-29-live-01,
2021-10-30,游戏：摄影冒险/ Toem,https://tieba.baidu.com/p/7179137062,278,一致,2021-10-30-live-01,
2021-10-31,心灵砒霜,https://tieba.baidu.com/p/7179137062,279,一致,2021-10-31-live-01,
2021-11-02,游戏：马里奥派对:超级巨星/ Mario Party：Superstars,https://tieba.baidu.com/p/7179137062,280,一致,2021-11-02-live-01,
2021-11-03,游戏：黑相集:稀望镇/ The Dark Pictures: House Of Ashes,https://tieba.baidu.com/p/7179137062,281,一致,2021-11-03-live-01,
2021-11-04,游戏：药剂工艺:炼金术士模拟器/ Potion Craft,https://tieba.baidu.com/p/7179137062,282,一致,2021-11-04-live-01,
2021-11-05,游戏：开箱/ Unpacking,https://tieba.baidu.com/p/7179137062,283,一致,2021-11-05-live-01,
2021-11-10,看采访看日剧解说 ; 游戏：让我们建一个动物园/ Let's Build a Zoo,https://tieba.baidu.com/p/7179137062,289,一致,2021-11-10-live-01,
2021-11-11,游戏：雀魂,https://tieba.baidu.com/p/7179137062,290,同日·内容待核,2021-11-11-live-01,
2021-11-12,游戏：恐鬼症/ Phasmophobia ; 游戏：艾尔登法环/ Elden Ring,https://tieba.baidu.com/p/7179137062,291,一致,2021-11-12-live-01,
2021-11-13,游戏：艾尔登法环/ Elden Ring ; 游戏：雀魂 ; 穿越火线:导火索/ Cross Fire High Definition：Campaign,https://tieba.baidu.com/p/7179137062,292,一致,2021-11-13-live-01,
2021-11-14,心灵砒霜 ; 游戏：艾尔登法环/ Elden Ring,https://tieba.baidu.com/p/7179137062,293,一致,2021-11-14-live-01,
2021-11-15,游戏：艾尔登法环/ Elden Ring ; 游戏：永劫无间/ Naraka:Bladepoint,https://tieba.baidu.com/p/7179137062,294,一致,2021-11-15-live-01,
2021-11-16,观看2021腾讯科学大会 ; YY歌会,https://tieba.baidu.com/p/7179137062,295,同日·内容待核,2021-11-16-live-01,
2021-11-17,游戏：笼中窥梦/ Moncage ; 游戏：ALFT4,https://tieba.baidu.com/p/7179137062,296,一致,2021-11-17-live-02,
2021-11-18,游戏：ALTF4,https://tieba.baidu.com/p/7179137062,297,一致,2021-11-18-live-01,
2021-11-19,游戏： 战地风云 2042/ Battlefield 2042,https://tieba.baidu.com/p/7179137062,298,一致,2021-11-19-live-01,
2021-11-21,心灵砒霜,https://tieba.baidu.com/p/7179137062,299,一致,2021-11-21-live-01,
2021-11-23,游戏：雀魂 ; 游戏：银河战士:生存恐惧/ Metroid Dread,https://tieba.baidu.com/p/7179137062,300,一致,2021-11-23-live-01,
2021-11-24,游戏：雀魂 ; 游戏：银河战士:生存恐惧/ Metroid Dread,https://tieba.baidu.com/p/7179137062,301,一致,2021-11-24-live-01,
2021-11-25,游戏：雀魂,https://tieba.baidu.com/p/7179137062,302,一致,2021-11-25-live-01,
2021-11-26,游戏：银河战士:生存恐惧/ Metroid Dread,https://tieba.baidu.com/p/7179137062,303,一致,2021-11-26-live-01,
2021-11-27,游戏：雀魂,https://tieba.baidu.com/p/7179137062,304,同日·内容待核,2021-11-27-live-01,
2021-11-28,心灵砒霜 ; 游戏：雀魂,https://tieba.baidu.com/p/7179137062,305,一致,2021-11-28-live-01 | 2021-11-28-live-02,
2021-11-29,游戏：雀魂,https://tieba.baidu.com/p/7179137062,306,同日·内容待核,2021-11-29-live-01,
2021-11-30,游戏：雀魂,https://tieba.baidu.com/p/7179137062,307,一致,2021-11-30-live-01,
2021-12-01,游戏：雀魂,https://tieba.baidu.com/p/7179137062,308,一致,2021-12-01-live-01,
2021-12-04,游戏：灵活脑学校：一起伸展大脑,https://tieba.baidu.com/p/7179137062,309,一致,2021-12-04-live-01,
2021-12-05,心灵砒霜,https://tieba.baidu.com/p/7179137062,310,一致,2021-12-05-live-01,
2021-12-06,游戏：灵活脑学校：一起伸展大脑,https://tieba.baidu.com/p/7179137062,311,一致,2021-12-06-live-01,
2021-12-07,游戏：Propnight,https://tieba.baidu.com/p/7179137062,312,一致,2021-12-07-live-01,
2021-12-08,游戏:伊卡洛斯Icarus,https://tieba.baidu.com/p/7179137062,313,一致,2021-12-08-live-01,
2021-12-09,游戏：雀魂 ; 游戏：伊卡洛斯Icarus,https://tieba.baidu.com/p/7179137062,314,一致,2021-12-09-live-01 | 2021-12-09-live-02,
2021-12-11,游戏： 橡皮强盗/ Rubber Bandits ; 游戏：Propnight,https://tieba.baidu.com/p/7179137062,315,一致,2021-12-11-live-01 | 2021-12-11-live-02,
2021-12-12,心灵砒霜,https://tieba.baidu.com/p/7179137062,316,一致,2021-12-12-live-01,
2021-12-13,游戏：黑客帝国：觉醒/ The Matrix Awakens ; 游戏：柯娜：精神之桥/ Kena:  Bridge of Spirits,https://tieba.baidu.com/p/7179137062,317,一致,2021-12-13-live-01,
2021-12-16,游戏：柯娜：精神之桥/ Kena:  Bridge of Spirits,https://tieba.baidu.com/p/7179137062,318,一致,2021-12-16-live-01,
2021-12-17,游戏：柯娜：精神之桥/ Kena:  Bridge of Spirits,https://tieba.baidu.com/p/7179137062,319,一致,2021-12-17-live-01,
2021-12-18,聊天,https://tieba.baidu.com/p/7179137062,320,一致,2021-12-18-live-01,
2021-12-19,心灵砒霜,https://tieba.baidu.com/p/7179137062,321,一致,2021-12-19-live-01,
2021-12-21,游戏：密室逃脱模拟器/ Escape Simulator,https://tieba.baidu.com/p/7179137062,322,一致,2021-12-21-live-01,
2021-12-22,游戏：雀魂,https://tieba.baidu.com/p/7179137062,323,一致,2021-12-22-live-01,
2021-12-23,游戏：密室逃脱模拟器/ Escape Simulator,https://tieba.baidu.com/p/7179137062,324,一致,2021-12-23-live-01,
2021-12-24,游戏：糖豆人：终极淘汰赛/ Fall Guys: Ultimate Knockout ; 游戏：层层恐惧/ Layers of Fear,https://tieba.baidu.com/p/7179137062,325,一致,2021-12-24-live-01 | 2021-12-24-live-02,
2021-12-25,游戏：小白兔电商/ Bunny e-Shop,https://tieba.baidu.com/p/7179137062,326,一致,2021-12-25-live-01,
2021-12-29,游戏：血源:诅咒/ Bloodborn,https://tieba.baidu.com/p/7179137062,327,一致,2021-12-29-live-01,
2021-12-30,游戏：血源:诅咒/ Bloodborn,https://tieba.baidu.com/p/7179137062,328,一致,2021-12-30-live-01,
2021-12-31,游戏：血源:诅咒/ Bloodborn,https://tieba.baidu.com/p/7179137062,329,一致,2021-12-31-live-01,
2022-01-01,游戏：血源:诅咒/ Bloodborn,https://tieba.baidu.com/p/7691737818,1,一致,2022-01-01-live-01,
2022-01-02,心灵砒霜,https://tieba.baidu.com/p/7691737818,2,一致,2022-01-02-live-01,
2022-01-03,游戏：血源:诅咒/ Bloodborn,https://tieba.baidu.com/p/7691737818,3,一致,2022-01-03-live-01,
2022-01-04,游戏：血源:诅咒/ Bloodborn,https://tieba.baidu.com/p/7691737818,4,一致,2022-01-04-live-01,
2022-01-05,游戏：血源:诅咒/ Bloodborn,https://tieba.baidu.com/p/7691737818,5,一致,2022-01-05-live-01,
2022-01-06,游戏：血源:诅咒/ Bloodborn,https://tieba.baidu.com/p/7691737818,6,一致,2022-01-06-live-01,
2022-01-07,游戏：血源:诅咒/ Bloodborn,https://tieba.baidu.com/p/7691737818,7,一致,2022-01-07-live-01,
2022-01-08,游戏：血源:诅咒/ Bloodborn,https://tieba.baidu.com/p/7691737818,8,一致,2022-01-08-live-01,
2022-01-09,心灵砒霜,https://tieba.baidu.com/p/7691737818,9,一致,2022-01-09-live-01,
2022-01-10,游戏：血源:诅咒/ Bloodborn,https://tieba.baidu.com/p/7691737818,10,一致,2022-01-10-live-01,
2022-01-13,游戏：战神4/ God of War,https://tieba.baidu.com/p/7691737818,11,一致,2022-01-13-live-01,
2022-01-14,游戏：战神4/ God of War,https://tieba.baidu.com/p/7691737818,12,一致,2022-01-14-live-01,
2022-01-15,游戏：战神4/ God of War,https://tieba.baidu.com/p/7691737818,13,一致,2022-01-15-live-01,
2022-01-16,心灵砒霜,https://tieba.baidu.com/p/7691737818,14,一致,2022-01-16-live-01,
2022-01-17,游戏：战神4/ God of War,https://tieba.baidu.com/p/7691737818,15,一致,2022-01-17-live-01,
2022-01-18,游戏：战神4/ God of War,https://tieba.baidu.com/p/7691737818,16,一致,2022-01-18-live-01,
2022-01-19,游戏：战神4/ God of War,https://tieba.baidu.com/p/7691737818,17,一致,2022-01-19-live-01,
2022-01-20,游戏：战神4/ God of War,https://tieba.baidu.com/p/7691737818,18,一致,2022-01-20-live-01,
2022-01-21,周年庆,https://tieba.baidu.com/p/7691737818,19,同日·内容待核,2022-01-21-live-01,
2022-01-22,游戏：暖雪/ Warm Snow,https://tieba.baidu.com/p/7691737818,20,一致,2022-01-22-live-01,
2022-01-23,戴森球计划采访+心灵砒霜,https://tieba.baidu.com/p/7691737818,21,一致,2022-01-23-live-01,
2022-01-24,游戏：暖雪/ Warm Snow,https://tieba.baidu.com/p/7691737818,22,一致,2022-01-24-live-01,
2022-01-25,游戏：文字游戏,https://tieba.baidu.com/p/7691737818,23,一致,2022-01-25-live-01,
2022-01-26,游戏：文字游戏,https://tieba.baidu.com/p/7691737818,24,一致,2022-01-26-live-01,
2022-01-28,游戏：宝可梦传说:阿尔宙斯/ Pokémon Legends: Arceus,https://tieba.baidu.com/p/7691737818,25,一致,2022-01-28-live-01,
2022-01-29,游戏：宝可梦传说:阿尔宙斯/ Pokémon Legends: Arceus,https://tieba.baidu.com/p/7691737818,26,一致,2022-01-29-live-01,
2022-01-30,游戏：宝可梦传说:阿尔宙斯/ Pokémon Legends: Arceus,https://tieba.baidu.com/p/7691737818,27,一致,2022-01-30-live-01,
2022-02-03,客厅直播,https://tieba.baidu.com/p/7691737818,28,一致,2022-02-03-live-01,
2022-02-04,游戏：消逝的光芒2：人与仁之战/ Dying Light 2:Stay Human,https://tieba.baidu.com/p/7691737818,29,一致,2022-02-04-live-01,
2022-02-05,游戏：消逝的光芒2：人与仁之战/ Dying Light 2:Stay Human,https://tieba.baidu.com/p/7691737818,30,一致,2022-02-05-live-01,
2022-02-06,游戏：消逝的光芒2：人与仁之战/ Dying Light 2:Stay Human,https://tieba.baidu.com/p/7691737818,31,一致,2022-02-06-live-01,
2022-02-07,游戏：消逝的光芒2：人与仁之战/ Dying Light 2:Stay Human,https://tieba.baidu.com/p/7691737818,32,一致,2022-02-07-live-01,
2022-02-08,游戏：消逝的光芒2：人与仁之战/ Dying Light 2:Stay Human,https://tieba.baidu.com/p/7691737818,33,一致,2022-02-08-live-01,
2022-02-09,游戏：师父/ Sifu,https://tieba.baidu.com/p/7691737818,34,一致,2022-02-09-live-01,
2022-02-10,游戏：师父/ Sifu,https://tieba.baidu.com/p/7691737818,35,一致,2022-02-10-live-01,
2022-02-11,游戏：师父/ Sifu,https://tieba.baidu.com/p/7691737818,36,一致,2022-02-11-live-01,
2022-02-13,游戏：消逝的光芒2：人与仁之战/ Dying Light 2:Stay Human,https://tieba.baidu.com/p/7691737818,37,一致,2022-02-13-live-01,
2022-02-14,"世嘉游戏：龙之弹珠台-革命版(美欧)Dragon's Revenge (USA, Europe) ; 世嘉-小蛋大冒险/ Fantastic Dizzy",https://tieba.baidu.com/p/7691737818,38,一致,2022-02-14-live-01,
2022-02-16,游戏：部落幸存者/ Settlement Survival,https://tieba.baidu.com/p/7691737818,39,一致,2022-02-16-live-01,
2022-02-17,游戏：归家异途2/ Home Behind 2 ; 吸血鬼幸存者/ Vampire Survivors,https://tieba.baidu.com/p/7691737818,40,一致,2022-02-17-live-01 | 2022-02-17-live-02,
2022-02-18,游戏：地平线:西之绝境/ Horizon Forbidden West,https://tieba.baidu.com/p/7691737818,41,一致,2022-02-18-live-01,
2022-02-19,游戏：地平线:西之绝境/ Horizon Forbidden West,https://tieba.baidu.com/p/7691737818,42,一致,2022-02-19-live-01,
2022-02-20,游戏：地平线:西之绝境/ Horizon Forbidden West,https://tieba.baidu.com/p/7691737818,43,一致,2022-02-20-live-01,
2022-02-21,游戏：地平线:西之绝境/ Horizon Forbidden West,https://tieba.baidu.com/p/7691737818,44,一致,2022-02-21-live-01,
2022-02-22,游戏：地平线:西之绝境/ Horizon Forbidden West,https://tieba.baidu.com/p/7691737818,45,一致,2022-02-22-live-01,
2022-02-23,游戏：地平线:西之绝境/ Horizon Forbidden West,https://tieba.baidu.com/p/7691737818,46,一致,2022-02-23-live-01,
2022-02-25,游戏：艾尔登法环/ BElden Ring,https://tieba.baidu.com/p/7691737818,47,一致,2022-02-25-live-01,
2022-02-26,游戏：艾尔登法环/ BElden Ring,https://tieba.baidu.com/p/7691737818,48,一致,2022-02-26-live-01,
2022-02-27,游戏：艾尔登法环/ BElden Ring,https://tieba.baidu.com/p/7691737818,50,一致,2022-02-27-live-01,
2022-02-28,游戏：艾尔登法环/ BElden Ring,https://tieba.baidu.com/p/7691737818,51,一致,2022-02-28-live-01,
2022-03-01,游戏：艾尔登法环/ BElden Ring,https://tieba.baidu.com/p/7691737818,52,一致,2022-03-01-live-01,
2022-03-02,游戏：艾尔登法环/ BElden Ring,https://tieba.baidu.com/p/7691737818,53,一致,2022-03-02-live-01,
2022-03-03,游戏：艾尔登法环/ BElden Ring,https://tieba.baidu.com/p/7691737818,54,一致,2022-03-03-live-01,
2022-03-04,游戏：艾尔登法环/ BElden Ring,https://tieba.baidu.com/p/7691737818,55,一致,2022-03-04-live-01,
2022-03-05,游戏：艾尔登法环/ BElden Ring,https://tieba.baidu.com/p/7691737818,56,一致,2022-03-05-live-01,
2022-03-06,游戏：艾尔登法环/ BElden Ring,https://tieba.baidu.com/p/7691737818,57,一致,2022-03-06-live-01,
2022-03-07,游戏：艾尔登法环/ BElden Ring,https://tieba.baidu.com/p/7691737818,58,一致,2022-03-07-live-01,
2022-03-08,游戏：艾尔登法环/ BElden Ring,https://tieba.baidu.com/p/7691737818,59,一致,2022-03-08-live-01,
2022-03-09,游戏：艾尔登法环/ BElden Ring,https://tieba.baidu.com/p/7691737818,60,一致,2022-03-09-live-01,
2022-03-10,游戏：艾尔登法环/ BElden Ring 二周目法师,https://tieba.baidu.com/p/7691737818,61,一致,2022-03-10-live-01,
2022-03-11,游戏：艾尔登法环/ BElden Ring,https://tieba.baidu.com/p/7691737818,62,一致,2022-03-11-live-01,
2022-03-15,完美的一天/ A Perfect Day,https://tieba.baidu.com/p/7691737818,63,一致,2022-03-15-live-01,
2022-03-16,完美的一天/ A Perfect Day,https://tieba.baidu.com/p/7691737818,64,一致,2022-03-16-live-01,
2022-03-17,完美的一天/ A Perfect Day,https://tieba.baidu.com/p/7691737818,65,一致,2022-03-17-live-01,
2022-03-18,完美的一天/ A Perfect Day,https://tieba.baidu.com/p/7691737818,66,一致,2022-03-18-live-01,
2022-03-25,游戏：星之卡比：探索发现/ Kirby and the Forgotten Land,https://tieba.baidu.com/p/7691737818,67,一致,2022-03-25-live-01,
2022-03-26,游戏：星之卡比：探索发现/ Kirby and the Forgotten Land,https://tieba.baidu.com/p/7691737818,68,一致,2022-03-26-live-01,
2022-03-27,游戏：星之卡比：探索发现/ Kirby and the Forgotten Land,https://tieba.baidu.com/p/7691737818,69,一致,2022-03-27-live-01,
2022-03-28,游戏：星之卡比：探索发现/ Kirby and the Forgotten Land,https://tieba.baidu.com/p/7691737818,70,一致,2022-03-28-live-01,
2022-03-29,游戏：星之卡比：探索发现/ Kirby and the Forgotten Land,https://tieba.baidu.com/p/7691737818,71,一致,2022-03-29-live-01,
2022-04-01,游戏：三伏/SANFU,https://tieba.baidu.com/p/7691737818,72,一致,2022-04-01-live-01,
2022-04-02,游戏：星际拓荒:眼之回响/ Outer Wilds:Echoes of the Eye,https://tieba.baidu.com/p/7691737818,73,一致,2022-04-02-live-01,
2022-04-03,聊天,https://tieba.baidu.com/p/7691737818,74,一致,2022-04-03-live-01,
2022-04-04,游戏：星际拓荒:眼之回响/ Outer Wilds:Echoes of the Eye,https://tieba.baidu.com/p/7691737818,75,一致,2022-04-04-live-01,
2022-04-05,游戏：星际拓荒:眼之回响/ Outer Wilds:Echoes of the Eye,https://tieba.baidu.com/p/7691737818,76,一致,2022-04-05-live-01,
2022-04-06,游戏：星际拓荒:眼之回响/ Outer Wilds:Echoes of the Eye,https://tieba.baidu.com/p/7691737818,77,一致,2022-04-06-live-01,
2022-04-07,游戏：星际拓荒:眼之回响/ Outer Wilds:Echoes of the Eye,https://tieba.baidu.com/p/7691737818,78,一致,2022-04-07-live-01,
2022-04-08,游戏：星际拓荒:眼之回响/ Outer Wilds:Echoes of the Eye,https://tieba.baidu.com/p/7691737818,79,同日·内容待核,2022-04-08-live-01,
2022-04-09,游戏：星际拓荒:眼之回响/ Outer Wilds:Echoes of the Eye ; 游戏：吸血鬼幸存者/ Vampire Survivors,https://tieba.baidu.com/p/7691737818,80,一致,2022-04-09-live-01,
2022-04-10,聊天,https://tieba.baidu.com/p/7691737818,81,一致,2022-04-10-live-01,
2022-04-11,游戏：地心守护者/ Core Keeper,https://tieba.baidu.com/p/7691737818,82,一致,2022-04-11-live-01,
2022-04-12,游戏：吸血鬼幸存者/ Vampire Survivors,https://tieba.baidu.com/p/7691737818,83,一致,2022-04-12-live-01,
2022-04-13,游戏：吸血鬼幸存者/ Vampire Survivors,https://tieba.baidu.com/p/7691737818,84,一致,2022-04-13-live-01,
2022-04-14,游戏：RPG时间！光之传说/ RPG Time: The Legend of Wright,https://tieba.baidu.com/p/7691737818,85,一致,2022-04-14-live-01,
2022-04-15,游戏：RPG时间！光之传说/ RPG Time: The Legend of Wright,https://tieba.baidu.com/p/7691737818,86,一致,2022-04-15-live-01,
2022-04-16,游戏：永劫无间/ Naraka:Bladepoint ; 游戏：太荒初境/ Cultivation Tales,https://tieba.baidu.com/p/7691737818,87,一致,2022-04-16-live-01,
2022-04-17,心灵砒霜,https://tieba.baidu.com/p/7691737818,88,一致,2022-04-17-live-01,
2022-04-18,游戏：霓虹深渊/ Neon Abyss,https://tieba.baidu.com/p/7691737818,89,一致,2022-04-18-live-01,
2022-04-19,游戏：高尔夫大乱斗/ Golf Gang ; 游戏：霓虹深渊/ Neon Abyss,https://tieba.baidu.com/p/7691737818,91,一致,2022-04-19-live-01 | 2022-04-19-live-02,
2022-04-20,游戏：退休模拟器/ Retirement simulator,https://tieba.baidu.com/p/7691737818,92,一致,2022-04-20-live-01,
2022-04-21,游戏：退休模拟器/ Retirement simulator,https://tieba.baidu.com/p/7691737818,93,一致,2022-04-21-live-01,
2022-04-22,游戏：退休模拟器/ Retirement simulator ; 游戏：霓虹深渊/ Neon Abyss,https://tieba.baidu.com/p/7691737818,94,一致,2022-04-22-live-01 | 2022-04-22-live-02,
2022-04-24,心灵砒霜,https://tieba.baidu.com/p/7691737818,95,一致,2022-04-24-live-01,
2022-04-26,游戏：哥布林弹球/ Peglin,https://tieba.baidu.com/p/7691737818,96,一致,2022-04-26-live-01,
2022-04-27,游戏：雀魂 ; 游戏：哥布林弹球/ Peglin,https://tieba.baidu.com/p/7691737818,97,一致,2022-04-27-live-01 | 2022-04-27-live-02,
2022-04-28,游戏：一方灵田,https://tieba.baidu.com/p/7691737818,98,一致,2022-04-28-live-01,
2022-04-29,游戏：一方灵田,https://tieba.baidu.com/p/7691737818,99,一致,2022-04-29-live-01,
2022-04-30,做手工,https://tieba.baidu.com/p/7691737818,100,一致,2022-04-30-live-01,
2022-05-01,心灵砒霜,https://tieba.baidu.com/p/7691737818,101,一致,2022-05-01-live-01,
2022-05-02,游戏：健身拳击2/ Fitness Boxing 2,https://tieba.baidu.com/p/7691737818,102,一致,2022-05-02-live-01,
2022-05-03,游戏：筑梦颂/ Dorfromantik ; 游戏：一方灵田,https://tieba.baidu.com/p/7691737818,103,一致,2022-05-03-live-01,
2022-05-04,游戏：蜡笔小新 我与博士的暑假～没有终点的七日之旅～/ クレヨンしんちゃん『オラと博士の夏休み』〜おわらない七日間の旅〜,https://tieba.baidu.com/p/7691737818,104,一致,2022-05-04-live-01,
2022-05-05,游戏：纸嫁衣 ; 游戏：蜡笔小新 我与博士的暑假～没有终点的七日之旅～ ; 游戏：一方灵田,https://tieba.baidu.com/p/7691737818,105,一致,2022-05-05-live-01 | 2022-05-05-live-02,
2022-05-06,恐龙化石猎人/ Dinosaur Fossil Hunter,https://tieba.baidu.com/p/7691737818,106,一致,2022-05-06-live-01,
2022-05-07,游戏：神都不良探/ Underdog Detective,https://tieba.baidu.com/p/7691737818,107,一致,2022-05-07-live-01,
2022-05-08,心灵砒霜,https://tieba.baidu.com/p/7691737818,108,一致,2022-05-08-live-01,
2022-05-09,做手工直播,https://tieba.baidu.com/p/7691737818,109,一致,2022-05-09-live-01,
2022-05-10,盐与献祭/ Salt and Sacrifice,https://tieba.baidu.com/p/7691737818,110,一致,2022-05-10-live-02,
2022-05-11,游戏：盐与献祭/ Salt and Sacrifice,https://tieba.baidu.com/p/7691737818,111,一致,2022-05-11-live-01,
2022-05-12,游戏：盐与献祭/ Salt and Sacrifice,https://tieba.baidu.com/p/7691737818,112,一致,2022-05-12-live-01,
2022-05-13,游戏：我们永远在这里/ We Were Here Forever,https://tieba.baidu.com/p/7691737818,113,一致,2022-05-13-live-01,
2022-05-14,游戏：我们永远在这里/ We Were Here Forever,https://tieba.baidu.com/p/7691737818,114,一致,2022-05-14-live-01,
2022-05-15,心灵砒霜,https://tieba.baidu.com/p/7691737818,115,一致,2022-05-15-live-01,
2022-05-16,游戏：牧场模拟器/ Ranch Simulator,https://tieba.baidu.com/p/7691737818,116,一致,2022-05-16-live-01,
2022-05-17,游戏：牧场模拟器/ Ranch Simulator,https://tieba.baidu.com/p/7691737818,117,一致,2022-05-17-live-01,
2022-05-18,游戏：牧场模拟器/ Ranch Simulator,https://tieba.baidu.com/p/7691737818,118,一致,2022-05-18-live-01,
2022-05-20,游戏：吸血鬼崛起/ V Rising,https://tieba.baidu.com/p/7691737818,119,一致,2022-05-20-live-01,
2022-05-21,聊天,https://tieba.baidu.com/p/7691737818,120,一致,2022-05-21-live-01,
2022-05-22,心灵砒霜,https://tieba.baidu.com/p/7691737818,121,一致,2022-05-22-live-01,
2022-05-23,魔物猎人：崛起/ Monster Hunter:RISE （Steam）,https://tieba.baidu.com/p/7691737818,122,一致,2022-05-23-live-01,
2022-05-24,魔物猎人：崛起/ Monster Hunter:RISE （Steam）,https://tieba.baidu.com/p/7691737818,123,一致,2022-05-24-live-01,
2022-05-25,游戏：10 Minutes Till Dawn ; 游戏：沙石镇时光/ My Time at Sandrock,https://tieba.baidu.com/p/7691737818,124,一致,2022-05-25-live-01 | 2022-05-25-live-02,
2022-05-26,游戏：沙石镇时光/ My Time at Sandrock,https://tieba.baidu.com/p/7691737818,125,一致,2022-05-26-live-01,
2022-05-27,游戏：沙石镇时光/ My Time at Sandrock,https://tieba.baidu.com/p/7691737818,126,一致,2022-05-27-live-01,
2022-05-28,游戏：沙石镇时光/ My Time at Sandrock,https://tieba.baidu.com/p/7691737818,127,一致,2022-05-28-live-01,
2022-05-29,心灵砒霜,https://tieba.baidu.com/p/7691737818,128,一致,2022-05-29-live-01,
2022-05-30,看视频聊天,https://tieba.baidu.com/p/7691737818,129,同日·内容待核,2022-05-30-live-01,
2022-05-31,游戏：身陷地狱:与你的朋友一起愤怒/ Hellstuck: Rage With Your Friends,https://tieba.baidu.com/p/7691737818,130,一致,2022-05-31-live-01,
2022-06-01,游戏：身陷地狱:与你的朋友一起愤怒/ Hellstuck: Rage With Your Friends,https://tieba.baidu.com/p/7691737818,131,一致,2022-06-01-live-01,
2022-06-02,游戏：战匠杜沃/ Dwerve,https://tieba.baidu.com/p/7691737818,132,一致,2022-06-02-live-01,
2022-06-03,看视频聊天,https://tieba.baidu.com/p/7691737818,133,同日·内容待核,2022-06-03-live-01,
2022-06-04,游戏：钓鱼天堂/ Fishing Paradiso,https://tieba.baidu.com/p/7691737818,134,一致,2022-06-04-live-01,
2022-06-05,心灵砒霜,https://tieba.baidu.com/p/7691737818,135,一致,2022-06-05-live-01,
2022-06-06,画六大赛,https://tieba.baidu.com/p/7691737818,136,一致,2022-06-06-live-01,
2022-06-07,游戏：钓鱼天堂/ Fishing Paradiso,https://tieba.baidu.com/p/7691737818,138,一致,2022-06-07-live-01,
2022-06-08,游戏：Necesse,https://tieba.baidu.com/p/7691737818,139,一致,2022-06-08-live-01,
2022-06-09,看视频聊天,https://tieba.baidu.com/p/7691737818,140,同日·内容待核,2022-06-09-live-01,
2022-06-10,游戏：采石场惊魂/ The Quarry,https://tieba.baidu.com/p/7691737818,141,一致,2022-06-10-live-01,
2022-06-11,游戏：采石场惊魂/ The Quarry,https://tieba.baidu.com/p/7691737818,142,一致,2022-06-11-live-01,
2022-06-12,心灵砒霜,https://tieba.baidu.com/p/7691737818,143,一致,2022-06-12-live-01,
2022-06-13,游戏：Necesse ; 游戏：重返帝国,https://tieba.baidu.com/p/7691737818,145,一致,2022-06-13-live-01,
2022-06-16,唱歌,https://tieba.baidu.com/p/7691737818,146,一致,2022-06-16-live-01,
2022-06-17,游戏：忍者神龟：施莱德的复仇/ Teenage Mutant Ninja Turtles: Shredder's Revenge,https://tieba.baidu.com/p/7691737818,147,一致,2022-06-17-live-01 | 2022-06-17-live-02,
2022-06-18,游戏：暖雪/ Warm Snow,https://tieba.baidu.com/p/7691737818,148,一致,2022-06-18-live-01,
2022-06-19,心灵砒霜,https://tieba.baidu.com/p/7691737818,149,一致,2022-06-19-live-01,
2022-06-20,游戏：暖雪/ Warm Snow,https://tieba.baidu.com/p/7691737818,150,一致,2022-06-20-live-01,
2022-06-21,游戏：暖雪/ Warm Snow,https://tieba.baidu.com/p/7691737818,151,一致,2022-06-21-live-01,
2022-06-22,游戏：暖雪/ Warm Snow,https://tieba.baidu.com/p/7691737818,152,一致,2022-06-22-live-01 | 2022-06-22-live-02,
2022-06-24,游戏：糖豆人：终极淘汰赛/ Fall Guys: Ultimate Knockout,https://tieba.baidu.com/p/7691737818,153,一致,2022-06-24-live-01,
2022-06-25,游戏：糖豆人：终极淘汰赛/ Fall Guys: Ultimate Knockout,https://tieba.baidu.com/p/7691737818,154,一致,2022-06-25-live-01,
2022-06-26,心灵砒霜,https://tieba.baidu.com/p/7691737818,155,一致,2022-06-26-live-01,
2022-06-27,游戏：Neon White ; 游戏：糖豆人：终极淘汰赛/ Fall Guys: Ultimate Knockout,https://tieba.baidu.com/p/7691737818,156,一致,2022-06-27-live-01,
2022-06-28,游戏：船长漂流记/ Raft,https://tieba.baidu.com/p/7691737818,157,一致,2022-06-28-live-01,
2022-06-29,游戏：糖豆人：终极淘汰赛/ Fall Guys: Ultimate Knockout ; 游戏：船长漂流记/ Raft,https://tieba.baidu.com/p/7691737818,158,一致,2022-06-29-live-01 | 2022-06-29-live-02,
2022-06-30,游戏：怪物猎人崛起：曙光/ MonsterHunter Rise：Sunbreak,https://tieba.baidu.com/p/7691737818,159,一致,2022-06-30-live-01,
2022-07-01,游戏：怪物猎人崛起：曙光/ MonsterHunter Rise：Sunbreak ; 游戏：糖豆人：终极淘汰赛/ Fall Guys: Ultimate Knockout,https://tieba.baidu.com/p/7691737818,160,一致,2022-07-01-live-01 | 2022-07-01-live-02,
2022-07-02,游戏：茶杯头资料片-最后一道美味/ Cuphead DLC-The Delicious Last Course,https://tieba.baidu.com/p/7691737818,161,一致,2022-07-02-live-01,
2022-07-03,心灵砒霜,https://tieba.baidu.com/p/7691737818,162,一致,2022-07-03-live-01,
2022-07-04,看视频聊天,https://tieba.baidu.com/p/7691737818,163,同日·内容待核,2022-07-04-live-01,
2022-07-05,游戏：船长漂流记/ Raft,https://tieba.baidu.com/p/7691737818,164,一致,2022-07-05-live-01,
2022-07-06,游戏：船长漂流记/ Raft ; 糖豆人：终极淘汰赛/ Fall Guys: Ultimate Knockout,https://tieba.baidu.com/p/7691737818,165,一致,2022-07-06-live-01 | 2022-07-06-live-02,
2022-07-07,游戏：一起来玩吧！/ Oink Games ; 游戏：糖豆人：终极淘汰赛/ Fall Guys: Ultimate Knockout,https://tieba.baidu.com/p/7691737818,166,一致,2022-07-07-live-01 | 2022-07-07-live-02,
2022-07-08,游戏：仙剑客栈2,https://tieba.baidu.com/p/7691737818,167,一致,2022-07-08-live-01,
2022-07-09,钓鱼,https://tieba.baidu.com/p/7691737818,168,同日·内容待核,2022-07-09-live-01 | 2022-07-09-live-02 | 2022-07-09-live-03,
2022-07-10,游戏：仙剑客栈2,https://tieba.baidu.com/p/7691737818,169,一致,2022-07-10-live-01,
2022-07-14,回顾出游聊天,https://tieba.baidu.com/p/7691737818,170,一致,2022-07-14-live-01,
2022-07-15,游戏：仙剑客栈2 ; 游戏：一起来玩吧！/ Oink Games,https://tieba.baidu.com/p/7691737818,171,一致,2022-07-15-live-01,
2022-07-16,游戏：Dinkum,https://tieba.baidu.com/p/7691737818,172,一致,2022-07-16-live-01,
2022-07-17,心灵砒霜,https://tieba.baidu.com/p/7691737818,173,一致,2022-07-17-live-01,
2022-07-18,游戏：Dinkum,https://tieba.baidu.com/p/7691737818,174,一致,2022-07-18-live-01,
2022-07-18,游戏：流浪/ Stray,https://tieba.baidu.com/p/7691737818,175,一致,2022-07-18-live-01,
2022-07-19,游戏：流浪/ Stray ; 游戏：糖豆人：终极淘汰赛/ Fall Guys: Ultimate Knockout,https://tieba.baidu.com/p/7691737818,176,一致,2022-07-19-live-01,
2022-07-21,游戏：糖豆人：终极淘汰赛/ Fall Guys: Ultimate Knockout,https://tieba.baidu.com/p/7691737818,177,一致,2022-07-21-live-01,
2022-07-22,游戏：时空勇士/ Live A Live,https://tieba.baidu.com/p/7691737818,178,一致,2022-07-22-live-01,
2022-07-23,游戏：时空勇士/ Live A Live,https://tieba.baidu.com/p/7691737818,179,一致,2022-07-23-live-01,
2022-07-24,心灵砒霜,https://tieba.baidu.com/p/7691737818,180,一致,2022-07-24-live-01,
2022-07-25,游戏：时空勇士/ Live A Live,https://tieba.baidu.com/p/7691737818,181,一致,2022-07-25-live-01,
2022-07-26,游戏：时空勇士/ Live A Live,https://tieba.baidu.com/p/7691737818,182,一致,2022-07-26-live-01,
2022-07-27,游戏：糖豆人：终极淘汰赛/ Fall Guys: Ultimate Knockout,https://tieba.baidu.com/p/7691737818,183,一致,2022-07-27-live-01 | 2022-07-27-live-02,
2022-07-28,游戏：糖豆人：终极淘汰赛/ Fall Guys: Ultimate Knockout,https://tieba.baidu.com/p/7691737818,184,一致,2022-07-28-live-01,
2022-07-30,游戏：深入后室/ Inside the Backrooms,https://tieba.baidu.com/p/7691737818,185,一致,2022-07-30-live-01 | 2022-07-30-live-02,
2022-07-31,心灵砒霜,https://tieba.baidu.com/p/7691737818,186,一致,2022-07-31-live-01,
2022-08-01,游戏：深入后室/ Inside the Backrooms,https://tieba.baidu.com/p/7691737818,189,一致,2022-08-01-live-01,
2022-08-02,游戏：熊与早餐/ Bear and Breakfast,https://tieba.baidu.com/p/7691737818,190,一致,2022-08-02-live-01,
2022-08-03,聊天,https://tieba.baidu.com/p/7691737818,191,一致,2022-08-03-live-01,
2022-08-04,游戏：糖豆人：终极淘汰赛/ Fall Guys: Ultimate Knockout,https://tieba.baidu.com/p/7691737818,192,一致,2022-08-04-live-01,
2022-08-05,游戏：熊与早餐/ Bear and Breakfast,https://tieba.baidu.com/p/7691737818,193,一致,2022-08-05-live-01,
2022-08-07,心灵砒霜,https://tieba.baidu.com/p/7691737818,194,一致,2022-08-07-live-01,
2022-08-08,游戏：熊与早餐/ Bear and Breakfast,https://tieba.baidu.com/p/7691737818,195,一致,2022-08-08-live-01,
2022-08-09,游戏：咩咩启示录/ Cult Of The Lamb ; 游戏：糖豆人：终极淘汰赛/ Fall Guys: Ultimate Knockout ; 游戏：双点校园/ Two Point Campus,https://tieba.baidu.com/p/7691737818,196,一致,2022-08-09-live-01 | 2022-08-09-live-02,
2022-08-10,游戏：雀魂,https://tieba.baidu.com/p/7691737818,197,一致,2022-08-10-live-01,
2022-08-11,游戏：咩咩启示录/ Cult Of The Lamb,https://tieba.baidu.com/p/7691737818,198,一致,2022-08-11-live-01,
2022-08-12,游戏：咩咩启示录/ Cult Of The Lamb,https://tieba.baidu.com/p/7691737818,199,一致,2022-08-12-live-01,
2022-08-13,游戏：咩咩启示录/ Cult Of The Lamb ; 梦幻西游ONLINE,https://tieba.baidu.com/p/7691737818,200,一致,2022-08-13-live-01,
2022-08-14,心灵砒霜,https://tieba.baidu.com/p/7691737818,201,一致,2022-08-14-live-01,
2022-08-15,游戏：咩咩启示录/ Cult Of The Lamb,https://tieba.baidu.com/p/7691737818,202,一致,2022-08-15-live-01,
2022-08-17,游戏：Lost in Play/ 迷失乐园,https://tieba.baidu.com/p/7691737818,203,一致,2022-08-17-live-01,
2022-08-18,游戏：忍者之印/ Mark of the Ninja,https://tieba.baidu.com/p/7691737818,204,一致,2022-08-18-live-01,
2022-08-19,游戏：摔跤城大乱斗/ Rumbleverse,https://tieba.baidu.com/p/7691737818,205,一致,2022-08-19-live-01,
2022-08-20,游戏：诅咒高尔夫/ Cursed to Golf ; 游戏：记忆边境/ Thymesia,https://tieba.baidu.com/p/7691737818,206,一致,2022-08-20-live-01,
2022-08-21,心灵砒霜,https://tieba.baidu.com/p/7691737818,207,一致,2022-08-21-live-01,
2022-08-22,记忆边境/ Thymesia,https://tieba.baidu.com/p/7691737818,208,一致,2022-08-22-live-01,
2022-08-23,游戏：港诡实录/ Paranormal HK,https://tieba.baidu.com/p/7691737818,209,一致,2022-08-23-live-01,
2022-08-24,游戏：达芬奇之屋/ The House of Da Vinci,https://tieba.baidu.com/p/7691737818,210,一致,2022-08-24-live-01,
2022-08-25,游戏：达芬奇之屋/ The House of Da Vinci ; 游戏：勇敢的哈克/ HAAK,https://tieba.baidu.com/p/7691737818,211,一致,2022-08-25-live-01,
2022-08-26,游戏：谁是内鬼/ Among US,https://tieba.baidu.com/p/7691737818,212,一致,2022-08-26-live-01,
2022-08-27,看视频聊天,https://tieba.baidu.com/p/7691737818,213,同日·内容待核,2022-08-27-live-01,
2022-08-28,心灵砒霜,https://tieba.baidu.com/p/7691737818,214,一致,2022-08-28-live-01,
2022-09-01,游戏：太阳港湾/ Sun Haven,https://tieba.baidu.com/p/7691737818,215,一致,2022-09-01-live-01,
2022-09-02,游戏：太阳港湾/ Sun Haven,https://tieba.baidu.com/p/7691737818,216,一致,2022-09-02-live-01,
2022-09-03,女鬼桥：开魂路/ The Bridge Curse Road to Salvation,https://tieba.baidu.com/p/7691737818,217,一致,2022-09-03-live-01,
2022-09-04,心灵砒霜,https://tieba.baidu.com/p/7691737818,218,一致,2022-09-04-live-01,
2022-09-05,游戏：糖豆人：终极淘汰赛/ Fall Guys: Ultimate Knockout,https://tieba.baidu.com/p/7691737818,220,一致,2022-09-05-live-01,
2022-09-06,游戏：达芬奇之屋2/ The House of Da Vinci II,https://tieba.baidu.com/p/7691737818,221,一致,2022-09-06-live-01,
2022-09-08,游戏：林中小女巫/ Little Witch in the Woods,https://tieba.baidu.com/p/7691737818,222,一致,2022-09-08-live-01,
2022-09-09,聊天,https://tieba.baidu.com/p/7691737818,223,一致,2022-09-09-live-01,
2022-09-10,游戏：修仙故事：轮回/Cultivation Story： Reincarnation,https://tieba.baidu.com/p/7691737818,224,一致,2022-09-10-live-01,
2022-09-12,游戏：修仙故事：轮回/Cultivation Story： Reincarnation,https://tieba.baidu.com/p/7691737818,225,一致,2022-09-12-live-01,
2022-09-13,游戏：流浪村庄/ The Wandering Village,https://tieba.baidu.com/p/7691737818,226,一致,2022-09-13-live-01,
2022-09-14,游戏：糖豆人：终极淘汰赛/ Fall Guys: Ultimate Knockout,https://tieba.baidu.com/p/7691737818,227,一致,2022-09-14-live-01,
2022-09-15,游戏：脑航员2/ Psychonauts 2,https://tieba.baidu.com/p/7691737818,228,一致,2022-09-15-live-01,
2022-09-16,游戏：脑航员2/ Psychonauts 2,https://tieba.baidu.com/p/7691737818,229,一致,2022-09-16-live-01,
2022-09-17,心灵砒霜,https://tieba.baidu.com/p/7691737818,230,一致,2022-09-17-live-01,
2022-09-20,游戏：脑航员2/ Psychonauts 2,https://tieba.baidu.com/p/7691737818,231,一致,2022-09-20-live-01,
2022-09-21,游戏：脑航员2/ Psychonauts 2 ; 游戏：糖豆人：终极淘汰赛/ Fall Guys: Ultimate Knockout,https://tieba.baidu.com/p/7691737818,232,一致,2022-09-21-live-01 | 2022-09-21-live-02,
2022-09-22,游戏：卧龙：苍天陨落/ 英语：Wo Long: Fallen Dynasty,https://tieba.baidu.com/p/7691737818,233,一致,2022-09-22-live-01,
2022-09-23,游戏：糖豆人：终极淘汰赛/ Fall Guys: Ultimate Knockout,https://tieba.baidu.com/p/7691737818,234,一致,2022-09-23-live-01,
2022-09-24,游戏：糖豆人：终极淘汰赛/ Fall Guys: Ultimate Knockout,https://tieba.baidu.com/p/7691737818,235,一致,2022-09-24-live-01,
2022-09-25,心灵砒霜,https://tieba.baidu.com/p/7691737818,236,一致,2022-09-25-live-01,
2022-09-26,游戏：糖豆人：终极淘汰赛/ Fall Guys: Ultimate Knockout ; 游戏：史莱姆牧场2/ Slime Rancher 2,https://tieba.baidu.com/p/7691737818,237,一致,2022-09-26-live-01 | 2022-09-26-live-02,
2022-09-27,游戏：史莱姆牧场2/ Slime Rancher 2,https://tieba.baidu.com/p/7691737818,238,一致,2022-09-27-live-01,
2022-09-28,游戏：穹顶守护者/ Dome Keeper,https://tieba.baidu.com/p/7691737818,239,一致,2022-09-28-live-01,
2022-09-29,游戏：土豆兄弟/ Brotato ; 游戏：暗黑破坏神：不朽/ Diablo: Immortal,https://tieba.baidu.com/p/7691737818,240,一致,2022-09-29-live-01 | 2022-09-29-live-02,
2022-10-01,游戏：土豆兄弟/ Brotato,https://tieba.baidu.com/p/7691737818,241,一致,2022-10-01-live-01,
2022-10-02,心灵砒霜,https://tieba.baidu.com/p/7691737818,242,一致,2022-10-02-live-01,
2022-10-03,游戏：土豆兄弟/ Brotato,https://tieba.baidu.com/p/7691737818,243,一致,2022-10-03-live-01,
2022-10-04,游戏：土豆兄弟/ Brotato,https://tieba.baidu.com/p/7691737818,244,一致,2022-10-04-live-01,
2022-10-05,游戏：土豆兄弟/ Brotato,https://tieba.baidu.com/p/7691737818,245,一致,2022-10-05-live-01,
2022-10-06,游戏：土豆兄弟/ Brotato,https://tieba.baidu.com/p/7691737818,246,一致,2022-10-06-live-01,
2022-10-07,游戏：土豆兄弟/ Brotato,https://tieba.baidu.com/p/7691737818,247,一致,2022-10-07-live-01,
2022-10-08,游戏：长号冠军/ Trombone Champ ; 游戏：土豆兄弟/ Brotato,https://tieba.baidu.com/p/7691737818,248,一致,2022-10-08-live-01,
2022-10-09,游戏：长号冠军/ Trombone Champ ; 游戏：土豆兄弟/ Brotato,https://tieba.baidu.com/p/7691737818,249,一致,2022-10-09-live-01,
2022-10-10,游戏：土豆兄弟/ Brotato,https://tieba.baidu.com/p/7691737818,250,一致,2022-10-10-live-01,
2022-10-11,游戏：土豆兄弟/ Brotato,https://tieba.baidu.com/p/7691737818,251,一致,2022-10-11-live-01,
2022-10-12,游戏：珊瑚岛/ Coral Island,https://tieba.baidu.com/p/7691737818,252,一致,2022-10-12-live-01,
2022-10-13,游戏：珊瑚岛/ Coral Island,https://tieba.baidu.com/p/7691737818,253,一致,2022-10-13-live-01,
2022-10-14,游戏：珊瑚岛/ Coral Island,https://tieba.baidu.com/p/7691737818,254,一致,2022-10-14-live-01,
2022-10-15,游戏：珊瑚岛/ Coral Island,https://tieba.baidu.com/p/7691737818,255,一致,2022-10-15-live-01,
2022-10-16,游戏：珊瑚岛/ Coral Island,https://tieba.baidu.com/p/7691737818,256,一致,2022-10-16-live-01,
2022-10-17,游戏：珊瑚岛/ Coral Island,https://tieba.baidu.com/p/7691737818,257,一致,2022-10-17-live-01,
2022-10-18,游戏：瘟疫传说：安魂曲/ A Plague Tale: Requiem,https://tieba.baidu.com/p/7691737818,258,一致,2022-10-18-live-01,
2022-10-19,游戏：瘟疫传说：安魂曲/ A Plague Tale: Requiem,https://tieba.baidu.com/p/7691737818,259,一致,2022-10-19-live-01,
2022-10-20,游戏：瘟疫传说：安魂曲/ A Plague Tale: Requiem,https://tieba.baidu.com/p/7691737818,260,一致,2022-10-20-live-01,
2022-10-24,神秘海域4：盗贼末路/ Uncharted 4：A thief’s end,https://tieba.baidu.com/p/7691737818,261,一致,2022-10-24-live-01,
2022-10-25,神秘海域4：盗贼末路/ Uncharted 4：A thief’s end,https://tieba.baidu.com/p/7691737818,262,一致,2022-10-25-live-01,
2022-10-26,神秘海域4：盗贼末路/ Uncharted 4：A thief’s end,https://tieba.baidu.com/p/7691737818,263,一致,2022-10-26-live-01,
2022-10-28,神秘海域：失落的遗产/ Uncharted：The Lost Legacy,https://tieba.baidu.com/p/7691737818,264,一致,2022-10-28-live-01,
2022-10-29,神秘海域：失落的遗产/ Uncharted：The Lost Legacy,https://tieba.baidu.com/p/7691737818,265,一致,2022-10-29-live-01,
2022-10-30,游戏：生化危机8：村庄DLC-萝丝魅影/ Resident Evil Village DLC：Shadows of Rose,https://tieba.baidu.com/p/7691737818,266,一致,2022-10-30-live-01,
2022-10-31,游戏：潜水员戴夫/ DaveTheDiver,https://tieba.baidu.com/p/7691737818,267,一致,2022-10-31-live-01,
2022-11-01,游戏：潜水员戴夫/ DaveTheDiver,https://tieba.baidu.com/p/7691737818,268,一致,2022-11-01-live-01,
2022-11-02,游戏：体内寄生虫/ Endoparasitic ; 游戏：生锈小湖：内心往事/ Rusty Lake：The Past Within,https://tieba.baidu.com/p/7691737818,269,一致,2022-11-02-live-01,
2022-11-03,游戏：哆啦A梦 大雄的牧场物语：大自然的王国与大家的家/ DORAEMON STORY OF SEASONS: Friends of the Great Kingdom,https://tieba.baidu.com/p/7691737818,270,一致,2022-11-03-live-01,
2022-11-04,游戏：暖雪DLC：烬梦/ Warm SnowDLC:The Ash of Nightmare,https://tieba.baidu.com/p/7691737818,271,一致,2022-11-04-live-01,
2022-11-05,游戏：哆啦A梦 大雄的牧场物语：大自然的王国与大家的家/ DORAEMON STORY OF SEASONS: Friends of the Great Kingdom,https://tieba.baidu.com/p/7691737818,272,一致,2022-11-05-live-01,
2022-11-14,游戏：战神：诸神黄昏/ God of War: Ragnarok,https://tieba.baidu.com/p/7691737818,273,一致,2022-11-14-live-01,
2022-11-15,游戏：战神：诸神黄昏/ God of War: Ragnarok,https://tieba.baidu.com/p/7691737818,277,一致,2022-11-15-live-01,
2022-11-16,游戏：战神：诸神黄昏/ God of War: Ragnarok,https://tieba.baidu.com/p/7691737818,278,一致,2022-11-16-live-01,
2022-11-17,游戏：战神：诸神黄昏/ God of War: Ragnarok,https://tieba.baidu.com/p/7691737818,279,一致,2022-11-17-live-01,
2022-11-18,游戏：战神：诸神黄昏/ God of War: Ragnarok,https://tieba.baidu.com/p/7691737818,280,一致,2022-11-18-live-01,
2022-11-19,游戏：战神：诸神黄昏/ God of War: Ragnarok,https://tieba.baidu.com/p/7691737818,281,一致,2022-11-19-live-01,
2022-11-20,游戏：战神：诸神黄昏/ God of War: Ragnarok,https://tieba.baidu.com/p/7691737818,282,一致,2022-11-20-live-01,
2022-11-21,游戏：战神：诸神黄昏/ God of War: Ragnarok,https://tieba.baidu.com/p/7691737818,283,一致,2022-11-21-live-01,
2022-11-22,游戏：大多数/ NOBODY,https://tieba.baidu.com/p/7691737818,284,一致,2022-11-22-live-01,
2022-11-22,"游戏：战锤40K/ Warhammer 40,000 ; 游戏：大多数/ NOBODY",https://tieba.baidu.com/p/7691737818,288,一致,2022-11-22-live-01,
2022-11-23,游戏：大多数/ NOBODY,https://tieba.baidu.com/p/7691737818,285,一致,2022-11-23-live-01,
2022-11-24,游戏：大多数/ NOBODY,https://tieba.baidu.com/p/7691737818,286,一致,2022-11-24-live-01,
2022-11-25,游戏：大多数/ NOBODY,https://tieba.baidu.com/p/7691737818,287,一致,2022-11-25-live-01,
2022-11-27,心灵砒霜,https://tieba.baidu.com/p/7691737818,289,一致,2022-11-27-live-01,
2022-11-28,游戏：大多数/ NOBODY,https://tieba.baidu.com/p/7691737818,290,一致,2022-11-28-live-01,
2022-11-29,游戏：大多数/ NOBODY,https://tieba.baidu.com/p/7691737818,291,一致,2022-11-29-live-01,
2022-11-30,游戏：大多数/ NOBODY,https://tieba.baidu.com/p/7691737818,292,一致,2022-11-30-live-01,
2022-12-01,游戏：同舟共济/ Ship of Fools,https://tieba.baidu.com/p/7691737818,293,一致,2022-12-01-live-01,
2022-12-03,看视频聊天,https://tieba.baidu.com/p/7691737818,294,一致,2022-12-03-live-01,
2022-12-04,心灵砒霜,https://tieba.baidu.com/p/7691737818,295,一致,2022-12-04-live-01 | 2022-12-04-live-02,
2022-12-05,游戏：Tunic,https://tieba.baidu.com/p/7691737818,296,一致,2022-12-05-live-01,
2022-12-07,游戏：Tunic,https://tieba.baidu.com/p/7691737818,297,一致,2022-12-07-live-01,
2022-12-08,游戏：Tunic,https://tieba.baidu.com/p/7691737818,298,一致,2022-12-08-live-01,
2022-12-09,游戏：重返猴岛/ Return to Monkey Island,https://tieba.baidu.com/p/7691737818,299,一致,2022-12-09-live-01,
2022-12-10,看视频聊天,https://tieba.baidu.com/p/7691737818,300,一致,2022-12-10-live-01,
2022-12-11,心灵砒霜,https://tieba.baidu.com/p/7691737818,301,一致,2022-12-11-live-01,
2022-12-12,游戏：Bits & Bops ; 游戏：Crafty Survivors,https://tieba.baidu.com/p/7691737818,302,同日·内容待核,2022-12-12-live-01,
2022-12-13,游戏：天命奇御：归途,https://tieba.baidu.com/p/7691737818,303,一致,2022-12-13-live-01,
2022-12-16,游戏：黑羊/ Black Sheep,https://tieba.baidu.com/p/7691737818,304,一致,2022-12-16-live-01,
2022-12-17,游戏：A Little to the Left,https://tieba.baidu.com/p/7691737818,305,一致,2022-12-17-live-01,
2022-12-18,游戏：失眠 ; 游戏：Springblades,https://tieba.baidu.com/p/7691737818,306,一致,2022-12-18-live-01 | 2022-12-18-live-02,
2022-12-19,看视频聊天,https://tieba.baidu.com/p/7691737818,307,同日·内容待核,2022-12-19-live-01,
2022-12-20,游戏：  深海迷航/ Subnautica,https://tieba.baidu.com/p/7691737818,308,一致,2022-12-20-live-01,
2022-12-21,游戏：   深海迷航/ Subnautica,https://tieba.baidu.com/p/7691737818,309,一致,2022-12-21-live-01,
2022-12-22,游戏：   深海迷航/ Subnautica,https://tieba.baidu.com/p/7691737818,310,一致,2022-12-22-live-01,
2022-12-23,游戏：   深海迷航/ Subnautica ; 游戏：光遇/Sky,https://tieba.baidu.com/p/7691737818,311,一致,2022-12-23-live-01,
2022-12-24,游戏： 深海迷航/ Subnautica,https://tieba.baidu.com/p/7691737818,312,一致,2022-12-24-live-01,
2022-12-25,游戏： 深海迷航/ Subnautica,https://tieba.baidu.com/p/7691737818,313,一致,2022-12-25-live-01,
2022-12-26,游戏： 深海迷航/ Subnautica ; 游戏：逆战/ AssaultFire,https://tieba.baidu.com/p/7691737818,314,一致,2022-12-26-live-01,
2022-12-28,游戏：达芬奇之屋3/ The House of Da Vinci III,https://tieba.baidu.com/p/7691737818,315,一致,2022-12-28-live-01,
2022-12-29,游戏：达芬奇之屋3/ The House of Da Vinci III,https://tieba.baidu.com/p/7691737818,316,一致,2022-12-29-live-01,
2022-12-30,游戏：崭新开始/ Fresh Start,https://tieba.baidu.com/p/7691737818,317,一致,2022-12-30-live-01,
2022-12-31,看视频聊天跨年,https://tieba.baidu.com/p/7691737818,318,一致,2022-12-31-live-01,
2023-01-01,心灵砒霜,https://tieba.baidu.com/p/8207173300,1,一致,2023-01-01-live-01,
2023-01-02,看视频聊天,https://tieba.baidu.com/p/8207173300,2,同日·内容待核,2023-01-02-live-01,
2023-01-03,游戏：真探系统/ Case Cracker,https://tieba.baidu.com/p/8207173300,3,一致,2023-01-03-live-01,
2023-01-04,游戏：真探系统/ Case Cracker,https://tieba.baidu.com/p/8207173300,4,一致,2023-01-04-live-01,
2023-01-07,游戏：漫漫长夜/ The Long Dark,https://tieba.baidu.com/p/8207173300,5,一致,2023-01-07-live-01,
2023-01-08,看视频聊天,https://tieba.baidu.com/p/8207173300,6,同日·内容待核,2023-01-08-live-01,
2023-01-09,游戏：漫漫长夜/ The Long Dark,https://tieba.baidu.com/p/8207173300,7,一致,2023-01-09-live-01,
2023-01-10,游戏：漫漫长夜/ The Long Dark,https://tieba.baidu.com/p/8207173300,8,一致,2023-01-10-live-01,
2023-01-11,游戏：江湖十一,https://tieba.baidu.com/p/8207173300,9,一致,2023-01-11-live-01 | 2023-01-11-live-02,
2023-01-12,游戏：江湖十一,https://tieba.baidu.com/p/8207173300,10,一致,2023-01-12-live-01,
2023-01-13,游戏：黄老饼梦游惊奇/ Bing in Wonderland,https://tieba.baidu.com/p/8207173300,11,一致,2023-01-13-live-01,
2023-01-14,游戏：黄老饼梦游惊奇/ Bing in Wonderland,https://tieba.baidu.com/p/8207173300,12,一致,2023-01-14-live-01,
2023-01-15,游戏：跑跑卡丁车漂移/ KartRider:Drift,https://tieba.baidu.com/p/8207173300,13,一致,2023-01-15-live-01,
2023-01-16,看视频聊天,https://tieba.baidu.com/p/8207173300,14,一致,2023-01-16-live-01,
2023-01-17,游戏：跑跑卡丁车漂移/ KartRider:Drift,https://tieba.baidu.com/p/8207173300,15,一致,2023-01-17-live-01,
2023-01-19,游戏：,https://tieba.baidu.com/p/8207173300,17,同日·内容待核,2023-01-19-live-01,
2023-01-21,直播八周年,https://tieba.baidu.com/p/8207173300,18,一致,2023-01-21-live-01,
2023-01-24,游戏：冒险岛Online,https://tieba.baidu.com/p/8207173300,19,一致,2023-01-24-live-01,
2023-01-27,游戏：Hi-Fi Rush,https://tieba.baidu.com/p/8207173300,20,一致,2023-01-27-live-01,
2023-01-28,游戏：Hi-Fi Rush,https://tieba.baidu.com/p/8207173300,21,一致,2023-01-28-live-01,
2023-02-01,游戏：飞越13号房/ Breakout 13,https://tieba.baidu.com/p/8207173300,22,一致,2023-02-01-live-01,
2023-02-02,游戏：飞越13号房/ Breakout 13,https://tieba.baidu.com/p/8207173300,23,一致,2023-02-02-live-01,
2023-02-04,游戏：死亡空间/ Dead Space,https://tieba.baidu.com/p/8207173300,24,一致,2023-02-04-live-01,
2023-02-07,游戏：霍格沃茨之遗/ Hogwarts Legacy,https://tieba.baidu.com/p/8207173300,27,一致,2023-02-07-live-01,
2023-02-08,游戏：霍格沃茨之遗/ Hogwarts Legacy,https://tieba.baidu.com/p/8207173300,28,一致,2023-02-08-live-01,
2023-02-09,游戏：霍格沃茨之遗/ Hogwarts Legacy,https://tieba.baidu.com/p/8207173300,29,一致,2023-02-09-live-01,
2023-02-10,游戏：霍格沃茨之遗/ Hogwarts Legacy,https://tieba.baidu.com/p/8207173300,30,一致,2023-02-10-live-01,
2023-02-11,游戏：霍格沃茨之遗/ Hogwarts Legacy,https://tieba.baidu.com/p/8207173300,31,一致,2023-02-11-live-01,
2023-02-12,游戏：冒险岛Online ; 游戏：霍格沃茨之遗/ Hogwarts Legacy,https://tieba.baidu.com/p/8207173300,32,一致,2023-02-12-live-01,
2023-02-13,游戏：霍格沃茨之遗/ Hogwarts Legacy,https://tieba.baidu.com/p/8207173300,33,一致,2023-02-13-live-01,
2023-02-14,游戏：霍格沃茨之遗/ Hogwarts Legacy,https://tieba.baidu.com/p/8207173300,34,一致,2023-02-14-live-01,
2023-02-16,游戏：通神榜/ Taoist of Legend ; 游戏：死亡教堂/ Death Cathedral,https://tieba.baidu.com/p/8207173300,35,一致,2023-02-16-live-01,
2023-02-17,游戏：死亡教堂/ Death Cathedral,https://tieba.baidu.com/p/8207173300,36,一致,2023-02-17-live-01,
2023-02-18,游戏：土豆兄弟/ Brotato无尽模式,https://tieba.baidu.com/p/8207173300,37,一致,2023-02-18-live-01,
2023-02-19,游戏：褪黑素/ Melatonin,https://tieba.baidu.com/p/8207173300,38,一致,2023-02-19-live-01,
2023-02-20,游戏：土豆兄弟/ Brotato无尽模式,https://tieba.baidu.com/p/8207173300,39,一致,2023-02-20-live-01,
2023-02-21,游戏：原子之心/ Atomic Heart,https://tieba.baidu.com/p/8207173300,40,一致,2023-02-21-live-01,
2023-02-22,游戏：原子之心/ Atomic Heart,https://tieba.baidu.com/p/8207173300,41,一致,2023-02-22-live-01,
2023-02-23,游戏：原子之心/ Atomic Heart,https://tieba.baidu.com/p/8207173300,42,一致,2023-02-23-live-01,
2023-02-24,游戏：原子之心/ Atomic Heart ; 游戏：卧龙：苍天陨落/ Wo Long: Fallen Dynasty,https://tieba.baidu.com/p/8207173300,43,一致,2023-02-24-live-01,
2023-02-25,游戏：森林之子/ Sons Of The Forest,https://tieba.baidu.com/p/8207173300,44,一致,2023-02-25-live-01,
2023-02-26,游戏：森林之子/ Sons Of The Forest,https://tieba.baidu.com/p/8207173300,45,一致,2023-02-26-live-01,
2023-03-01,聊天,https://tieba.baidu.com/p/8207173300,46,一致,2023-03-01-live-01,
2023-03-02,游戏：土豆兄弟/ Brotato无尽模式 ; 游戏：卧龙：苍天陨落/ Wo Long: Fallen Dynasty,https://tieba.baidu.com/p/8207173300,47,一致,2023-03-02-live-01 | 2023-03-02-live-02,
2023-03-03,游戏：卧龙：苍天陨落/ Wo Long: Fallen Dynasty,https://tieba.baidu.com/p/8207173300,48,一致,2023-03-03-live-01,
2023-03-04,游戏：卧龙：苍天陨落/ Wo Long: Fallen Dynasty,https://tieba.baidu.com/p/8207173300,49,一致,2023-03-04-live-01,
2023-03-04,游戏：卧龙：苍天陨落/ Wo Long: Fallen Dynasty,https://tieba.baidu.com/p/8207173300,50,一致,2023-03-04-live-01,
2023-03-07,聊天,https://tieba.baidu.com/p/8207173300,52,一致,2023-03-07-live-01,
2023-03-08,游戏：大侠立志传/ Hero's Adventure,https://tieba.baidu.com/p/8207173300,53,一致,2023-03-08-live-01,
2023-03-09,游戏：大侠立志传/ Hero's Adventure,https://tieba.baidu.com/p/8207173300,54,一致,2023-03-09-live-01,
2023-03-10,游戏：大侠立志传/ Hero's Adventure,https://tieba.baidu.com/p/8207173300,55,一致,2023-03-10-live-01,
2023-03-11,游戏：大侠立志传/ Hero's Adventure,https://tieba.baidu.com/p/8207173300,56,一致,2023-03-11-live-01,
2023-03-12,游戏：大侠立志传/ Hero's Adventure ; 心灵砒霜,https://tieba.baidu.com/p/8207173300,57,一致,2023-03-12-live-01,
2023-03-14,游戏：生化危机4重置版试玩版/ Resident Evil 4 Chainsaw Demo,https://tieba.baidu.com/p/8207173300,58,一致,2023-03-14-live-01,
2023-03-15,游戏：生化危机4重置版试玩版/ Resident Evil 4 Chainsaw Demo,https://tieba.baidu.com/p/8207173300,59,一致,2023-03-15-live-01,
2023-03-16,聊天 ; 游戏：生化危机4重置版试玩版/ Resident Evil 4 Chainsaw Demo,https://tieba.baidu.com/p/8207173300,60,一致,2023-03-16-live-01,
2023-03-17,游戏：生化危机4重置版试玩版/ Resident Evil 4 Chainsaw Demo,https://tieba.baidu.com/p/8207173300,61,一致,2023-03-17-live-01,
2023-03-18,游戏：英雄联盟/ LOL,https://tieba.baidu.com/p/8207173300,62,一致,2023-03-18-live-01,
2023-03-19,看视频聊天 ; 心灵砒霜,https://tieba.baidu.com/p/8207173300,63,一致,2023-03-19-live-01,
2023-03-21,游戏：生化危机3：重制版/ RESIDENT EVIL 3: Nemesis,https://tieba.baidu.com/p/8207173300,64,一致,2023-03-21-live-01,
2023-03-24,游戏：生化危机4重置版/ Resident Evil 4 Chainsaw,https://tieba.baidu.com/p/8207173300,65,一致,2023-03-24-live-01,
2023-03-25,游戏：生化危机4重置版/ Resident Evil 4 Chainsaw,https://tieba.baidu.com/p/8207173300,66,一致,2023-03-25-live-01,
2023-03-26,游戏：生化危机4重置版/ Resident Evil 4 Chainsaw,https://tieba.baidu.com/p/8207173300,67,一致,2023-03-26-live-01,
2023-03-28,看视频聊天,https://tieba.baidu.com/p/8207173300,68,同日·内容待核,2023-03-28-live-01,
2023-03-29,游戏：说故事的人/ Storyteller,https://tieba.baidu.com/p/8207173300,69,一致,2023-03-29-live-01 | 2023-03-29-live-02,
2023-04-01,游戏：渔帆暗涌/ Dredge,https://tieba.baidu.com/p/8207173300,70,一致,2023-04-01-live-01,
2023-04-02,游戏：渔帆暗涌/ Dredge,https://tieba.baidu.com/p/8207173300,71,一致,2023-04-02-live-01,
2023-04-03,游戏：AltF4 2,https://tieba.baidu.com/p/8207173300,72,一致,2023-04-03-live-01,
2023-04-04,游戏：AltF4 2,https://tieba.baidu.com/p/8207173300,73,一致,2023-04-04-live-01,
2023-04-05,聊天,https://tieba.baidu.com/p/8207173300,74,贴吧有·档案缺日,,
2023-04-06,游戏：只狼:影逝二度/ Sekiro:Shadows Die Twice,https://tieba.baidu.com/p/8207173300,75,一致,2023-04-06-live-01,
2023-04-08,游戏：只狼:影逝二度/ Sekiro:Shadows Die Twice ; 游戏：蛋仔派对,https://tieba.baidu.com/p/8207173300,77,一致,2023-04-08-live-01,
2023-04-09,游戏：只狼:影逝二度/ Sekiro:Shadows Die Twice,https://tieba.baidu.com/p/8207173300,78,一致,2023-04-09-live-01,
2023-04-10,游戏：只狼:影逝二度/ Sekiro:Shadows Die Twice,https://tieba.baidu.com/p/8207173300,80,一致,2023-04-10-live-01,
2023-04-11,游戏：只狼:影逝二度/ Sekiro:Shadows Die Twice,https://tieba.baidu.com/p/8207173300,81,一致,2023-04-11-live-01,
2023-04-12,游戏：只狼:影逝二度/ Sekiro:Shadows Die Twice,https://tieba.baidu.com/p/8207173300,82,一致,2023-04-12-live-01,
2023-04-14,游戏：只狼:影逝二度/ Sekiro:Shadows Die Twice,https://tieba.baidu.com/p/8207173300,83,一致,2023-04-14-live-01,
2023-04-15,聊天,https://tieba.baidu.com/p/8207173300,84,贴吧有·档案缺日,,
2023-04-16,心灵砒霜,https://tieba.baidu.com/p/8207173300,85,一致,2023-04-16-live-01,
2023-04-18,游戏：满庭芳：宋上繁华,https://tieba.baidu.com/p/8207173300,86,一致,2023-04-18-live-01,
2023-04-19,游戏：满庭芳：宋上繁华,https://tieba.baidu.com/p/8207173300,87,一致,2023-04-19-live-01,
2023-04-20,游戏：满庭芳：宋上繁华,https://tieba.baidu.com/p/8207173300,88,一致,2023-04-20-live-01,
2023-04-22,游戏：满庭芳：宋上繁华,https://tieba.baidu.com/p/8207173300,89,一致,2023-04-22-live-01,
2023-04-23,游戏：满庭芳：宋上繁华,https://tieba.baidu.com/p/8207173300,90,一致,2023-04-23-live-01,
2023-04-24,游戏：满庭芳：宋上繁华 ; 游戏：火山的女儿,https://tieba.baidu.com/p/8207173300,91,一致,2023-04-24-live-01 | 2023-04-24-live-02,
2023-04-26,游戏：火山的女儿 ; 游戏：崩坏：星穹铁道/ Honkai: Star Rail,https://tieba.baidu.com/p/8207173300,92,一致,2023-04-26-live-01,
2023-04-27,游戏：火山的女儿,https://tieba.baidu.com/p/8207173300,93,一致,2023-04-27-live-01,
2023-04-28,游戏：桃源深处有人家 ; 游戏：长梦,https://tieba.baidu.com/p/8207173300,94,一致,2023-04-28-live-01,
2023-04-29,饥荒：联机版/ Don't Starve Together,https://tieba.baidu.com/p/8207173300,96,一致,2023-04-29-live-01,
2023-04-30,心灵砒霜,https://tieba.baidu.com/p/8207173300,97,一致,2023-04-30-live-01,
